-- phpMyAdmin SQL Dump
-- version 5.0.2
-- https://www.phpmyadmin.net/
--
-- Host: localhost
-- Generation Time: May 27, 2021 at 05:34 AM
-- Server version: 8.0.23
-- PHP Version: 7.4.16

SET SQL_MODE = "NO_AUTO_VALUE_ON_ZERO";
START TRANSACTION;
SET time_zone = "+00:00";


/*!40101 SET @OLD_CHARACTER_SET_CLIENT=@@CHARACTER_SET_CLIENT */;
/*!40101 SET @OLD_CHARACTER_SET_RESULTS=@@CHARACTER_SET_RESULTS */;
/*!40101 SET @OLD_COLLATION_CONNECTION=@@COLLATION_CONNECTION */;
/*!40101 SET NAMES utf8mb4 */;

--
-- Database: `saychas_z`
--

-- --------------------------------------------------------

--
-- Table structure for table `brand`
--

DROP TABLE IF EXISTS `brand`;
CREATE TABLE `brand` (
  `id` varchar(6) CHARACTER SET utf8 COLLATE utf8_unicode_ci NOT NULL,
  `title` tinytext CHARACTER SET utf8 COLLATE utf8_unicode_ci NOT NULL,
  `description` text CHARACTER SET utf8 COLLATE utf8_unicode_ci NOT NULL,
  `image` tinytext CHARACTER SET utf8 COLLATE utf8_unicode_ci NOT NULL
) ENGINE=MyISAM DEFAULT CHARSET=utf8 COLLATE=utf8_unicode_ci;

--
-- Dumping data for table `brand`
--

INSERT INTO `brand` (`id`, `title`, `description`, `image`) VALUES
('000005', 'ACER', '', '000005_ACER.png'),
('000007', 'Asus', '', '000007_Asus.png'),
('000001', 'BOSH', '', '000001_BOSH.png'),
('000008', 'Hewlett-Packard', '', '000008_Hewlett-Packard.png'),
('000003', 'HUAWEI', '', '000003_HUAWEI.png'),
('000006', 'Lenovo', '', '000006_Lenovo.png'),
('000009', 'Nokia', '', '000009_Nokia.png'),
('000002', 'SONY', '', '000002_SONY.png'),
('000010', 'Xiaomi', '', '000010_Xiaomi.png'),
('000004', 'Простоквашино', '', '000004_Простоквашино.png'),
('000011', 'Apple', '', '_Apple.png'),
('000012', 'Samsung', '', '');

-- --------------------------------------------------------

--
-- Table structure for table `category`
--

DROP TABLE IF EXISTS `category`;
CREATE TABLE `category` (
  `id` varchar(9) CHARACTER SET utf8 COLLATE utf8_unicode_ci NOT NULL,
  `parent_id` varchar(9) CHARACTER SET utf8 COLLATE utf8_unicode_ci NOT NULL DEFAULT '0',
  `title` text CHARACTER SET utf8 COLLATE utf8_unicode_ci NOT NULL,
  `description` text CHARACTER SET utf8 COLLATE utf8_unicode_ci NOT NULL,
  `icon` varchar(11) CHARACTER SET utf8 COLLATE utf8_unicode_ci NOT NULL DEFAULT '',
  `sort_order` int NOT NULL DEFAULT '0'
) ENGINE=MyISAM DEFAULT CHARSET=utf8 COLLATE=utf8_unicode_ci COMMENT='Категории товаров';

--
-- Dumping data for table `category`
--

INSERT INTO `category` (`id`, `parent_id`, `title`, `description`, `icon`, `sort_order`) VALUES
('000000012', '000000003', 'DECT', '', '', 0),
('000000008', '000000002', 'Аксесуары', '', '', 0),
('000000010', '000000001', 'Бытовая техника', '', '', 0),
('000000025', '000000023', 'Верхная одежда', '', '', 0),
('000000020', '000000019', 'Игровые ноутбуки', '', '', 0),
('000000016', '000000014', 'Кефир', '', '', 0),
('000000007', '000000004', 'Кнопочные', '', '', 0),
('000000017', '000000014', 'Молоко', '', '', 0),
('000000014', '000000013', 'Молочная продукция', '', '', 0),
('000000015', '000000013', 'Мясные продукты', '', '', 0),
('000000009', '000000008', 'Наушники', '', '', 0),
('000000019', '000000002', 'Ноутбуки', '', '', 0),
('000000022', '000000019', 'Ноутбуки', '', '', 0),
('000000024', '000000023', 'Обувь', '', '', 0),
('000000026', '000000025', 'Пальто', '', '', 0),
('000000013', '0', 'Продукты питания', '', '', 0),
('000000018', '000000014', 'Ряженка', '', '', 0),
('000000006', '000000004', 'Смартфоны', '', '', 0),
('000000004', '000000003', 'Сотовые телефоны', '', '', 0),
('000000005', '000000003', 'Стационарные телефоны', '', '', 0),
('000000003', '000000002', 'Телефоны', '', '', 0),
('000000001', '0', 'Техника', '', '', 0),
('000000021', '000000019', 'Ультрабуки', '', '', 0),
('000000023', '0', 'ФЭШН ТОВАРЫ', '', '', 0),
('000000011', '000000010', 'Холодильники', '', '', 0),
('000000002', '000000001', 'Электроника', '', '', 0);

-- --------------------------------------------------------

--
-- Table structure for table `characteristic`
--

DROP TABLE IF EXISTS `characteristic`;
CREATE TABLE `characteristic` (
  `id` varchar(9) CHARACTER SET utf8 COLLATE utf8_unicode_ci NOT NULL DEFAULT '',
  `category_id` varchar(9) CHARACTER SET utf8 COLLATE utf8_unicode_ci NOT NULL DEFAULT '',
  `title` varchar(255) CHARACTER SET utf8 COLLATE utf8_unicode_ci NOT NULL DEFAULT '',
  `type` tinyint(1) NOT NULL DEFAULT '1',
  `filter` tinyint(1) NOT NULL DEFAULT '0',
  `group` tinyint(1) NOT NULL DEFAULT '0',
  `sort_order` int NOT NULL DEFAULT '1',
  `unit` tinytext CHARACTER SET utf8 COLLATE utf8_unicode_ci,
  `description` tinytext CHARACTER SET utf8 COLLATE utf8_unicode_ci,
  `main_characteristic` TINYINT(1) NOT NULL DEFAULT 0,
  `mandatory` TINYINT(1) NOT NULL DEFAULT 0,
  `characteristic_list` TINYINT(1) NOT NULL DEFAULT 0
) ENGINE=MyISAM DEFAULT CHARSET=utf8 COLLATE=utf8_unicode_ci;

--
-- Dumping data for table `characteristic`
--

INSERT INTO `characteristic` (`id`, `category_id`, `title`, `type`, `filter`, `group`, `sort_order`, `unit`, `description`) VALUES
('000000015', '000000009', 'Тип подключения', 4, 1, 0, 3, '', ''),
('000000016', '000000009', 'Частотный диапазон', 1, 0, 0, 2, '', ''),
('000000021', '000000009', 'Сопротивление', 1, 0, 0, 1, '', ''),
('000000030', '000000009', 'Система активного подавления', 3, 0, 0, 4, '', ''),
('000000031', '000000009', 'Поддержка AAC', 3, 0, 0, 5, '', ''),
('000000032', '000000006', 'Экран', 0, 0, 0, 9, '', ''),
('000000033', '000000019', 'Оперативная память (RAM)', 4, 0, 0, 2, '', ''),
('000000013', '000000014', 'Жирность', 2, 1, 0, 1, '', ''),
('000000014', '000000006', 'Операционная система', 4, 1, 0, 2, '', ''),
('000000002', '000000024', 'Поставщик', 5, 0, 0, 5, '', ''),
('000000003', '000000024', 'Бренд', 6, 0, 0, 7, '', ''),
('000000017', '000000006', 'Основные характеристики', 0, 0, 0, 1, '', ''),
('000000004', '000000006', 'Цвет', 7, 1, 1, 5, '', ''),
('000000025', '000000006', 'Материал корпуса', 4, 0, 0, 4, '', ''),
('000000027', '000000006', 'Гарантийный срок (мес.)', 2, 0, 0, 7, '', ''),
('000000028', '000000006', 'Дополнительные опции', 1, 1, 0, 8, '', ''),
('000000029', '000000006', 'Диагональ (дюйм)', 2, 1, 0, 10, '', ''),
('000000007', '000000006', 'Высота(м)', 2, 0, 0, 47, '', ''),
('000000001', '000000006', 'Страна-производитель', 2, 1, 0, 6, '', ''),
('000000005', '000000006', 'Длина(м)', 2, 0, 0, 45, '', ''),
('000000008', '000000006', 'Вес(кг)', 2, 0, 0, 48, '', ''),
('000000006', '000000006', 'Ширина(м)', 2, 0, 0, 46, '', ''),
('000000036', '000000006', 'Разрешение', 4, 1, 0, 11, '', ''),
('000000037', '000000006', 'Тип дисплея', 4, 1, 0, 12, '', ''),
('000000038', '000000006', 'Защитное покрытие', 3, 0, 0, 13, '', ''),
('000000039', '000000006', 'Память и процессор', 0, 0, 0, 14, '', ''),
('000000040', '000000006', 'Объем встроенной памяти (ГБ)', 4, 1, 0, 15, '', ''),
('000000041', '000000006', 'Объем оперативной памяти (ГБ)', 4, 1, 0, 16, '', ''),
('000000042', '000000006', 'Макс. объем карты памяти (ГБ)', 4, 0, 0, 17, '', ''),
('000000043', '000000006', 'Процессор', 1, 1, 0, 18, '', ''),
('000000044', '000000006', 'Количество ядер процессора', 2, 0, 0, 19, '', ''),
('000000045', '000000006', 'Тактовая частота процессора (МГц)', 2, 0, 0, 20, '', ''),
('000000046', '000000006', 'Тип карты памяти', 4, 0, 0, 21, '', ''),
('000000047', '000000006', 'Связь', 0, 0, 0, 22, '', ''),
('000000048', '000000006', 'Беспроводные интерфейсы', 1, 1, 0, 23, '', ''),
('000000049', '000000006', 'Стандарт связи', 1, 1, 0, 24, '', ''),
('000000050', '000000006', 'Навигация', 1, 1, 0, 25, '', ''),
('000000051', '000000006', 'Количество SIM карт', 4, 1, 0, 26, '', ''),
('000000052', '000000006', 'Тип SIM карты', 1, 0, 0, 27, '', ''),
('000000053', '000000006', 'Питание', 0, 0, 0, 28, '', ''),
('000000054', '000000006', 'Тип аккумулятора', 1, 0, 0, 29, '', ''),
('000000055', '000000006', 'Емкость аккумулятора (мАч)', 2, 0, 0, 30, '', ''),
('000000056', '000000006', 'Вид разъема', 4, 0, 0, 31, '', ''),
('000000057', '000000006', 'Камера', 0, 0, 0, 32, '', ''),
('000000058', '000000006', 'Количество Мп основной камеры', 2, 1, 0, 33, '', ''),
('000000059', '000000006', 'Количество Мп фронтальной камеры', 2, 0, 0, 34, '', ''),
('000000060', '000000006', 'Особенности объектива', 1, 0, 0, 35, '', ''),
('000000061', '000000006', 'Поддерживаемый формат', 1, 0, 0, 36, '', ''),
('000000062', '000000006', 'Встроенная вспышка', 3, 0, 0, 37, '', ''),
('000000063', '000000006', 'Дополнительные опции камеры', 1, 0, 0, 38, '', ''),
('000000064', '000000006', 'Дополнительная информация', 0, 0, 0, 39, '', ''),
('000000065', '000000006', 'Комплектация', 1, 0, 0, 40, '', ''),
('000000066', '000000006', 'Степень пылевлагозащиты', 1, 0, 0, 41, '', ''),
('000000067', '000000006', 'Транспортировка', 1, 0, 0, 42, '', ''),
('000000068', '000000006', 'Хрупкость', 3, 0, 0, 43, '', ''),
('000000069', '000000006', 'Габариты, вес', 0, 0, 0, 44, '', ''),
('000000070', '000000011', 'Заголовок', 0, 0, 0, 1, '', '');

-- --------------------------------------------------------

--
-- Table structure for table `characteristic_value`
--

DROP TABLE IF EXISTS `characteristic_value`;
CREATE TABLE `characteristic_value` (
  `id` varchar(255) CHARACTER SET utf8 COLLATE utf8_unicode_ci NOT NULL DEFAULT '',
  `title` varchar(255) CHARACTER SET utf8 COLLATE utf8_unicode_ci NOT NULL DEFAULT '',
  `characteristic_id` varchar(9) CHARACTER SET utf8 COLLATE utf8_unicode_ci NOT NULL DEFAULT ''
) ENGINE=MyISAM DEFAULT CHARSET=utf8 COLLATE=utf8_unicode_ci;

--
-- Dumping data for table `characteristic_value`
--

INSERT INTO `characteristic_value` (`id`, `title`, `characteristic_id`) VALUES
('000000002', 'Беспроводной', '000000015'),
('000000001', 'Проводной', '000000015'),
('000000004', '16 ГБ', '000000033'),
('000000013', '2 ГБ', '000000033'),
('000000005', '32 ГБ', '000000033'),
('000000003', '8 ГБ', '000000033'),
('000000007', '128 ГБ', '000000034'),
('000000008', '256 ГБ', '000000034'),
('000000014', '32 ГБ', '000000034'),
('000000009', '512 ГБ', '000000034'),
('000000006', '64 ГБ', '000000034'),
('000000011', 'Android', '000000014'),
('000000044', 'iOS', '000000014'),
('000000012', 'Mac OS', '000000014'),
('000000010', 'MS Windows', '000000014'),
('000000015', 'пластик', '000000025'),
('000000039', '1440x720', '000000036'),
('000000051', '1560x720', '000000036'),
('000000049', '160x120', '000000036'),
('000000041', '1792x828', '000000036'),
('000000040', '2400x1080', '000000036'),
('000000046', '2532х1170', '000000036'),
('000000048', 'IPS', '000000037'),
('000000042', 'Liquid Retina HD', '000000037'),
('000000017', 'OLED', '000000037'),
('000000016', 'TFT', '000000037'),
('000000022', '128', '000000040'),
('000000019', '16', '000000040'),
('000000045', '256', '000000040'),
('000000020', '32', '000000040'),
('000000021', '64', '000000040'),
('000000018', '8', '000000040'),
('000000024', '2', '000000041'),
('000000047', '4', '000000041'),
('000000025', '6', '000000041'),
('000000023', '8', '000000041'),
('000000027', '1024', '000000042'),
('000000026', '512', '000000042'),
('000000028', 'microSD', '000000046'),
('000000029', 'microSDHC', '000000046'),
('000000030', 'microSDXC', '000000046'),
('000000031', 'nanoSD', '000000046'),
('000000050', 'нет', '000000046'),
('000000032', ' Bluetooth', '000000048'),
('000000033', 'Wi-Fi', '000000048'),
('000000034', '1', '000000051'),
('000000035', '2', '000000051'),
('000000043', 'Lightning', '000000056'),
('000000037', 'Micro USB', '000000056'),
('000000038', 'mini jack 3.5 мм', '000000056'),
('000000036', 'Type-C', '000000056'),
('6edabf8d3495e74aa13975e938ef6d3d', '', '000000070'),
('d2bdcbad333a9900c7785ca2d760cb10', '392', '000000001'),
('a8a82a800ff0d72fea6e800052e5cf3e', '', '000000017'),
('235601f2d281cddaf1715c9ab1099338', '000011', '000000003'),
('ace5a085186c09f24ee267bdec4aab0f', '#000000', '000000004'),
('b7f5db36d311625fff2f44998600d1d9', '156', '000000001'),
('143275f26f6a1db3ced6647b3fb119d3', '12', '000000027'),
('1faacc2a9680f39d92748efddbbd0743', 'сканер отпечатка пальца, разблокировка по лицу', '000000028'),
('21c5d894a86b0090253a7168f9dd010f', '', '000000032'),
('fbfe5e10778687cb4e16b297b16b3a29', '6.1', '000000029'),
('5cec58b9ae5abde7c9f501c142f3ea6b', '1', '000000038'),
('b2d993697beb9586f9d37bc2dac8d8d7', '', '000000039'),
('f83819007e46638ff44793593c7a7432', 'Apple A13 Bionic', '000000043'),
('a425baf800ae91c62068ef6c988c5759', '6', '000000044'),
('3196f4847b7fb33ff58df6cffadcd203', '1700', '000000045'),
('8c9f6e7690508679f5a214a19b181b5a', '', '000000047'),
('2dfb7cf51057191b30b4004d5aecd0ec', 'NFC; Wi-Fi; Bluetooth 5.0', '000000048'),
('15551d02cc2f40f9c528632f4da52217', '3G; 4G; Wi-Fi; LTE-A', '000000049'),
('1c728f33ced6914a17e3a15d4d28ecee', 'A-GPS; ГЛОНАСС; Galileo; QZSS', '000000050'),
('a6a934bbd1d054041a4dc93186a04267', 'nano SIM', '000000052'),
('6456e79b7cc8c7583965495f287baff3', '', '000000053'),
('8e95424d6390915b891413bc2e908afe', 'Li-polymer', '000000054'),
('30a7b7d034dab3131d6302e3c31b89b5', '4810', '000000055'),
('b9aa17352559e42fa5717486fdbddfad', '', '000000057'),
('c5bb2b61c487edc26adbdb986c0953dd', '12', '000000058'),
('a592cc6a88ad7b5edce4252766f5c06e', '12', '000000059'),
('7c3638f93cde9f5cdaa64ba2c1f26c20', 'автоматическая фокусировка', '000000060'),
('d114d3b20ca85d0dd9166dd99e46b94f', 'AAC; AMR; APE; FLAC; M4V; MKV; MP3; MP4; WAV; XviD', '000000061'),
('324a511820ecac95ac908ebdc4ae5efa', '1', '000000062'),
('bc2caef19c18428fde6e93700ed14de9', 'автоматическая фокусировка; вспышка', '000000063'),
('2e2931864df6bc85766651c105c121e2', '', '000000064'),
('fa7bcc48b5875ca52faf38c691a5064b', 'документация; чехол; USB-кабель; адаптер; гарантийный талон', '000000065'),
('db537fa957dd448aa080f38e259cf681', 'IP67', '000000066'),
('8d1fd37ff8860b796fa9899c982d6a26', 'Не требует специальных условий', '000000067'),
('b283793d4906ede942c96d50baaa34f6', '1', '000000068'),
('c407888488446c2034af2c283e0680ee', '', '000000069'),
('4de6d9f91c5be4cebc034047cf584150', '75.7', '000000005'),
('51266b12966ff95a6e9d82a4b30f9e08', '8.3', '000000006'),
('a0a82959ed5828899504bd0ca414e103', '159', '000000007'),
('59753fb038449111b5f1e704d2f4b5db', '194', '000000008'),
('883a9cc2a360563f7402e000500e8de4', '', '000000017'),
('b2db384778902675962505ccfbbcccae', '000011', '000000003'),
('63bc3d3c170a69e07d05035320ef5cdf', '', '000000004'),
('20f117d16a0a9f9827343ee37af2ac42', '156', '000000001'),
('6ba97a494f7eb052d7b21b91f7cd85b3', '12', '000000027'),
('edda3dd00db6cc3d0e7d939d6294dec9', 'сканер отпечатка пальца, разблокировка по лицу', '000000028'),
('e5b7d295a7f93959a083b2e508f7240a', '', '000000032'),
('d3f789b6c62239a88ff50eded9fb15a4', '6.1', '000000029'),
('2ca2fd162b8f31bffc43bad91efe47ca', '1', '000000038'),
('80de0230855313494b03f84e4be77205', '', '000000039'),
('09e144732845a994e9a197bc10da0563', 'Apple A13 Bionic', '000000043'),
('3bc80e1e404b3a1c289ec1d6686526c4', '6', '000000044'),
('a6cecb6821909210fc85f48175c2275f', '1700', '000000045'),
('3485b3875f7b04f9a98568b7e0ab158c', '', '000000047'),
('e85aea878758aeb5bb01999687bc2ac9', 'NFC; Wi-Fi; Bluetooth 5.0', '000000048'),
('56ee5dcc4c6d9805c089bfa488edf275', '3G; 4G; Wi-Fi; LTE-A', '000000049'),
('b4749633eb624e958008bc4895f2daad', 'A-GPS; ГЛОНАСС; Galileo; QZSS', '000000050'),
('3c922a9ffbc00b6b9695f1fe4e85a2e7', 'nano SIM', '000000052'),
('96b036a28a65e877c1736873dc8acac5', '', '000000053'),
('a179954e6901dcc87dd83f4af7a38aea', 'Li-polymer', '000000054'),
('b2df3480199c7f81f4c5af9d3f1c3530', '4810', '000000055'),
('58c4266a62303eadcd97d7c3a88b58f0', '', '000000057'),
('ddd4ef64fd0569cf09db5664a546200e', '12', '000000058'),
('b39c5395eb19881b22552e508c0725b2', '12', '000000059'),
('4e7ec960c0847863221e8597814b7baf', 'автоматическая фокусировка', '000000060'),
('f217b98850932162d895bc32de8c824d', 'AAC; AMR; APE; FLAC; M4V; MKV; MP3; MP4; WAV; XviD', '000000061'),
('59c94a765e9c9e379586e9436d1eb464', '1', '000000062'),
('42672fa7c66687ccb24c2c5ab2b9170f', 'автоматическая фокусировка; вспышка', '000000063'),
('619666e16f3a8190303c11ca8592ba76', '', '000000064'),
('09e76bdf703310aafbd17eabb259c630', 'документация; чехол; USB-кабель; адаптер; гарантийный талон', '000000065'),
('fabab9b1dfdbd018d49404b780713054', 'IP67', '000000066'),
('e902a3b5409486111ff93524dd36caf4', 'Не требует специальных условий', '000000067'),
('191e4b2387ac9ae688246c28a23f2105', '1', '000000068'),
('e7ebcc84f4b3cc40e28fb586b120be60', '', '000000069'),
('11a4a2e1ceaa1963325f9505d2c6ebca', '75.7', '000000005'),
('a17b42215c3c17c16e4dcc0739685148', '8.3', '000000006'),
('29af2cf405db78066651a7474c217357', '159', '000000007'),
('f26d7ced58bc7477f716ba0ac21e500e', '194', '000000008'),
('73cdd162d8b9505b60b9b6a710528c9a', '', '000000017'),
('d3b79018e4b68a4daa9aecdcbe2d4d05', '000011', '000000003'),
('55d24eb0e2d09ddbd8a3534b19c04113', '', '000000004'),
('62838e5d00d7e10952d1796c77dd4b22', '156', '000000001'),
('91130cacfa9663b9f06a903acf2d77a1', '12', '000000027'),
('b557929b4410007d58d111a46765e20c', 'сканер отпечатка пальца, разблокировка по лицу', '000000028'),
('316df174ca80ab9b8d43ac08550dccfd', '', '000000032'),
('d4e273795d388c22968c543ff51f7643', '6.1', '000000029'),
('915fa166dc312bfa2fb3ce3f650c27ab', '1', '000000038'),
('c6ecd89ba04d43e42fbe619a913271a7', '', '000000039'),
('c86c914d4678c65a4669cd5d4a563c2e', 'Apple A14 Bionic', '000000043'),
('23710546e702bb0232944c7183f61949', '6', '000000044'),
('ef19fd533af9fbf8ec0f695100b68612', '1700', '000000045'),
('95ab6ba8d5446919d1a0de56fe1b91de', '', '000000047'),
('76b02b48d6b0172005cfd7f00cf7706f', 'NFC; Bluetooth 5.0; Wi-Fi 802.11ax', '000000048'),
('e7afea1f3da06e1df1c75883eb510fee', '3G; 4G; Wi-Fi; LTE-A', '000000049'),
('9c014745f36fd4799acdc7a49c4a830a', 'ГЛОНАСС; GPS; BeiDou; Galileo; QZSS', '000000050'),
('98a3ba43415975aee5125d93b765aa88', 'nano SIM', '000000052'),
('1ac0ba7bfd1c22c4f102c837813427ed', '', '000000053'),
('6636d521bb42ea9c84a9c02a76e2e8cc', 'Li-polymer', '000000054'),
('e6fbb7a7560caaa404ae774df926a464', '4810', '000000055'),
('1d614926c3ec9e0f05b576301d940110', '', '000000057'),
('208c52cd5868dcc88f744113791bebc0', '12', '000000058'),
('dce78c20f9fc986cfb607fd194527ba2', '12', '000000059'),
('a5222a446ea0612552211e91ed819c4a', 'автоматическая фокусировка', '000000060'),
('b8a4dde9a020c717c0d25211f281de49', 'AAC; AMR; APE; FLAC; M4V; MKV; MP3; MP4; WAV; XviD', '000000061'),
('e351854ad4747237b2736554e3012fd4', '1', '000000062'),
('577442be247829cfa8c332524dc9119a', 'автоматическая фокусировка; вспышка', '000000063'),
('cd76be10dcb36a76c569ff4cd73d10c0', '', '000000064'),
('1e552981f419f694c6c52a5fef07cf21', 'документация; чехол; USB-кабель; адаптер; гарантийный талон', '000000065'),
('fad3f28c2d5157ce96e1bacfbb9c8397', 'IP67', '000000066'),
('b3696633846a47e03f03d5011cd996a3', 'Не требует специальных условий', '000000067'),
('deedf860c01f339a474742ca0a4eaf70', '1', '000000068'),
('e842a574d1b9e4d4d636c6b699ceab9f', '', '000000069'),
('dab8de7500a4c5890e8c854e697dc418', '75.7', '000000005'),
('daa39d656ce5e4e05d529bff89ab3c87', '8.3', '000000006'),
('389d4997aae85dc645ed514da77febe8', '159', '000000007'),
('810e9697bde70fd4cb62a71ab3f8ddec', '194', '000000008'),
('d0ca354b853eb73b414301ec4d223e39', '', '000000017'),
('75a9fd638248a55f4a95e7c1a7cb05de', '000011', '000000003'),
('76dd4e666f44270e878e0def852c47d9', '', '000000004'),
('adfcefe32b145e75913cbabdf2ff8596', '156', '000000001'),
('965365b7b49912c8a29d8b9d64fe0779', '12', '000000027'),
('eb0a9041e657a7d1e6e3512398c78a9a', 'сканер отпечатка пальца, разблокировка по лицу', '000000028'),
('800e8fe77291ffc3d57b632812f2534e', '', '000000032'),
('4383bf2923183ea11a5ad5c0394392b5', '6.1', '000000029'),
('49b8536d74c1e681c86857eeae45099f', '1', '000000038'),
('af8529a19a1901c5f41bbfbe3b8e948b', '', '000000039'),
('a9de431b843e2d195c90925a4be69ba0', 'Apple A14 Bionic', '000000043'),
('9f1bc2aa45131047ecbcb7a3fccb888d', '6', '000000044'),
('398bb79b647897efdf90d56ab6c53724', '1700', '000000045'),
('50a7c6d0a867baceee3097ac9806a304', '', '000000047'),
('6529e0117ea4ec5de9a9b204af766339', 'NFC; Bluetooth 5.0; Wi-Fi 802.11ax', '000000048'),
('2ea7b6f3ce2fdd9a9662aea2a19befab', '3G; 4G; Wi-Fi; LTE-A', '000000049'),
('c9c7601b98d8a5c09ff84f5723a3988b', 'ГЛОНАСС; GPS; BeiDou; Galileo; QZSS', '000000050'),
('ab9411a91faa7c3f836c5f86ea5f3417', 'nano SIM', '000000052'),
('29fbb9b648a4ed8e40dbec49ac395ca3', '', '000000053'),
('91fd012521c4a46fb61a6cceebbaa774', 'Li-polymer', '000000054'),
('fda5c1d160b09f0dc3c98bbd953c5858', '4810', '000000055'),
('5e81054094fd7eed3db05c71fd088172', '', '000000057'),
('5447e8aea2814105a9ff911263d7ecc8', '12', '000000058'),
('c03cd30c1761e4ffed349b76a5b7b937', '12', '000000059'),
('0dc0d821c9b4c1456092fbd2f637e357', 'автоматическая фокусировка', '000000060'),
('5cfdae32ffb89c829929bd18668be1b8', 'AAC; AMR; APE; FLAC; M4V; MKV; MP3; MP4; WAV; XviD', '000000061'),
('5855fc22b76bcdc710fca5749fa86080', '1', '000000062'),
('ecbfa9c80ea4e17ae7b0223b2cf2c3af', 'автоматическая фокусировка; вспышка', '000000063'),
('cfd5bf387a1c3c8261d8018bf7ea331f', '', '000000064'),
('3df57b41419502f7544ca55fdfc176d7', 'документация; чехол; USB-кабель; адаптер; гарантийный талон', '000000065'),
('6f28ccf1587cb678dc17ce14eef5e610', 'IP67', '000000066'),
('df82ba7214c9143f524254cadfcca382', 'Не требует специальных условий', '000000067'),
('884177e8b9308b8fed01477daabe116a', '1', '000000068'),
('63740de489596041868a6fed928b99c6', '', '000000069'),
('81f7564286e1d419cb86b1b309a3bd59', '75.7', '000000005'),
('95db80de7ac7a9fcbdcd16c59577d610', '8.3', '000000006'),
('72214606d70c5993ced0b312d6c31675', '159', '000000007'),
('24bc7fbdbea2c09a75ca4936ea302f5b', '194', '000000008'),
('a7a0a5184618aac7d1be2e7e2235dce8', '', '000000017'),
('e9943628cbf7059167fd4c24dc39e008', '000011', '000000003'),
('01e8cf9fe0764ed0fa64573e9822abc9', '#FFFBF0', '000000004'),
('3e0cd807dacabe966bd37d2b7be1c40b', '156', '000000001'),
('a08c587b53c6dc3fc0657c22d3044039', '12', '000000027'),
('18dafb2e6e4ede232f50a00e18f35760', 'укрепленный корпус', '000000028'),
('1ca5047f6ad9bdd91a625a57f5e68994', '', '000000032'),
('31f3a515a6c556717474e5702bb4c24c', '6.1', '000000029'),
('450560001b8facdb928211f0f2f49483', '1', '000000038'),
('1a69e9af1bc55667c65082c2d685e208', '', '000000039'),
('b40e0e80ffda272cdf22222a912f18f9', 'Apple A14 Bionic', '000000043'),
('13aa5ad2a9f782bbae4e443e9cef4037', '6', '000000044'),
('23be566281b449b7682a71c5d651ede1', '1700', '000000045'),
('0351b0ece2aa43be20350c6892668fea', '', '000000047'),
('da8b2c498404c9e2409ad77b44513543', 'NFC; Bluetooth 5.0; Wi-Fi 802.11ax', '000000048'),
('5a7b37736e85f8c3be5240f76f42c053', '3G; 4G; 2G; 5G', '000000049'),
('985b473859fd57db443c334f3cf2d258', 'ГЛОНАСС', '000000050'),
('e6b1fd8e6c2ae5c48214369fd1f1bf8c', 'nano SIM', '000000052'),
('2084b5cc358ab4f3510caec3306f4a78', '', '000000053'),
('debd4d1440f61789155bf41c5ef8a607', 'Li-polymer', '000000054'),
('2d7fb7e35e3cecd9d1b903bc9dd236d2', '4810', '000000055'),
('67b01e63c7a694d3190ae0d55389e166', '', '000000057'),
('610bdc5dafb470291667415be80d642a', '12', '000000058'),
('91872a4bd680521492cbd433ea8d672c', '12', '000000059'),
('a0ca8f1fdaa7b24becbc19768aa7efac', 'автоматическая фокусировка', '000000060'),
('2421f2e1ecbfd637e00fb4b55dffb222', 'AAC; AMR; APE; FLAC; M4V; MKV; MP3; MP4; WAV; XviD', '000000061'),
('e3233819e2ae2a3a93803085b65acaf1', '1', '000000062'),
('a4ef35a48c0f3a288b1c9f3fb6d8f3d6', 'автоматическая фокусировка; вспышка', '000000063'),
('11c28c260f1079475b13c00cf390ca7a', '', '000000064'),
('5ecd4eeb77090fefbc105965e230d703', 'документация; чехол; USB-кабель; адаптер; гарантийный талон', '000000065'),
('836cf06453799f380e7c4599ef12f8a7', 'IP67', '000000066'),
('788abd3e5d145016d30a43a86e3d3076', 'Не требует специальных условий', '000000067'),
('fb7eef1a4416f239d53c357181dec2a5', '1', '000000068'),
('3a3a7352abef79e467d7a30ef1baca52', '', '000000069'),
('6c6899aa0d80136b03588075f422ade5', '75.7', '000000005'),
('5957476d9ed1d06494ce36da349322be', '8.3', '000000006'),
('41dbb37ab84239c65100c47f1f9242fb', '159', '000000007'),
('2d58b46e3c339747607f6da99e064a9f', '194', '000000008'),
('0c0004ea3d51a8e06f76d076e6f1cec5', '', '000000017'),
('b1657c30d7f29d146d88e634e9cc290d', '', '000000003'),
('bd568d9268048bc51c78edc6fde7e6f6', '', '000000004'),
('9bb3068c9e8e3628558d545ad45a1eaa', '', '000000001'),
('dbff12b898e927e565065293d1f2d6ad', '', '000000027'),
('66230b5eca720e64507f5353c221dd8c', '', '000000028'),
('5770e9bb7aa3ef8d120c8b40ead99ada', '6.76', '000000032'),
('3c4cb9d506b578d15c6dd442714179ab', '', '000000029'),
('69dff506dfc1ebd7ba86ef76f6e7bc94', '', '000000038'),
('7a5bd17f1b0432b55f4a1218716164ef', '', '000000039'),
('1a03de162efbd97da79484fa124d3708', '', '000000043'),
('35b7f781fd91906f9d88ac21626d4bbc', '', '000000044'),
('07b823c6c21b3495afb78baec4e6984c', '', '000000045'),
('7841c6a1bc9585e36eef09538f20d055', '', '000000047'),
('43644233413c4ae7dbe5d070049c1c89', '', '000000048'),
('50cb6dc152d27e1e1f4b200700ee2639', '', '000000049'),
('63f30f4a25a68bad28e849bd9c7b64fc', '', '000000050'),
('6efeae10f347cec7b1f768e4105f5ce0', '', '000000052'),
('0f89af933b654125a27efc4865492c42', '', '000000053'),
('6820fcdbbb8f04e0c376a116cd5ae8eb', '', '000000054'),
('ae406c4143df4317f85ca2dfee46ffaa', '', '000000055'),
('6d282bf81c36418be532ab2e8e84c137', '', '000000057'),
('f7120b31122ae7cb183d0b00bf9a87ed', '', '000000058'),
('4ae5fe1abed786748a253d4e71e54de1', '', '000000059'),
('4dec8bdd195a2957714e924779f81ee3', '', '000000060'),
('9d79186266c6657251f998419dc9eca7', '', '000000061'),
('e945c1db27ba4299d3d15a07cd0e0ecf', '', '000000062'),
('b2639afdb886ada550a9b91bc26b0ce2', '', '000000063'),
('fc60b03e9d50a141f99e3133d10e4f38', '', '000000064'),
('2258381f9edb0cfbc57c3cf8c42848ea', '', '000000065'),
('b7539bad97409cb9d7ea712445337b3c', '', '000000066'),
('9a587b526f74a854a42f0d7dda283d6e', '', '000000067'),
('3d8d97385fe68cca95d4bbc5f4791a1f', '', '000000068'),
('2300fca7dc38a5177fec88c7f18b933f', '', '000000069'),
('dbc2069065a7cd05cceabfcdf2f35bc3', '0.175', '000000005'),
('6a67ed8a426b36b8b5fc90b8013d7909', '0.055', '000000006'),
('6737cff94a1bf64436910360ed1d4894', '0.01', '000000007'),
('edd6fd2222945529e7313b93fb67dfb4', '0.15', '000000008'),
('2a48899c9485f97603deff5153098d4e', '29 Ом', '000000021'),
('0e5ef5c2740d77a9a024ac81cef98790', '20 Гц - 20 кГц', '000000016'),
('f423fd0e3de4c47ba271a0a62398a590', '1', '000000030'),
('239cbcf6881afe2a752622394af6f00b', '1', '000000031'),
('50435f532fd3e7faf647f3f04e0fe24e', 'Array', '000000013'),
('b61a8942cc32c6c08b0c9f9259866b89', '', '000000070'),
('3adc003167ee835fd1bf51345e14d381', '392', '000000001'),
('78bcad57c0390a3ce5589643160a3316', '', '000000017'),
('93582d7e79c5d599c24b40bb5288700c', '000011', '000000003'),
('5d1bbf86cfae2f8a262bf9d6cb878043', '#000000', '000000004'),
('9cf9810f6c29c8c2b7bf1354937d6611', '156', '000000001'),
('b680a0656a92592bd34123a432ec9616', '12', '000000027'),
('f5650d8086b67987bbcfd69d715088d0', 'сканер отпечатка пальца, разблокировка по лицу', '000000028'),
('6e391f2bd4f64e13166036bcd2ea31ac', '', '000000032'),
('66cc3ebf1204022beec4e4623dc99b3b', '6.1', '000000029'),
('16e540eb15a99601a8200e0d3b83ba42', '1', '000000038'),
('7612bdcdb0a45509e385d96d61d0bc86', '', '000000039'),
('2eb2054dac88e428dff15fc5f06998e0', 'Apple A13 Bionic', '000000043'),
('8a056a9e7e0b8900027d1a8c99db80b3', '6', '000000044'),
('8d7a622618f884cac78adbc6fc5ef9ca', '1700', '000000045'),
('db5bc62ea8ade5f4137718138a8f8a46', '', '000000047'),
('ff8d92a5585c0a4c6d8c7c7bd21c6779', 'NFC; Wi-Fi; Bluetooth 5.0', '000000048'),
('f532386e4af224194641c82f8908bceb', '3G; 4G; Wi-Fi; LTE-A', '000000049'),
('b05c14e788cff4b7845a394dca7ffe51', 'A-GPS; ГЛОНАСС; Galileo; QZSS', '000000050'),
('ba4b1da26067f8454ad34ad82a1a5872', 'nano SIM', '000000052'),
('1e9bfec28a93b330f6dd8c728c10a67f', '', '000000053'),
('56fe5f956c546a6e5d28bf6d381fb617', 'Li-polymer', '000000054'),
('523ea9f38cce74c335a889f0854133bf', '4810', '000000055'),
('9945d836441a80b5ba7e32d24e1dbd3f', '', '000000057'),
('9a2f26bb156daa878da2e2b93e96062f', '12', '000000058'),
('9b2bdcc700dac83c09b4c648e5b14c00', '12', '000000059'),
('ce498145353ebf055caf6114c772951d', 'автоматическая фокусировка', '000000060'),
('563f202f6534bd6946fc21c679218ef6', 'AAC; AMR; APE; FLAC; M4V; MKV; MP3; MP4; WAV; XviD', '000000061'),
('258fa66e851c3d45080ce4cf3fb2532f', '1', '000000062'),
('b659c3db8a4ee41669e8f25c825951d0', 'автоматическая фокусировка; вспышка', '000000063'),
('a673cd6b5586bf16723677ab011be01c', '', '000000064'),
('40a64320cddcd90371dca1cf44c5940b', 'документация; чехол; USB-кабель; адаптер; гарантийный талон', '000000065'),
('3a60ea62b447ca12bb4e1b67d5bc96fd', 'IP67', '000000066'),
('8b12351e72f20a6ad92c610aacffb860', 'Не требует специальных условий', '000000067'),
('e2ff266b462292c7b0d7c418c656ec62', '1', '000000068'),
('086b9d64bbfedada403fbbfeede7cba9', '', '000000069'),
('3e00b8d20459b2dd72bb5657c9fa6417', '75.7', '000000005'),
('a2e31d8b6d148731fa1ab0fb1584d9f3', '8.3', '000000006'),
('99b2cd66f86e7a61e4bbc52b693e0ee4', '159', '000000007'),
('e6260ba83023cd1c0e8ec79109155264', '194', '000000008'),
('dcb72ca5feb8360b9f09e6542647149d', '', '000000017'),
('93e73737c7c97b9596b74e0a243f11d8', '000011', '000000003'),
('5a141b3bd375d80ef3f3619e43997bc2', '', '000000004'),
('772d00e255831afc7b9c707f8c2bd13e', '156', '000000001'),
('216ddb52d952e4d744300860bfcbcf18', '12', '000000027'),
('c41998ac9ea0cfe7b05aa9380a3607f6', 'сканер отпечатка пальца, разблокировка по лицу', '000000028'),
('f4d1fb8203e9acd6cf5f8768942a0997', '', '000000032'),
('9803b6f7a783c626b052c4501a32571e', '6.1', '000000029'),
('2627b923be027b5f404d0f9d9cf19046', '1', '000000038'),
('af9eaaa01bbc29b80a5ae67e2768185e', '', '000000039'),
('16eded55b41cef316d39c2793f8030ce', 'Apple A13 Bionic', '000000043'),
('e27211425041289471099a47809870ce', '6', '000000044'),
('22d9bd011207abe2e7677a9fe111d7d8', '1700', '000000045'),
('6dc31dfe47fcd0d3341f787a5a2f116b', '', '000000047'),
('ca60e3129a464d503de5b6b525fbd7e0', 'NFC; Wi-Fi; Bluetooth 5.0', '000000048'),
('0a266008cee7ecd84e10531b71acc48d', '3G; 4G; Wi-Fi; LTE-A', '000000049'),
('830bc38d93bec80d1ac9823bfd6754f6', 'A-GPS; ГЛОНАСС; Galileo; QZSS', '000000050'),
('0e3db32d01637ade6283b1b0abe10f0f', 'nano SIM', '000000052'),
('cae98cd782da5398af1240a2a554688a', '', '000000053'),
('4a098dd08fdc66ce4d8f0330a8886b4f', 'Li-polymer', '000000054'),
('87ac55b6a07f0a289ac50e7f121b73ca', '4810', '000000055'),
('9a1302347ceae93c2e5cf519206ec15b', '', '000000057'),
('0102d4d04b3fc8d1c2e28e58af96cf76', '12', '000000058'),
('6e9f729b74be6c339667cf63adb6f862', '12', '000000059'),
('d2e4e602b7a95776d634d57ec408d11e', 'автоматическая фокусировка', '000000060'),
('a22ce1d791b62fb6f53483dfa34b713f', 'AAC; AMR; APE; FLAC; M4V; MKV; MP3; MP4; WAV; XviD', '000000061'),
('0c05eb3dd5ac3f77a58475763f8f0298', '1', '000000062'),
('e2fbca9210a02da19d0850103af2eaa8', 'автоматическая фокусировка; вспышка', '000000063'),
('ca04a0bf919c3356df183e1b7c06639d', '', '000000064'),
('95816abdb67ca07af02c1e3c91673f88', 'документация; чехол; USB-кабель; адаптер; гарантийный талон', '000000065'),
('491af9a088b2ba807205cd18ecbf6a24', 'IP67', '000000066'),
('b61d6a89f78fc30ee2591723a1c5f040', 'Не требует специальных условий', '000000067'),
('1be7e3f8760207c71f278a81c37b517f', '1', '000000068'),
('ca528be88a131171a5da4d3837e7679b', '', '000000069'),
('886e18213daebac35caddb181cde2059', '75.7', '000000005'),
('832ed00ab84c0690e8ac87093641c107', '8.3', '000000006'),
('7f223ff32beb77aa24d9b1dc77020d96', '159', '000000007'),
('1678840f15af44164be6cd02b178e23a', '194', '000000008'),
('770ccfb224aa018a0e3a72eaf412034b', '', '000000017'),
('90dbae947fd059dac8132c578c36c7be', '000011', '000000003'),
('f92d08908567d5a66a6d2490a6ad0934', '', '000000004'),
('3a6031649025f332f72ef70733c41f36', '156', '000000001'),
('e4ba49d39e8de62ebed6787b9ab62e26', '12', '000000027'),
('990fa631cddc3addfdbcbdd87e052c9f', 'сканер отпечатка пальца, разблокировка по лицу', '000000028'),
('8b6e98a7f3bb63a7b3b99186c8dde470', '', '000000032'),
('c13b0948a0b36ef6c6e440d8754b9364', '6.1', '000000029'),
('cea03b7694ce042f29f945c5ad09fb34', '1', '000000038'),
('41d6f7750016f0ebf6c8483ebea95b27', '', '000000039'),
('c8499f10d1425bc413f0d2fd88e756cc', 'Apple A14 Bionic', '000000043'),
('4f33e2d882cfd35830d7d36d2692a0dc', '6', '000000044'),
('da2c91f6295841e281fb6a1c57788e69', '1700', '000000045'),
('b007fe71bb7800bce6c74ccaa824bcc1', '', '000000047'),
('5099185a1c577021aa82b9325a905efc', 'NFC; Bluetooth 5.0; Wi-Fi 802.11ax', '000000048'),
('2f883df94016a0aa1ccd2889d80db669', '3G; 4G; Wi-Fi; LTE-A', '000000049'),
('e2bccae141fb01f206b6eb92b840aea6', 'ГЛОНАСС; GPS; BeiDou; Galileo; QZSS', '000000050'),
('6f94aa1f59c3f55f2dcd838440b37605', 'nano SIM', '000000052'),
('6430381d718182079fa50a7bc22edd9c', '', '000000053'),
('22e52388a7dbd6cad99809f9ae609a34', 'Li-polymer', '000000054'),
('e25614d134200ba5f494f779fff828a6', '4810', '000000055'),
('f60465ec8e593709842e18bb44b2a95b', '', '000000057'),
('31b29ae81041131ccf1f2ccecc845ad1', '12', '000000058'),
('b75ec198be7fd1f490652b8634048d94', '12', '000000059'),
('09987a3539f386d66520ab5a4d4a4a3c', 'автоматическая фокусировка', '000000060'),
('1490f182bf44be1f0ba6e26ba6e03d6e', 'AAC; AMR; APE; FLAC; M4V; MKV; MP3; MP4; WAV; XviD', '000000061'),
('08207f2e207d748122cab9480f679477', '1', '000000062'),
('622734bedffcbc67fe27a6245a08ddb0', 'автоматическая фокусировка; вспышка', '000000063'),
('fd0715eecc8c4db2a5312ebe2094ea45', '', '000000064'),
('3b5b37332d03ee17c33a08be03df7c12', 'документация; чехол; USB-кабель; адаптер; гарантийный талон', '000000065'),
('19bbe892d0edb1456a7bf0453583a9ad', 'IP67', '000000066'),
('5f3658df4fa672795b88b428c450d065', 'Не требует специальных условий', '000000067'),
('34f5edf737e080344cbb0efca9352bde', '1', '000000068'),
('853b64959c25f1b421079b49d731e48c', '', '000000069'),
('564e1070afc8541f7e43fcc3fec918e4', '75.7', '000000005'),
('e1de11d36fc6296820ffc03c966949a7', '8.3', '000000006'),
('41ba4ab99c386a96980b5e9a63bf0bfb', '159', '000000007'),
('6ee7cc11f3cb2bfc91662b62afb4387d', '194', '000000008'),
('efe588f75f961b2cff532ae879448e41', '', '000000017'),
('afdfd7f5b6f4c9622f6270a6b1262258', '000011', '000000003'),
('1443268292f49fa3100fd0245639d329', '', '000000004'),
('6f2559ebb03342db3b45c2366702f558', '156', '000000001'),
('f2e1574d53fc39629a52eec944013e49', '12', '000000027'),
('9f0da387309f7e357780807f87a00cf2', 'сканер отпечатка пальца, разблокировка по лицу', '000000028'),
('2858b624eb7fd6dc45dc728b1ca2f4f5', '', '000000032'),
('e6c2a9f8327405ca4d185fed3e8c541b', '6.1', '000000029'),
('d20fd6102809c9b51f843caee2850952', '1', '000000038'),
('5879c18957125e546a41c7aec9f865e0', '', '000000039'),
('14dbedb383a49a394437df32d9c12785', 'Apple A14 Bionic', '000000043'),
('1915bbf2563e4efb5e0d5c9aee1e0cb8', '6', '000000044'),
('2d146b1b4332b13cb8dd711342f24793', '1700', '000000045'),
('27a2afada946e9517489fbbe6f4c662d', '', '000000047'),
('0c2cff60ab4cc0eb0364a69732e57999', 'NFC; Bluetooth 5.0; Wi-Fi 802.11ax', '000000048'),
('a67d5e83b448dead42611c7432e60cfe', '3G; 4G; Wi-Fi; LTE-A', '000000049'),
('469a82df520c25fa834a4a86077e8f8c', 'ГЛОНАСС; GPS; BeiDou; Galileo; QZSS', '000000050'),
('11d8581e3568e55f9c9b5a31989f1abf', 'nano SIM', '000000052'),
('ebcf3e0bff98a5ea0db7c1b34b2e505f', '', '000000053'),
('d2bf4e48b0d775c7137c4d64d754fbaf', 'Li-polymer', '000000054'),
('291a519b67f6b54179ed3fbf1b83de71', '4810', '000000055'),
('d9df2ad8b3d57357abcc7b81b369ebe8', '', '000000057'),
('cde72c0d3cd0a236fc87a5a09e4a1487', '12', '000000058'),
('31e3917c3cf9f7fd9b15ed8cbb37692e', '12', '000000059'),
('2442fe871a00f28928701f1e4eb4d361', 'автоматическая фокусировка', '000000060'),
('aaefe8f6ba6acc99a08a19621b3732b1', 'AAC; AMR; APE; FLAC; M4V; MKV; MP3; MP4; WAV; XviD', '000000061'),
('4c2a8bafb5e7c5338c452c86b991cbc7', '1', '000000062'),
('d260ad299c3de3605e485e1f9f0e4d4c', 'автоматическая фокусировка; вспышка', '000000063'),
('f5e68d97eacb19f538e9001992c763b1', '', '000000064'),
('474b1e25822c66696c141c3b1dfb637f', 'документация; чехол; USB-кабель; адаптер; гарантийный талон', '000000065'),
('aebb77a238149ae0e1e654defcf682e4', 'IP67', '000000066'),
('51c21ca3b9016bb9cf631c4470743c9b', 'Не требует специальных условий', '000000067'),
('7876ce10e70a6c9084fc20ca4386e11d', '1', '000000068'),
('cb861f63900e073aee1a663cfc6cbc69', '', '000000069'),
('adf351f8d55900445be7a0ca90e51cfe', '75.7', '000000005'),
('2723d400e040f92483c42e7a0feaafbf', '8.3', '000000006'),
('bfb654552e1c7a8eac10b400caacfbeb', '159', '000000007'),
('ca1140dd5b8f2d2394929cb03c71a67d', '194', '000000008'),
('fe4a4ba404d4ea9a85ce72f9273c54c9', '', '000000017'),
('f9983b80d21575f8529240c577be5425', '000011', '000000003'),
('6f56da09fa56c2a3340f824a24410955', '#FFFBF0', '000000004'),
('299cfaf4eb7135ff1e55dc2dbfae5515', '156', '000000001'),
('1998f2615945bc5afe30b2abe8a01b9f', '12', '000000027'),
('4cb2974a9f8415b3f079e8096ee5de87', 'укрепленный корпус', '000000028'),
('d49beef1dd6a11979ba7394dd197c0cd', '', '000000032'),
('586e41e412f8803ab28b2a59e668a6db', '6.1', '000000029'),
('c7c331975e3889dcdba05cb2d7419dbe', '1', '000000038'),
('3cc786572c59cf2e4657bc0cdd0dd1c7', '', '000000039'),
('1699ccf459d0700ffede70463126da0e', 'Apple A14 Bionic', '000000043'),
('bd6c7fc48ac65f258a62be8966f3dfce', '6', '000000044'),
('d1c04321ea21a721deb106f8e59d24be', '1700', '000000045'),
('5b2eefbd80745b2ad61f2756533c72ab', '', '000000047'),
('94a9e18893f8786e88381beee80979d0', 'NFC; Bluetooth 5.0; Wi-Fi 802.11ax', '000000048'),
('63fd1e94eafa8a4d5c3fbf56f0cba14c', '3G; 4G; 2G; 5G', '000000049'),
('72ab5e9e9aad872daadb64f84a483c2e', 'ГЛОНАСС', '000000050'),
('95510d7398166183ee127ac2a86d5048', 'nano SIM', '000000052'),
('8e8fc7fde34150d19061df7f79d378fd', '', '000000053'),
('619e4c46af0e51eff55474f2f1459733', 'Li-polymer', '000000054'),
('734ae44d10780bdf69057a095d980cb9', '4810', '000000055'),
('50caff2b245a7caff6b60fd5ea09f7af', '', '000000057'),
('d07bce15315cbef8532d2320ca3211d5', '12', '000000058'),
('3335917800a7f56dbb013eff54f3da13', '12', '000000059'),
('a16dff7136763b43737de560f26fc30f', 'автоматическая фокусировка', '000000060'),
('8f2bfdffd27aff37857c1387ee2d178b', 'AAC; AMR; APE; FLAC; M4V; MKV; MP3; MP4; WAV; XviD', '000000061'),
('f06b6606bf7d1c74653f98d04bf9bba0', '1', '000000062'),
('dbee0a2f6aa07434a090af7b683678c2', 'автоматическая фокусировка; вспышка', '000000063'),
('d248b26145a2da471d593a360d925d01', '', '000000064'),
('5482837539c6a69b3cd27d7ebba43947', 'документация; чехол; USB-кабель; адаптер; гарантийный талон', '000000065'),
('eb82da7a32af9c0decb5af894c7e3e5c', 'IP67', '000000066'),
('f25d5d368a5a4c26df583ed9d56558c1', 'Не требует специальных условий', '000000067'),
('735570b6ae32d4248637e94d711f2d29', '1', '000000068'),
('34dd716cf032f386d45d4fd4a1187c0a', '', '000000069'),
('c7dcd0310f6e1debaa5bf79fdd4b80ad', '75.7', '000000005'),
('b4574cd5fac7014e42643ce44a621475', '8.3', '000000006'),
('9b5ccbc751dede043c2424a9cd6a644e', '159', '000000007'),
('fa35a0f61070c90051d62998cd0ed8a7', '194', '000000008'),
('d1a0049d7f906de7269bc45c84b2c3cd', '', '000000017'),
('74c376b20f8f2ed1196ea2a58572d749', '', '000000003'),
('f0f1c9c1b893ab140efcf5a98b02abd6', '', '000000004'),
('4135631a8d5f92f312574e337d85c93f', '', '000000001'),
('7a85ef6640e1032f58b9c6e99dda326e', '', '000000027'),
('8e5d2a8d33631d642071197e59e1d627', '', '000000028'),
('20f709befd36d62778d0c788ad522169', '6.76', '000000032'),
('0d83ae51b0c69929987cdca5cb52caa9', '', '000000029'),
('e108efcf1d4447bda325f4e8e7f995eb', '', '000000038'),
('5acdd0afda4bb2983c92b17e52d4308d', '', '000000039'),
('b0b0419f755f645a8b94c3298d6b54eb', '', '000000043'),
('f0f7dee25d56885d76d4d1b9d7fb4ef8', '', '000000044'),
('e39f56fb42b88870d154bfcb0f690cc5', '', '000000045'),
('71c09f1c3879d1b697c99e40f4671ac9', '', '000000047'),
('ce90f27e0e9cf9eb8fc951c7d61fb4bb', '', '000000048'),
('ff21cf58d4e14704aa504a7c3dd58893', '', '000000049'),
('8d21d6804fa74f033b0560a51555beb4', '', '000000050'),
('e2e0875a053bf456f655899eab4f73e7', '', '000000052'),
('492be884178fc867c28bf9b85d91cc6d', '', '000000053'),
('c190fabcbc2a0ce306a63bf9d63090c1', '', '000000054'),
('f3aae3bdc26041071c688f69a546ca17', '', '000000055'),
('8e5c5ae054f3bb9ad8aa61538a6891d4', '', '000000057'),
('b5984026130c1cede3a8964d5bbddfd3', '', '000000058'),
('3500953613b5cd596e6767e43a41cdd2', '', '000000059'),
('5463767ac764a577310361b46db52a56', '', '000000060'),
('ec44a0a7891cc83ca3d30489d61772c2', '', '000000061'),
('0fe8fccf31624db1e02ac3fadfe6d41a', '', '000000062'),
('80e5f44a7b4ab9c5e7b32bd02cb57ee7', '', '000000063'),
('679fd0d5ff133dce07482f58e8e43a0b', '', '000000064'),
('bbbdce64dcc2024823a5cbf63c405ec3', '', '000000065'),
('1a5f7cafa0518444d712d6649946ff46', '', '000000066'),
('65cac1c69bf2b0cd04e4ad984abb3da6', '', '000000067'),
('4523b2ad5562ab0a477b399a8e437176', '', '000000068'),
('7bf95dc6c53f752710cc613a8ea0ed89', '', '000000069'),
('b7762d8b81973959ca461762080e741d', '0.175', '000000005'),
('0f91ac43c6a4e23be113951f1affab82', '0.055', '000000006'),
('6d62d3abba74e9d05de46cbd48edeea9', '0.01', '000000007'),
('457366edc81546d6157d7d9d5c7d8c9c', '0.15', '000000008'),
('fa48c4fd6fd8dd4176a06a6c85a79ff5', '29 Ом', '000000021'),
('158bb0687fa40de63fb2ee88dd7d7b69', '20 Гц - 20 кГц', '000000016'),
('dbc9f40ddf2ea943c2c3061e7ab1dcdc', '1', '000000030'),
('b61733befeae9975ed4dc7a42511f9eb', '1', '000000031'),
('e5efde965291a7f68478b2bdefea35ac', 'Array', '000000013'),
('2994e75d0c9d87443e3be2f2df08a9a4', '3.2', '000000013'),
('2291e700913c86162661270edd4a49f0', '3.2', '000000013'),
('cabaaa112cc81f9d70aa8f12acd4f287', '', '000000070'),
('c61cb311e7069f588e88cfa14177481a', '', '000000001'),
('19aa820875ec1d66f16aafcea730156d', '', '000000017'),
('27956af1da8a3895035ce49e18c7d92a', '000012', '000000003'),
('1fb501a9faaf8d67c96faeedd6f6b55d', '#000000', '000000004'),
('0241619df2e51f3fb1392dce57db4e0e', '704', '000000001'),
('22d922081249a5dd7137014ba9d33c6e', '12', '000000027'),
('1c37c1f6a3c0d722f0567981791ef418', 'быстрая зарядка; сканер отпечатка пальца; технология распознавания лица', '000000028'),
('e97f4a8507b8b366b3f4d1eb76979ada', '', '000000032'),
('c761845bc268c14df0c4c123f7d7d357', '6.7', '000000029'),
('871bb52f3c36c9bf09c318e57dfb0051', '1', '000000038'),
('e3d2d650b0bf62ddd062c63bd21d5d9d', '', '000000039'),
('e9dd4514603b9e94a0db00d1fcb304ef', 'Snapdragon 720G', '000000043'),
('4f2bf15c1a66de4db5bc851c7519080d', '8', '000000044'),
('7780a47505ddd0d890f8104292b59905', '1700', '000000045'),
('804850350f968ccb2acc89e343d20d3e', '', '000000047'),
('16b44d66c30d3a23862693809c3acde6', 'Blueooth 5.0', '000000048'),
('2039866c87f550cfb1032bb4f0aa0960', '3G; 4G; Wi-Fi; LTE-A', '000000049'),
('c5f6f7f1e0f222e1e43bf87933d8bd88', 'A-GPS; ГЛОНАСС; Galileo; QZSS', '000000050'),
('e3750cea6662a46b5abff7afc87d60ab', 'nano SIM', '000000052'),
('f24427ecf4cc98635798178191182858', '', '000000053'),
('5730df904631f764e8de0adbc8a3bd7f', 'Li-polymer', '000000054'),
('7a2fcca04d70ecb6fafa32f741efa768', '5000', '000000055'),
('d71d155691d91e5baeaf9a126099bd77', '', '000000057'),
('ac046e3ca67c63abd79fd3661dcd399a', '12', '000000058'),
('b7a67947c868a54ee15baac363830a32', '12', '000000059'),
('6bba2d1839931e91f1bf78bd058854a4', 'автоматическая фокусировка', '000000060'),
('a2e8c8dd0e9de8fd7b21b21dfa5d7527', 'AAC; AMR; APE; FLAC; M4V; MKV; MP3; MP4; WAV; XviD', '000000061'),
('c7e629a9e346146d7b32a0124a71573d', '1', '000000062'),
('e855a90cd7c0030a846bf8f8232e7a82', 'автоматическая фокусировка; вспышка', '000000063'),
('4d6a24c4bb33b88aad780caf2975a8d1', '', '000000064'),
('cc1601226095d3b81a0e8021fe9527f9', 'документация; чехол; USB-кабель; адаптер; гарантийный талон', '000000065'),
('bf4a9911b100e7550f51ef278f5cca9f', 'IP67', '000000066'),
('6a1ecb016973bef7a01d59e4402feaf2', 'Не требует специальных условий', '000000067'),
('e83cb50dba9d1e23ed37f7308f84c62a', '1', '000000068'),
('d44abd17bc9d68a75111351d19657a94', '', '000000069'),
('ebcf87d89577ce4c418da16f61d008a6', '75.7', '000000005'),
('11e4a9efea95652c48820aab64278d5d', '8.3', '000000006'),
('bb8e53117d853d6471282867cb421782', '159', '000000007'),
('010c6eafd8af7089819b4898baf9c557', '194', '000000008'),
('c6fd1779e83ae9a7aa436b2241ddb679', '', '000000017'),
('681fa69a85c1a541c7455d9b389b9c77', '000012', '000000003'),
('b5bd4186cf13862b53a10bd996a3a3ad', '#00FF00', '000000004'),
('32ff205a3d9a5174b164e92f8904fb6e', '704', '000000001'),
('e11896f6a8b2204de72874cb009f4794', '12', '000000027'),
('81af5ddc9d41c8a523fbbca5f55bef20', 'быстрая зарядка; сканер отпечатка пальца; технология распознавания лица', '000000028'),
('d7a285e8bf3d4f0946fc2383a6215121', '', '000000032'),
('262c19ce4e05a0567264169b2d10d59f', '6.7', '000000029'),
('cdf922a41ef57a3cd7a6d6c3df421293', '1', '000000038'),
('7b3923a65465e487e752e33608b1a4ba', '', '000000039'),
('44ab8d95105ff511a64c7a802af4298b', 'Snapdragon 720G', '000000043'),
('9d2b925d2f43b57800f796a21335efbb', '8', '000000044'),
('ef4539b42d0e27552c776ab9b0029d0b', '1700', '000000045'),
('27e4c3d32b09072406f4a4b4bf0fab57', '', '000000047'),
('c20168b9d92f5f6c9073d8ebad701009', 'Blueooth 5.0', '000000048'),
('b7abadc56cbb704a4a29a716a6d8543b', '3G; 4G; Wi-Fi; LTE-A', '000000049'),
('f2b7802b92970ea7e7ff204d560de5e3', 'A-GPS; ГЛОНАСС; Galileo; QZSS', '000000050'),
('35678d76935ee775c09f162e62771ca1', 'nano SIM', '000000052'),
('3bcd4a5200a0c526b49ba20c46f420dc', '', '000000053'),
('3091adc135278172d91cdd0aec458943', 'Li-polymer', '000000054'),
('e8f159a218b1314d481fefca0b16616c', '5000', '000000055'),
('51b3686632cc3a39f2f5bf41a999e8e6', '', '000000057'),
('0fa456a248d0d7d369ab050dc49cb1c6', '12', '000000058'),
('a26d8b88e0a033e62d64689343c0a451', '12', '000000059'),
('8ce3f27724f422f7ff3aeec53a41d10c', 'автоматическая фокусировка', '000000060'),
('99e65c877179184936ca2d93a932c749', 'AAC; AMR; APE; FLAC; M4V; MKV; MP3; MP4; WAV; XviD', '000000061'),
('d4b69326a204962f27222292f99d50e6', '1', '000000062'),
('e6f1244039706bc204e1241c468985d4', 'автоматическая фокусировка; вспышка', '000000063'),
('e02ec0f75596ff6902f6ff1655951dc5', '', '000000064'),
('e69f2f1a74fad6fe4be53a6bf391fc6f', 'документация; чехол; USB-кабель; адаптер; гарантийный талон', '000000065'),
('8d6915f6a51e06becb57f32959f3a844', 'IP67', '000000066'),
('46f432a59cc43cedc78ef5bfadaac10e', 'Не требует специальных условий', '000000067'),
('3a2e8f18155864fb1605ff439c7f111d', '1', '000000068'),
('6f32b8a6580bcf19880b204eb862cc83', '', '000000069'),
('81066cbddb7d371f98188995627c5139', '75.7', '000000005'),
('730bbfb16360995378e34652ebfa3361', '8.3', '000000006'),
('edf3ffb5c1b31ce03d565bec10868e9b', '159', '000000007'),
('1a3ca1bf2c2a97006982a4b2a49039ac', '194', '000000008'),
('4348a4d2235db06bb09716223bbcbc58', '', '000000017'),
('99e7a3dce3c223c6055c367f9c32d2a7', '000012', '000000003'),
('a0f91773ab244c3c8410fb316b5f18b4', '#FFFFFF', '000000004'),
('6b335f875a7029be6840e05a6bedf195', '704', '000000001'),
('07eb1de16a91f21862e3744abcba7ed5', '12', '000000027'),
('e192658e3f3b0f1bb0961f02e42ea350', 'беспроводная зарядка; быстрая зарядка', '000000028'),
('406a44a6369577ba7239041fc23c35c6', '', '000000032'),
('b1f8bd2a9819028704f2c3e4fbf1dd9e', '6.2', '000000029'),
('9777805bfe20ab75377f975e0c83adff', '1', '000000038'),
('905a303bc7922c68e5631ecbed56475e', '', '000000039'),
('a8aa22a5b979774c8bd05980abc86cc2', 'Snapdragon 720G', '000000043'),
('92f69774bcfea1cf61508ff6e45e49f3', '8', '000000044'),
('5919c9ff47cf72d8185edeeff913106b', '1700', '000000045'),
('b7ea0f018eb7b03fe61de0f3f2653be6', '', '000000047'),
('102fa01f9ffefc904964c870aa39ddaf', 'Blueooth 5.0', '000000048'),
('c1d6545d421c1bea903293333641f85c', '3G; 4G; Wi-Fi; LTE-A', '000000049'),
('d6dff5d26e7990fa31ef817e33237464', 'A-GPS; ГЛОНАСС; Galileo; QZSS', '000000050'),
('ecac1601cc6f695b363eb0ea1d7cf1c1', 'nano SIM', '000000052'),
('b1c32d61d05ea8b192a34369875fecf1', '', '000000053'),
('8fcd3ec7fc0ffbd3ac5cd2708d56e116', 'Li-polymer', '000000054'),
('dfb6943f855078a4347282db65a6740f', '5000', '000000055'),
('16890d39eda48b8d33fe20dc8b072af6', '', '000000057'),
('713db99282b75b2171e331ba059a91ba', '12', '000000058'),
('1447c77f25d88d79fb6ef5e696a5868d', '12', '000000059'),
('895d59e14aa4cf92fe961c468a426137', 'автоматическая фокусировка', '000000060'),
('3f79d84ca2db1e1020fa2642fe29136b', 'AAC; AMR; APE; FLAC; M4V; MKV; MP3; MP4; WAV; XviD', '000000061'),
('211c126602eb3f64578ee17999fead37', '1', '000000062'),
('08706f14e82b469667997aeba8afa849', 'автоматическая фокусировка; вспышка', '000000063'),
('cf7733d64354e745185a6783cfff755d', '', '000000064'),
('a2f46c71d582b5e2bc9704e9e123017d', 'документация; чехол; USB-кабель; адаптер; гарантийный талон', '000000065'),
('36d1ef139b280f818d76535f8b06a74f', 'IP67', '000000066'),
('a20d51b84f5ecd97e65e93cf933e4a5b', 'Не требует специальных условий', '000000067'),
('7b05e6891777ab95654b9f7041d292eb', '1', '000000068'),
('77602f14a01840d3bbc1c15131a9ccbc', '', '000000069'),
('ed11b6f5c0a6858edfdb16aa77b11f5f', '75.7', '000000005'),
('d2ab985a606f2f88174353616d72e94e', '8.3', '000000006'),
('610d912feea04c038e3459b404e9819d', '159', '000000007'),
('744e995ea91d81c90201034201851d66', '194', '000000008'),
('fc2d8c4e39805b0dbee323a607544e86', '', '000000017'),
('43b2760c77dd7a2ca692e8127226777f', '000012', '000000003'),
('0f9834cb2a784ab8dcd13bf6a0ea6943', '', '000000004'),
('92268468f3d669a04d82b709c19310f3', '704', '000000001'),
('089d1efc8d8103b4235cb1eeae33bd7f', '12', '000000027'),
('a1356b46b3ab11e257aa6603e6723781', 'беспроводная зарядка; быстрая зарядка', '000000028'),
('706bf69349fd207037dc78bea7174184', '', '000000032'),
('888069eb89292c494859e0f4d36add21', '6.2', '000000029'),
('b73ddecbbf0a4f8850b7fc5fbc5f1c92', '1', '000000038'),
('7b7db22fea4f042e4ca0fb642113c692', '', '000000039'),
('6b6c78274b42404f0025d8e680f6bda3', 'Snapdragon 720G', '000000043'),
('e7b70c95800dce2d0de83a29d05e86af', '8', '000000044'),
('6bf491bb2866331a8bd7da5ddd6fd545', '1700', '000000045'),
('5de960e7d75c7f68a90efa8bd32a384e', '', '000000047'),
('1437bcb464518ff5fd64af128a2ac23c', 'Blueooth 5.0', '000000048'),
('c5fbda70f8cebf4185bec83fd14d6ab1', '3G; 4G; Wi-Fi; LTE-A', '000000049'),
('d56f88e75872a775ba38f4ecf825e196', 'A-GPS; ГЛОНАСС; Galileo; QZSS', '000000050'),
('a7bb1190eae58342e0a6693c896f09d1', 'nano SIM', '000000052'),
('beb9656e8594e44d6bdd08cd6aa6fe8c', '', '000000053'),
('501db5e89719c5cbf5c004121c25bb84', 'Li-polymer', '000000054'),
('6079910f9abd494435360139db0aa698', '5000', '000000055'),
('30db029d780f0668a9a0a26cdccab272', '', '000000057'),
('240ed0c2c58ed76fc7a6da38c853454c', '12', '000000058'),
('7e8d9616a3a9498005393487ef93dd72', '12', '000000059'),
('a526f15dacb1976a8ba4d8096e081d85', 'автоматическая фокусировка', '000000060'),
('cca007332ff409e7b2efac869d1b4710', 'AAC; AMR; APE; FLAC; M4V; MKV; MP3; MP4; WAV; XviD', '000000061'),
('8ae26047da3597383d3ae44a19cde11c', '1', '000000062'),
('99c90c991d0ec0a3431be584629dcc6f', 'автоматическая фокусировка; вспышка', '000000063'),
('a5bc8c1d96ac8199c162067a5a2f639a', '', '000000064'),
('9255196a643d61f93f4014b4573e1167', 'документация; чехол; USB-кабель; адаптер; гарантийный талон', '000000065'),
('7d20cfecaed615014b5c0f749532fc61', 'IP67', '000000066'),
('3bcb84e32c6e921ac720c201ae11d8fc', 'Не требует специальных условий', '000000067'),
('25f852f4fb4fdca2c5c2c75e99206bf0', '1', '000000068'),
('8af624d107a144227aca996d989e1403', '', '000000069'),
('e1dd9be98dbe90b0dc8e4409bf42cd0a', '75.7', '000000005'),
('454ba57f70f1a1dea2fabd8c476094f8', '8.3', '000000006'),
('4d00e3414967131cf04b529e17c124b2', '159', '000000007'),
('c56e7edfb50b827ce759101f210cab0c', '194', '000000008'),
('0efbc27b1ff4e38fb0cda39fdf348afd', '', '000000017'),
('33f56309d5f70c2379e6735b50bcca68', '000009', '000000003'),
('8db74166936f20ba0d505272ca81d001', '#000000', '000000004'),
('356c0f8035a22e77529fa3fecaf4b6f0', '156', '000000001'),
('62389c7d6a402a2e43a531822e8da40d', '', '000000027'),
('c1abad4e157809d3b77dcd867af8e78c', '', '000000028'),
('4ebe50bef0c8514502bb59cd7454a72f', '', '000000032'),
('6f0c21b75d74c2b026d1109141c3bd65', '', '000000029'),
('80299a6263f5ba95ea3ce41e3b2a05de', '', '000000038'),
('77d1159d8c6ab5dd3797ca870a537823', '', '000000039'),
('c10167da94275fdb6d9e5f15c1d4eae6', '', '000000043'),
('fcb4a0d1395b1d33f352adbc679b1b31', '', '000000044'),
('c542a69a8f60312a823cb64021c3a573', '', '000000045'),
('416d4163807b637672514a3677c80b94', '', '000000047'),
('3e32fadcce7de841297dfa6405453f75', '', '000000048'),
('68333dfd9c9d6020cd736028272a23c6', '', '000000049'),
('69546330ae145c06690fdfaa7bdae6af', '', '000000050'),
('d2ba1c67b36a011a6c232399228004d1', '', '000000052'),
('c7795bcdaed0177c783a8de363151a14', '', '000000053'),
('50fa7aeb368052776857b2e7ff1190df', '', '000000054'),
('caa3e0b81e53a9cffeb49068aa03d2bd', '', '000000055'),
('6e45715b751c44f0fe7c86ddd192811c', '', '000000057'),
('e97826de8db8eda8cfe62630a1882d8e', '', '000000058'),
('c1fc0a958c4f293cb5c0044e9d03ef59', '', '000000059'),
('976f362a21180abeccd8f8f7270e78ba', '', '000000060'),
('5ea7f1fe3607b074580d6785e58c60d0', '', '000000061'),
('077790f7e163a7833baf4f86f49cdc73', '', '000000062'),
('7ce1376bdde6e37e7c2baf57f624b682', '', '000000063'),
('f9ec4adb90ef240db75836db9eab12f8', '', '000000064'),
('c8adea9ac1455ce0e22d4a7749d733f7', '', '000000065'),
('528905c0f9f24e8ddd8955fe5094b9bb', '', '000000066'),
('df0bd1b50f0c28c253cabd8251d46e96', '', '000000067'),
('1eb648c5f6242b2fc8333a8f72aa4181', '', '000000068'),
('374c9f6babca8551925753d71f195d7e', '', '000000069'),
('979c9b747858dab80d4302193dbc8904', '0.1', '000000005'),
('b26ae1e39b25f26489da132fb58fd349', '0.2', '000000006'),
('0095235cdcd665b44318ce3b97fa08cf', '0.11', '000000007'),
('64f617450fd28a46419112c5ba720a1a', '0.17', '000000008'),
('dffbf7bda66a5f2cffdf817305d14ad5', '', '000000017'),
('08e1ac8d5aaaef8e24a7f5932d28fdf7', '000003', '000000003'),
('34edadd6ae5d6a4d06b32cabe3eb9d19', '#DD9CB3', '000000004'),
('3b9f40879d929320cec899b8e33ab1ff', '156', '000000001'),
('9f1b53f026882639023741b01a7bdd7b', '12', '000000027'),
('abc687df48f65c8ffc1c1138f89287d1', 'сканер отпечатка пальца; быстрая зарядка; технология распознавания лица', '000000028'),
('e233777d58fe26d2f575557261559b11', '', '000000032'),
('69409681dae5508b11968896dbef4d49', '6.5', '000000029'),
('bdcdbad822236cb91411d9c7f9da0ee5', '1', '000000038'),
('d7da17eab3d01b5075f96db780301596', '', '000000039'),
('0bf6d343b664ec7be46d363c1fb6f42f', 'MediaTek Helio G35', '000000043'),
('c6d237b2075e324f62ccfa72770474ae', '8', '000000044'),
('4759d9ea1d75fe8c0c0063f3f0f991af', '2000', '000000045'),
('b2336fca023d85c50f14f2d6525e0603', '', '000000047'),
('570cefd04f78138a30f70471cdd1e96f', 'Wi-Fi; Bluetooth 5.1; IRDA;  USB;  NFC', '000000048'),
('c5c3833f62b60d1515cc19a2bedbfdf4', 'GSM 900/1800/1900; 3G; 4G; LTE; VoLTE', '000000049'),
('f7e63f4258fefa74248800966e6e1bd8', 'ГЛОНАСС; GPS; BeiDou; Galileo; GPS; AGPS', '000000050'),
('77c86c6ce3d9ab8fbc31b8e74e90c335', 'nano SIM', '000000052'),
('8c4aa61a0a764acc8310b9f351b7d7f3', '', '000000053'),
('7037ac7cf7560d0ce58fda3b4026a2fa', 'Li-polymer', '000000054'),
('97b7794b5d534cfb72216ad399e907fd', '4500', '000000055'),
('d5c7df48bbb89275590966eb462f3d2f', '', '000000057'),
('216b3b6c56e1498091cf269b9ea49d66', '64', '000000058'),
('897034df58b565b5329cb2f1d998437c', '8', '000000059'),
('7b956358420413194c44e1f8af074e80', 'макро-объектив; автоматическая фокусировка; цифровой зум', '000000060'),
('ab25e16b1ef8facedc4f59ff99d06159', 'Full HD 1080p; AAC; AMR; APE; FLAC; M4V; MKV; MP3; MP4; WAV; XviD; AVI; WMA; WAVE, FLAC; BMP; GIF; J', '000000061'),
('305811f0e20b5d772d649dc062c163bd', '1', '000000062'),
('5ba2b69ae2a9f19715a2523671b47edf', 'автоматическая фокусировка; ночная  съемка', '000000063'),
('6cdcde29b4f06d9a8fcfb73e5ee88923', '', '000000064'),
('6e477e814abffbad28dd23a6a766b145', 'зарядное устройство; смартфон; документация; чехол; USB-кабель; адаптер; гарантийный талон', '000000065'),
('e3ebcaf909ee9bb4a6c9e6f2922bc9d4', 'IP67', '000000066'),
('5d7acd1c690e03d8cfb3926acb65ba39', 'Хрупкое', '000000067'),
('59e9d54ed6efe8e31a96d826bb0904b0', '1', '000000068'),
('106465b9f5bf705f8e72b4a72be259c6', '', '000000069'),
('c4e279853d4d9e8faa6691d6202ac949', '75.7', '000000005'),
('0b946086b8f9f1fa6f15c62afabb5f11', '8.3', '000000006'),
('31c0dc8344ad4069c3e78c23761dae83', '150.9', '000000007'),
('8201a2d2456a43086edd7d5f44fdacae', '194', '000000008'),
('ab3afcc7b3ef2476102f82f99c8d8a5c', '', '000000017'),
('568357a8c160ea88fc70a77266e17918', '000003', '000000003'),
('13546313491b25af02c19d17c541046d', '#000000', '000000004'),
('4eb4162005053d9832b262589832abc3', '156', '000000001'),
('8f592c8dd08c85020588a332337fae94', '12', '000000027'),
('bb5211ed9ff40fdb7925fc4a656d1bc0', 'сканер отпечатка пальца; быстрая зарядка; технология распознавания лица', '000000028'),
('f78f7ee9d0687045d955403ee65ccf52', '', '000000032'),
('00fdce21af3f0e653f56577813722518', '6.5', '000000029'),
('c603523a5de8a36d02a8ebc17741686f', '1', '000000038'),
('848e86e6ed8e6788d2c6efb4437f5da6', '', '000000039'),
('b9884f3f8e992d3aa7ad0a089941081d', 'MediaTek Helio G35', '000000043'),
('4221e157428193fe8c58ceabe863f153', '8', '000000044'),
('4e328f01af8c2b3f4735504ffde4a9ce', '2000', '000000045'),
('d182db769cfebe4911ebd8e10877bbe5', '', '000000047'),
('4d57bacfa1dbd3720f6e24de8521e5c8', 'Wi-Fi; Bluetooth 5.1; IRDA;  USB;  NFC', '000000048'),
('08b5a6289a057440e60ee722e652680a', 'GSM 900/1800/1900; 3G; 4G; LTE; VoLTE', '000000049'),
('6e8fa7598bec0facdeea79ccc5a646a2', 'ГЛОНАСС; GPS; BeiDou; Galileo; GPS; AGPS', '000000050'),
('9a5b37b48905b732ab158c4e4cb455c9', 'nano SIM', '000000052'),
('e5a5bdc96543ef29913855afe386c0ee', '', '000000053'),
('aa743d80cebeaa94b5732c7635233922', 'Li-polymer', '000000054'),
('52e247e1c61e527b670326b1a81dcf93', '4500', '000000055'),
('c25b8308d357f6d0d7d0f6fdc7bdefdd', '', '000000057'),
('16e8467e0207745035a05fca00d14ffb', '64', '000000058'),
('cd42529f381dac43ee6a9de8458f64fe', '8', '000000059'),
('b2a2c0a16aeb8efda22b5360c2ac116f', 'макро-объектив; автоматическая фокусировка; цифровой зум', '000000060'),
('8d3991c3edac54e0c28c31815552d3ee', 'Full HD 1080p; AAC; AMR; APE; FLAC; M4V; MKV; MP3; MP4; WAV; XviD; AVI; WMA; WAVE, FLAC; BMP; GIF; J', '000000061'),
('ae1a483587dcf1091864589710650668', '1', '000000062'),
('25cf60751ba121a4fdf30b764bca5a56', 'автоматическая фокусировка; ночная  съемка', '000000063'),
('618dbc48606208d1c2ed9764523286b7', '', '000000064'),
('6d174bdd9d1b26b76d2fba7304a8c941', 'зарядное устройство; смартфон; документация; чехол; USB-кабель; адаптер; гарантийный талон', '000000065'),
('ccb2b15198d622b96ffbef300cfa20b4', 'IP67', '000000066'),
('584782ed6d2e178af083de9da7dcd3c8', 'Хрупкое', '000000067'),
('efb3bf86c57350dc3094252070703618', '1', '000000068'),
('2d78ff661676977b6a4cbac171832332', '', '000000069'),
('46de8531d227476a8fcc12c8b0d72122', '75.7', '000000005'),
('5a8b7d7ad37cc4e8c02a7b223fffe342', '8.3', '000000006'),
('6107b4ebd872af4d76fd858edc253a0f', '150.9', '000000007'),
('02970152cfbda7b18c0f279ea65662a4', '194', '000000008'),
('1dec681426230630cdb3ad4e3ab16a58', '', '000000017'),
('4282156a68627eadc13da3cf636e9691', '000010', '000000003'),
('da12fff48e376256d9064f3ace3fd343', '#A6CAF0', '000000004'),
('800201853aac2058d3bd5be9213b465b', '156', '000000001'),
('24768855d1cc9b5f4d72d20102798118', '12', '000000027'),
('4bfb0421e96a677c5be225d5291e52cf', 'сканер отпечатка пальца; быстрая зарядка; технология распознавания лица', '000000028'),
('dfb4fbce6be841a518eac4ce7077eaa9', '', '000000032'),
('13abdaabd18fa62bf6f5df210cdbb359', '6.5', '000000029'),
('e053e59f1cd049a73ead90d31b962c35', '1', '000000038'),
('14791889c49382f6e16311d026cbb97c', '', '000000039'),
('a1f202ac36cd8d7dcac8f65bdaf04eb1', 'MediaTek Helio G35', '000000043'),
('5352f04656e548bf027d254470208276', '8', '000000044'),
('d435e79d3076994aad15eacb48da9e04', '2000', '000000045'),
('a438ef75c56ed40a536e695390c0a4b4', '', '000000047'),
('6768d981aaab5585e661abfacf33f564', 'Wi-Fi; Bluetooth 5.1; IRDA;  USB;  NFC', '000000048'),
('3dd7db1b0ff1275b925b49c0ddf78217', 'GSM 900/1800/1900; 3G; 4G; LTE; VoLTE', '000000049'),
('3ad0cb9626032b0c5535e0c30024d856', 'ГЛОНАСС; GPS; BeiDou; Galileo; GPS; AGPS', '000000050'),
('807909005bb2bf03ae0d4249bd1d88c1', 'nano SIM', '000000052'),
('ef8ccda13a45f719d2fca82b3f407e55', '', '000000053'),
('ffba81a29e38485d2f6ece9faa7d4102', 'Li-polymer', '000000054'),
('efd7928e4e81af53e1315a09317f90a2', '4500', '000000055'),
('82ecbacd439cc8dac89abe16c5d2d15a', '', '000000057'),
('7b83fc823cd348ec5a155c867a61c876', '64', '000000058'),
('e3faabf028b9c1e554ee3da73c915c5f', '8', '000000059'),
('0da135cce89a06e513c173996315b54d', 'макро-объектив; автоматическая фокусировка; цифровой зум', '000000060'),
('a5867514eb5f1777750a681c92e79a87', 'Full HD 1080p; AAC; AMR; APE; FLAC; M4V; MKV; MP3; MP4; WAV; XviD; AVI; WMA; WAVE, FLAC; BMP; GIF; J', '000000061'),
('aa62a60b9c730f19807be20f5b000561', '1', '000000062'),
('65f6958c34ef5af22067093f74c2b848', 'автоматическая фокусировка; ночная  съемка', '000000063'),
('3a2c9d993e7e828a845ffcf9ac2955f9', '', '000000064');
INSERT INTO `characteristic_value` (`id`, `title`, `characteristic_id`) VALUES
('2725960a961fdf1c7c2560ee94785095', 'зарядное устройство; смартфон; документация; чехол; USB-кабель; адаптер; гарантийный талон', '000000065'),
('621883ed1794063b0cd811239b1598b3', 'IP67', '000000066'),
('63134626aacc96b788539d96c74ab1e8', 'Хрупкое', '000000067'),
('ea29232fa1203e13f49383f9b2343fcb', '1', '000000068'),
('e60b588883c80f843e47954cf48f2810', '', '000000069'),
('008112e06a61ccaa1c5955c62650c786', '75.7', '000000005'),
('2c112ac346456487d82d48bb661574f5', '8.3', '000000006'),
('bfbdf537b9ef39ddf220d1e3f3c3e944', '150.9', '000000007'),
('afe58eae0da0d51b06056c98ef3ca115', '194', '000000008'),
('0beaa4d1702cee62dccb73dd57d2b4f2', '', '000000017'),
('4366088eaad4a7b7f82c5f83a002e224', '000010', '000000003'),
('dcae3c4d6eb7444129c715cc7de934b5', '#FFFFFF', '000000004'),
('347dcca73ca3c7321dbcdc0a03c16a09', '156', '000000001'),
('bfb2325e938cac1df6c7fd0a61f5912a', '12', '000000027'),
('0f98a8aae42a6e2b5f7689bd33bb861c', 'сканер отпечатка пальца; быстрая зарядка; технология распознавания лица', '000000028'),
('aab1781fb0ea5403d2b6feafefe5b879', '', '000000032'),
('cb8329f4164cd7297be19ec7d90630dd', '6.5', '000000029'),
('919b4fa7e47b4de2bc23e8a2272c431d', '1', '000000038'),
('801e65dd6d1292508fdf21cbbdb050c2', '', '000000039'),
('7f2b18fc9106a6ef9b072dee73c639e3', 'MediaTek Helio G35', '000000043'),
('35e647999cbf7db58ab16e528f1c670c', '8', '000000044'),
('c20ba60c48549d514ad4e4d2822e46f9', '2000', '000000045'),
('d8aa1a9f10611bb058083a5c7a2948d3', '', '000000047'),
('569c9fdf3a75afd2f0e8e2312b966326', 'Wi-Fi; Bluetooth 5.1; IRDA;  USB;  NFC', '000000048'),
('94fce984389ab5cdfabc34c0aaf4e920', 'GSM 900/1800/1900; 3G; 4G; LTE; VoLTE', '000000049'),
('12b096616f29011ec72b9cbc2a1286a3', 'ГЛОНАСС; GPS; BeiDou; Galileo; GPS; AGPS', '000000050'),
('94d48c3201b10e22c38f02d1d30cb88e', 'nano SIM', '000000052'),
('7e1fe1616e9118cba43a5e3b1d057730', '', '000000053'),
('33346c0dfcad7f6e8f621113361972f2', 'Li-polymer', '000000054'),
('9f7bfee5c1ee44efbe5c788a8d598511', '4500', '000000055'),
('f257fab2846c3b146f1724474aa7be53', '', '000000057'),
('045a4d5bb9c1ee7a83eac7f87cd1d766', '64', '000000058'),
('a53610a6199eb4a36728434d7269f355', '8', '000000059'),
('da535e9a979005004c33b0ce1b1e9b7c', 'макро-объектив; автоматическая фокусировка; цифровой зум', '000000060'),
('c8471824bf88955cfb52628f5317e3f9', 'Full HD 1080p; AAC; AMR; APE; FLAC; M4V; MKV; MP3; MP4; WAV; XviD; AVI; WMA; WAVE, FLAC; BMP; GIF; J', '000000061'),
('f79ff918c12088ea2fbdc639367f4913', '1', '000000062'),
('edbd8a1d8b01f989223f99615927c138', 'автоматическая фокусировка; ночная  съемка', '000000063'),
('4b44016f9afac4f9fa9924f5dcbbb6dc', '', '000000064'),
('e02eed79684eefb3de3b57df3ee60796', 'зарядное устройство; смартфон; документация; чехол; USB-кабель; адаптер; гарантийный талон', '000000065'),
('a1f9e4444aa2767f662bc664f5f640ff', 'IP67', '000000066'),
('3639781f1e9c536cff563890accd5d0b', 'Хрупкое', '000000067'),
('6b08ba40375ce5b91ebb92e93583efe4', '1', '000000068'),
('9e45f6f77808dc309709995183ac5b4b', '', '000000069'),
('9f4255baf92b760e2a5774c7ece9a759', '75.7', '000000005'),
('23a6912e99cbe9bf2b4594ca2cfbff9e', '8.3', '000000006'),
('683d320d40c28ad7d6fc318ff6a57d2a', '150.9', '000000007'),
('e3ccb4e1557b6af049144366d584a3fe', '194', '000000008'),
('5012e4fafba2697bc5fe73b8345f6055', '', '000000017'),
('505bdb80848049ef07ca90f3ec6a893f', '000010', '000000003'),
('0223a8cbc8af394642b9ae923cf985a2', '#A6CAF0', '000000004'),
('2414446657aece3f85aad06aa2b08336', '156', '000000001'),
('b92ab9af9b7bc3c094678640e41428dc', '12', '000000027'),
('ed563f62f1b860d7bc8f760773a214bc', 'беспроводная зарядка; быстрая зарядка', '000000028'),
('fd84f2d9db98be8c57b0c0d42feead32', '', '000000032'),
('52327bb6560f7f9554d1fe75f03a42f8', '6.4', '000000029'),
('3ff8cc7c492c170e697fe1f9746880b0', '1', '000000038'),
('f23ae81b8a794784cb9b44adf09c62eb', '', '000000039'),
('a1e4e084227a11ad5148412091ea30bb', 'Qualcomm Snapdragon 732G', '000000043'),
('ac33cb24b8a575cefcd68176b094d2a2', '8', '000000044'),
('4b1e6e5c0dd3f4d0401bbc22d0cb932b', '2000', '000000045'),
('f949639795a995fb19dec7f13061e5fe', '', '000000047'),
('2839d0fc56c2620880b4d1394630d034', 'Bluetooth 5.1; NFC; Wi-Fi 802.11 abgnac', '000000048'),
('d793489eaf9ffab29811fdba4a0165c4', '2G; 3G; 4G; 5G', '000000049'),
('3fa02f4bf3066dbabcf938e775368e1a', 'ГЛОНАСС; GPS', '000000050'),
('9610febf48576ea61bbab50bcb543545', 'nano SIM', '000000052'),
('097b10f7874d8c47eb594ec282487f36', '', '000000053'),
('c0ff6ed024818333be9c06e398e76fa8', 'Li-polymer', '000000054'),
('8964dad47fd996c4734b7ae17fe60085', '4500', '000000055'),
('c159845e1c4868bcbc561ad542a6f510', '', '000000057'),
('49c278598871da53b55f0b953e56c86f', '108', '000000058'),
('a4e53d346ac03633849d62d732a43f1f', '8', '000000059'),
('c494d966e7c65fa0c4a698594e3bd5d4', 'макро-объектив; автоматическая фокусировка; цифровой зум', '000000060'),
('e4e1c2ffe3defc3966afad3f0a4d3f95', 'Full HD 1080p; AAC; AMR; APE; FLAC; M4V; MKV; MP3; MP4; WAV; XviD; AVI; WMA; WAVE, FLAC; BMP; GIF; J', '000000061'),
('bd031fbe7ce97912f7ad599f10a869c7', '1', '000000062'),
('58ac7cac785a893d1519be6cc73b191a', 'автоматическая фокусировка; ночная  съемка', '000000063'),
('6f431fb80d77ceaa2ae010fbc8bcb78f', '', '000000064'),
('bdb552fc2b9f44ef973f8caac512a75e', 'зарядное устройство; смартфон; документация; чехол; USB-кабель; адаптер; гарантийный талон', '000000065'),
('f00f1be10e0a5641a01cd7257b87d95f', 'IP67', '000000066'),
('3a29acc5064a7a27bb99fa40258aeac6', 'Хрупкое', '000000067'),
('31c8b4c65ba5ad344178f72a7196c7aa', '1', '000000068'),
('0daf1488894b93d98e47a95a5b35d52d', '', '000000069'),
('fb187b494989cceaec4760e4ce58c72c', '75.7', '000000005'),
('54590868a866ad2d0c107adcf0c1ed0f', '8.3', '000000006'),
('0c0a317336abb78708aa0dcdc2008f35', '150.9', '000000007'),
('ba42d94aa097a31fc2ac38caecda2859', '194', '000000008'),
('980161732e50e29540aa329bc9b99bbf', '', '000000017'),
('7868558440517ff789cfcf52d5b9c134', '000003', '000000003'),
('449846b549a0addc6b4d88857c9ff384', '', '000000004'),
('cf2ad30ac76c5180ede97217d21838a2', '156', '000000001'),
('467e8424bec2569cdcef55694967bb99', '12', '000000027'),
('0a2d4bb2abc7891b658d4a05ce440841', 'сканер отпечатка пальца; быстрая зарядка; технология распознавания лица', '000000028'),
('3c60f27e0cb7e915e94648aabe0d5393', '', '000000032'),
('b5b1bdfe9ac03dd4ca79e5b4d6befb86', '6.3', '000000029'),
('0f88245babb07fdd670ade9327fdd3db', '1', '000000038'),
('77ff9c87d2115bdccb07e6e8660c0f82', '', '000000039'),
('48bf8ed065809af72e08763ab32a3dc0', 'MediaTek Helio G35', '000000043'),
('e47cfe6c34be4ce46d1f0f8af4977710', '8', '000000044'),
('ac7e13a71b18e3cb5a94ed133149b1ab', '2000', '000000045'),
('192184c91b0f0e335eda1225524032e3', '', '000000047'),
('4701508c23de8b080b74cb435e3de407', 'Wi-Fi; Bluetooth 5.1; IRDA;  USB;  NFC', '000000048'),
('524cae3c2017772e31b20cc06903205a', 'GSM 900/1800/1900; 3G; 4G; LTE; VoLTE', '000000049'),
('5805626ede49d5650095fda2cb25250f', 'ГЛОНАСС; GPS; BeiDou; Galileo; GPS; AGPS', '000000050'),
('1e617a1693747a9758989b14e6a2f60b', 'nano SIM', '000000052'),
('f182778dbcf5843e2742027774ea82ec', '', '000000053'),
('87040142b4e0bf813ae8a06d9dc4019a', 'Li-polymer', '000000054'),
('ebfd4506512740379617127616022af2', '4500', '000000055'),
('885d0cfa44fd735598de80473a78df1b', '', '000000057'),
('2d72b3f834751066e0d54386539592ba', '16', '000000058'),
('0bf0612acdee60f9be961e77789497bd', '8', '000000059'),
('272a39905ddcb0a114bafde7f95cdc44', 'макро-объектив; автоматическая фокусировка; цифровой зум', '000000060'),
('2ae5331e93798f5241b24fdfb3e24820', 'Full HD 1080p; AAC; AMR; APE; FLAC; M4V; MKV; MP3; MP4; WAV; XviD; AVI; WMA; WAVE, FLAC; BMP; GIF; J', '000000061'),
('949a351fd75d5cf446238e1bff85d11b', '1', '000000062'),
('75387eed1f3b4845ec6b79d922a15480', 'автоматическая фокусировка; ночная  съемка', '000000063'),
('bcb96166ee5d0688a95ef9cc7be790c1', '', '000000064'),
('3bcda9399f71e07be84bcf01bb07cf43', 'зарядное устройство; смартфон; документация; чехол; USB-кабель; адаптер; гарантийный талон', '000000065'),
('e204da91da0931e466acfbbe0288d520', 'IP67', '000000066'),
('8578c6ef1b54e2fb23137c84a7ff59c4', 'Хрупкое', '000000067'),
('298793f05d165c4cf6962d8043cde328', '1', '000000068'),
('90a7f9013330e26d5dfc345b12933cb3', '', '000000069'),
('a27c160aa9cebd16c468b238c48e23cb', '75.7', '000000005'),
('296c01e3f0d2063638631e2eb4528ce4', '8.3', '000000006'),
('835d44c98bb70f5c96aec12d0f9794dd', '150.9', '000000007'),
('172baf7cba026d110f8ee482ce61937d', '194', '000000008'),
('50d16432b65d02d24b172fe25771f9e3', '', '000000017'),
('49d5e67db91d5210226b6626ea41ab31', '000003', '000000003'),
('c8c3071066209dc582ea9d75768797d1', '#DD9CB3', '000000004'),
('d093db3e4f94751caa17ea97de349854', '156', '000000001'),
('072d87cd71659815c4b5f9a3e864985b', '12', '000000027'),
('94657a891979228f7765cc7b17c6b626', 'укрепленный корпус; FM-радио', '000000028'),
('4bf35ca90a715a697b7e359a91be2df8', '', '000000032'),
('5b02d32c11dcd58ae78b7dd2a1c0c3db', '6.67', '000000029'),
('b82042da09e8d7cd3930995253adc936', '1', '000000038'),
('d2fd0abccba6c6bb3948bd2667135e8d', '', '000000039'),
('0a63c48afa57b4a64dd69ee91ceda474', 'Kirin 710A', '000000043'),
('af929b7e6d12db3d4e8049b90ecef205', '8', '000000044'),
('71c63bf47eef48ed3dee42f0d9c2512e', '2000', '000000045'),
('e3976bc75779d25d402e5142c5ffa7f7', '', '000000047'),
('3389642c68e7dee6e5a026005760015d', 'Wi-Fi; Bluetooth 5.1; IRDA;  USB;  NFC', '000000048'),
('e5bc39bb37ef065ee16ec3116eaff1f8', 'GSM 900/1800/1900; 3G; 4G; LTE; VoLTE', '000000049'),
('74ee40dda2884437af24270f73876138', 'A-GPS; ГЛОНАСС; GPS; BeiDou', '000000050'),
('acc72711f922cb06a914b73566356cf4', 'nano SIM', '000000052'),
('1a457ebccf08d7b733ff6e1a4fd03458', '', '000000053'),
('569bfd59f7a308c3650af40908d9b84a', 'Li-polymer', '000000054'),
('4e62715a3da8d018e46d75acbf92e6d7', '4500', '000000055'),
('faa015d9efc20eb83cb85990b5036f54', '', '000000057'),
('d0e028b7d958e5aeb7638c66f555b588', '64', '000000058'),
('661ea0a7a7e47e140a4c99414477e208', '8', '000000059'),
('1fcfa8f2373e8019c9582ec65b7ce1b7', 'макро-объектив; автоматическая фокусировка; цифровой зум', '000000060'),
('22a7812e2565c398808cf0f58bb4d89c', 'Full HD 1080p; AAC; AMR; APE; FLAC; M4V; MKV; MP3; MP4; WAV; XviD; AVI; WMA; WAVE, FLAC; BMP; GIF; J', '000000061'),
('466788718ab1ca6d481e4ac136fb858f', '1', '000000062'),
('a0099d52479d5ac414773ac057ab1e92', 'автоматическая фокусировка; ночная  съемка', '000000063'),
('b04599fc419093e7a68abf64f039470b', '', '000000064'),
('f3151672da55d0bc038d2a4f14f46828', 'зарядное устройство; смартфон; документация; чехол; USB-кабель; адаптер; гарантийный талон', '000000065'),
('a5d474a75c49cd7ede2e4007842baa42', 'IP67', '000000066'),
('7319b54b7b7b66b408230e95da5abbc2', 'Хрупкое', '000000067'),
('314674e4ac6de6e6885a7c2d61e24a1e', '1', '000000068'),
('541f342a5a1728576155340c0e0c097d', '', '000000069'),
('844b7734fb813bc0eafb081dc65dd52c', '75.7', '000000005'),
('7dbad6a262abe45c9bbd20e7928576e5', '8.3', '000000006'),
('793ff4f0a752607c33cff0d880143777', '150.9', '000000007'),
('3c0a53e1c65abd9263b06479d13606b7', '194', '000000008'),
('8011ac72996318a388b22e2af53d0916', '', '000000017'),
('be8ccc474f9b667562c88e171d4bb88e', '000009', '000000003'),
('fd532a1b5cdd5db056c422289cfe73bf', '#B38FEE', '000000004'),
('6fa3bda949a80a341a700cd2047d4e07', '156', '000000001'),
('99d13181c4dcedb3af24b6888e136e3f', '1', '000000027'),
('174e655da8d942e3a68be1e8aa347ecf', 'будильник; фонарик; FM-приёмник', '000000028'),
('34efb36863e0b9775c7125581514ed28', '', '000000032'),
('043bcb4b3e9e9a11f313216126843a93', '6.39', '000000029'),
('a5174f567a2ad409e502b160484671a4', '', '000000038'),
('da2ab9375e1ad487d1436dc45e8b2d2b', '', '000000039'),
('f46752809191c097573da31a8bade116', '', '000000043'),
('3a278f0c21f8dde2506a1fcef0dceb0c', '8', '000000044'),
('cb89994f3f4e94d95f29c737a9ebf3f6', '2000', '000000045'),
('c91b2be85baa5c1808481181af849c58', '', '000000047'),
('ce9f79481e15fe56ccabac449afb16cd', 'Bluetooth 4.2; NFC', '000000048'),
('b9089e74fb54180ca7378f899a94bf1f', '', '000000049'),
('f5b828925768045de4493d86c6b95679', '', '000000050'),
('fde8fcda3290801bef7b1710f63e4127', '', '000000052'),
('f864caa45beab9d0e01175557dd8b95f', '', '000000053'),
('b1cac145ed61cafab37c75904df6841f', '', '000000054'),
('de2442dde53dc041ffa6c038f4b604d6', '4000', '000000055'),
('803625c2e4e80f05acac5b0ffaf9be74', '', '000000057'),
('4612f01d969efe33d34571a6d64e9022', '48', '000000058'),
('070e0806df03fe489d90c12195ec9ead', '2', '000000059'),
('2fed0bf882af00eb89e49816d454d3e9', '', '000000060'),
('238566e8ad8b018e0c29b3a94a1cc6b8', '', '000000061'),
('4d47ab57aede6371d462aa00881b7da7', '', '000000062'),
('c48a7a5059abcf3347976ccd63468d96', '', '000000063'),
('802ba9171602f6e25f92397ebd2bcdde', '', '000000064'),
('f704bab58745ee1151e25cb4b694b85d', 'смартфон; Кабель USB Type-C; Скрепка для извлечения SIM-карты; Инструкция пользователя; зарядное уст', '000000065'),
('40d9e984c9aaf421074c6b29d8190f41', '', '000000066'),
('e8e0f0108087f446488831b006a0e041', '', '000000067'),
('9bade670b3b3d93002792f65d65e29e1', '1', '000000068'),
('7d7274934e9878dd7d8b1e74860e943a', '', '000000069'),
('4a05297f82aa861d4a039d476c188fed', '11.9', '000000005'),
('e170c3285e6b17748b3e1c10d2aca24f', '4.92', '000000006'),
('2bad406d278a06d6e9239a6d3536ccd3', '12.5', '000000007'),
('170d4e0acd2967fb4af314511cc6e338', '150', '000000008'),
('895bd4b80a670b233b012b84a2548d9e', '', '000000017'),
('bcde8e741085db2be4b970112943a1de', '000009', '000000003'),
('bad72f57af013d7e023370d1a60a7866', '', '000000004'),
('ab03ba3060ce93db61860b7660f14433', '156', '000000001'),
('1504ed70eb955f2fd7cd89334185f3dd', '1', '000000027'),
('616e3df55c61e5b469c27adc33193e46', 'будильник; фонарик; FM-приёмник', '000000028'),
('0630bd2918dd7750085b7346401c44c7', '', '000000032'),
('5972bcbb62a74abecccadb331ded84fe', '6.39', '000000029'),
('1e1f5018fc46c0a72e6d40fbe3ff75de', '', '000000038'),
('9b9fabeb5197cae493e1b82b3f0420ef', '', '000000039'),
('4ab3122bdce8b9df3bd43839058f6d22', '', '000000043'),
('849a48988b22ef16a7477a25de2093c3', '8', '000000044'),
('aebf28e7fca9fcddae9e215745b77c35', '2000', '000000045'),
('87855b470f7cd88600324f51747a7c11', '', '000000047'),
('df8c543859457ea3d55d5baa74e79460', 'Bluetooth 4.2; NFC', '000000048'),
('42a7a437c1bb96b93dc59265899add5b', 'GSM 900; GSM 1800', '000000049'),
('50b298a0baf16b245810bc7d1c85715e', '', '000000050'),
('fa79e8f6e7cc7a1a9dd010ba731435fa', '', '000000052'),
('450a776fdb4637edfe9e6da70c4ec434', '', '000000053'),
('d90758a730d01dc37fc9991e74f9a093', '', '000000054'),
('3fda99c1752271a3a187596dabf6aedd', '4000', '000000055'),
('342fb11dfab847c1689a6a0cbd840a48', '', '000000057'),
('984d8e26ead02a34ab3359f4f65e703b', '48', '000000058'),
('9aa179d0f6c933a7c9d4f7b0b9c8dd49', '2', '000000059'),
('fdb2ec312127e3999e848f96efd6edbd', '', '000000060'),
('65b3f5b801d81ff0ebf0548640b82789', '', '000000061'),
('54f9478ff1e630620342a03ff16ce170', '', '000000062'),
('634667544a0d00c8fcedebd19e082e36', '', '000000063'),
('ee6d7a2da76d8f4f424296db6b0c61d8', '', '000000064'),
('3b57ccdf5a1cf9df6dc254b5f0d11f55', 'смартфон; Кабель USB Type-C; Скрепка для извлечения SIM-карты; Инструкция пользователя; зарядное уст', '000000065'),
('c03187937380035b58b8423f799a52d9', '', '000000066'),
('52bbba192622344f562d7c9a91c0efc3', '', '000000067'),
('cb457b000f5a75a546c127feed9bf5a4', '1', '000000068'),
('049572a55aedcef680a7187c7e2dd659', '', '000000069'),
('6de0487604ebd2c1851a87e7801bbcf0', '11.9', '000000005'),
('8d9a6c2edaa4db2a84a765ab94244edf', '4.92', '000000006'),
('7a10b430efce727203b23b52fa290789', '12.5', '000000007'),
('b428b12a96c9a3ed4325452342d2afb4', '150', '000000008'),
('a04451b41ee49bd0c17ff104246eeb23', '', '000000017'),
('4142170eaf10622cf50794c749ffb4a2', '000010', '000000003'),
('a4198da3ceecde37b483bd1d8d7271e3', '#800000', '000000004'),
('f67ba8a37e6729c4d2bd52545ae46676', '156', '000000001'),
('3f32ee568e236db00fea61e5278945f4', '12', '000000027'),
('69fa02815f127f1810f6cf3d92706335', 'сканер отпечатка пальца; быстрая зарядка; технология распознавания лица', '000000028'),
('138b7226bd9edd6ee5d7647c4eb5ca15', '', '000000032'),
('6a0e62ac46b9f21e88f97e0f667db02b', '6.5', '000000029'),
('9d30b0c59d5ef972e1c1b97da810d42a', '1', '000000038'),
('dc496025d83acfe75fb580c64ee1c3e3', '', '000000039'),
('b1cbcd2694511ec0da3600cd56a055d0', 'MediaTek Helio G35', '000000043'),
('3219c33f536ccded51cf026809387a2d', '8', '000000044'),
('bd6f3e5655bbf4100373d481c4b23fba', '2000', '000000045'),
('b671aff6b1a278bae2e7b6e73fe7098e', '', '000000047'),
('7031338c841b96e03653c4d508d003eb', 'Wi-Fi; Bluetooth 5.1; IRDA;  USB;  NFC', '000000048'),
('fc60fd968ec7c6745aa3fe49bf60707f', 'GSM 900/1800/1900; 3G; 4G; LTE; VoLTE', '000000049'),
('5e3e47195e25934b0d19c036086b48ba', 'Galileo', '000000050'),
('90ef50687412c500da6b8afaa1051f07', 'nano SIM', '000000052'),
('22864302fe983db039d63673b2e2a4c3', '', '000000053'),
('136f98ee8b550692a467a91efe42b3a7', 'Li-polymer', '000000054'),
('712af28367012caf9a4fc948f9c00f9d', '4500', '000000055'),
('8597bceab90baf6f49c38f12c12ab642', '', '000000057'),
('5065390d17bd6bcdc4d787b226dcabbb', '48', '000000058'),
('27639ab021e56b3f7a3df2dd2a8002a1', '2', '000000059'),
('c077bcc38844e624b624b4353b0fa8e5', 'макро-объектив; автоматическая фокусировка; цифровой зум', '000000060'),
('7caae460c3f002844ea4f9d9d6a6942e', 'Full HD 1080p; AAC; AMR; APE; FLAC; M4V; MKV; MP3; MP4; WAV; XviD; AVI; WMA; WAVE, FLAC; BMP; GIF; J', '000000061'),
('37791f4d4393476d2d1be465c7987edd', '1', '000000062'),
('acf775fc8f60d5c2a56c6b54769825e5', 'автоматическая фокусировка; ночная  съемка', '000000063'),
('d757940198477b2bfd6a88012a851311', '', '000000064'),
('1a21ed1ed21f8bead1887daae9511712', 'зарядное устройство; смартфон; документация; чехол; USB-кабель; адаптер; гарантийный талон', '000000065'),
('c761c611345aca858068e684cd82557e', 'IP67', '000000066'),
('b64ba6ada1c6051d2c6d249170a5b6da', 'Хрупкое', '000000067'),
('d93c930f74edc42303cdcf73216e6b85', '1', '000000068'),
('9376f9b5b1a1b9bb5194fa9827a37077', '', '000000069'),
('1c1aa04a39f9bd487075a6f9a0ec6450', '75.7', '000000005'),
('d858f1e5e817820fa91fffc1a8769956', '8.3', '000000006'),
('65f313e5a7ed010306d82e0e116467c5', '150.9', '000000007'),
('3b9338b17d30fe9fbe662b89ef8daeaf', '194', '000000008'),
('84fc097ce3489114984b6a42502d2896', '', '000000017'),
('5117d0b7dcae4ab03ac43d2f6dc05293', '000010', '000000003'),
('6e1d55c1640c1496aad7c147794bea0a', '#800000', '000000004'),
('a6e0c4ce837dff2cdca28132175f7d95', '156', '000000001'),
('387fb684f6f1a743efe0d81d4879d213', '12', '000000027'),
('eb44798d5a1978af170600d408a24fc8', 'сканер отпечатка пальца; быстрая зарядка; технология распознавания лица', '000000028'),
('1c73f25808c2bcc08608dbd8b1724023', '', '000000032'),
('5198268386e7cc7ad054c942ad0bf897', '6.1', '000000029'),
('c268042e87c11618a10ebbded29bdb07', '1', '000000038'),
('10b71d501d046895c427a9103e363062', '', '000000039'),
('c452d0bb167be170b8f49656244c36c7', 'MediaTek Helio G35', '000000043'),
('81122646be3bce7b1a0e141fd1778507', '8', '000000044'),
('9927cb25278cdbac61152a35e52674ce', '2000', '000000045'),
('64b9c89726236141bf07513a333ad3ae', '', '000000047'),
('3de56bd6d029a1d54cebca6a6ebce6a4', 'Wi-Fi; Bluetooth 5.1; IRDA;  USB;  NFC', '000000048'),
('651d1452f9f2e576822c5f80c13fcf89', 'GSM 900/1800/1900; 3G; 4G; LTE; VoLTE', '000000049'),
('4a8676aaf10bb86835f615513fc2979d', 'Galileo', '000000050'),
('0b61dcaf870457415b6ff9ea076359c9', 'nano SIM', '000000052'),
('b240b667fa52d35b8f9fb529a7084a68', '', '000000053'),
('f962074111a4a9ab68930d6a1615f756', 'Li-polymer', '000000054'),
('a35695207d5b64aec5d6464bf266d29f', '4500', '000000055'),
('bd16ec16ae478ce762b280b8b1abed17', '', '000000057'),
('a16bb5da68e0bcd0d906f30aeeb86bd4', '48', '000000058'),
('fb99d45654c4801139124c78e2b74830', '2', '000000059'),
('a5ec448a53dbd6453bb492863865befa', 'макро-объектив; автоматическая фокусировка; цифровой зум', '000000060'),
('40bbe024c2fe6823c678e3535cefce4a', 'Full HD 1080p; AAC; AMR; APE; FLAC; M4V; MKV; MP3; MP4; WAV; XviD; AVI; WMA; WAVE, FLAC; BMP; GIF; J', '000000061'),
('74cf9943ad3e06db3466471d4e5c36f2', '1', '000000062'),
('d05f5f99153510c56b2afa009b12071e', 'автоматическая фокусировка; ночная  съемка', '000000063'),
('3c41bee35c738569ad544eee7efafa4c', '', '000000064'),
('f8592e484edc94afd11afecd4fee5f89', 'зарядное устройство; смартфон; документация; чехол; USB-кабель; адаптер; гарантийный талон', '000000065'),
('075da751e092b51c4be1abe80e470dfb', 'IP67', '000000066'),
('7f29dc2073551bf459aad816498c5db0', 'Хрупкое', '000000067'),
('1746ff9e4adbc68f7194986d3516f7d7', '1', '000000068'),
('26639ff339e805dbea643a53342d6788', '', '000000069'),
('ac3461ead02f15cc6d49ca0d5db0b365', '75.7', '000000005'),
('eb7db0bbb095859271506acee8768edf', '8.3', '000000006'),
('3228dd869b9534542bd0dd1c28ad90c4', '150.9', '000000007'),
('5b0b307d68b7f061ed4cbbc1789d89e1', '194', '000000008');

-- --------------------------------------------------------

--
-- Table structure for table `characteristic_value2`
--

DROP TABLE IF EXISTS `characteristic_value2`;
CREATE TABLE `characteristic_value2` (
  `id` varchar(32) CHARACTER SET utf8 COLLATE utf8_unicode_ci NOT NULL DEFAULT '',
  `title` varchar(255) CHARACTER SET utf8 COLLATE utf8_unicode_ci NOT NULL DEFAULT '',
  `characteristic_id` varchar(9) CHARACTER SET utf8 COLLATE utf8_unicode_ci NOT NULL DEFAULT ''
) ENGINE=MyISAM DEFAULT CHARSET=utf8 COLLATE=utf8_unicode_ci;

-- --------------------------------------------------------

--
-- Table structure for table `country`
--

DROP TABLE IF EXISTS `country`;
CREATE TABLE `country` (
  `id` varchar(5) CHARACTER SET utf8 COLLATE utf8_unicode_ci NOT NULL,
  `title` tinytext CHARACTER SET utf8 COLLATE utf8_unicode_ci NOT NULL,
  `code` tinytext CHARACTER SET utf8 COLLATE utf8_unicode_ci NOT NULL
) ENGINE=MyISAM DEFAULT CHARSET=utf8 COLLATE=utf8_unicode_ci;

--
-- Dumping data for table `country`
--

INSERT INTO `country` (`id`, `title`, `code`) VALUES
('895', 'АБХАЗИЯ', 'AB'),
('036', 'АВСТРАЛИЯ', 'AU'),
('040', 'АВСТРИЯ', 'AT'),
('031', 'АЗЕРБАЙДЖАН', 'AZ'),
('008', 'АЛБАНИЯ', 'AL'),
('012', 'АЛЖИР', 'DZ'),
('016', 'АМЕРИКАНСКОЕ САМОА', 'AS'),
('660', 'АНГИЛЬЯ', 'AI'),
('024', 'АНГОЛА', 'AO'),
('020', 'АНДОРРА', 'AD'),
('010', 'АНТАРКТИДА', 'AQ'),
('028', 'АНТИГУА И БАРБУДА', 'AG'),
('032', 'АРГЕНТИНА', 'AR'),
('051', 'АРМЕНИЯ', 'AM'),
('533', 'АРУБА', 'AW'),
('004', 'АФГАНИСТАН', 'AF'),
('044', 'БАГАМЫ', 'BS'),
('050', 'БАНГЛАДЕШ', 'BD'),
('052', 'БАРБАДОС', 'BB'),
('048', 'БАХРЕЙН', 'BH'),
('112', 'БЕЛАРУСЬ', 'BY'),
('084', 'БЕЛИЗ', 'BZ'),
('056', 'БЕЛЬГИЯ', 'BE'),
('204', 'БЕНИН', 'BJ'),
('060', 'БЕРМУДЫ', 'BM'),
('100', 'БОЛГАРИЯ', 'BG'),
('068', 'БОЛИВИЯ, МНОГОНАЦИОНАЛЬНОЕ ГОСУДАРСТВО', 'BO'),
('535', 'БОНЭЙР, СИНТ-ЭСТАТИУС И САБА', 'BQ'),
('070', 'БОСНИЯ И ГЕРЦЕГОВИНА', 'BA'),
('072', 'БОТСВАНА', 'BW'),
('076', 'БРАЗИЛИЯ', 'BR'),
('086', 'БРИТАНСКАЯ ТЕРРИТОРИЯ В ИНДИЙСКОМ ОКЕАНЕ', 'IO'),
('096', 'БРУНЕЙ-ДАРУССАЛАМ', 'BN'),
('854', 'БУРКИНА-ФАСО', 'BF'),
('108', 'БУРУНДИ', 'BI'),
('064', 'БУТАН', 'BT'),
('548', 'ВАНУАТУ', 'VU'),
('348', 'ВЕНГРИЯ', 'HU'),
('862', 'ВЕНЕСУЭЛА БОЛИВАРИАНСКАЯ РЕСПУБЛИКА', 'VE'),
('092', 'ВИРГИНСКИЕ ОСТРОВА, БРИТАНСКИЕ', 'VG'),
('850', 'ВИРГИНСКИЕ ОСТРОВА, США', 'VI'),
('626', 'ТИМОР-ЛЕСТЕ', 'TL'),
('704', 'ВЬЕТНАМ', 'VN'),
('266', 'ГАБОН', 'GA'),
('332', 'ГАИТИ', 'HT'),
('328', 'ГАЙАНА', 'GY'),
('270', 'ГАМБИЯ', 'GM'),
('288', 'ГАНА', 'GH'),
('312', 'ГВАДЕЛУПА', 'GP'),
('320', 'ГВАТЕМАЛА', 'GT'),
('324', 'ГВИНЕЯ', 'GN'),
('624', 'ГВИНЕЯ-БИСАУ', 'GW'),
('276', 'ГЕРМАНИЯ', 'DE'),
('831', 'ГЕРНСИ', 'GG'),
('292', 'ГИБРАЛТАР', 'GI'),
('340', 'ГОНДУРАС', 'HN'),
('344', 'ГОНКОНГ', 'HK'),
('308', 'ГРЕНАДА', 'GD'),
('304', 'ГРЕНЛАНДИЯ', 'GL'),
('300', 'ГРЕЦИЯ', 'GR'),
('268', 'ГРУЗИЯ', 'GE'),
('316', 'ГУАМ', 'GU'),
('208', 'ДАНИЯ', 'DK'),
('832', 'ДЖЕРСИ', 'JE'),
('262', 'ДЖИБУТИ', 'DJ'),
('212', 'ДОМИНИКА', 'DM'),
('214', 'ДОМИНИКАНСКАЯ РЕСПУБЛИКА', 'DO'),
('818', 'ЕГИПЕТ', 'EG'),
('894', 'ЗАМБИЯ', 'ZM'),
('732', 'ЗАПАДНАЯ САХАРА', 'EH'),
('716', 'ЗИМБАБВЕ', 'ZW'),
('376', 'ИЗРАИЛЬ', 'IL'),
('356', 'ИНДИЯ', 'IN'),
('360', 'ИНДОНЕЗИЯ', 'ID'),
('400', 'ИОРДАНИЯ', 'JO'),
('368', 'ИРАК', 'IQ'),
('364', 'ИРАН, ИСЛАМСКАЯ РЕСПУБЛИКА', 'IR'),
('372', 'ИРЛАНДИЯ', 'IE'),
('352', 'ИСЛАНДИЯ', 'IS'),
('724', 'ИСПАНИЯ', 'ES'),
('380', 'ИТАЛИЯ', 'IT'),
('887', 'ЙЕМЕН', 'YE'),
('132', 'КАБО-ВЕРДЕ', 'CV'),
('398', 'КАЗАХСТАН', 'KZ'),
('116', 'КАМБОДЖА', 'KH'),
('120', 'КАМЕРУН', 'CM'),
('124', 'КАНАДА', 'CA'),
('634', 'КАТАР', 'QA'),
('404', 'КЕНИЯ', 'KE'),
('196', 'КИПР', 'CY'),
('417', 'КИРГИЗИЯ', 'KG'),
('296', 'КИРИБАТИ', 'KI'),
('156', 'КИТАЙ', 'CN'),
('166', 'КОКОСОВЫЕ (КИЛИНГ) ОСТРОВА', 'CC'),
('170', 'КОЛУМБИЯ', 'CO'),
('174', 'КОМОРЫ', 'KM'),
('178', 'КОНГО', 'CG'),
('180', 'КОНГО, ДЕМОКРАТИЧЕСКАЯ РЕСПУБЛИКА', 'CD'),
('408', 'КОРЕЯ, НАРОДНО-ДЕМОКРАТИЧЕСКАЯ РЕСПУБЛИКА', 'KP'),
('410', 'КОРЕЯ, РЕСПУБЛИКА', 'KR'),
('188', 'КОСТА-РИКА', 'CR'),
('384', 'КОТ Д\'ИВУАР', 'CI'),
('192', 'КУБА', 'CU'),
('414', 'КУВЕЙТ', 'KW'),
('531', 'КЮРАСАО', 'CW'),
('418', 'ЛАОССКАЯ НАРОДНО-ДЕМОКРАТИЧЕСКАЯ РЕСПУБЛИКА', 'LA'),
('428', 'ЛАТВИЯ', 'LV'),
('426', 'ЛЕСОТО', 'LS'),
('430', 'ЛИБЕРИЯ', 'LR'),
('422', 'ЛИВАН', 'LB'),
('434', 'ЛИВИЯ', 'LY'),
('440', 'ЛИТВА', 'LT'),
('438', 'ЛИХТЕНШТЕЙН', 'LI'),
('442', 'ЛЮКСЕМБУРГ', 'LU'),
('480', 'МАВРИКИЙ', 'MU'),
('478', 'МАВРИТАНИЯ', 'MR'),
('450', 'МАДАГАСКАР', 'MG'),
('175', 'МАЙОТТА', 'YT'),
('446', 'МАКАО', 'MO'),
('807', 'СЕВЕРНАЯ МАКЕДОНИЯ', 'MK'),
('454', 'МАЛАВИ', 'MW'),
('458', 'МАЛАЙЗИЯ', 'MY'),
('466', 'МАЛИ', 'ML'),
('581', 'МАЛЫЕ ТИХООКЕАНСКИЕ ОТДАЛЕННЫЕ ОСТРОВА СОЕДИНЕННЫХ ШТАТОВ', 'UM'),
('462', 'МАЛЬДИВЫ', 'MV'),
('470', 'МАЛЬТА', 'MT'),
('504', 'МАРОККО', 'MA'),
('474', 'МАРТИНИКА', 'MQ'),
('584', 'МАРШАЛЛОВЫ ОСТРОВА', 'MH'),
('484', 'МЕКСИКА', 'MX'),
('583', 'МИКРОНЕЗИЯ, ФЕДЕРАТИВНЫЕ ШТАТЫ', 'FM'),
('508', 'МОЗАМБИК', 'MZ'),
('498', 'МОЛДОВА, РЕСПУБЛИКА', 'MD'),
('492', 'МОНАКО', 'MC'),
('496', 'МОНГОЛИЯ', 'MN'),
('500', 'МОНТСЕРРАТ', 'MS'),
('104', 'МЬЯНМА', 'MM'),
('516', 'НАМИБИЯ', 'NA'),
('520', 'НАУРУ', 'NR'),
('524', 'НЕПАЛ', 'NP'),
('562', 'НИГЕР', 'NE'),
('566', 'НИГЕРИЯ', 'NG'),
('528', 'НИДЕРЛАНДЫ', 'NL'),
('558', 'НИКАРАГУА', 'NI'),
('570', 'НИУЭ', 'NU'),
('554', 'НОВАЯ ЗЕЛАНДИЯ', 'NZ'),
('540', 'НОВАЯ КАЛЕДОНИЯ', 'NC'),
('578', 'НОРВЕГИЯ', 'NO'),
('784', 'ОБЪЕДИНЕННЫЕ АРАБСКИЕ ЭМИРАТЫ', 'AE'),
('512', 'ОМАН', 'OM'),
('136', 'ОСТРОВА КАЙМАН', 'KY'),
('184', 'ОСТРОВА КУКА', 'CK'),
('796', 'ОСТРОВА ТЕРКС И КАЙКОС', 'TC'),
('074', 'ОСТРОВ БУВЕ', 'BV'),
('833', 'ОСТРОВ МЭН', 'IM'),
('574', 'ОСТРОВ НОРФОЛК', 'NF'),
('162', 'ОСТРОВ РОЖДЕСТВА', 'CX'),
('334', 'ОСТРОВ ХЕРД И ОСТРОВА МАКДОНАЛЬД', 'HM'),
('586', 'ПАКИСТАН', 'PK'),
('585', 'ПАЛАУ', 'PW'),
('275', 'ПАЛЕСТИНА, ГОСУДАРСТВО', 'PS'),
('591', 'ПАНАМА', 'PA'),
('336', 'ПАПСКИЙ ПРЕСТОЛ (ГОСУДАРСТВО - ГОРОД ВАТИКАН)', 'VA'),
('598', 'ПАПУА НОВАЯ ГВИНЕЯ', 'PG'),
('600', 'ПАРАГВАЙ', 'PY'),
('604', 'ПЕРУ', 'PE'),
('612', 'ПИТКЕРН', 'PN'),
('616', 'ПОЛЬША', 'PL'),
('620', 'ПОРТУГАЛИЯ', 'PT'),
('630', 'ПУЭРТО-РИКО', 'PR'),
('638', 'РЕЮНЬОН', 'RE'),
('643', 'РОССИЯ', 'RU'),
('646', 'РУАНДА', 'RW'),
('642', 'РУМЫНИЯ', 'RO'),
('882', 'САМОА', 'WS'),
('674', 'САН-МАРИНО', 'SM'),
('678', 'САН-ТОМЕ И ПРИНСИПИ', 'ST'),
('682', 'САУДОВСКАЯ АРАВИЯ', 'SA'),
('748', 'ЭСВАТИНИ', 'SZ'),
('654', 'СВЯТАЯ ЕЛЕНА, ОСТРОВ ВОЗНЕСЕНИЯ, ТРИСТАН-ДА-КУНЬЯ', 'SH'),
('580', 'СЕВЕРНЫЕ МАРИАНСКИЕ ОСТРОВА', 'MP'),
('690', 'СЕЙШЕЛЫ', 'SC'),
('652', 'СЕН-БАРТЕЛЕМИ', 'BL'),
('663', 'СЕН-МАРТЕН', 'MF'),
('534', 'СЕН-МАРТЕН (нидерландская часть)', 'SX'),
('686', 'СЕНЕГАЛ', 'SN'),
('670', 'СЕНТ-ВИНСЕНТ И ГРЕНАДИНЫ', 'VC'),
('659', 'СЕНТ-КИТС И НЕВИС', 'KN'),
('662', 'СЕНТ-ЛЮСИЯ', 'LC'),
('666', 'СЕНТ-ПЬЕР И МИКЕЛОН', 'PM'),
('688', 'СЕРБИЯ', 'RS'),
('702', 'СИНГАПУР', 'SG'),
('760', 'СИРИЙСКАЯ АРАБСКАЯ РЕСПУБЛИКА', 'SY'),
('703', 'СЛОВАКИЯ', 'SK'),
('705', 'СЛОВЕНИЯ', 'SI'),
('826', 'СОЕДИНЕННОЕ КОРОЛЕВСТВО', 'GB'),
('840', 'СОЕДИНЕННЫЕ ШТАТЫ', 'US'),
('090', 'СОЛОМОНОВЫ ОСТРОВА', 'SB'),
('706', 'СОМАЛИ', 'SO'),
('729', 'СУДАН', 'SD'),
('740', 'СУРИНАМ', 'SR'),
('694', 'СЬЕРРА-ЛЕОНЕ', 'SL'),
('762', 'ТАДЖИКИСТАН', 'TJ'),
('764', 'ТАИЛАНД', 'TH'),
('158', 'ТАЙВАНЬ (КИТАЙ)', 'TW'),
('834', 'ТАНЗАНИЯ, ОБЪЕДИНЕННАЯ РЕСПУБЛИКА', 'TZ'),
('768', 'ТОГО', 'TG'),
('772', 'ТОКЕЛАУ', 'TK'),
('776', 'ТОНГА', 'TO'),
('780', 'ТРИНИДАД И ТОБАГО', 'TT'),
('798', 'ТУВАЛУ', 'TV'),
('788', 'ТУНИС', 'TN'),
('795', 'ТУРКМЕНИЯ', 'TM'),
('792', 'ТУРЦИЯ', 'TR'),
('800', 'УГАНДА', 'UG'),
('860', 'УЗБЕКИСТАН', 'UZ'),
('804', 'УКРАИНА', 'UA'),
('876', 'УОЛЛИС И ФУТУНА', 'WF'),
('858', 'УРУГВАЙ', 'UY'),
('234', 'ФАРЕРСКИЕ ОСТРОВА', 'FO'),
('242', 'ФИДЖИ', 'FJ'),
('608', 'ФИЛИППИНЫ', 'PH'),
('246', 'ФИНЛЯНДИЯ', 'FI'),
('238', 'ФОЛКЛЕНДСКИЕ ОСТРОВА (МАЛЬВИНСКИЕ)', 'FK'),
('250', 'ФРАНЦИЯ', 'FR'),
('254', 'ФРАНЦУЗСКАЯ ГВИАНА', 'GF'),
('258', 'ФРАНЦУЗСКАЯ ПОЛИНЕЗИЯ', 'PF'),
('260', 'ФРАНЦУЗСКИЕ ЮЖНЫЕ ТЕРРИТОРИИ', 'TF'),
('191', 'ХОРВАТИЯ', 'HR'),
('140', 'ЦЕНТРАЛЬНО-АФРИКАНСКАЯ РЕСПУБЛИКА', 'CF'),
('148', 'ЧАД', 'TD'),
('499', 'ЧЕРНОГОРИЯ', 'ME'),
('203', 'ЧЕХИЯ', 'CZ'),
('152', 'ЧИЛИ', 'CL'),
('756', 'ШВЕЙЦАРИЯ', 'CH'),
('752', 'ШВЕЦИЯ', 'SE'),
('744', 'ШПИЦБЕРГЕН И ЯН МАЙЕН', 'SJ'),
('144', 'ШРИ-ЛАНКА', 'LK'),
('218', 'ЭКВАДОР', 'EC'),
('226', 'ЭКВАТОРИАЛЬНАЯ ГВИНЕЯ', 'GQ'),
('248', 'ЭЛАНДСКИЕ ОСТРОВА', 'АХ'),
('222', 'ЭЛЬ-САЛЬВАДОР', 'SV'),
('232', 'ЭРИТРЕЯ', 'ER'),
('233', 'ЭСТОНИЯ', 'EE'),
('231', 'ЭФИОПИЯ', 'ET'),
('710', 'ЮЖНАЯ АФРИКА', 'ZA'),
('239', 'ЮЖНАЯ ДЖОРДЖИЯ И ЮЖНЫЕ САНДВИЧЕВЫ ОСТРОВА', 'GS'),
('896', 'ЮЖНАЯ ОСЕТИЯ', 'OS'),
('728', 'ЮЖНЫЙ СУДАН', 'SS'),
('388', 'ЯМАЙКА', 'JM'),
('392', 'ЯПОНИЯ', 'JP');

-- --------------------------------------------------------

--
-- Table structure for table `customer`
--

DROP TABLE IF EXISTS `customer`;
CREATE TABLE `customer` (
  `id` int NOT NULL,
  `name` tinytext CHARACTER SET utf8 COLLATE utf8_unicode_ci NOT NULL,
  `phone` int NOT NULL,
  `email` tinytext CHARACTER SET utf8 COLLATE utf8_unicode_ci NOT NULL,
  `password` tinytext CHARACTER SET utf8 COLLATE utf8_unicode_ci NOT NULL
) ENGINE=MyISAM DEFAULT CHARSET=utf8 COLLATE=utf8_unicode_ci;

-- --------------------------------------------------------

--
-- Stand-in structure for view `filtered_product`
-- (See below for the actual view)
--
DROP VIEW IF EXISTS `filtered_product`;
CREATE TABLE `filtered_product` (
`id` varchar(9)
,`param_value_list` text
,`param_variable_list` text
,`price` int
,`product_id` varchar(12)
,`product_title` text
,`provider_id` varchar(6)
,`rest` int
,`title` text
);

-- --------------------------------------------------------

--
-- Table structure for table `jemp`
--

DROP TABLE IF EXISTS `jemp`;
CREATE TABLE `jemp` (
  `c` json DEFAULT NULL,
  `g` int GENERATED ALWAYS AS (json_extract(`c`,_utf8mb4'$.ID')) VIRTUAL
) ENGINE=InnoDB DEFAULT CHARSET=utf8 COLLATE=utf8_unicode_ci;

--
-- Dumping data for table `jemp`
--

INSERT INTO `jemp` (`c`) VALUES
('{\"id\": \"1\", \"name\": \"Fred\"}'),
('{\"id\": \"2\", \"name\": \"Wilma\"}'),
('{\"id\": \"3\", \"name\": \"Barney\"}'),
('{\"id\": \"4\", \"name\": \"Betty\"}'),
('{\"id\": \"1\", \"name\": \"Fred\"}'),
('{\"id\": \"2\", \"name\": \"Wilma\"}'),
('{\"id\": \"3\", \"name\": \"Barney\"}'),
('{\"id\": \"4\", \"name\": \"Betty\"}');

-- --------------------------------------------------------

--
-- Table structure for table `param_title`
--

DROP TABLE IF EXISTS `param_title`;
CREATE TABLE `param_title` (
  `id` int NOT NULL,
  `title` tinytext CHARACTER SET utf8 COLLATE utf8_unicode_ci NOT NULL,
  `sort_order` int NOT NULL DEFAULT '0',
  `filter` int NOT NULL DEFAULT '0',
  `category_id` int NOT NULL,
  `type` tinyint NOT NULL DEFAULT '1'
) ENGINE=MyISAM DEFAULT CHARSET=utf8 COLLATE=utf8_unicode_ci;

-- --------------------------------------------------------

--
-- Table structure for table `param_value`
--

DROP TABLE IF EXISTS `param_value`;
CREATE TABLE `param_value` (
  `id` int NOT NULL,
  `parent_id` int NOT NULL,
  `type` int NOT NULL DEFAULT '0',
  `sort_order` int NOT NULL DEFAULT '0',
  `value` text CHARACTER SET utf8 COLLATE utf8_unicode_ci NOT NULL
) ENGINE=MyISAM DEFAULT CHARSET=utf8 COLLATE=utf8_unicode_ci;

-- --------------------------------------------------------

--
-- Table structure for table `post`
--

DROP TABLE IF EXISTS `post`;
CREATE TABLE `post` (
  `id` varchar(255) CHARACTER SET utf8 COLLATE utf8_unicode_ci DEFAULT NULL,
  `email` varchar(255) CHARACTER SET utf8 COLLATE utf8_unicode_ci DEFAULT NULL,
  `blog` varchar(255) CHARACTER SET utf8 COLLATE utf8_unicode_ci DEFAULT NULL
) ENGINE=MyISAM DEFAULT CHARSET=utf8 COLLATE=utf8_unicode_ci;

--
-- Dumping data for table `post`
--

INSERT INTO `post` (`id`, `email`, `blog`) VALUES
('001', 'asdf@b.com', 'blog 1'),
('002', 'aaa@bbb.com', 'blog2'),
('003', 'a@c.com', 'blog 3');

-- --------------------------------------------------------

--
-- Table structure for table `predef_char_value`
--

DROP TABLE IF EXISTS `predef_char_value`;
CREATE TABLE `predef_char_value` (
  `id` varchar(9) CHARACTER SET utf8 COLLATE utf8_unicode_ci NOT NULL DEFAULT '',
  `title` varchar(255) CHARACTER SET utf8 COLLATE utf8_unicode_ci NOT NULL DEFAULT '',
  `characteristic_id` varchar(9) CHARACTER SET utf8 COLLATE utf8_unicode_ci NOT NULL DEFAULT ''
) ENGINE=MyISAM DEFAULT CHARSET=utf8 COLLATE=utf8_unicode_ci;

--
-- Dumping data for table `predef_char_value`
--

INSERT INTO `predef_char_value` (`id`, `title`, `characteristic_id`) VALUES
('000000002', 'Беспроводной', '000000001'),
('000000001', 'Проводной', '000000001'),
('000000004', '16 ГБ', '000000007'),
('000000005', '32 ГБ', '000000007'),
('000000003', '8 ГБ', '000000007'),
('000000007', '128 ГБ', '000000008'),
('000000008', '256 ГБ', '000000008'),
('000000009', '512 ГБ', '000000008'),
('000000006', '64 ГБ', '000000008');

-- --------------------------------------------------------

--
-- Table structure for table `price`
--

DROP TABLE IF EXISTS `price`;
CREATE TABLE `price` (
  `product_id` varchar(12) CHARACTER SET utf8 COLLATE utf8_unicode_ci NOT NULL,
  `reserve` int NOT NULL,
  `store_id` varchar(9) CHARACTER SET utf8 COLLATE utf8_unicode_ci NOT NULL,
  `unit` tinytext CHARACTER SET utf8 COLLATE utf8_unicode_ci NOT NULL,
  `price` int NOT NULL,
  `old_price` int NOT NULL DEFAULT '0',
  `provider_id` varchar(6) CHARACTER SET utf8 COLLATE utf8_unicode_ci NOT NULL
) ENGINE=MyISAM DEFAULT CHARSET=utf8 COLLATE=utf8_unicode_ci;

--
-- Dumping data for table `price`
--

INSERT INTO `price` (`product_id`, `reserve`, `store_id`, `unit`, `price`, `old_price`, `provider_id`) VALUES
('000000000006', 0, '', '', 8300, 0, '00003'),
('000000000005', 0, '', '', 7800, 0, '00003'),
('000000000004', 0, '', '', 7400, 6500, '00003'),
('000000000002', 0, '', '', 800000, 470100, '00003'),
('000000000001', 0, '', '', 580000, 0, '00003'),
('000000000003', 0, '', '', 5699000, 0, '00004'),
('000000000007', 0, '', '', 5400000, 0, '00005'),
('000000000009', 0, '', '', 5100000, 0, '00005'),
('000000000010', 0, '', '', 4500000, 0, '00005'),
('000000000012', 0, '', '', 1500000, 0, '00005'),
('000000000013', 0, '', '', 1600000, 0, '00005'),
('000000000014', 0, '', '', 2000000, 0, '00005'),
('000000000015', 0, '', '', 2200000, 0, '00005'),
('000000000011', 0, '', '', 1250000, 0, '00005'),
('000000000008', 0, '', '', 4730000, 0, '00005'),
('000000000016', 0, '', '', 100000, 0, '00001'),
('000000000017', 0, '', '', 1394000, 0, '00005'),
('000000000018', 0, '', '', 5399100, 0, '00002'),
('000000000019', 0, '', '', 5400000, 0, '00002'),
('000000000020', 0, '', '', 9899100, 0, '00002'),
('000000000021', 0, '', '', 4949100, 0, '00002'),
('000000000022', 0, '', '', 1691000, 0, '00005'),
('000000000023', 0, '', '', 1580000, 0, '00005'),
('000000000024', 0, '', '', 3599000, 0, '00004'),
('000000000025', 0, '', '', 1869600, 0, '00004'),
('000000000026', 0, '', '', 7299000, 0, '00004'),
('000000000027', 0, '', '', 7299000, 0, '00004'),
('000000000028', 0, '', '', 1583100, 0, '00005'),
('000000000029', 0, '', '', 1583100, 0, '00005'),
('000000000030', 0, '', '', 8549100, 0, '00002'),
('000000000031', 0, '', '', 1394000, 0, '00005'),
('000000000032', 0, '', '', 1394000, 0, '00005');

-- --------------------------------------------------------

--
-- Table structure for table `product`
--

DROP TABLE IF EXISTS `product`;
CREATE TABLE `product` (
  `id` varchar(12) CHARACTER SET utf8 COLLATE utf8_unicode_ci NOT NULL,
  `provider_id` varchar(6) CHARACTER SET utf8 COLLATE utf8_unicode_ci NOT NULL,
  `category_id` varchar(9) CHARACTER SET utf8 COLLATE utf8_unicode_ci NOT NULL,
  `title` text CHARACTER SET utf8 COLLATE utf8_unicode_ci NOT NULL,
  `description` text CHARACTER SET utf8 COLLATE utf8_unicode_ci NOT NULL,
  `vendor_code` varchar(100) CHARACTER SET utf8 COLLATE utf8_unicode_ci NOT NULL,
  `param_value_list` text CHARACTER SET utf8 COLLATE utf8_unicode_ci NOT NULL,
  `param_variable_list` text CHARACTER SET utf8 COLLATE utf8_unicode_ci NOT NULL,
  `brand_id` varchar(8) CHARACTER SET utf8 COLLATE utf8_unicode_ci NOT NULL
) ENGINE=MyISAM DEFAULT CHARSET=utf8 COLLATE=utf8_unicode_ci;

--
-- Dumping data for table `product`
--

INSERT INTO `product` (`id`, `provider_id`, `category_id`, `title`, `description`, `vendor_code`, `param_value_list`, `param_variable_list`, `brand_id`) VALUES
('000000000016', '00001', '000000011', 'Димин холодильник', 'Первые домашние холодильники появились тоже в середине 19 века. Тогда это были обыкновенные деревянные шкафы, набитые льдом. Через 20 лет, в 1879 году немецкий учёный Карл фон Линде изобрёл холодильную машину с компрессором. Это был механический холодильник, в котором использовался паровой насос.', '987987', 'b61a8942cc32c6c08b0c9f9259866b89,3adc003167ee835fd1bf51345e14d381', '[{\"id\":\"000000070\",\"index\":1,\"is_title\":true,\"value\":\"\"},{\"id\":\"000000001\",\"index\":2,\"is_title\":false,\"value\":\"392\"}]', '000002'),
('000000000018', '00002', '000000006', 'Смартфон iPhone 11 128GB (черный)', 'Очень удобный', '16023989', '78bcad57c0390a3ce5589643160a3316,000000011,93582d7e79c5d599c24b40bb5288700c,5d1bbf86cfae2f8a262bf9d6cb878043,9cf9810f6c29c8c2b7bf1354937d6611,b680a0656a92592bd34123a432ec9616,f5650d8086b67987bbcfd69d715088d0,6e391f2bd4f64e13166036bcd2ea31ac,66cc3ebf1204022beec4e4623dc99b3b,000000041,000000042,16e540eb15a99601a8200e0d3b83ba42,7612bdcdb0a45509e385d96d61d0bc86,000000022,000000025,000000027,2eb2054dac88e428dff15fc5f06998e0,8a056a9e7e0b8900027d1a8c99db80b3,8d7a622618f884cac78adbc6fc5ef9ca,000000029,db5bc62ea8ade5f4137718138a8f8a46,ff8d92a5585c0a4c6d8c7c7bd21c6779,f532386e4af224194641c82f8908bceb,b05c14e788cff4b7845a394dca7ffe51,000000035,ba4b1da26067f8454ad34ad82a1a5872,1e9bfec28a93b330f6dd8c728c10a67f,56fe5f956c546a6e5d28bf6d381fb617,523ea9f38cce74c335a889f0854133bf,000000043,9945d836441a80b5ba7e32d24e1dbd3f,9a2f26bb156daa878da2e2b93e96062f,9b2bdcc700dac83c09b4c648e5b14c00,ce498145353ebf055caf6114c772951d,563f202f6534bd6946fc21c679218ef6,258fa66e851c3d45080ce4cf3fb2532f,b659c3db8a4ee41669e8f25c825951d0,a673cd6b5586bf16723677ab011be01c,40a64320cddcd90371dca1cf44c5940b,3a60ea62b447ca12bb4e1b67d5bc96fd,8b12351e72f20a6ad92c610aacffb860,e2ff266b462292c7b0d7c418c656ec62,086b9d64bbfedada403fbbfeede7cba9,3e00b8d20459b2dd72bb5657c9fa6417,a2e31d8b6d148731fa1ab0fb1584d9f3,99b2cd66f86e7a61e4bbc52b693e0ee4,e6260ba83023cd1c0e8ec79109155264', '[{\"id\":\"000000017\",\"index\":1,\"is_title\":true,\"value\":\"\"},{\"id\":\"000000014\",\"index\":2,\"is_title\":false,\"value\":\"000000011\"},{\"id\":\"000000003\",\"index\":3,\"is_title\":false,\"value\":\"000011\"},{\"id\":\"000000025\",\"index\":4,\"is_title\":false,\"value\":\"\"},{\"id\":\"000000004\",\"index\":5,\"is_title\":false,\"value\":\"#000000\"},{\"id\":\"000000001\",\"index\":6,\"is_title\":false,\"value\":\"156\"},{\"id\":\"000000027\",\"index\":7,\"is_title\":false,\"value\":12},{\"id\":\"000000028\",\"index\":8,\"is_title\":false,\"value\":\"u0441u043au0430u043du0435u0440 u043eu0442u043fu0435u0447u0430u0442u043au0430 u043fu0430u043bu044cu0446u0430, u0440u0430u0437u0431u043bu043eu043au0438u0440u043eu0432u043au0430 u043fu043e u043bu0438u0446u0443\"},{\"id\":\"000000032\",\"index\":9,\"is_title\":true,\"value\":\"\"},{\"id\":\"000000029\",\"index\":10,\"is_title\":false,\"value\":6.1},{\"id\":\"000000036\",\"index\":11,\"is_title\":false,\"value\":\"000000041\"},{\"id\":\"000000037\",\"index\":12,\"is_title\":false,\"value\":\"000000042\"},{\"id\":\"000000038\",\"index\":13,\"is_title\":false,\"value\":true},{\"id\":\"000000039\",\"index\":14,\"is_title\":true,\"value\":\"\"},{\"id\":\"000000040\",\"index\":15,\"is_title\":false,\"value\":\"000000022\"},{\"id\":\"000000041\",\"index\":16,\"is_title\":false,\"value\":\"000000025\"},{\"id\":\"000000042\",\"index\":17,\"is_title\":false,\"value\":\"000000027\"},{\"id\":\"000000043\",\"index\":18,\"is_title\":false,\"value\":\"Apple A13 Bionic\"},{\"id\":\"000000044\",\"index\":19,\"is_title\":false,\"value\":6},{\"id\":\"000000045\",\"index\":20,\"is_title\":false,\"value\":1700},{\"id\":\"000000046\",\"index\":21,\"is_title\":false,\"value\":\"000000029\"},{\"id\":\"000000047\",\"index\":22,\"is_title\":true,\"value\":\"\"},{\"id\":\"000000048\",\"index\":23,\"is_title\":false,\"value\":\"NFC; Wi-Fi; Bluetooth 5.0\"},{\"id\":\"000000049\",\"index\":24,\"is_title\":false,\"value\":\"3G; 4G; Wi-Fi; LTE-A\"},{\"id\":\"000000050\",\"index\":25,\"is_title\":false,\"value\":\"A-GPS; u0413u041bu041eu041du0410u0421u0421; Galileo; QZSS\"},{\"id\":\"000000051\",\"index\":26,\"is_title\":false,\"value\":\"000000035\"},{\"id\":\"000000052\",\"index\":27,\"is_title\":false,\"value\":\"nano SIM\"},{\"id\":\"000000053\",\"index\":28,\"is_title\":true,\"value\":\"\"},{\"id\":\"000000054\",\"index\":29,\"is_title\":false,\"value\":\"Li-polymer\"},{\"id\":\"000000055\",\"index\":30,\"is_title\":false,\"value\":4810},{\"id\":\"000000056\",\"index\":31,\"is_title\":false,\"value\":\"000000043\"},{\"id\":\"000000057\",\"index\":32,\"is_title\":true,\"value\":\"\"},{\"id\":\"000000058\",\"index\":33,\"is_title\":false,\"value\":12},{\"id\":\"000000059\",\"index\":34,\"is_title\":false,\"value\":12},{\"id\":\"000000060\",\"index\":35,\"is_title\":false,\"value\":\"u0430u0432u0442u043eu043cu0430u0442u0438u0447u0435u0441u043au0430u044f u0444u043eu043au0443u0441u0438u0440u043eu0432u043au0430\"},{\"id\":\"000000061\",\"index\":36,\"is_title\":false,\"value\":\"AAC; AMR; APE; FLAC; M4V; MKV; MP3; MP4; WAV; XviD\"},{\"id\":\"000000062\",\"index\":37,\"is_title\":false,\"value\":true},{\"id\":\"000000063\",\"index\":38,\"is_title\":false,\"value\":\"u0430u0432u0442u043eu043cu0430u0442u0438u0447u0435u0441u043au0430u044f u0444u043eu043au0443u0441u0438u0440u043eu0432u043au0430; u0432u0441u043fu044bu0448u043au0430\"},{\"id\":\"000000064\",\"index\":39,\"is_title\":true,\"value\":\"\"},{\"id\":\"000000065\",\"index\":40,\"is_title\":false,\"value\":\"u0434u043eu043au0443u043cu0435u043du0442u0430u0446u0438u044f; u0447u0435u0445u043eu043b; USB-u043au0430u0431u0435u043bu044c; u0430u0434u0430u043fu0442u0435u0440; u0433u0430u0440u0430u043du0442u0438u0439u043du044bu0439 u0442u0430u043bu043eu043d\"},{\"id\":\"000000066\",\"index\":41,\"is_title\":false,\"value\":\"IP67\"},{\"id\":\"000000067\",\"index\":42,\"is_title\":false,\"value\":\"u041du0435 u0442u0440u0435u0431u0443u0435u0442 u0441u043fu0435u0446u0438u0430u043bu044cu043du044bu0445 u0443u0441u043bu043eu0432u0438u0439\"},{\"id\":\"000000068\",\"index\":43,\"is_title\":false,\"value\":true},{\"id\":\"000000069\",\"index\":44,\"is_title\":true,\"value\":\"\"},{\"id\":\"000000005\",\"index\":45,\"is_title\":false,\"value\":75.7},{\"id\":\"000000006\",\"index\":46,\"is_title\":false,\"value\":8.3},{\"id\":\"000000007\",\"index\":47,\"is_title\":false,\"value\":159},{\"id\":\"000000008\",\"index\":48,\"is_title\":false,\"value\":194}]', '000011'),
('000000000019', '00002', '000000006', 'Смартфон iPhone 11 128GB (желтый)', 'Берите выше. iPhone 11. Ничего лишнего. Только самое. Ярко. Мощно. То, что нужно. Сверхширокоугольный взгляд на мир. iPhone 11. Переходите на самое. Система двух камер со сверхширокоугольной камерой. Ночной режим и потрясающее качество видео. Защита от воды и пыли. Длительная работа без подзарядки. Шесть прекрасных цветов. 11 станет вашим любимым числом. Снимайте видео 4K, отличные портреты и захватывающие пейзажи с превосходной системой двух камер. Делайте красивейшие снимки при слабом освещении в Ночном режиме. Смотрите фотографии и видео, играйте в игры - на дисплее Liquid Retina 6,1 дюйма всё выглядит естественно и реалистично. Открывайте новые возможности игр, дополненной реальности и фотографии благодаря невероятной производительности процессора A13 Bionic. А с мощным аккумулятором вы сможете делать больше - и меньше времени тратить на зарядку. Устройство защищено от воды (допускается погружение в воду на глубину до 2 метров на 30 минут).', '16023992', 'dcb72ca5feb8360b9f09e6542647149d,000000011,93e73737c7c97b9596b74e0a243f11d8,5a141b3bd375d80ef3f3619e43997bc2,772d00e255831afc7b9c707f8c2bd13e,216ddb52d952e4d744300860bfcbcf18,c41998ac9ea0cfe7b05aa9380a3607f6,f4d1fb8203e9acd6cf5f8768942a0997,9803b6f7a783c626b052c4501a32571e,000000041,000000042,2627b923be027b5f404d0f9d9cf19046,af9eaaa01bbc29b80a5ae67e2768185e,000000022,000000025,000000027,16eded55b41cef316d39c2793f8030ce,e27211425041289471099a47809870ce,22d9bd011207abe2e7677a9fe111d7d8,000000029,6dc31dfe47fcd0d3341f787a5a2f116b,ca60e3129a464d503de5b6b525fbd7e0,0a266008cee7ecd84e10531b71acc48d,830bc38d93bec80d1ac9823bfd6754f6,000000035,0e3db32d01637ade6283b1b0abe10f0f,cae98cd782da5398af1240a2a554688a,4a098dd08fdc66ce4d8f0330a8886b4f,87ac55b6a07f0a289ac50e7f121b73ca,000000043,9a1302347ceae93c2e5cf519206ec15b,0102d4d04b3fc8d1c2e28e58af96cf76,6e9f729b74be6c339667cf63adb6f862,d2e4e602b7a95776d634d57ec408d11e,a22ce1d791b62fb6f53483dfa34b713f,0c05eb3dd5ac3f77a58475763f8f0298,e2fbca9210a02da19d0850103af2eaa8,ca04a0bf919c3356df183e1b7c06639d,95816abdb67ca07af02c1e3c91673f88,491af9a088b2ba807205cd18ecbf6a24,b61d6a89f78fc30ee2591723a1c5f040,1be7e3f8760207c71f278a81c37b517f,ca528be88a131171a5da4d3837e7679b,886e18213daebac35caddb181cde2059,832ed00ab84c0690e8ac87093641c107,7f223ff32beb77aa24d9b1dc77020d96,1678840f15af44164be6cd02b178e23a', '[{\"id\":\"000000017\",\"index\":1,\"is_title\":true,\"value\":\"\"},{\"id\":\"000000014\",\"index\":2,\"is_title\":false,\"value\":\"000000011\"},{\"id\":\"000000003\",\"index\":3,\"is_title\":false,\"value\":\"000011\"},{\"id\":\"000000025\",\"index\":4,\"is_title\":false,\"value\":\"\"},{\"id\":\"000000004\",\"index\":5,\"is_title\":false,\"value\":\"\"},{\"id\":\"000000001\",\"index\":6,\"is_title\":false,\"value\":\"156\"},{\"id\":\"000000027\",\"index\":7,\"is_title\":false,\"value\":12},{\"id\":\"000000028\",\"index\":8,\"is_title\":false,\"value\":\"u0441u043au0430u043du0435u0440 u043eu0442u043fu0435u0447u0430u0442u043au0430 u043fu0430u043bu044cu0446u0430, u0440u0430u0437u0431u043bu043eu043au0438u0440u043eu0432u043au0430 u043fu043e u043bu0438u0446u0443\"},{\"id\":\"000000032\",\"index\":9,\"is_title\":true,\"value\":\"\"},{\"id\":\"000000029\",\"index\":10,\"is_title\":false,\"value\":6.1},{\"id\":\"000000036\",\"index\":11,\"is_title\":false,\"value\":\"000000041\"},{\"id\":\"000000037\",\"index\":12,\"is_title\":false,\"value\":\"000000042\"},{\"id\":\"000000038\",\"index\":13,\"is_title\":false,\"value\":true},{\"id\":\"000000039\",\"index\":14,\"is_title\":true,\"value\":\"\"},{\"id\":\"000000040\",\"index\":15,\"is_title\":false,\"value\":\"000000022\"},{\"id\":\"000000041\",\"index\":16,\"is_title\":false,\"value\":\"000000025\"},{\"id\":\"000000042\",\"index\":17,\"is_title\":false,\"value\":\"000000027\"},{\"id\":\"000000043\",\"index\":18,\"is_title\":false,\"value\":\"Apple A13 Bionic\"},{\"id\":\"000000044\",\"index\":19,\"is_title\":false,\"value\":6},{\"id\":\"000000045\",\"index\":20,\"is_title\":false,\"value\":1700},{\"id\":\"000000046\",\"index\":21,\"is_title\":false,\"value\":\"000000029\"},{\"id\":\"000000047\",\"index\":22,\"is_title\":true,\"value\":\"\"},{\"id\":\"000000048\",\"index\":23,\"is_title\":false,\"value\":\"NFC; Wi-Fi; Bluetooth 5.0\"},{\"id\":\"000000049\",\"index\":24,\"is_title\":false,\"value\":\"3G; 4G; Wi-Fi; LTE-A\"},{\"id\":\"000000050\",\"index\":25,\"is_title\":false,\"value\":\"A-GPS; u0413u041bu041eu041du0410u0421u0421; Galileo; QZSS\"},{\"id\":\"000000051\",\"index\":26,\"is_title\":false,\"value\":\"000000035\"},{\"id\":\"000000052\",\"index\":27,\"is_title\":false,\"value\":\"nano SIM\"},{\"id\":\"000000053\",\"index\":28,\"is_title\":true,\"value\":\"\"},{\"id\":\"000000054\",\"index\":29,\"is_title\":false,\"value\":\"Li-polymer\"},{\"id\":\"000000055\",\"index\":30,\"is_title\":false,\"value\":4810},{\"id\":\"000000056\",\"index\":31,\"is_title\":false,\"value\":\"000000043\"},{\"id\":\"000000057\",\"index\":32,\"is_title\":true,\"value\":\"\"},{\"id\":\"000000058\",\"index\":33,\"is_title\":false,\"value\":12},{\"id\":\"000000059\",\"index\":34,\"is_title\":false,\"value\":12},{\"id\":\"000000060\",\"index\":35,\"is_title\":false,\"value\":\"u0430u0432u0442u043eu043cu0430u0442u0438u0447u0435u0441u043au0430u044f u0444u043eu043au0443u0441u0438u0440u043eu0432u043au0430\"},{\"id\":\"000000061\",\"index\":36,\"is_title\":false,\"value\":\"AAC; AMR; APE; FLAC; M4V; MKV; MP3; MP4; WAV; XviD\"},{\"id\":\"000000062\",\"index\":37,\"is_title\":false,\"value\":true},{\"id\":\"000000063\",\"index\":38,\"is_title\":false,\"value\":\"u0430u0432u0442u043eu043cu0430u0442u0438u0447u0435u0441u043au0430u044f u0444u043eu043au0443u0441u0438u0440u043eu0432u043au0430; u0432u0441u043fu044bu0448u043au0430\"},{\"id\":\"000000064\",\"index\":39,\"is_title\":true,\"value\":\"\"},{\"id\":\"000000065\",\"index\":40,\"is_title\":false,\"value\":\"u0434u043eu043au0443u043cu0435u043du0442u0430u0446u0438u044f; u0447u0435u0445u043eu043b; USB-u043au0430u0431u0435u043bu044c; u0430u0434u0430u043fu0442u0435u0440; u0433u0430u0440u0430u043du0442u0438u0439u043du044bu0439 u0442u0430u043bu043eu043d\"},{\"id\":\"000000066\",\"index\":41,\"is_title\":false,\"value\":\"IP67\"},{\"id\":\"000000067\",\"index\":42,\"is_title\":false,\"value\":\"u041du0435 u0442u0440u0435u0431u0443u0435u0442 u0441u043fu0435u0446u0438u0430u043bu044cu043du044bu0445 u0443u0441u043bu043eu0432u0438u0439\"},{\"id\":\"000000068\",\"index\":43,\"is_title\":false,\"value\":true},{\"id\":\"000000069\",\"index\":44,\"is_title\":true,\"value\":\"\"},{\"id\":\"000000005\",\"index\":45,\"is_title\":false,\"value\":75.7},{\"id\":\"000000006\",\"index\":46,\"is_title\":false,\"value\":8.3},{\"id\":\"000000007\",\"index\":47,\"is_title\":false,\"value\":159},{\"id\":\"000000008\",\"index\":48,\"is_title\":false,\"value\":194}]', '000011'),
('000000000020', '00002', '000000006', 'Смартфон iPhone 12 Pro 256GB (серебристый)', 'Это iPhone 12 Pro. A14 Bionic, самый быстрый процессор iPhone. Система камер Pro, которая обеспечивает потрясающее качество снимков при слабом освещении. Это новая прекрасная эра для iPhone.', '15875684', '770ccfb224aa018a0e3a72eaf412034b,000000044,90dbae947fd059dac8132c578c36c7be,f92d08908567d5a66a6d2490a6ad0934,3a6031649025f332f72ef70733c41f36,e4ba49d39e8de62ebed6787b9ab62e26,990fa631cddc3addfdbcbdd87e052c9f,8b6e98a7f3bb63a7b3b99186c8dde470,c13b0948a0b36ef6c6e440d8754b9364,000000046,000000017,cea03b7694ce042f29f945c5ad09fb34,41d6f7750016f0ebf6c8483ebea95b27,000000045,000000025,000000027,c8499f10d1425bc413f0d2fd88e756cc,4f33e2d882cfd35830d7d36d2692a0dc,da2c91f6295841e281fb6a1c57788e69,000000029,b007fe71bb7800bce6c74ccaa824bcc1,5099185a1c577021aa82b9325a905efc,2f883df94016a0aa1ccd2889d80db669,e2bccae141fb01f206b6eb92b840aea6,000000035,6f94aa1f59c3f55f2dcd838440b37605,6430381d718182079fa50a7bc22edd9c,22e52388a7dbd6cad99809f9ae609a34,e25614d134200ba5f494f779fff828a6,000000043,f60465ec8e593709842e18bb44b2a95b,31b29ae81041131ccf1f2ccecc845ad1,b75ec198be7fd1f490652b8634048d94,09987a3539f386d66520ab5a4d4a4a3c,1490f182bf44be1f0ba6e26ba6e03d6e,08207f2e207d748122cab9480f679477,622734bedffcbc67fe27a6245a08ddb0,fd0715eecc8c4db2a5312ebe2094ea45,3b5b37332d03ee17c33a08be03df7c12,19bbe892d0edb1456a7bf0453583a9ad,5f3658df4fa672795b88b428c450d065,34f5edf737e080344cbb0efca9352bde,853b64959c25f1b421079b49d731e48c,564e1070afc8541f7e43fcc3fec918e4,e1de11d36fc6296820ffc03c966949a7,41ba4ab99c386a96980b5e9a63bf0bfb,6ee7cc11f3cb2bfc91662b62afb4387d', '[{\"id\":\"000000017\",\"index\":1,\"is_title\":true,\"value\":\"\"},{\"id\":\"000000014\",\"index\":2,\"is_title\":false,\"value\":\"000000044\"},{\"id\":\"000000003\",\"index\":3,\"is_title\":false,\"value\":\"000011\"},{\"id\":\"000000025\",\"index\":4,\"is_title\":false,\"value\":\"\"},{\"id\":\"000000004\",\"index\":5,\"is_title\":false,\"value\":\"\"},{\"id\":\"000000001\",\"index\":6,\"is_title\":false,\"value\":\"156\"},{\"id\":\"000000027\",\"index\":7,\"is_title\":false,\"value\":12},{\"id\":\"000000028\",\"index\":8,\"is_title\":false,\"value\":\"u0441u043au0430u043du0435u0440 u043eu0442u043fu0435u0447u0430u0442u043au0430 u043fu0430u043bu044cu0446u0430, u0440u0430u0437u0431u043bu043eu043au0438u0440u043eu0432u043au0430 u043fu043e u043bu0438u0446u0443\"},{\"id\":\"000000032\",\"index\":9,\"is_title\":true,\"value\":\"\"},{\"id\":\"000000029\",\"index\":10,\"is_title\":false,\"value\":6.1},{\"id\":\"000000036\",\"index\":11,\"is_title\":false,\"value\":\"000000046\"},{\"id\":\"000000037\",\"index\":12,\"is_title\":false,\"value\":\"000000017\"},{\"id\":\"000000038\",\"index\":13,\"is_title\":false,\"value\":true},{\"id\":\"000000039\",\"index\":14,\"is_title\":true,\"value\":\"\"},{\"id\":\"000000040\",\"index\":15,\"is_title\":false,\"value\":\"000000045\"},{\"id\":\"000000041\",\"index\":16,\"is_title\":false,\"value\":\"000000025\"},{\"id\":\"000000042\",\"index\":17,\"is_title\":false,\"value\":\"000000027\"},{\"id\":\"000000043\",\"index\":18,\"is_title\":false,\"value\":\"Apple A14 Bionic\"},{\"id\":\"000000044\",\"index\":19,\"is_title\":false,\"value\":6},{\"id\":\"000000045\",\"index\":20,\"is_title\":false,\"value\":1700},{\"id\":\"000000046\",\"index\":21,\"is_title\":false,\"value\":\"000000029\"},{\"id\":\"000000047\",\"index\":22,\"is_title\":true,\"value\":\"\"},{\"id\":\"000000048\",\"index\":23,\"is_title\":false,\"value\":\"NFC; Bluetooth 5.0; Wi-Fi 802.11ax\"},{\"id\":\"000000049\",\"index\":24,\"is_title\":false,\"value\":\"3G; 4G; Wi-Fi; LTE-A\"},{\"id\":\"000000050\",\"index\":25,\"is_title\":false,\"value\":\"u0413u041bu041eu041du0410u0421u0421; GPS; BeiDou; Galileo; QZSS\"},{\"id\":\"000000051\",\"index\":26,\"is_title\":false,\"value\":\"000000035\"},{\"id\":\"000000052\",\"index\":27,\"is_title\":false,\"value\":\"nano SIM\"},{\"id\":\"000000053\",\"index\":28,\"is_title\":true,\"value\":\"\"},{\"id\":\"000000054\",\"index\":29,\"is_title\":false,\"value\":\"Li-polymer\"},{\"id\":\"000000055\",\"index\":30,\"is_title\":false,\"value\":4810},{\"id\":\"000000056\",\"index\":31,\"is_title\":false,\"value\":\"000000043\"},{\"id\":\"000000057\",\"index\":32,\"is_title\":true,\"value\":\"\"},{\"id\":\"000000058\",\"index\":33,\"is_title\":false,\"value\":12},{\"id\":\"000000059\",\"index\":34,\"is_title\":false,\"value\":12},{\"id\":\"000000060\",\"index\":35,\"is_title\":false,\"value\":\"u0430u0432u0442u043eu043cu0430u0442u0438u0447u0435u0441u043au0430u044f u0444u043eu043au0443u0441u0438u0440u043eu0432u043au0430\"},{\"id\":\"000000061\",\"index\":36,\"is_title\":false,\"value\":\"AAC; AMR; APE; FLAC; M4V; MKV; MP3; MP4; WAV; XviD\"},{\"id\":\"000000062\",\"index\":37,\"is_title\":false,\"value\":true},{\"id\":\"000000063\",\"index\":38,\"is_title\":false,\"value\":\"u0430u0432u0442u043eu043cu0430u0442u0438u0447u0435u0441u043au0430u044f u0444u043eu043au0443u0441u0438u0440u043eu0432u043au0430; u0432u0441u043fu044bu0448u043au0430\"},{\"id\":\"000000064\",\"index\":39,\"is_title\":true,\"value\":\"\"},{\"id\":\"000000065\",\"index\":40,\"is_title\":false,\"value\":\"u0434u043eu043au0443u043cu0435u043du0442u0430u0446u0438u044f; u0447u0435u0445u043eu043b; USB-u043au0430u0431u0435u043bu044c; u0430u0434u0430u043fu0442u0435u0440; u0433u0430u0440u0430u043du0442u0438u0439u043du044bu0439 u0442u0430u043bu043eu043d\"},{\"id\":\"000000066\",\"index\":41,\"is_title\":false,\"value\":\"IP67\"},{\"id\":\"000000067\",\"index\":42,\"is_title\":false,\"value\":\"u041du0435 u0442u0440u0435u0431u0443u0435u0442 u0441u043fu0435u0446u0438u0430u043bu044cu043du044bu0445 u0443u0441u043bu043eu0432u0438u0439\"},{\"id\":\"000000068\",\"index\":43,\"is_title\":false,\"value\":true},{\"id\":\"000000069\",\"index\":44,\"is_title\":true,\"value\":\"\"},{\"id\":\"000000005\",\"index\":45,\"is_title\":false,\"value\":75.7},{\"id\":\"000000006\",\"index\":46,\"is_title\":false,\"value\":8.3},{\"id\":\"000000007\",\"index\":47,\"is_title\":false,\"value\":159},{\"id\":\"000000008\",\"index\":48,\"is_title\":false,\"value\":194}]', '000011'),
('000000000021', '00002', '000000006', 'Смартфон iPhone 11 64GB (красный)', 'Ничего лишнего. Только самое. Ярко. Мощно. То, что нужно. Сверхширокоугольный взгляд на мир. iPhone 11. Переходите на самое. Снимайте видео 4K, отличные портреты и захватывающие пейзажи с превосходной системой двух камер. Делайте красивейшие снимки при слабом освещении в Ночном режиме. Смотрите фотографии и видео, играйте в игры - на дисплее Liquid Retina 6,1 дюйма всё выглядит естественно и реалистично. Открывайте новые возможности игр, дополненной реальности и фотографии благодаря невероятной производительности процессора A13 Bionic. А с мощным аккумулятором вы сможете делать больше - и меньше времени тратить на зарядку. Устройство защищено от воды (допускается погружение в воду на глубину до 2 метров на 30 минут). Apple перечисляет часть средств от продажи iPhone 11 (PRODUCT)RED в Глобальный фонд для борьбы со СПИДом.', '16023985', 'efe588f75f961b2cff532ae879448e41,000000044,afdfd7f5b6f4c9622f6270a6b1262258,1443268292f49fa3100fd0245639d329,6f2559ebb03342db3b45c2366702f558,f2e1574d53fc39629a52eec944013e49,9f0da387309f7e357780807f87a00cf2,2858b624eb7fd6dc45dc728b1ca2f4f5,e6c2a9f8327405ca4d185fed3e8c541b,000000046,000000017,d20fd6102809c9b51f843caee2850952,5879c18957125e546a41c7aec9f865e0,000000021,000000025,000000027,14dbedb383a49a394437df32d9c12785,1915bbf2563e4efb5e0d5c9aee1e0cb8,2d146b1b4332b13cb8dd711342f24793,000000029,27a2afada946e9517489fbbe6f4c662d,0c2cff60ab4cc0eb0364a69732e57999,a67d5e83b448dead42611c7432e60cfe,469a82df520c25fa834a4a86077e8f8c,000000035,11d8581e3568e55f9c9b5a31989f1abf,ebcf3e0bff98a5ea0db7c1b34b2e505f,d2bf4e48b0d775c7137c4d64d754fbaf,291a519b67f6b54179ed3fbf1b83de71,000000043,d9df2ad8b3d57357abcc7b81b369ebe8,cde72c0d3cd0a236fc87a5a09e4a1487,31e3917c3cf9f7fd9b15ed8cbb37692e,2442fe871a00f28928701f1e4eb4d361,aaefe8f6ba6acc99a08a19621b3732b1,4c2a8bafb5e7c5338c452c86b991cbc7,d260ad299c3de3605e485e1f9f0e4d4c,f5e68d97eacb19f538e9001992c763b1,474b1e25822c66696c141c3b1dfb637f,aebb77a238149ae0e1e654defcf682e4,51c21ca3b9016bb9cf631c4470743c9b,7876ce10e70a6c9084fc20ca4386e11d,cb861f63900e073aee1a663cfc6cbc69,adf351f8d55900445be7a0ca90e51cfe,2723d400e040f92483c42e7a0feaafbf,bfb654552e1c7a8eac10b400caacfbeb,ca1140dd5b8f2d2394929cb03c71a67d', '[{\"id\":\"000000017\",\"index\":1,\"is_title\":true,\"value\":\"\"},{\"id\":\"000000014\",\"index\":2,\"is_title\":false,\"value\":\"000000044\"},{\"id\":\"000000003\",\"index\":3,\"is_title\":false,\"value\":\"000011\"},{\"id\":\"000000025\",\"index\":4,\"is_title\":false,\"value\":\"\"},{\"id\":\"000000004\",\"index\":5,\"is_title\":false,\"value\":\"\"},{\"id\":\"000000001\",\"index\":6,\"is_title\":false,\"value\":\"156\"},{\"id\":\"000000027\",\"index\":7,\"is_title\":false,\"value\":12},{\"id\":\"000000028\",\"index\":8,\"is_title\":false,\"value\":\"u0441u043au0430u043du0435u0440 u043eu0442u043fu0435u0447u0430u0442u043au0430 u043fu0430u043bu044cu0446u0430, u0440u0430u0437u0431u043bu043eu043au0438u0440u043eu0432u043au0430 u043fu043e u043bu0438u0446u0443\"},{\"id\":\"000000032\",\"index\":9,\"is_title\":true,\"value\":\"\"},{\"id\":\"000000029\",\"index\":10,\"is_title\":false,\"value\":6.1},{\"id\":\"000000036\",\"index\":11,\"is_title\":false,\"value\":\"000000046\"},{\"id\":\"000000037\",\"index\":12,\"is_title\":false,\"value\":\"000000017\"},{\"id\":\"000000038\",\"index\":13,\"is_title\":false,\"value\":true},{\"id\":\"000000039\",\"index\":14,\"is_title\":true,\"value\":\"\"},{\"id\":\"000000040\",\"index\":15,\"is_title\":false,\"value\":\"000000021\"},{\"id\":\"000000041\",\"index\":16,\"is_title\":false,\"value\":\"000000025\"},{\"id\":\"000000042\",\"index\":17,\"is_title\":false,\"value\":\"000000027\"},{\"id\":\"000000043\",\"index\":18,\"is_title\":false,\"value\":\"Apple A14 Bionic\"},{\"id\":\"000000044\",\"index\":19,\"is_title\":false,\"value\":6},{\"id\":\"000000045\",\"index\":20,\"is_title\":false,\"value\":1700},{\"id\":\"000000046\",\"index\":21,\"is_title\":false,\"value\":\"000000029\"},{\"id\":\"000000047\",\"index\":22,\"is_title\":true,\"value\":\"\"},{\"id\":\"000000048\",\"index\":23,\"is_title\":false,\"value\":\"NFC; Bluetooth 5.0; Wi-Fi 802.11ax\"},{\"id\":\"000000049\",\"index\":24,\"is_title\":false,\"value\":\"3G; 4G; Wi-Fi; LTE-A\"},{\"id\":\"000000050\",\"index\":25,\"is_title\":false,\"value\":\"u0413u041bu041eu041du0410u0421u0421; GPS; BeiDou; Galileo; QZSS\"},{\"id\":\"000000051\",\"index\":26,\"is_title\":false,\"value\":\"000000035\"},{\"id\":\"000000052\",\"index\":27,\"is_title\":false,\"value\":\"nano SIM\"},{\"id\":\"000000053\",\"index\":28,\"is_title\":true,\"value\":\"\"},{\"id\":\"000000054\",\"index\":29,\"is_title\":false,\"value\":\"Li-polymer\"},{\"id\":\"000000055\",\"index\":30,\"is_title\":false,\"value\":4810},{\"id\":\"000000056\",\"index\":31,\"is_title\":false,\"value\":\"000000043\"},{\"id\":\"000000057\",\"index\":32,\"is_title\":true,\"value\":\"\"},{\"id\":\"000000058\",\"index\":33,\"is_title\":false,\"value\":12},{\"id\":\"000000059\",\"index\":34,\"is_title\":false,\"value\":12},{\"id\":\"000000060\",\"index\":35,\"is_title\":false,\"value\":\"u0430u0432u0442u043eu043cu0430u0442u0438u0447u0435u0441u043au0430u044f u0444u043eu043au0443u0441u0438u0440u043eu0432u043au0430\"},{\"id\":\"000000061\",\"index\":36,\"is_title\":false,\"value\":\"AAC; AMR; APE; FLAC; M4V; MKV; MP3; MP4; WAV; XviD\"},{\"id\":\"000000062\",\"index\":37,\"is_title\":false,\"value\":true},{\"id\":\"000000063\",\"index\":38,\"is_title\":false,\"value\":\"u0430u0432u0442u043eu043cu0430u0442u0438u0447u0435u0441u043au0430u044f u0444u043eu043au0443u0441u0438u0440u043eu0432u043au0430; u0432u0441u043fu044bu0448u043au0430\"},{\"id\":\"000000064\",\"index\":39,\"is_title\":true,\"value\":\"\"},{\"id\":\"000000065\",\"index\":40,\"is_title\":false,\"value\":\"u0434u043eu043au0443u043cu0435u043du0442u0430u0446u0438u044f; u0447u0435u0445u043eu043b; USB-u043au0430u0431u0435u043bu044c; u0430u0434u0430u043fu0442u0435u0440; u0433u0430u0440u0430u043du0442u0438u0439u043du044bu0439 u0442u0430u043bu043eu043d\"},{\"id\":\"000000066\",\"index\":41,\"is_title\":false,\"value\":\"IP67\"},{\"id\":\"000000067\",\"index\":42,\"is_title\":false,\"value\":\"u041du0435 u0442u0440u0435u0431u0443u0435u0442 u0441u043fu0435u0446u0438u0430u043bu044cu043du044bu0445 u0443u0441u043bu043eu0432u0438u0439\"},{\"id\":\"000000068\",\"index\":43,\"is_title\":false,\"value\":true},{\"id\":\"000000069\",\"index\":44,\"is_title\":true,\"value\":\"\"},{\"id\":\"000000005\",\"index\":45,\"is_title\":false,\"value\":75.7},{\"id\":\"000000006\",\"index\":46,\"is_title\":false,\"value\":8.3},{\"id\":\"000000007\",\"index\":47,\"is_title\":false,\"value\":159},{\"id\":\"000000008\",\"index\":48,\"is_title\":false,\"value\":194}]', '000011'),
('000000000030', '00002', '000000006', 'Смартфон iPhone 12 Pro 128GB (Шелковый оттенок)', '14.jpg', '15875675', 'fe4a4ba404d4ea9a85ce72f9273c54c9,000000044,f9983b80d21575f8529240c577be5425,6f56da09fa56c2a3340f824a24410955,299cfaf4eb7135ff1e55dc2dbfae5515,1998f2615945bc5afe30b2abe8a01b9f,4cb2974a9f8415b3f079e8096ee5de87,d49beef1dd6a11979ba7394dd197c0cd,586e41e412f8803ab28b2a59e668a6db,000000046,000000017,c7c331975e3889dcdba05cb2d7419dbe,3cc786572c59cf2e4657bc0cdd0dd1c7,000000022,000000023,000000027,1699ccf459d0700ffede70463126da0e,bd6c7fc48ac65f258a62be8966f3dfce,d1c04321ea21a721deb106f8e59d24be,000000029,5b2eefbd80745b2ad61f2756533c72ab,94a9e18893f8786e88381beee80979d0,63fd1e94eafa8a4d5c3fbf56f0cba14c,72ab5e9e9aad872daadb64f84a483c2e,000000035,95510d7398166183ee127ac2a86d5048,8e8fc7fde34150d19061df7f79d378fd,619e4c46af0e51eff55474f2f1459733,734ae44d10780bdf69057a095d980cb9,000000043,50caff2b245a7caff6b60fd5ea09f7af,d07bce15315cbef8532d2320ca3211d5,3335917800a7f56dbb013eff54f3da13,a16dff7136763b43737de560f26fc30f,8f2bfdffd27aff37857c1387ee2d178b,f06b6606bf7d1c74653f98d04bf9bba0,dbee0a2f6aa07434a090af7b683678c2,d248b26145a2da471d593a360d925d01,5482837539c6a69b3cd27d7ebba43947,eb82da7a32af9c0decb5af894c7e3e5c,f25d5d368a5a4c26df583ed9d56558c1,735570b6ae32d4248637e94d711f2d29,34dd716cf032f386d45d4fd4a1187c0a,c7dcd0310f6e1debaa5bf79fdd4b80ad,b4574cd5fac7014e42643ce44a621475,9b5ccbc751dede043c2424a9cd6a644e,fa35a0f61070c90051d62998cd0ed8a7', '[{\"id\":\"000000017\",\"index\":1,\"is_title\":true,\"value\":\"\"},{\"id\":\"000000014\",\"index\":2,\"is_title\":false,\"value\":\"000000044\"},{\"id\":\"000000003\",\"index\":3,\"is_title\":false,\"value\":\"000011\"},{\"id\":\"000000025\",\"index\":4,\"is_title\":false,\"value\":\"\"},{\"id\":\"000000004\",\"index\":5,\"is_title\":false,\"value\":\"#FFFBF0\"},{\"id\":\"000000001\",\"index\":6,\"is_title\":false,\"value\":\"156\"},{\"id\":\"000000027\",\"index\":7,\"is_title\":false,\"value\":12},{\"id\":\"000000028\",\"index\":8,\"is_title\":false,\"value\":\"u0443u043au0440u0435u043fu043bu0435u043du043du044bu0439 u043au043eu0440u043fu0443u0441\"},{\"id\":\"000000032\",\"index\":9,\"is_title\":true,\"value\":\"\"},{\"id\":\"000000029\",\"index\":10,\"is_title\":false,\"value\":6.1},{\"id\":\"000000036\",\"index\":11,\"is_title\":false,\"value\":\"000000046\"},{\"id\":\"000000037\",\"index\":12,\"is_title\":false,\"value\":\"000000017\"},{\"id\":\"000000038\",\"index\":13,\"is_title\":false,\"value\":true},{\"id\":\"000000039\",\"index\":14,\"is_title\":true,\"value\":\"\"},{\"id\":\"000000040\",\"index\":15,\"is_title\":false,\"value\":\"000000022\"},{\"id\":\"000000041\",\"index\":16,\"is_title\":false,\"value\":\"000000023\"},{\"id\":\"000000042\",\"index\":17,\"is_title\":false,\"value\":\"000000027\"},{\"id\":\"000000043\",\"index\":18,\"is_title\":false,\"value\":\"Apple A14 Bionic\"},{\"id\":\"000000044\",\"index\":19,\"is_title\":false,\"value\":6},{\"id\":\"000000045\",\"index\":20,\"is_title\":false,\"value\":1700},{\"id\":\"000000046\",\"index\":21,\"is_title\":false,\"value\":\"000000029\"},{\"id\":\"000000047\",\"index\":22,\"is_title\":true,\"value\":\"\"},{\"id\":\"000000048\",\"index\":23,\"is_title\":false,\"value\":\"NFC; Bluetooth 5.0; Wi-Fi 802.11ax\"},{\"id\":\"000000049\",\"index\":24,\"is_title\":false,\"value\":\"3G; 4G; 2G; 5G\"},{\"id\":\"000000050\",\"index\":25,\"is_title\":false,\"value\":\"u0413u041bu041eu041du0410u0421u0421\"},{\"id\":\"000000051\",\"index\":26,\"is_title\":false,\"value\":\"000000035\"},{\"id\":\"000000052\",\"index\":27,\"is_title\":false,\"value\":\"nano SIM\"},{\"id\":\"000000053\",\"index\":28,\"is_title\":true,\"value\":\"\"},{\"id\":\"000000054\",\"index\":29,\"is_title\":false,\"value\":\"Li-polymer\"},{\"id\":\"000000055\",\"index\":30,\"is_title\":false,\"value\":4810},{\"id\":\"000000056\",\"index\":31,\"is_title\":false,\"value\":\"000000043\"},{\"id\":\"000000057\",\"index\":32,\"is_title\":true,\"value\":\"\"},{\"id\":\"000000058\",\"index\":33,\"is_title\":false,\"value\":12},{\"id\":\"000000059\",\"index\":34,\"is_title\":false,\"value\":12},{\"id\":\"000000060\",\"index\":35,\"is_title\":false,\"value\":\"u0430u0432u0442u043eu043cu0430u0442u0438u0447u0435u0441u043au0430u044f u0444u043eu043au0443u0441u0438u0440u043eu0432u043au0430\"},{\"id\":\"000000061\",\"index\":36,\"is_title\":false,\"value\":\"AAC; AMR; APE; FLAC; M4V; MKV; MP3; MP4; WAV; XviD\"},{\"id\":\"000000062\",\"index\":37,\"is_title\":false,\"value\":true},{\"id\":\"000000063\",\"index\":38,\"is_title\":false,\"value\":\"u0430u0432u0442u043eu043cu0430u0442u0438u0447u0435u0441u043au0430u044f u0444u043eu043au0443u0441u0438u0440u043eu0432u043au0430; u0432u0441u043fu044bu0448u043au0430\"},{\"id\":\"000000064\",\"index\":39,\"is_title\":true,\"value\":\"\"},{\"id\":\"000000065\",\"index\":40,\"is_title\":false,\"value\":\"u0434u043eu043au0443u043cu0435u043du0442u0430u0446u0438u044f; u0447u0435u0445u043eu043b; USB-u043au0430u0431u0435u043bu044c; u0430u0434u0430u043fu0442u0435u0440; u0433u0430u0440u0430u043du0442u0438u0439u043du044bu0439 u0442u0430u043bu043eu043d\"},{\"id\":\"000000066\",\"index\":41,\"is_title\":false,\"value\":\"IP67\"},{\"id\":\"000000067\",\"index\":42,\"is_title\":false,\"value\":\"u041du0435 u0442u0440u0435u0431u0443u0435u0442 u0441u043fu0435u0446u0438u0430u043bu044cu043du044bu0445 u0443u0441u043bu043eu0432u0438u0439\"},{\"id\":\"000000068\",\"index\":43,\"is_title\":false,\"value\":true},{\"id\":\"000000069\",\"index\":44,\"is_title\":true,\"value\":\"\"},{\"id\":\"000000005\",\"index\":45,\"is_title\":false,\"value\":75.7},{\"id\":\"000000006\",\"index\":46,\"is_title\":false,\"value\":8.3},{\"id\":\"000000007\",\"index\":47,\"is_title\":false,\"value\":159},{\"id\":\"000000008\",\"index\":48,\"is_title\":false,\"value\":194}]', '000011'),
('000000000001', '00003', '000000006', 'Смартфон vivo Y31, голубой океан', '', 'PL_08/17', 'd1a0049d7f906de7269bc45c84b2c3cd,74c376b20f8f2ed1196ea2a58572d749,f0f1c9c1b893ab140efcf5a98b02abd6,4135631a8d5f92f312574e337d85c93f,7a85ef6640e1032f58b9c6e99dda326e,8e5d2a8d33631d642071197e59e1d627,20f709befd36d62778d0c788ad522169,0d83ae51b0c69929987cdca5cb52caa9,e108efcf1d4447bda325f4e8e7f995eb,5acdd0afda4bb2983c92b17e52d4308d,b0b0419f755f645a8b94c3298d6b54eb,f0f7dee25d56885d76d4d1b9d7fb4ef8,e39f56fb42b88870d154bfcb0f690cc5,71c09f1c3879d1b697c99e40f4671ac9,ce90f27e0e9cf9eb8fc951c7d61fb4bb,ff21cf58d4e14704aa504a7c3dd58893,8d21d6804fa74f033b0560a51555beb4,e2e0875a053bf456f655899eab4f73e7,492be884178fc867c28bf9b85d91cc6d,c190fabcbc2a0ce306a63bf9d63090c1,f3aae3bdc26041071c688f69a546ca17,8e5c5ae054f3bb9ad8aa61538a6891d4,b5984026130c1cede3a8964d5bbddfd3,3500953613b5cd596e6767e43a41cdd2,5463767ac764a577310361b46db52a56,ec44a0a7891cc83ca3d30489d61772c2,0fe8fccf31624db1e02ac3fadfe6d41a,80e5f44a7b4ab9c5e7b32bd02cb57ee7,679fd0d5ff133dce07482f58e8e43a0b,bbbdce64dcc2024823a5cbf63c405ec3,1a5f7cafa0518444d712d6649946ff46,65cac1c69bf2b0cd04e4ad984abb3da6,4523b2ad5562ab0a477b399a8e437176,7bf95dc6c53f752710cc613a8ea0ed89,b7762d8b81973959ca461762080e741d,0f91ac43c6a4e23be113951f1affab82,6d62d3abba74e9d05de46cbd48edeea9,457366edc81546d6157d7d9d5c7d8c9c', '[{\"id\":\"000000017\",\"index\":1,\"is_title\":true,\"value\":\"\"},{\"id\":\"000000014\",\"index\":2,\"is_title\":false,\"value\":\"\"},{\"id\":\"000000003\",\"index\":3,\"is_title\":false,\"value\":\"\"},{\"id\":\"000000025\",\"index\":4,\"is_title\":false,\"value\":\"\"},{\"id\":\"000000004\",\"index\":5,\"is_title\":false,\"value\":\"\"},{\"id\":\"000000001\",\"index\":6,\"is_title\":false,\"value\":\"\"},{\"id\":\"000000027\",\"index\":7,\"is_title\":false,\"value\":\"\"},{\"id\":\"000000028\",\"index\":8,\"is_title\":false,\"value\":\"\"},{\"id\":\"000000032\",\"index\":9,\"is_title\":true,\"value\":6.76},{\"id\":\"000000029\",\"index\":10,\"is_title\":false,\"value\":\"\"},{\"id\":\"000000036\",\"index\":11,\"is_title\":false,\"value\":\"\"},{\"id\":\"000000037\",\"index\":12,\"is_title\":false,\"value\":\"\"},{\"id\":\"000000038\",\"index\":13,\"is_title\":false,\"value\":\"\"},{\"id\":\"000000039\",\"index\":14,\"is_title\":true,\"value\":\"\"},{\"id\":\"000000040\",\"index\":15,\"is_title\":false,\"value\":\"\"},{\"id\":\"000000041\",\"index\":16,\"is_title\":false,\"value\":\"\"},{\"id\":\"000000042\",\"index\":17,\"is_title\":false,\"value\":\"\"},{\"id\":\"000000043\",\"index\":18,\"is_title\":false,\"value\":\"\"},{\"id\":\"000000044\",\"index\":19,\"is_title\":false,\"value\":\"\"},{\"id\":\"000000045\",\"index\":20,\"is_title\":false,\"value\":\"\"},{\"id\":\"000000046\",\"index\":21,\"is_title\":false,\"value\":\"\"},{\"id\":\"000000047\",\"index\":22,\"is_title\":true,\"value\":\"\"},{\"id\":\"000000048\",\"index\":23,\"is_title\":false,\"value\":\"\"},{\"id\":\"000000049\",\"index\":24,\"is_title\":false,\"value\":\"\"},{\"id\":\"000000050\",\"index\":25,\"is_title\":false,\"value\":\"\"},{\"id\":\"000000051\",\"index\":26,\"is_title\":false,\"value\":\"\"},{\"id\":\"000000052\",\"index\":27,\"is_title\":false,\"value\":\"\"},{\"id\":\"000000053\",\"index\":28,\"is_title\":true,\"value\":\"\"},{\"id\":\"000000054\",\"index\":29,\"is_title\":false,\"value\":\"\"},{\"id\":\"000000055\",\"index\":30,\"is_title\":false,\"value\":\"\"},{\"id\":\"000000056\",\"index\":31,\"is_title\":false,\"value\":\"\"},{\"id\":\"000000057\",\"index\":32,\"is_title\":true,\"value\":\"\"},{\"id\":\"000000058\",\"index\":33,\"is_title\":false,\"value\":\"\"},{\"id\":\"000000059\",\"index\":34,\"is_title\":false,\"value\":\"\"},{\"id\":\"000000060\",\"index\":35,\"is_title\":false,\"value\":\"\"},{\"id\":\"000000061\",\"index\":36,\"is_title\":false,\"value\":\"\"},{\"id\":\"000000062\",\"index\":37,\"is_title\":false,\"value\":\"\"},{\"id\":\"000000063\",\"index\":38,\"is_title\":false,\"value\":\"\"},{\"id\":\"000000064\",\"index\":39,\"is_title\":true,\"value\":\"\"},{\"id\":\"000000065\",\"index\":40,\"is_title\":false,\"value\":\"\"},{\"id\":\"000000066\",\"index\":41,\"is_title\":false,\"value\":\"\"},{\"id\":\"000000067\",\"index\":42,\"is_title\":false,\"value\":\"\"},{\"id\":\"000000068\",\"index\":43,\"is_title\":false,\"value\":\"\"},{\"id\":\"000000069\",\"index\":44,\"is_title\":true,\"value\":\"\"},{\"id\":\"000000005\",\"index\":45,\"is_title\":false,\"value\":0.175},{\"id\":\"000000006\",\"index\":46,\"is_title\":false,\"value\":0.055},{\"id\":\"000000007\",\"index\":47,\"is_title\":false,\"value\":0.01},{\"id\":\"000000008\",\"index\":48,\"is_title\":false,\"value\":0.15}]', '000002'),
('000000000002', '00003', '000000009', 'Наушники True Wireless Huawei Freebuds Pro угольный черный', 'Благодаря эргономичной форме наушники-вкладыши удобно сидят в ухе, обеспечивая полное погружение в мир музыки.\nВ комплект входят силиконовые насадки четырёх размеров. Выберите те, которые подходят именно вам.\nМодель HUAWEI FreeBuds 3i обеспечивает эффективное шумоподавление для высокого качества звучания с эффектом полного погружения.\nВ наушниках HUAWEI FreeBuds 3i установлено два внешних микрофона, которые распознают ваш голос на фоне окружающего шума, и один внутренний микрофон, он улавливает голос внутри ушных каналов, повышая общее качество звучания во время вызовов.\nБлагодаря правильно настроенной высокочувствительной диафрагме наушники HUAWEI FreeBuds 3i обеспечивают оригинальное сбалансированное звучание, а динамики диаметром 10 мм отвечают за мощные басы, чтобы вы могли насладиться каждой нотой.', '50141256', 'fa48c4fd6fd8dd4176a06a6c85a79ff5,158bb0687fa40de63fb2ee88dd7d7b69,000000002,dbc9f40ddf2ea943c2c3061e7ab1dcdc,b61733befeae9975ed4dc7a42511f9eb', '[{\"id\":\"000000021\",\"index\":1,\"is_title\":false,\"value\":\"29 u041eu043c\"},{\"id\":\"000000016\",\"index\":2,\"is_title\":false,\"value\":\"20 u0413u0446 - 20 u043au0413u0446\"},{\"id\":\"000000015\",\"index\":3,\"is_title\":false,\"value\":\"000000002\"},{\"id\":\"000000030\",\"index\":4,\"is_title\":false,\"value\":true},{\"id\":\"000000031\",\"index\":5,\"is_title\":false,\"value\":true}]', '000003'),
('000000000004', '00003', '000000017', 'Молоко', '', 'М-0011', 'e5efde965291a7f68478b2bdefea35ac', '[{\"id\":\"000000013\",\"index\":1,\"is_title\":false,\"value\":[]}]', '000004'),
('000000000005', '00003', '000000016', 'Кефир', '', 'К-0012', '2994e75d0c9d87443e3be2f2df08a9a4', '[{\"id\":\"000000013\",\"index\":1,\"is_title\":false,\"value\":3.2}]', '000004'),
('000000000006', '00003', '000000018', 'Ряженка', '', 'Р-00123', '2291e700913c86162661270edd4a49f0', '[{\"id\":\"000000013\",\"index\":1,\"is_title\":false,\"value\":3.2}]', '000004'),
('000000000003', '00004', '000000011', 'Холодильник Bosch Serie | 4 VitaFresh KGN39XW27R', '', '20068499', 'cabaaa112cc81f9d70aa8f12acd4f287,c61cb311e7069f588e88cfa14177481a', '[{\"id\":\"000000070\",\"index\":1,\"is_title\":true,\"value\":\"\"},{\"id\":\"000000001\",\"index\":2,\"is_title\":false,\"value\":\"\"}]', '000001'),
('000000000024', '00004', '000000006', 'Смартфон Samsung Galaxy A72 128Gb (черный)', 'Смартфон A72 сбалансированное решение, которое легко справится с любыми повседневными делами и развлечениями. Аккуратный минималистичный дизайн смартфона подойдет всем, а высококачественные материалы обеспечат долговечность. Большой и яркий SuperAMOLED-дисплей с диагональю 6,7 дюйма и разрешением FHD+ отобразит естественные цвета и детали видео и фотографий высокой четкости, а также современных игр с богатой графикой. Экран Samsung Galaxy A72 поддерживает частоту обновления в 90 Гц, что гарантирует плавную смену картинки без потери четкости при пролистывании лент и сайтов. За игры с высоким уровнем графики, общее быстродействие системы и многозадачность отвечает современный мощный чипсет Snapdragon 720G и большое количество высокоскоростной оперативной памяти. Внутреннего хранилища в 128 ГБ более чем достаточно для установки необходимых приложений и хранения внушительной медиатеки, а слот для карт памяти в любой момент позволит его дополнительно расширить.', '23667906', '19aa820875ec1d66f16aafcea730156d,000000011,27956af1da8a3895035ce49e18c7d92a,1fb501a9faaf8d67c96faeedd6f6b55d,0241619df2e51f3fb1392dce57db4e0e,22d922081249a5dd7137014ba9d33c6e,1c37c1f6a3c0d722f0567981791ef418,e97f4a8507b8b366b3f4d1eb76979ada,c761845bc268c14df0c4c123f7d7d357,000000041,000000042,871bb52f3c36c9bf09c318e57dfb0051,e3d2d650b0bf62ddd062c63bd21d5d9d,000000022,000000025,000000027,e9dd4514603b9e94a0db00d1fcb304ef,4f2bf15c1a66de4db5bc851c7519080d,7780a47505ddd0d890f8104292b59905,000000029,804850350f968ccb2acc89e343d20d3e,16b44d66c30d3a23862693809c3acde6,2039866c87f550cfb1032bb4f0aa0960,c5f6f7f1e0f222e1e43bf87933d8bd88,000000035,e3750cea6662a46b5abff7afc87d60ab,f24427ecf4cc98635798178191182858,5730df904631f764e8de0adbc8a3bd7f,7a2fcca04d70ecb6fafa32f741efa768,000000043,d71d155691d91e5baeaf9a126099bd77,ac046e3ca67c63abd79fd3661dcd399a,b7a67947c868a54ee15baac363830a32,6bba2d1839931e91f1bf78bd058854a4,a2e8c8dd0e9de8fd7b21b21dfa5d7527,c7e629a9e346146d7b32a0124a71573d,e855a90cd7c0030a846bf8f8232e7a82,4d6a24c4bb33b88aad780caf2975a8d1,cc1601226095d3b81a0e8021fe9527f9,bf4a9911b100e7550f51ef278f5cca9f,6a1ecb016973bef7a01d59e4402feaf2,e83cb50dba9d1e23ed37f7308f84c62a,d44abd17bc9d68a75111351d19657a94,ebcf87d89577ce4c418da16f61d008a6,11e4a9efea95652c48820aab64278d5d,bb8e53117d853d6471282867cb421782,010c6eafd8af7089819b4898baf9c557', '[{\"id\":\"000000017\",\"index\":1,\"is_title\":true,\"value\":\"\"},{\"id\":\"000000014\",\"index\":2,\"is_title\":false,\"value\":\"000000011\"},{\"id\":\"000000003\",\"index\":3,\"is_title\":false,\"value\":\"000012\"},{\"id\":\"000000025\",\"index\":4,\"is_title\":false,\"value\":\"\"},{\"id\":\"000000004\",\"index\":5,\"is_title\":false,\"value\":\"#000000\"},{\"id\":\"000000001\",\"index\":6,\"is_title\":false,\"value\":\"704\"},{\"id\":\"000000027\",\"index\":7,\"is_title\":false,\"value\":12},{\"id\":\"000000028\",\"index\":8,\"is_title\":false,\"value\":\"u0431u044bu0441u0442u0440u0430u044f u0437u0430u0440u044fu0434u043au0430; u0441u043au0430u043du0435u0440 u043eu0442u043fu0435u0447u0430u0442u043au0430 u043fu0430u043bu044cu0446u0430; u0442u0435u0445u043du043eu043bu043eu0433u0438u044f u0440u0430u0441u043fu043eu0437u043du0430u0432u0430u043du0438u044f u043bu0438u0446u0430\"},{\"id\":\"000000032\",\"index\":9,\"is_title\":true,\"value\":\"\"},{\"id\":\"000000029\",\"index\":10,\"is_title\":false,\"value\":6.7},{\"id\":\"000000036\",\"index\":11,\"is_title\":false,\"value\":\"000000041\"},{\"id\":\"000000037\",\"index\":12,\"is_title\":false,\"value\":\"000000042\"},{\"id\":\"000000038\",\"index\":13,\"is_title\":false,\"value\":true},{\"id\":\"000000039\",\"index\":14,\"is_title\":true,\"value\":\"\"},{\"id\":\"000000040\",\"index\":15,\"is_title\":false,\"value\":\"000000022\"},{\"id\":\"000000041\",\"index\":16,\"is_title\":false,\"value\":\"000000025\"},{\"id\":\"000000042\",\"index\":17,\"is_title\":false,\"value\":\"000000027\"},{\"id\":\"000000043\",\"index\":18,\"is_title\":false,\"value\":\"Snapdragon 720G\"},{\"id\":\"000000044\",\"index\":19,\"is_title\":false,\"value\":8},{\"id\":\"000000045\",\"index\":20,\"is_title\":false,\"value\":1700},{\"id\":\"000000046\",\"index\":21,\"is_title\":false,\"value\":\"000000029\"},{\"id\":\"000000047\",\"index\":22,\"is_title\":true,\"value\":\"\"},{\"id\":\"000000048\",\"index\":23,\"is_title\":false,\"value\":\"Blueooth 5.0\"},{\"id\":\"000000049\",\"index\":24,\"is_title\":false,\"value\":\"3G; 4G; Wi-Fi; LTE-A\"},{\"id\":\"000000050\",\"index\":25,\"is_title\":false,\"value\":\"A-GPS; u0413u041bu041eu041du0410u0421u0421; Galileo; QZSS\"},{\"id\":\"000000051\",\"index\":26,\"is_title\":false,\"value\":\"000000035\"},{\"id\":\"000000052\",\"index\":27,\"is_title\":false,\"value\":\"nano SIM\"},{\"id\":\"000000053\",\"index\":28,\"is_title\":true,\"value\":\"\"},{\"id\":\"000000054\",\"index\":29,\"is_title\":false,\"value\":\"Li-polymer\"},{\"id\":\"000000055\",\"index\":30,\"is_title\":false,\"value\":5000},{\"id\":\"000000056\",\"index\":31,\"is_title\":false,\"value\":\"000000043\"},{\"id\":\"000000057\",\"index\":32,\"is_title\":true,\"value\":\"\"},{\"id\":\"000000058\",\"index\":33,\"is_title\":false,\"value\":12},{\"id\":\"000000059\",\"index\":34,\"is_title\":false,\"value\":12},{\"id\":\"000000060\",\"index\":35,\"is_title\":false,\"value\":\"u0430u0432u0442u043eu043cu0430u0442u0438u0447u0435u0441u043au0430u044f u0444u043eu043au0443u0441u0438u0440u043eu0432u043au0430\"},{\"id\":\"000000061\",\"index\":36,\"is_title\":false,\"value\":\"AAC; AMR; APE; FLAC; M4V; MKV; MP3; MP4; WAV; XviD\"},{\"id\":\"000000062\",\"index\":37,\"is_title\":false,\"value\":true},{\"id\":\"000000063\",\"index\":38,\"is_title\":false,\"value\":\"u0430u0432u0442u043eu043cu0430u0442u0438u0447u0435u0441u043au0430u044f u0444u043eu043au0443u0441u0438u0440u043eu0432u043au0430; u0432u0441u043fu044bu0448u043au0430\"},{\"id\":\"000000064\",\"index\":39,\"is_title\":true,\"value\":\"\"},{\"id\":\"000000065\",\"index\":40,\"is_title\":false,\"value\":\"u0434u043eu043au0443u043cu0435u043du0442u0430u0446u0438u044f; u0447u0435u0445u043eu043b; USB-u043au0430u0431u0435u043bu044c; u0430u0434u0430u043fu0442u0435u0440; u0433u0430u0440u0430u043du0442u0438u0439u043du044bu0439 u0442u0430u043bu043eu043d\"},{\"id\":\"000000066\",\"index\":41,\"is_title\":false,\"value\":\"IP67\"},{\"id\":\"000000067\",\"index\":42,\"is_title\":false,\"value\":\"u041du0435 u0442u0440u0435u0431u0443u0435u0442 u0441u043fu0435u0446u0438u0430u043bu044cu043du044bu0445 u0443u0441u043bu043eu0432u0438u0439\"},{\"id\":\"000000068\",\"index\":43,\"is_title\":false,\"value\":true},{\"id\":\"000000069\",\"index\":44,\"is_title\":true,\"value\":\"\"},{\"id\":\"000000005\",\"index\":45,\"is_title\":false,\"value\":75.7},{\"id\":\"000000006\",\"index\":46,\"is_title\":false,\"value\":8.3},{\"id\":\"000000007\",\"index\":47,\"is_title\":false,\"value\":159},{\"id\":\"000000008\",\"index\":48,\"is_title\":false,\"value\":194}]', '000012');
INSERT INTO `product` (`id`, `provider_id`, `category_id`, `title`, `description`, `vendor_code`, `param_value_list`, `param_variable_list`, `brand_id`) VALUES
('000000000025', '00004', '000000006', 'Смартфон Samsung Galaxy A72 128Gb (Зеленовато-лимонный)', 'Играть, смотреть фильмы, бродить по сети и работать в многозадачном режиме без перерыва на ярком 6.5-дюймовом sAMOLED экране с FHD+ разрешением. Четыре камеры для снимков с глубокой перспективой. Основная камера 48МП создана для ярких и четких снимков сверхвысокого разрешения днем и ночью. Сверхширокоугольная камера 12МП позволит снять великолепные пейзажи и сделать групповые снимки. Зафиксируйте мельчайшие детали с камерой для макросъемки 5МП, а для создания красивых портретов с эффектом размытия фона достаточно переключиться на камеру 5МП с датчиком глубины и поддержкой режима \"Живой фокус\". Galaxy A51 оснащен быстрым процессором и вместительным хранилищем. Улучшенный 8-ядерный процессор, 4 ГБ оперативной памяти и 64 ГБ встроенной памяти обеспечат плавную и эффективную работу любых приложений.', '14044012', 'c6fd1779e83ae9a7aa436b2241ddb679,000000011,681fa69a85c1a541c7455d9b389b9c77,b5bd4186cf13862b53a10bd996a3a3ad,32ff205a3d9a5174b164e92f8904fb6e,e11896f6a8b2204de72874cb009f4794,81af5ddc9d41c8a523fbbca5f55bef20,d7a285e8bf3d4f0946fc2383a6215121,262c19ce4e05a0567264169b2d10d59f,000000040,000000042,cdf922a41ef57a3cd7a6d6c3df421293,7b3923a65465e487e752e33608b1a4ba,000000022,000000025,000000027,44ab8d95105ff511a64c7a802af4298b,9d2b925d2f43b57800f796a21335efbb,ef4539b42d0e27552c776ab9b0029d0b,000000029,27e4c3d32b09072406f4a4b4bf0fab57,c20168b9d92f5f6c9073d8ebad701009,b7abadc56cbb704a4a29a716a6d8543b,f2b7802b92970ea7e7ff204d560de5e3,000000035,35678d76935ee775c09f162e62771ca1,3bcd4a5200a0c526b49ba20c46f420dc,3091adc135278172d91cdd0aec458943,e8f159a218b1314d481fefca0b16616c,000000043,51b3686632cc3a39f2f5bf41a999e8e6,0fa456a248d0d7d369ab050dc49cb1c6,a26d8b88e0a033e62d64689343c0a451,8ce3f27724f422f7ff3aeec53a41d10c,99e65c877179184936ca2d93a932c749,d4b69326a204962f27222292f99d50e6,e6f1244039706bc204e1241c468985d4,e02ec0f75596ff6902f6ff1655951dc5,e69f2f1a74fad6fe4be53a6bf391fc6f,8d6915f6a51e06becb57f32959f3a844,46f432a59cc43cedc78ef5bfadaac10e,3a2e8f18155864fb1605ff439c7f111d,6f32b8a6580bcf19880b204eb862cc83,81066cbddb7d371f98188995627c5139,730bbfb16360995378e34652ebfa3361,edf3ffb5c1b31ce03d565bec10868e9b,1a3ca1bf2c2a97006982a4b2a49039ac', '[{\"id\":\"000000017\",\"index\":1,\"is_title\":true,\"value\":\"\"},{\"id\":\"000000014\",\"index\":2,\"is_title\":false,\"value\":\"000000011\"},{\"id\":\"000000003\",\"index\":3,\"is_title\":false,\"value\":\"000012\"},{\"id\":\"000000025\",\"index\":4,\"is_title\":false,\"value\":\"\"},{\"id\":\"000000004\",\"index\":5,\"is_title\":false,\"value\":\"#00FF00\"},{\"id\":\"000000001\",\"index\":6,\"is_title\":false,\"value\":\"704\"},{\"id\":\"000000027\",\"index\":7,\"is_title\":false,\"value\":12},{\"id\":\"000000028\",\"index\":8,\"is_title\":false,\"value\":\"u0431u044bu0441u0442u0440u0430u044f u0437u0430u0440u044fu0434u043au0430; u0441u043au0430u043du0435u0440 u043eu0442u043fu0435u0447u0430u0442u043au0430 u043fu0430u043bu044cu0446u0430; u0442u0435u0445u043du043eu043bu043eu0433u0438u044f u0440u0430u0441u043fu043eu0437u043du0430u0432u0430u043du0438u044f u043bu0438u0446u0430\"},{\"id\":\"000000032\",\"index\":9,\"is_title\":true,\"value\":\"\"},{\"id\":\"000000029\",\"index\":10,\"is_title\":false,\"value\":6.7},{\"id\":\"000000036\",\"index\":11,\"is_title\":false,\"value\":\"000000040\"},{\"id\":\"000000037\",\"index\":12,\"is_title\":false,\"value\":\"000000042\"},{\"id\":\"000000038\",\"index\":13,\"is_title\":false,\"value\":true},{\"id\":\"000000039\",\"index\":14,\"is_title\":true,\"value\":\"\"},{\"id\":\"000000040\",\"index\":15,\"is_title\":false,\"value\":\"000000022\"},{\"id\":\"000000041\",\"index\":16,\"is_title\":false,\"value\":\"000000025\"},{\"id\":\"000000042\",\"index\":17,\"is_title\":false,\"value\":\"000000027\"},{\"id\":\"000000043\",\"index\":18,\"is_title\":false,\"value\":\"Snapdragon 720G\"},{\"id\":\"000000044\",\"index\":19,\"is_title\":false,\"value\":8},{\"id\":\"000000045\",\"index\":20,\"is_title\":false,\"value\":1700},{\"id\":\"000000046\",\"index\":21,\"is_title\":false,\"value\":\"000000029\"},{\"id\":\"000000047\",\"index\":22,\"is_title\":true,\"value\":\"\"},{\"id\":\"000000048\",\"index\":23,\"is_title\":false,\"value\":\"Blueooth 5.0\"},{\"id\":\"000000049\",\"index\":24,\"is_title\":false,\"value\":\"3G; 4G; Wi-Fi; LTE-A\"},{\"id\":\"000000050\",\"index\":25,\"is_title\":false,\"value\":\"A-GPS; u0413u041bu041eu041du0410u0421u0421; Galileo; QZSS\"},{\"id\":\"000000051\",\"index\":26,\"is_title\":false,\"value\":\"000000035\"},{\"id\":\"000000052\",\"index\":27,\"is_title\":false,\"value\":\"nano SIM\"},{\"id\":\"000000053\",\"index\":28,\"is_title\":true,\"value\":\"\"},{\"id\":\"000000054\",\"index\":29,\"is_title\":false,\"value\":\"Li-polymer\"},{\"id\":\"000000055\",\"index\":30,\"is_title\":false,\"value\":5000},{\"id\":\"000000056\",\"index\":31,\"is_title\":false,\"value\":\"000000043\"},{\"id\":\"000000057\",\"index\":32,\"is_title\":true,\"value\":\"\"},{\"id\":\"000000058\",\"index\":33,\"is_title\":false,\"value\":12},{\"id\":\"000000059\",\"index\":34,\"is_title\":false,\"value\":12},{\"id\":\"000000060\",\"index\":35,\"is_title\":false,\"value\":\"u0430u0432u0442u043eu043cu0430u0442u0438u0447u0435u0441u043au0430u044f u0444u043eu043au0443u0441u0438u0440u043eu0432u043au0430\"},{\"id\":\"000000061\",\"index\":36,\"is_title\":false,\"value\":\"AAC; AMR; APE; FLAC; M4V; MKV; MP3; MP4; WAV; XviD\"},{\"id\":\"000000062\",\"index\":37,\"is_title\":false,\"value\":true},{\"id\":\"000000063\",\"index\":38,\"is_title\":false,\"value\":\"u0430u0432u0442u043eu043cu0430u0442u0438u0447u0435u0441u043au0430u044f u0444u043eu043au0443u0441u0438u0440u043eu0432u043au0430; u0432u0441u043fu044bu0448u043au0430\"},{\"id\":\"000000064\",\"index\":39,\"is_title\":true,\"value\":\"\"},{\"id\":\"000000065\",\"index\":40,\"is_title\":false,\"value\":\"u0434u043eu043au0443u043cu0435u043du0442u0430u0446u0438u044f; u0447u0435u0445u043eu043b; USB-u043au0430u0431u0435u043bu044c; u0430u0434u0430u043fu0442u0435u0440; u0433u0430u0440u0430u043du0442u0438u0439u043du044bu0439 u0442u0430u043bu043eu043d\"},{\"id\":\"000000066\",\"index\":41,\"is_title\":false,\"value\":\"IP67\"},{\"id\":\"000000067\",\"index\":42,\"is_title\":false,\"value\":\"u041du0435 u0442u0440u0435u0431u0443u0435u0442 u0441u043fu0435u0446u0438u0430u043bu044cu043du044bu0445 u0443u0441u043bu043eu0432u0438u0439\"},{\"id\":\"000000068\",\"index\":43,\"is_title\":false,\"value\":true},{\"id\":\"000000069\",\"index\":44,\"is_title\":true,\"value\":\"\"},{\"id\":\"000000005\",\"index\":45,\"is_title\":false,\"value\":75.7},{\"id\":\"000000006\",\"index\":46,\"is_title\":false,\"value\":8.3},{\"id\":\"000000007\",\"index\":47,\"is_title\":false,\"value\":159},{\"id\":\"000000008\",\"index\":48,\"is_title\":false,\"value\":194}]', '000012'),
('000000000026', '00004', '000000006', 'Смартфон Samsung Galaxy S21 256Gb (белый)', 'Новый флагман получил впечатляющий, запоминающийся дизайн, камеру профессионального уровня, подходящую и для новичков, и для фотографов со стажем, а также самый производительный процессор в истории Galaxy. Каждое устройство в серии предлагает эффективность и возможности для связи, которые может обеспечить только Samsung.', '18693919', '4348a4d2235db06bb09716223bbcbc58,000000011,99e7a3dce3c223c6055c367f9c32d2a7,a0f91773ab244c3c8410fb316b5f18b4,6b335f875a7029be6840e05a6bedf195,07eb1de16a91f21862e3744abcba7ed5,e192658e3f3b0f1bb0961f02e42ea350,406a44a6369577ba7239041fc23c35c6,b1f8bd2a9819028704f2c3e4fbf1dd9e,000000039,000000017,9777805bfe20ab75377f975e0c83adff,905a303bc7922c68e5631ecbed56475e,000000045,000000023,000000027,a8aa22a5b979774c8bd05980abc86cc2,92f69774bcfea1cf61508ff6e45e49f3,5919c9ff47cf72d8185edeeff913106b,000000029,b7ea0f018eb7b03fe61de0f3f2653be6,102fa01f9ffefc904964c870aa39ddaf,c1d6545d421c1bea903293333641f85c,d6dff5d26e7990fa31ef817e33237464,000000034,ecac1601cc6f695b363eb0ea1d7cf1c1,b1c32d61d05ea8b192a34369875fecf1,8fcd3ec7fc0ffbd3ac5cd2708d56e116,dfb6943f855078a4347282db65a6740f,000000043,16890d39eda48b8d33fe20dc8b072af6,713db99282b75b2171e331ba059a91ba,1447c77f25d88d79fb6ef5e696a5868d,895d59e14aa4cf92fe961c468a426137,3f79d84ca2db1e1020fa2642fe29136b,211c126602eb3f64578ee17999fead37,08706f14e82b469667997aeba8afa849,cf7733d64354e745185a6783cfff755d,a2f46c71d582b5e2bc9704e9e123017d,36d1ef139b280f818d76535f8b06a74f,a20d51b84f5ecd97e65e93cf933e4a5b,7b05e6891777ab95654b9f7041d292eb,77602f14a01840d3bbc1c15131a9ccbc,ed11b6f5c0a6858edfdb16aa77b11f5f,d2ab985a606f2f88174353616d72e94e,610d912feea04c038e3459b404e9819d,744e995ea91d81c90201034201851d66', '[{\"id\":\"000000017\",\"index\":1,\"is_title\":true,\"value\":\"\"},{\"id\":\"000000014\",\"index\":2,\"is_title\":false,\"value\":\"000000011\"},{\"id\":\"000000003\",\"index\":3,\"is_title\":false,\"value\":\"000012\"},{\"id\":\"000000025\",\"index\":4,\"is_title\":false,\"value\":\"\"},{\"id\":\"000000004\",\"index\":5,\"is_title\":false,\"value\":\"#FFFFFF\"},{\"id\":\"000000001\",\"index\":6,\"is_title\":false,\"value\":\"704\"},{\"id\":\"000000027\",\"index\":7,\"is_title\":false,\"value\":12},{\"id\":\"000000028\",\"index\":8,\"is_title\":false,\"value\":\"u0431u0435u0441u043fu0440u043eu0432u043eu0434u043du0430u044f u0437u0430u0440u044fu0434u043au0430; u0431u044bu0441u0442u0440u0430u044f u0437u0430u0440u044fu0434u043au0430\"},{\"id\":\"000000032\",\"index\":9,\"is_title\":true,\"value\":\"\"},{\"id\":\"000000029\",\"index\":10,\"is_title\":false,\"value\":6.2},{\"id\":\"000000036\",\"index\":11,\"is_title\":false,\"value\":\"000000039\"},{\"id\":\"000000037\",\"index\":12,\"is_title\":false,\"value\":\"000000017\"},{\"id\":\"000000038\",\"index\":13,\"is_title\":false,\"value\":true},{\"id\":\"000000039\",\"index\":14,\"is_title\":true,\"value\":\"\"},{\"id\":\"000000040\",\"index\":15,\"is_title\":false,\"value\":\"000000045\"},{\"id\":\"000000041\",\"index\":16,\"is_title\":false,\"value\":\"000000023\"},{\"id\":\"000000042\",\"index\":17,\"is_title\":false,\"value\":\"000000027\"},{\"id\":\"000000043\",\"index\":18,\"is_title\":false,\"value\":\"Snapdragon 720G\"},{\"id\":\"000000044\",\"index\":19,\"is_title\":false,\"value\":8},{\"id\":\"000000045\",\"index\":20,\"is_title\":false,\"value\":1700},{\"id\":\"000000046\",\"index\":21,\"is_title\":false,\"value\":\"000000029\"},{\"id\":\"000000047\",\"index\":22,\"is_title\":true,\"value\":\"\"},{\"id\":\"000000048\",\"index\":23,\"is_title\":false,\"value\":\"Blueooth 5.0\"},{\"id\":\"000000049\",\"index\":24,\"is_title\":false,\"value\":\"3G; 4G; Wi-Fi; LTE-A\"},{\"id\":\"000000050\",\"index\":25,\"is_title\":false,\"value\":\"A-GPS; u0413u041bu041eu041du0410u0421u0421; Galileo; QZSS\"},{\"id\":\"000000051\",\"index\":26,\"is_title\":false,\"value\":\"000000034\"},{\"id\":\"000000052\",\"index\":27,\"is_title\":false,\"value\":\"nano SIM\"},{\"id\":\"000000053\",\"index\":28,\"is_title\":true,\"value\":\"\"},{\"id\":\"000000054\",\"index\":29,\"is_title\":false,\"value\":\"Li-polymer\"},{\"id\":\"000000055\",\"index\":30,\"is_title\":false,\"value\":5000},{\"id\":\"000000056\",\"index\":31,\"is_title\":false,\"value\":\"000000043\"},{\"id\":\"000000057\",\"index\":32,\"is_title\":true,\"value\":\"\"},{\"id\":\"000000058\",\"index\":33,\"is_title\":false,\"value\":12},{\"id\":\"000000059\",\"index\":34,\"is_title\":false,\"value\":12},{\"id\":\"000000060\",\"index\":35,\"is_title\":false,\"value\":\"u0430u0432u0442u043eu043cu0430u0442u0438u0447u0435u0441u043au0430u044f u0444u043eu043au0443u0441u0438u0440u043eu0432u043au0430\"},{\"id\":\"000000061\",\"index\":36,\"is_title\":false,\"value\":\"AAC; AMR; APE; FLAC; M4V; MKV; MP3; MP4; WAV; XviD\"},{\"id\":\"000000062\",\"index\":37,\"is_title\":false,\"value\":true},{\"id\":\"000000063\",\"index\":38,\"is_title\":false,\"value\":\"u0430u0432u0442u043eu043cu0430u0442u0438u0447u0435u0441u043au0430u044f u0444u043eu043au0443u0441u0438u0440u043eu0432u043au0430; u0432u0441u043fu044bu0448u043au0430\"},{\"id\":\"000000064\",\"index\":39,\"is_title\":true,\"value\":\"\"},{\"id\":\"000000065\",\"index\":40,\"is_title\":false,\"value\":\"u0434u043eu043au0443u043cu0435u043du0442u0430u0446u0438u044f; u0447u0435u0445u043eu043b; USB-u043au0430u0431u0435u043bu044c; u0430u0434u0430u043fu0442u0435u0440; u0433u0430u0440u0430u043du0442u0438u0439u043du044bu0439 u0442u0430u043bu043eu043d\"},{\"id\":\"000000066\",\"index\":41,\"is_title\":false,\"value\":\"IP67\"},{\"id\":\"000000067\",\"index\":42,\"is_title\":false,\"value\":\"u041du0435 u0442u0440u0435u0431u0443u0435u0442 u0441u043fu0435u0446u0438u0430u043bu044cu043du044bu0445 u0443u0441u043bu043eu0432u0438u0439\"},{\"id\":\"000000068\",\"index\":43,\"is_title\":false,\"value\":true},{\"id\":\"000000069\",\"index\":44,\"is_title\":true,\"value\":\"\"},{\"id\":\"000000005\",\"index\":45,\"is_title\":false,\"value\":75.7},{\"id\":\"000000006\",\"index\":46,\"is_title\":false,\"value\":8.3},{\"id\":\"000000007\",\"index\":47,\"is_title\":false,\"value\":159},{\"id\":\"000000008\",\"index\":48,\"is_title\":false,\"value\":194}]', '000012'),
('000000000027', '00004', '000000006', 'Смартфон Samsung Galaxy S21 256Gb (серый)', 'Новый флагман получил впечатляющий, запоминающийся дизайн, камеру профессионального уровня, подходящую и для новичков, и для фотографов со стажем, а также самый производительный процессор в истории Galaxy. Каждое устройство в серии предлагает эффективность и возможности для связи, которые может обеспечить только Samsung.', '18592983', 'fc2d8c4e39805b0dbee323a607544e86,000000011,43b2760c77dd7a2ca692e8127226777f,0f9834cb2a784ab8dcd13bf6a0ea6943,92268468f3d669a04d82b709c19310f3,089d1efc8d8103b4235cb1eeae33bd7f,a1356b46b3ab11e257aa6603e6723781,706bf69349fd207037dc78bea7174184,888069eb89292c494859e0f4d36add21,000000039,000000017,b73ddecbbf0a4f8850b7fc5fbc5f1c92,7b7db22fea4f042e4ca0fb642113c692,000000045,000000023,000000027,6b6c78274b42404f0025d8e680f6bda3,e7b70c95800dce2d0de83a29d05e86af,6bf491bb2866331a8bd7da5ddd6fd545,000000029,5de960e7d75c7f68a90efa8bd32a384e,1437bcb464518ff5fd64af128a2ac23c,c5fbda70f8cebf4185bec83fd14d6ab1,d56f88e75872a775ba38f4ecf825e196,000000034,a7bb1190eae58342e0a6693c896f09d1,beb9656e8594e44d6bdd08cd6aa6fe8c,501db5e89719c5cbf5c004121c25bb84,6079910f9abd494435360139db0aa698,000000043,30db029d780f0668a9a0a26cdccab272,240ed0c2c58ed76fc7a6da38c853454c,7e8d9616a3a9498005393487ef93dd72,a526f15dacb1976a8ba4d8096e081d85,cca007332ff409e7b2efac869d1b4710,8ae26047da3597383d3ae44a19cde11c,99c90c991d0ec0a3431be584629dcc6f,a5bc8c1d96ac8199c162067a5a2f639a,9255196a643d61f93f4014b4573e1167,7d20cfecaed615014b5c0f749532fc61,3bcb84e32c6e921ac720c201ae11d8fc,25f852f4fb4fdca2c5c2c75e99206bf0,8af624d107a144227aca996d989e1403,e1dd9be98dbe90b0dc8e4409bf42cd0a,454ba57f70f1a1dea2fabd8c476094f8,4d00e3414967131cf04b529e17c124b2,c56e7edfb50b827ce759101f210cab0c', '[{\"id\":\"000000017\",\"index\":1,\"is_title\":true,\"value\":\"\"},{\"id\":\"000000014\",\"index\":2,\"is_title\":false,\"value\":\"000000011\"},{\"id\":\"000000003\",\"index\":3,\"is_title\":false,\"value\":\"000012\"},{\"id\":\"000000025\",\"index\":4,\"is_title\":false,\"value\":\"\"},{\"id\":\"000000004\",\"index\":5,\"is_title\":false,\"value\":\"\"},{\"id\":\"000000001\",\"index\":6,\"is_title\":false,\"value\":\"704\"},{\"id\":\"000000027\",\"index\":7,\"is_title\":false,\"value\":12},{\"id\":\"000000028\",\"index\":8,\"is_title\":false,\"value\":\"u0431u0435u0441u043fu0440u043eu0432u043eu0434u043du0430u044f u0437u0430u0440u044fu0434u043au0430; u0431u044bu0441u0442u0440u0430u044f u0437u0430u0440u044fu0434u043au0430\"},{\"id\":\"000000032\",\"index\":9,\"is_title\":true,\"value\":\"\"},{\"id\":\"000000029\",\"index\":10,\"is_title\":false,\"value\":6.2},{\"id\":\"000000036\",\"index\":11,\"is_title\":false,\"value\":\"000000039\"},{\"id\":\"000000037\",\"index\":12,\"is_title\":false,\"value\":\"000000017\"},{\"id\":\"000000038\",\"index\":13,\"is_title\":false,\"value\":true},{\"id\":\"000000039\",\"index\":14,\"is_title\":true,\"value\":\"\"},{\"id\":\"000000040\",\"index\":15,\"is_title\":false,\"value\":\"000000045\"},{\"id\":\"000000041\",\"index\":16,\"is_title\":false,\"value\":\"000000023\"},{\"id\":\"000000042\",\"index\":17,\"is_title\":false,\"value\":\"000000027\"},{\"id\":\"000000043\",\"index\":18,\"is_title\":false,\"value\":\"Snapdragon 720G\"},{\"id\":\"000000044\",\"index\":19,\"is_title\":false,\"value\":8},{\"id\":\"000000045\",\"index\":20,\"is_title\":false,\"value\":1700},{\"id\":\"000000046\",\"index\":21,\"is_title\":false,\"value\":\"000000029\"},{\"id\":\"000000047\",\"index\":22,\"is_title\":true,\"value\":\"\"},{\"id\":\"000000048\",\"index\":23,\"is_title\":false,\"value\":\"Blueooth 5.0\"},{\"id\":\"000000049\",\"index\":24,\"is_title\":false,\"value\":\"3G; 4G; Wi-Fi; LTE-A\"},{\"id\":\"000000050\",\"index\":25,\"is_title\":false,\"value\":\"A-GPS; u0413u041bu041eu041du0410u0421u0421; Galileo; QZSS\"},{\"id\":\"000000051\",\"index\":26,\"is_title\":false,\"value\":\"000000034\"},{\"id\":\"000000052\",\"index\":27,\"is_title\":false,\"value\":\"nano SIM\"},{\"id\":\"000000053\",\"index\":28,\"is_title\":true,\"value\":\"\"},{\"id\":\"000000054\",\"index\":29,\"is_title\":false,\"value\":\"Li-polymer\"},{\"id\":\"000000055\",\"index\":30,\"is_title\":false,\"value\":5000},{\"id\":\"000000056\",\"index\":31,\"is_title\":false,\"value\":\"000000043\"},{\"id\":\"000000057\",\"index\":32,\"is_title\":true,\"value\":\"\"},{\"id\":\"000000058\",\"index\":33,\"is_title\":false,\"value\":12},{\"id\":\"000000059\",\"index\":34,\"is_title\":false,\"value\":12},{\"id\":\"000000060\",\"index\":35,\"is_title\":false,\"value\":\"u0430u0432u0442u043eu043cu0430u0442u0438u0447u0435u0441u043au0430u044f u0444u043eu043au0443u0441u0438u0440u043eu0432u043au0430\"},{\"id\":\"000000061\",\"index\":36,\"is_title\":false,\"value\":\"AAC; AMR; APE; FLAC; M4V; MKV; MP3; MP4; WAV; XviD\"},{\"id\":\"000000062\",\"index\":37,\"is_title\":false,\"value\":true},{\"id\":\"000000063\",\"index\":38,\"is_title\":false,\"value\":\"u0430u0432u0442u043eu043cu0430u0442u0438u0447u0435u0441u043au0430u044f u0444u043eu043au0443u0441u0438u0440u043eu0432u043au0430; u0432u0441u043fu044bu0448u043au0430\"},{\"id\":\"000000064\",\"index\":39,\"is_title\":true,\"value\":\"\"},{\"id\":\"000000065\",\"index\":40,\"is_title\":false,\"value\":\"u0434u043eu043au0443u043cu0435u043du0442u0430u0446u0438u044f; u0447u0435u0445u043eu043b; USB-u043au0430u0431u0435u043bu044c; u0430u0434u0430u043fu0442u0435u0440; u0433u0430u0440u0430u043du0442u0438u0439u043du044bu0439 u0442u0430u043bu043eu043d\"},{\"id\":\"000000066\",\"index\":41,\"is_title\":false,\"value\":\"IP67\"},{\"id\":\"000000067\",\"index\":42,\"is_title\":false,\"value\":\"u041du0435 u0442u0440u0435u0431u0443u0435u0442 u0441u043fu0435u0446u0438u0430u043bu044cu043du044bu0445 u0443u0441u043bu043eu0432u0438u0439\"},{\"id\":\"000000068\",\"index\":43,\"is_title\":false,\"value\":true},{\"id\":\"000000069\",\"index\":44,\"is_title\":true,\"value\":\"\"},{\"id\":\"000000005\",\"index\":45,\"is_title\":false,\"value\":75.7},{\"id\":\"000000006\",\"index\":46,\"is_title\":false,\"value\":8.3},{\"id\":\"000000007\",\"index\":47,\"is_title\":false,\"value\":159},{\"id\":\"000000008\",\"index\":48,\"is_title\":false,\"value\":194}]', '000012'),
('000000000007', '00005', '000000020', 'Ноутбук Acer Nitro 5 AN515-43-R45P черный', '', '1645276', '', '[{\"id\":\"000000014\",\"index\":1,\"is_title\":false,\"value\":\"\"},{\"id\":\"000000033\",\"index\":2,\"is_title\":false,\"value\":\"\"}]', '000005'),
('000000000008', '00005', '000000020', 'Ноутбук Lenovo IdeaPad 3 Gaming 15IMH05 черный', '', '1655081', '', '[{\"id\":\"000000014\",\"index\":1,\"is_title\":false,\"value\":\"\"},{\"id\":\"000000033\",\"index\":2,\"is_title\":false,\"value\":\"\"}]', '000006'),
('000000000009', '00005', '000000020', 'Ноутбук ASUS TUF Gaming FX505DT-HN564T черный', 'Производительность ноутбука ASUS TUF Gaming FX505DT-HN507T обеспечивается четырехъядерным процессором AMD Ryzen 5 3550H с рабочей частотой 2.1 ГГц, Он обладает широким функционалом, может использоваться для динамичных игр, выполнения других операций, касающихся учебы или работы. Отличается прекрасной графикой, чистым звуком, четким и ярким изображением.\n\nНоутбук ASUS TUF Gaming FX505DT-HN507T оснащен экраном диагональю 15.6 дюйма с матрицей IPS и с разрешением 1920х1080. Лэптоп может использоваться для просмотра фильмов и сериалов, для работы с видеоконтентом различного содержания. Поддерживает технологии Wi-Fi и Bluetooth. Для долгосрочного хранения данных на SSD диске предусмотрено 256 Гб. Для подключения сторонних устройств и носителей информации используются предусмотренные порты и разъемы. Литий-ионная батарея обеспечивает автономную работу в течение нескольких часов.', '1655299', '000000011,000000004', '[{\"id\":\"000000014\",\"index\":1,\"is_title\":false,\"value\":\"000000011\"},{\"id\":\"000000033\",\"index\":2,\"is_title\":false,\"value\":\"000000004\"}]', '000007'),
('000000000010', '00005', '000000020', 'Ноутбук HP Pavilion Gaming 15-ec1086ur черный', '', '4721670', '', '[{\"id\":\"000000014\",\"index\":1,\"is_title\":false,\"value\":\"\"},{\"id\":\"000000033\",\"index\":2,\"is_title\":false,\"value\":\"\"}]', '000008'),
('000000000011', '00005', '000000006', 'Смартфон Nokia 2.4', 'Очень удобный', '4717711', '0efbc27b1ff4e38fb0cda39fdf348afd,000000011,33f56309d5f70c2379e6735b50bcca68,8db74166936f20ba0d505272ca81d001,356c0f8035a22e77529fa3fecaf4b6f0,62389c7d6a402a2e43a531822e8da40d,c1abad4e157809d3b77dcd867af8e78c,4ebe50bef0c8514502bb59cd7454a72f,6f0c21b75d74c2b026d1109141c3bd65,80299a6263f5ba95ea3ce41e3b2a05de,77d1159d8c6ab5dd3797ca870a537823,c10167da94275fdb6d9e5f15c1d4eae6,fcb4a0d1395b1d33f352adbc679b1b31,c542a69a8f60312a823cb64021c3a573,416d4163807b637672514a3677c80b94,3e32fadcce7de841297dfa6405453f75,68333dfd9c9d6020cd736028272a23c6,69546330ae145c06690fdfaa7bdae6af,d2ba1c67b36a011a6c232399228004d1,c7795bcdaed0177c783a8de363151a14,50fa7aeb368052776857b2e7ff1190df,caa3e0b81e53a9cffeb49068aa03d2bd,6e45715b751c44f0fe7c86ddd192811c,e97826de8db8eda8cfe62630a1882d8e,c1fc0a958c4f293cb5c0044e9d03ef59,976f362a21180abeccd8f8f7270e78ba,5ea7f1fe3607b074580d6785e58c60d0,077790f7e163a7833baf4f86f49cdc73,7ce1376bdde6e37e7c2baf57f624b682,f9ec4adb90ef240db75836db9eab12f8,c8adea9ac1455ce0e22d4a7749d733f7,528905c0f9f24e8ddd8955fe5094b9bb,df0bd1b50f0c28c253cabd8251d46e96,1eb648c5f6242b2fc8333a8f72aa4181,374c9f6babca8551925753d71f195d7e,979c9b747858dab80d4302193dbc8904,b26ae1e39b25f26489da132fb58fd349,0095235cdcd665b44318ce3b97fa08cf,64f617450fd28a46419112c5ba720a1a', '[{\"id\":\"000000017\",\"index\":1,\"is_title\":true,\"value\":\"\"},{\"id\":\"000000014\",\"index\":2,\"is_title\":false,\"value\":\"000000011\"},{\"id\":\"000000003\",\"index\":3,\"is_title\":false,\"value\":\"000009\"},{\"id\":\"000000025\",\"index\":4,\"is_title\":false,\"value\":\"\"},{\"id\":\"000000004\",\"index\":5,\"is_title\":false,\"value\":\"#000000\"},{\"id\":\"000000001\",\"index\":6,\"is_title\":false,\"value\":\"156\"},{\"id\":\"000000027\",\"index\":7,\"is_title\":false,\"value\":\"\"},{\"id\":\"000000028\",\"index\":8,\"is_title\":false,\"value\":\"\"},{\"id\":\"000000032\",\"index\":9,\"is_title\":true,\"value\":\"\"},{\"id\":\"000000029\",\"index\":10,\"is_title\":false,\"value\":\"\"},{\"id\":\"000000036\",\"index\":11,\"is_title\":false,\"value\":\"\"},{\"id\":\"000000037\",\"index\":12,\"is_title\":false,\"value\":\"\"},{\"id\":\"000000038\",\"index\":13,\"is_title\":false,\"value\":\"\"},{\"id\":\"000000039\",\"index\":14,\"is_title\":true,\"value\":\"\"},{\"id\":\"000000040\",\"index\":15,\"is_title\":false,\"value\":\"\"},{\"id\":\"000000041\",\"index\":16,\"is_title\":false,\"value\":\"\"},{\"id\":\"000000042\",\"index\":17,\"is_title\":false,\"value\":\"\"},{\"id\":\"000000043\",\"index\":18,\"is_title\":false,\"value\":\"\"},{\"id\":\"000000044\",\"index\":19,\"is_title\":false,\"value\":\"\"},{\"id\":\"000000045\",\"index\":20,\"is_title\":false,\"value\":\"\"},{\"id\":\"000000046\",\"index\":21,\"is_title\":false,\"value\":\"\"},{\"id\":\"000000047\",\"index\":22,\"is_title\":true,\"value\":\"\"},{\"id\":\"000000048\",\"index\":23,\"is_title\":false,\"value\":\"\"},{\"id\":\"000000049\",\"index\":24,\"is_title\":false,\"value\":\"\"},{\"id\":\"000000050\",\"index\":25,\"is_title\":false,\"value\":\"\"},{\"id\":\"000000051\",\"index\":26,\"is_title\":false,\"value\":\"\"},{\"id\":\"000000052\",\"index\":27,\"is_title\":false,\"value\":\"\"},{\"id\":\"000000053\",\"index\":28,\"is_title\":true,\"value\":\"\"},{\"id\":\"000000054\",\"index\":29,\"is_title\":false,\"value\":\"\"},{\"id\":\"000000055\",\"index\":30,\"is_title\":false,\"value\":\"\"},{\"id\":\"000000056\",\"index\":31,\"is_title\":false,\"value\":\"\"},{\"id\":\"000000057\",\"index\":32,\"is_title\":true,\"value\":\"\"},{\"id\":\"000000058\",\"index\":33,\"is_title\":false,\"value\":\"\"},{\"id\":\"000000059\",\"index\":34,\"is_title\":false,\"value\":\"\"},{\"id\":\"000000060\",\"index\":35,\"is_title\":false,\"value\":\"\"},{\"id\":\"000000061\",\"index\":36,\"is_title\":false,\"value\":\"\"},{\"id\":\"000000062\",\"index\":37,\"is_title\":false,\"value\":\"\"},{\"id\":\"000000063\",\"index\":38,\"is_title\":false,\"value\":\"\"},{\"id\":\"000000064\",\"index\":39,\"is_title\":true,\"value\":\"\"},{\"id\":\"000000065\",\"index\":40,\"is_title\":false,\"value\":\"\"},{\"id\":\"000000066\",\"index\":41,\"is_title\":false,\"value\":\"\"},{\"id\":\"000000067\",\"index\":42,\"is_title\":false,\"value\":\"\"},{\"id\":\"000000068\",\"index\":43,\"is_title\":false,\"value\":\"\"},{\"id\":\"000000069\",\"index\":44,\"is_title\":true,\"value\":\"\"},{\"id\":\"000000005\",\"index\":45,\"is_title\":false,\"value\":0.1},{\"id\":\"000000006\",\"index\":46,\"is_title\":false,\"value\":0.2},{\"id\":\"000000007\",\"index\":47,\"is_title\":false,\"value\":0.11},{\"id\":\"000000008\",\"index\":48,\"is_title\":false,\"value\":0.17}]', '000009'),
('000000000012', '00005', '000000006', 'Huawei Honor 7A (розовый)', 'Huawei Honor 7A - смартфон с современным дизайном. На передней стороне размещается прочное и красивое 2,5D-стекло.\nТыльная сторона является матовой, а реализована она из высококачественного алюминия.\n\nДисплей в Honor 7A установлен 5,45-дюймовый FullView-дисплей с разрешением 1440x720.\n\nСмартфон Honor 7A оснащен 4-х ядерным процессором Mediatek MT6739. Здесь используются ядра Cortex-A53, которые работают на максимальной частоте 1500 МГц. В устройстве располагается ускоритель графики PowerVR GE8100.\n\nВстроенная память 16 Гб и 2 Гб оперативной памяти, а расширить внутреннее хранилище можно с помощью карт памяти до 256 Гб.\n\nAndroid 8.1 выступает в качестве операционной системы. При этом интерфейс модернизирован благодаря фирменной оболочке EMUI 8.1.\n\nВнутри аппарата находится несъемный аккумулятор с емкостью 3020 мАч.\n\nHuawei Honor 7A поддерживает две Nano-SIM одновременно. При этом карта памяти может быть установлена отдельно.\n\nИмеется встроенное FM-радио, а также модуль LTE.\n\nКамера\nВ Hu', '1678780', 'dffbf7bda66a5f2cffdf817305d14ad5,000000011,08e1ac8d5aaaef8e24a7f5932d28fdf7,000000015,34edadd6ae5d6a4d06b32cabe3eb9d19,3b9f40879d929320cec899b8e33ab1ff,9f1b53f026882639023741b01a7bdd7b,abc687df48f65c8ffc1c1138f89287d1,e233777d58fe26d2f575557261559b11,69409681dae5508b11968896dbef4d49,000000039,000000017,bdcdbad822236cb91411d9c7f9da0ee5,d7da17eab3d01b5075f96db780301596,000000021,000000023,000000026,0bf6d343b664ec7be46d363c1fb6f42f,c6d237b2075e324f62ccfa72770474ae,4759d9ea1d75fe8c0c0063f3f0f991af,000000028,b2336fca023d85c50f14f2d6525e0603,570cefd04f78138a30f70471cdd1e96f,c5c3833f62b60d1515cc19a2bedbfdf4,f7e63f4258fefa74248800966e6e1bd8,000000035,77c86c6ce3d9ab8fbc31b8e74e90c335,8c4aa61a0a764acc8310b9f351b7d7f3,7037ac7cf7560d0ce58fda3b4026a2fa,97b7794b5d534cfb72216ad399e907fd,000000037,d5c7df48bbb89275590966eb462f3d2f,216b3b6c56e1498091cf269b9ea49d66,897034df58b565b5329cb2f1d998437c,7b956358420413194c44e1f8af074e80,ab25e16b1ef8facedc4f59ff99d06159,305811f0e20b5d772d649dc062c163bd,5ba2b69ae2a9f19715a2523671b47edf,6cdcde29b4f06d9a8fcfb73e5ee88923,6e477e814abffbad28dd23a6a766b145,e3ebcaf909ee9bb4a6c9e6f2922bc9d4,5d7acd1c690e03d8cfb3926acb65ba39,59e9d54ed6efe8e31a96d826bb0904b0,106465b9f5bf705f8e72b4a72be259c6,c4e279853d4d9e8faa6691d6202ac949,0b946086b8f9f1fa6f15c62afabb5f11,31c0dc8344ad4069c3e78c23761dae83,8201a2d2456a43086edd7d5f44fdacae', '[{\"id\":\"000000017\",\"index\":1,\"is_title\":true,\"value\":\"\"},{\"id\":\"000000014\",\"index\":2,\"is_title\":false,\"value\":\"000000011\"},{\"id\":\"000000003\",\"index\":3,\"is_title\":false,\"value\":\"000003\"},{\"id\":\"000000025\",\"index\":4,\"is_title\":false,\"value\":\"000000015\"},{\"id\":\"000000004\",\"index\":5,\"is_title\":false,\"value\":\"#DD9CB3\"},{\"id\":\"000000001\",\"index\":6,\"is_title\":false,\"value\":\"156\"},{\"id\":\"000000027\",\"index\":7,\"is_title\":false,\"value\":12},{\"id\":\"000000028\",\"index\":8,\"is_title\":false,\"value\":\"u0441u043au0430u043du0435u0440 u043eu0442u043fu0435u0447u0430u0442u043au0430 u043fu0430u043bu044cu0446u0430; u0431u044bu0441u0442u0440u0430u044f u0437u0430u0440u044fu0434u043au0430; u0442u0435u0445u043du043eu043bu043eu0433u0438u044f u0440u0430u0441u043fu043eu0437u043du0430u0432u0430u043du0438u044f u043bu0438u0446u0430\"},{\"id\":\"000000032\",\"index\":9,\"is_title\":true,\"value\":\"\"},{\"id\":\"000000029\",\"index\":10,\"is_title\":false,\"value\":6.5},{\"id\":\"000000036\",\"index\":11,\"is_title\":false,\"value\":\"000000039\"},{\"id\":\"000000037\",\"index\":12,\"is_title\":false,\"value\":\"000000017\"},{\"id\":\"000000038\",\"index\":13,\"is_title\":false,\"value\":true},{\"id\":\"000000039\",\"index\":14,\"is_title\":true,\"value\":\"\"},{\"id\":\"000000040\",\"index\":15,\"is_title\":false,\"value\":\"000000021\"},{\"id\":\"000000041\",\"index\":16,\"is_title\":false,\"value\":\"000000023\"},{\"id\":\"000000042\",\"index\":17,\"is_title\":false,\"value\":\"000000026\"},{\"id\":\"000000043\",\"index\":18,\"is_title\":false,\"value\":\"MediaTek Helio G35\"},{\"id\":\"000000044\",\"index\":19,\"is_title\":false,\"value\":8},{\"id\":\"000000045\",\"index\":20,\"is_title\":false,\"value\":2000},{\"id\":\"000000046\",\"index\":21,\"is_title\":false,\"value\":\"000000028\"},{\"id\":\"000000047\",\"index\":22,\"is_title\":true,\"value\":\"\"},{\"id\":\"000000048\",\"index\":23,\"is_title\":false,\"value\":\"Wi-Fi; Bluetooth 5.1; IRDA;  USB;  NFC\"},{\"id\":\"000000049\",\"index\":24,\"is_title\":false,\"value\":\"GSM 900/1800/1900; 3G; 4G; LTE; VoLTE\"},{\"id\":\"000000050\",\"index\":25,\"is_title\":false,\"value\":\"u0413u041bu041eu041du0410u0421u0421; GPS; BeiDou; Galileo; GPS; AGPS\"},{\"id\":\"000000051\",\"index\":26,\"is_title\":false,\"value\":\"000000035\"},{\"id\":\"000000052\",\"index\":27,\"is_title\":false,\"value\":\"nano SIM\"},{\"id\":\"000000053\",\"index\":28,\"is_title\":true,\"value\":\"\"},{\"id\":\"000000054\",\"index\":29,\"is_title\":false,\"value\":\"Li-polymer\"},{\"id\":\"000000055\",\"index\":30,\"is_title\":false,\"value\":4500},{\"id\":\"000000056\",\"index\":31,\"is_title\":false,\"value\":\"000000037\"},{\"id\":\"000000057\",\"index\":32,\"is_title\":true,\"value\":\"\"},{\"id\":\"000000058\",\"index\":33,\"is_title\":false,\"value\":64},{\"id\":\"000000059\",\"index\":34,\"is_title\":false,\"value\":8},{\"id\":\"000000060\",\"index\":35,\"is_title\":false,\"value\":\"u043cu0430u043au0440u043e-u043eu0431u044au0435u043au0442u0438u0432; u0430u0432u0442u043eu043cu0430u0442u0438u0447u0435u0441u043au0430u044f u0444u043eu043au0443u0441u0438u0440u043eu0432u043au0430; u0446u0438u0444u0440u043eu0432u043eu0439 u0437u0443u043c\"},{\"id\":\"000000061\",\"index\":36,\"is_title\":false,\"value\":\"Full HD 1080p; AAC; AMR; APE; FLAC; M4V; MKV; MP3; MP4; WAV; XviD; AVI; WMA; WAVE, FLAC; BMP; GIF; J\"},{\"id\":\"000000062\",\"index\":37,\"is_title\":false,\"value\":true},{\"id\":\"000000063\",\"index\":38,\"is_title\":false,\"value\":\"u0430u0432u0442u043eu043cu0430u0442u0438u0447u0435u0441u043au0430u044f u0444u043eu043au0443u0441u0438u0440u043eu0432u043au0430; u043du043eu0447u043du0430u044f  u0441u044au0435u043cu043au0430\"},{\"id\":\"000000064\",\"index\":39,\"is_title\":true,\"value\":\"\"},{\"id\":\"000000065\",\"index\":40,\"is_title\":false,\"value\":\"u0437u0430u0440u044fu0434u043du043eu0435 u0443u0441u0442u0440u043eu0439u0441u0442u0432u043e; u0441u043cu0430u0440u0442u0444u043eu043d; u0434u043eu043au0443u043cu0435u043du0442u0430u0446u0438u044f; u0447u0435u0445u043eu043b; USB-u043au0430u0431u0435u043bu044c; u0430u0434u0430u043fu0442u0435u0440; u0433u0430u0440u0430u043du0442u0438u0439u043du044bu0439 u0442u0430u043bu043eu043d\"},{\"id\":\"000000066\",\"index\":41,\"is_title\":false,\"value\":\"IP67\"},{\"id\":\"000000067\",\"index\":42,\"is_title\":false,\"value\":\"u0425u0440u0443u043fu043au043eu0435\"},{\"id\":\"000000068\",\"index\":43,\"is_title\":false,\"value\":true},{\"id\":\"000000069\",\"index\":44,\"is_title\":true,\"value\":\"\"},{\"id\":\"000000005\",\"index\":45,\"is_title\":false,\"value\":75.7},{\"id\":\"000000006\",\"index\":46,\"is_title\":false,\"value\":8.3},{\"id\":\"000000007\",\"index\":47,\"is_title\":false,\"value\":150.9},{\"id\":\"000000008\",\"index\":48,\"is_title\":false,\"value\":194}]', '000003'),
('000000000013', '00005', '000000006', 'Huawei Honor 7A (черный)', 'Huawei Honor 7A - смартфон с современным дизайном. На передней стороне размещается прочное и красивое 2,5D-стекло.\nТыльная сторона является матовой, а реализована она из высококачественного алюминия.\n\nДисплей в Honor 7A установлен 5,45-дюймовый FullView-дисплей с разрешением 1440x720.\n\nСмартфон Honor 7A оснащен 4-х ядерным процессором Mediatek MT6739. Здесь используются ядра Cortex-A53, которые работают на максимальной частоте 1500 МГц. В устройстве располагается ускоритель графики PowerVR GE8100.\n\nВстроенная память 16 Гб и 2 Гб оперативной памяти, а расширить внутреннее хранилище можно с помощью карт памяти до 256 Гб.\n\nAndroid 8.1 выступает в качестве операционной системы. При этом интерфейс модернизирован благодаря фирменной оболочке EMUI 8.1.\n\nВнутри аппарата находится несъемный аккумулятор с емкостью 3020 мАч.\n\nHuawei Honor 7A поддерживает две Nano-SIM одновременно. При этом карта памяти может быть установлена отдельно.\n\nИмеется встроенное FM-радио, а также модуль LTE.\n\nКамера\nВ Hu', '16787448', 'ab3afcc7b3ef2476102f82f99c8d8a5c,000000011,568357a8c160ea88fc70a77266e17918,000000015,13546313491b25af02c19d17c541046d,4eb4162005053d9832b262589832abc3,8f592c8dd08c85020588a332337fae94,bb5211ed9ff40fdb7925fc4a656d1bc0,f78f7ee9d0687045d955403ee65ccf52,00fdce21af3f0e653f56577813722518,000000039,000000017,c603523a5de8a36d02a8ebc17741686f,848e86e6ed8e6788d2c6efb4437f5da6,000000021,000000023,000000026,b9884f3f8e992d3aa7ad0a089941081d,4221e157428193fe8c58ceabe863f153,4e328f01af8c2b3f4735504ffde4a9ce,000000028,d182db769cfebe4911ebd8e10877bbe5,4d57bacfa1dbd3720f6e24de8521e5c8,08b5a6289a057440e60ee722e652680a,6e8fa7598bec0facdeea79ccc5a646a2,000000035,9a5b37b48905b732ab158c4e4cb455c9,e5a5bdc96543ef29913855afe386c0ee,aa743d80cebeaa94b5732c7635233922,52e247e1c61e527b670326b1a81dcf93,000000037,c25b8308d357f6d0d7d0f6fdc7bdefdd,16e8467e0207745035a05fca00d14ffb,cd42529f381dac43ee6a9de8458f64fe,b2a2c0a16aeb8efda22b5360c2ac116f,8d3991c3edac54e0c28c31815552d3ee,ae1a483587dcf1091864589710650668,25cf60751ba121a4fdf30b764bca5a56,618dbc48606208d1c2ed9764523286b7,6d174bdd9d1b26b76d2fba7304a8c941,ccb2b15198d622b96ffbef300cfa20b4,584782ed6d2e178af083de9da7dcd3c8,efb3bf86c57350dc3094252070703618,2d78ff661676977b6a4cbac171832332,46de8531d227476a8fcc12c8b0d72122,5a8b7d7ad37cc4e8c02a7b223fffe342,6107b4ebd872af4d76fd858edc253a0f,02970152cfbda7b18c0f279ea65662a4', '[{\"id\":\"000000017\",\"index\":1,\"is_title\":true,\"value\":\"\"},{\"id\":\"000000014\",\"index\":2,\"is_title\":false,\"value\":\"000000011\"},{\"id\":\"000000003\",\"index\":3,\"is_title\":false,\"value\":\"000003\"},{\"id\":\"000000025\",\"index\":4,\"is_title\":false,\"value\":\"000000015\"},{\"id\":\"000000004\",\"index\":5,\"is_title\":false,\"value\":\"#000000\"},{\"id\":\"000000001\",\"index\":6,\"is_title\":false,\"value\":\"156\"},{\"id\":\"000000027\",\"index\":7,\"is_title\":false,\"value\":12},{\"id\":\"000000028\",\"index\":8,\"is_title\":false,\"value\":\"u0441u043au0430u043du0435u0440 u043eu0442u043fu0435u0447u0430u0442u043au0430 u043fu0430u043bu044cu0446u0430; u0431u044bu0441u0442u0440u0430u044f u0437u0430u0440u044fu0434u043au0430; u0442u0435u0445u043du043eu043bu043eu0433u0438u044f u0440u0430u0441u043fu043eu0437u043du0430u0432u0430u043du0438u044f u043bu0438u0446u0430\"},{\"id\":\"000000032\",\"index\":9,\"is_title\":true,\"value\":\"\"},{\"id\":\"000000029\",\"index\":10,\"is_title\":false,\"value\":6.5},{\"id\":\"000000036\",\"index\":11,\"is_title\":false,\"value\":\"000000039\"},{\"id\":\"000000037\",\"index\":12,\"is_title\":false,\"value\":\"000000017\"},{\"id\":\"000000038\",\"index\":13,\"is_title\":false,\"value\":true},{\"id\":\"000000039\",\"index\":14,\"is_title\":true,\"value\":\"\"},{\"id\":\"000000040\",\"index\":15,\"is_title\":false,\"value\":\"000000021\"},{\"id\":\"000000041\",\"index\":16,\"is_title\":false,\"value\":\"000000023\"},{\"id\":\"000000042\",\"index\":17,\"is_title\":false,\"value\":\"000000026\"},{\"id\":\"000000043\",\"index\":18,\"is_title\":false,\"value\":\"MediaTek Helio G35\"},{\"id\":\"000000044\",\"index\":19,\"is_title\":false,\"value\":8},{\"id\":\"000000045\",\"index\":20,\"is_title\":false,\"value\":2000},{\"id\":\"000000046\",\"index\":21,\"is_title\":false,\"value\":\"000000028\"},{\"id\":\"000000047\",\"index\":22,\"is_title\":true,\"value\":\"\"},{\"id\":\"000000048\",\"index\":23,\"is_title\":false,\"value\":\"Wi-Fi; Bluetooth 5.1; IRDA;  USB;  NFC\"},{\"id\":\"000000049\",\"index\":24,\"is_title\":false,\"value\":\"GSM 900/1800/1900; 3G; 4G; LTE; VoLTE\"},{\"id\":\"000000050\",\"index\":25,\"is_title\":false,\"value\":\"u0413u041bu041eu041du0410u0421u0421; GPS; BeiDou; Galileo; GPS; AGPS\"},{\"id\":\"000000051\",\"index\":26,\"is_title\":false,\"value\":\"000000035\"},{\"id\":\"000000052\",\"index\":27,\"is_title\":false,\"value\":\"nano SIM\"},{\"id\":\"000000053\",\"index\":28,\"is_title\":true,\"value\":\"\"},{\"id\":\"000000054\",\"index\":29,\"is_title\":false,\"value\":\"Li-polymer\"},{\"id\":\"000000055\",\"index\":30,\"is_title\":false,\"value\":4500},{\"id\":\"000000056\",\"index\":31,\"is_title\":false,\"value\":\"000000037\"},{\"id\":\"000000057\",\"index\":32,\"is_title\":true,\"value\":\"\"},{\"id\":\"000000058\",\"index\":33,\"is_title\":false,\"value\":64},{\"id\":\"000000059\",\"index\":34,\"is_title\":false,\"value\":8},{\"id\":\"000000060\",\"index\":35,\"is_title\":false,\"value\":\"u043cu0430u043au0440u043e-u043eu0431u044au0435u043au0442u0438u0432; u0430u0432u0442u043eu043cu0430u0442u0438u0447u0435u0441u043au0430u044f u0444u043eu043au0443u0441u0438u0440u043eu0432u043au0430; u0446u0438u0444u0440u043eu0432u043eu0439 u0437u0443u043c\"},{\"id\":\"000000061\",\"index\":36,\"is_title\":false,\"value\":\"Full HD 1080p; AAC; AMR; APE; FLAC; M4V; MKV; MP3; MP4; WAV; XviD; AVI; WMA; WAVE, FLAC; BMP; GIF; J\"},{\"id\":\"000000062\",\"index\":37,\"is_title\":false,\"value\":true},{\"id\":\"000000063\",\"index\":38,\"is_title\":false,\"value\":\"u0430u0432u0442u043eu043cu0430u0442u0438u0447u0435u0441u043au0430u044f u0444u043eu043au0443u0441u0438u0440u043eu0432u043au0430; u043du043eu0447u043du0430u044f  u0441u044au0435u043cu043au0430\"},{\"id\":\"000000064\",\"index\":39,\"is_title\":true,\"value\":\"\"},{\"id\":\"000000065\",\"index\":40,\"is_title\":false,\"value\":\"u0437u0430u0440u044fu0434u043du043eu0435 u0443u0441u0442u0440u043eu0439u0441u0442u0432u043e; u0441u043cu0430u0440u0442u0444u043eu043d; u0434u043eu043au0443u043cu0435u043du0442u0430u0446u0438u044f; u0447u0435u0445u043eu043b; USB-u043au0430u0431u0435u043bu044c; u0430u0434u0430u043fu0442u0435u0440; u0433u0430u0440u0430u043du0442u0438u0439u043du044bu0439 u0442u0430u043bu043eu043d\"},{\"id\":\"000000066\",\"index\":41,\"is_title\":false,\"value\":\"IP67\"},{\"id\":\"000000067\",\"index\":42,\"is_title\":false,\"value\":\"u0425u0440u0443u043fu043au043eu0435\"},{\"id\":\"000000068\",\"index\":43,\"is_title\":false,\"value\":true},{\"id\":\"000000069\",\"index\":44,\"is_title\":true,\"value\":\"\"},{\"id\":\"000000005\",\"index\":45,\"is_title\":false,\"value\":75.7},{\"id\":\"000000006\",\"index\":46,\"is_title\":false,\"value\":8.3},{\"id\":\"000000007\",\"index\":47,\"is_title\":false,\"value\":150.9},{\"id\":\"000000008\",\"index\":48,\"is_title\":false,\"value\":194}]', '000003'),
('000000000014', '00005', '000000006', 'Xiaomi Redmi Note 10 (голубой)', 'Huawei Honor 7A - смартфон с современным дизайном. На передней стороне размещается прочное и красивое 2,5D-стекло.\nТыльная сторона является матовой, а реализована она из высококачественного алюминия.\n\nДисплей в Honor 7A установлен 5,45-дюймовый FullView-дисплей с разрешением 1440x720.\n\nСмартфон Honor 7A оснащен 4-х ядерным процессором Mediatek MT6739. Здесь используются ядра Cortex-A53, которые работают на максимальной частоте 1500 МГц. В устройстве располагается ускоритель графики PowerVR GE8100.\n\nВстроенная память 16 Гб и 2 Гб оперативной памяти, а расширить внутреннее хранилище можно с помощью карт памяти до 256 Гб.\n\nAndroid 8.1 выступает в качестве операционной системы. При этом интерфейс модернизирован благодаря фирменной оболочке EMUI 8.1.\n\nВнутри аппарата находится несъемный аккумулятор с емкостью 3020 мАч.\n\nHuawei Honor 7A поддерживает две Nano-SIM одновременно. При этом карта памяти может быть установлена отдельно.\n\nИмеется встроенное FM-радио, а также модуль LTE.\n\nКамера\nВ Hu', '4722618', '1dec681426230630cdb3ad4e3ab16a58,000000011,4282156a68627eadc13da3cf636e9691,000000015,da12fff48e376256d9064f3ace3fd343,800201853aac2058d3bd5be9213b465b,24768855d1cc9b5f4d72d20102798118,4bfb0421e96a677c5be225d5291e52cf,dfb4fbce6be841a518eac4ce7077eaa9,13abdaabd18fa62bf6f5df210cdbb359,000000039,000000017,e053e59f1cd049a73ead90d31b962c35,14791889c49382f6e16311d026cbb97c,000000022,000000023,000000026,a1f202ac36cd8d7dcac8f65bdaf04eb1,5352f04656e548bf027d254470208276,d435e79d3076994aad15eacb48da9e04,000000028,a438ef75c56ed40a536e695390c0a4b4,6768d981aaab5585e661abfacf33f564,3dd7db1b0ff1275b925b49c0ddf78217,3ad0cb9626032b0c5535e0c30024d856,000000035,807909005bb2bf03ae0d4249bd1d88c1,ef8ccda13a45f719d2fca82b3f407e55,ffba81a29e38485d2f6ece9faa7d4102,efd7928e4e81af53e1315a09317f90a2,000000037,82ecbacd439cc8dac89abe16c5d2d15a,7b83fc823cd348ec5a155c867a61c876,e3faabf028b9c1e554ee3da73c915c5f,0da135cce89a06e513c173996315b54d,a5867514eb5f1777750a681c92e79a87,aa62a60b9c730f19807be20f5b000561,65f6958c34ef5af22067093f74c2b848,3a2c9d993e7e828a845ffcf9ac2955f9,2725960a961fdf1c7c2560ee94785095,621883ed1794063b0cd811239b1598b3,63134626aacc96b788539d96c74ab1e8,ea29232fa1203e13f49383f9b2343fcb,e60b588883c80f843e47954cf48f2810,008112e06a61ccaa1c5955c62650c786,2c112ac346456487d82d48bb661574f5,bfbdf537b9ef39ddf220d1e3f3c3e944,afe58eae0da0d51b06056c98ef3ca115', '[{\"id\":\"000000017\",\"index\":1,\"is_title\":true,\"value\":\"\"},{\"id\":\"000000014\",\"index\":2,\"is_title\":false,\"value\":\"000000011\"},{\"id\":\"000000003\",\"index\":3,\"is_title\":false,\"value\":\"000010\"},{\"id\":\"000000025\",\"index\":4,\"is_title\":false,\"value\":\"000000015\"},{\"id\":\"000000004\",\"index\":5,\"is_title\":false,\"value\":\"#A6CAF0\"},{\"id\":\"000000001\",\"index\":6,\"is_title\":false,\"value\":\"156\"},{\"id\":\"000000027\",\"index\":7,\"is_title\":false,\"value\":12},{\"id\":\"000000028\",\"index\":8,\"is_title\":false,\"value\":\"u0441u043au0430u043du0435u0440 u043eu0442u043fu0435u0447u0430u0442u043au0430 u043fu0430u043bu044cu0446u0430; u0431u044bu0441u0442u0440u0430u044f u0437u0430u0440u044fu0434u043au0430; u0442u0435u0445u043du043eu043bu043eu0433u0438u044f u0440u0430u0441u043fu043eu0437u043du0430u0432u0430u043du0438u044f u043bu0438u0446u0430\"},{\"id\":\"000000032\",\"index\":9,\"is_title\":true,\"value\":\"\"},{\"id\":\"000000029\",\"index\":10,\"is_title\":false,\"value\":6.5},{\"id\":\"000000036\",\"index\":11,\"is_title\":false,\"value\":\"000000039\"},{\"id\":\"000000037\",\"index\":12,\"is_title\":false,\"value\":\"000000017\"},{\"id\":\"000000038\",\"index\":13,\"is_title\":false,\"value\":true},{\"id\":\"000000039\",\"index\":14,\"is_title\":true,\"value\":\"\"},{\"id\":\"000000040\",\"index\":15,\"is_title\":false,\"value\":\"000000022\"},{\"id\":\"000000041\",\"index\":16,\"is_title\":false,\"value\":\"000000023\"},{\"id\":\"000000042\",\"index\":17,\"is_title\":false,\"value\":\"000000026\"},{\"id\":\"000000043\",\"index\":18,\"is_title\":false,\"value\":\"MediaTek Helio G35\"},{\"id\":\"000000044\",\"index\":19,\"is_title\":false,\"value\":8},{\"id\":\"000000045\",\"index\":20,\"is_title\":false,\"value\":2000},{\"id\":\"000000046\",\"index\":21,\"is_title\":false,\"value\":\"000000028\"},{\"id\":\"000000047\",\"index\":22,\"is_title\":true,\"value\":\"\"},{\"id\":\"000000048\",\"index\":23,\"is_title\":false,\"value\":\"Wi-Fi; Bluetooth 5.1; IRDA;  USB;  NFC\"},{\"id\":\"000000049\",\"index\":24,\"is_title\":false,\"value\":\"GSM 900/1800/1900; 3G; 4G; LTE; VoLTE\"},{\"id\":\"000000050\",\"index\":25,\"is_title\":false,\"value\":\"u0413u041bu041eu041du0410u0421u0421; GPS; BeiDou; Galileo; GPS; AGPS\"},{\"id\":\"000000051\",\"index\":26,\"is_title\":false,\"value\":\"000000035\"},{\"id\":\"000000052\",\"index\":27,\"is_title\":false,\"value\":\"nano SIM\"},{\"id\":\"000000053\",\"index\":28,\"is_title\":true,\"value\":\"\"},{\"id\":\"000000054\",\"index\":29,\"is_title\":false,\"value\":\"Li-polymer\"},{\"id\":\"000000055\",\"index\":30,\"is_title\":false,\"value\":4500},{\"id\":\"000000056\",\"index\":31,\"is_title\":false,\"value\":\"000000037\"},{\"id\":\"000000057\",\"index\":32,\"is_title\":true,\"value\":\"\"},{\"id\":\"000000058\",\"index\":33,\"is_title\":false,\"value\":64},{\"id\":\"000000059\",\"index\":34,\"is_title\":false,\"value\":8},{\"id\":\"000000060\",\"index\":35,\"is_title\":false,\"value\":\"u043cu0430u043au0440u043e-u043eu0431u044au0435u043au0442u0438u0432; u0430u0432u0442u043eu043cu0430u0442u0438u0447u0435u0441u043au0430u044f u0444u043eu043au0443u0441u0438u0440u043eu0432u043au0430; u0446u0438u0444u0440u043eu0432u043eu0439 u0437u0443u043c\"},{\"id\":\"000000061\",\"index\":36,\"is_title\":false,\"value\":\"Full HD 1080p; AAC; AMR; APE; FLAC; M4V; MKV; MP3; MP4; WAV; XviD; AVI; WMA; WAVE, FLAC; BMP; GIF; J\"},{\"id\":\"000000062\",\"index\":37,\"is_title\":false,\"value\":true},{\"id\":\"000000063\",\"index\":38,\"is_title\":false,\"value\":\"u0430u0432u0442u043eu043cu0430u0442u0438u0447u0435u0441u043au0430u044f u0444u043eu043au0443u0441u0438u0440u043eu0432u043au0430; u043du043eu0447u043du0430u044f  u0441u044au0435u043cu043au0430\"},{\"id\":\"000000064\",\"index\":39,\"is_title\":true,\"value\":\"\"},{\"id\":\"000000065\",\"index\":40,\"is_title\":false,\"value\":\"u0437u0430u0440u044fu0434u043du043eu0435 u0443u0441u0442u0440u043eu0439u0441u0442u0432u043e; u0441u043cu0430u0440u0442u0444u043eu043d; u0434u043eu043au0443u043cu0435u043du0442u0430u0446u0438u044f; u0447u0435u0445u043eu043b; USB-u043au0430u0431u0435u043bu044c; u0430u0434u0430u043fu0442u0435u0440; u0433u0430u0440u0430u043du0442u0438u0439u043du044bu0439 u0442u0430u043bu043eu043d\"},{\"id\":\"000000066\",\"index\":41,\"is_title\":false,\"value\":\"IP67\"},{\"id\":\"000000067\",\"index\":42,\"is_title\":false,\"value\":\"u0425u0440u0443u043fu043au043eu0435\"},{\"id\":\"000000068\",\"index\":43,\"is_title\":false,\"value\":true},{\"id\":\"000000069\",\"index\":44,\"is_title\":true,\"value\":\"\"},{\"id\":\"000000005\",\"index\":45,\"is_title\":false,\"value\":75.7},{\"id\":\"000000006\",\"index\":46,\"is_title\":false,\"value\":8.3},{\"id\":\"000000007\",\"index\":47,\"is_title\":false,\"value\":150.9},{\"id\":\"000000008\",\"index\":48,\"is_title\":false,\"value\":194}]', '000010');
INSERT INTO `product` (`id`, `provider_id`, `category_id`, `title`, `description`, `vendor_code`, `param_value_list`, `param_variable_list`, `brand_id`) VALUES
('000000000015', '00005', '000000006', 'Смартфон Xiaomi Redmi 9 (белый)', 'Huawei Honor 7A - смартфон с современным дизайном. На передней стороне размещается прочное и красивое 2,5D-стекло.\nТыльная сторона является матовой, а реализована она из высококачественного алюминия.\n\nДисплей в Honor 7A установлен 5,45-дюймовый FullView-дисплей с разрешением 1440x720.\n\nСмартфон Honor 7A оснащен 4-х ядерным процессором Mediatek MT6739. Здесь используются ядра Cortex-A53, которые работают на максимальной частоте 1500 МГц. В устройстве располагается ускоритель графики PowerVR GE8100.\n\nВстроенная память 16 Гб и 2 Гб оперативной памяти, а расширить внутреннее хранилище можно с помощью карт памяти до 256 Гб.\n\nAndroid 8.1 выступает в качестве операционной системы. При этом интерфейс модернизирован благодаря фирменной оболочке EMUI 8.1.\n\nВнутри аппарата находится несъемный аккумулятор с емкостью 3020 мАч.\n\nHuawei Honor 7A поддерживает две Nano-SIM одновременно. При этом карта памяти может быть установлена отдельно.\n\nИмеется встроенное FM-радио, а также модуль LTE.\n\nКамера\nВ Hu', '1670750', '0beaa4d1702cee62dccb73dd57d2b4f2,000000011,4366088eaad4a7b7f82c5f83a002e224,000000015,dcae3c4d6eb7444129c715cc7de934b5,347dcca73ca3c7321dbcdc0a03c16a09,bfb2325e938cac1df6c7fd0a61f5912a,0f98a8aae42a6e2b5f7689bd33bb861c,aab1781fb0ea5403d2b6feafefe5b879,cb8329f4164cd7297be19ec7d90630dd,000000039,000000017,919b4fa7e47b4de2bc23e8a2272c431d,801e65dd6d1292508fdf21cbbdb050c2,000000019,000000023,000000026,7f2b18fc9106a6ef9b072dee73c639e3,35e647999cbf7db58ab16e528f1c670c,c20ba60c48549d514ad4e4d2822e46f9,000000028,d8aa1a9f10611bb058083a5c7a2948d3,569c9fdf3a75afd2f0e8e2312b966326,94fce984389ab5cdfabc34c0aaf4e920,12b096616f29011ec72b9cbc2a1286a3,000000035,94d48c3201b10e22c38f02d1d30cb88e,7e1fe1616e9118cba43a5e3b1d057730,33346c0dfcad7f6e8f621113361972f2,9f7bfee5c1ee44efbe5c788a8d598511,000000037,f257fab2846c3b146f1724474aa7be53,045a4d5bb9c1ee7a83eac7f87cd1d766,a53610a6199eb4a36728434d7269f355,da535e9a979005004c33b0ce1b1e9b7c,c8471824bf88955cfb52628f5317e3f9,f79ff918c12088ea2fbdc639367f4913,edbd8a1d8b01f989223f99615927c138,4b44016f9afac4f9fa9924f5dcbbb6dc,e02eed79684eefb3de3b57df3ee60796,a1f9e4444aa2767f662bc664f5f640ff,3639781f1e9c536cff563890accd5d0b,6b08ba40375ce5b91ebb92e93583efe4,9e45f6f77808dc309709995183ac5b4b,9f4255baf92b760e2a5774c7ece9a759,23a6912e99cbe9bf2b4594ca2cfbff9e,683d320d40c28ad7d6fc318ff6a57d2a,e3ccb4e1557b6af049144366d584a3fe', '[{\"id\":\"000000017\",\"index\":1,\"is_title\":true,\"value\":\"\"},{\"id\":\"000000014\",\"index\":2,\"is_title\":false,\"value\":\"000000011\"},{\"id\":\"000000003\",\"index\":3,\"is_title\":false,\"value\":\"000010\"},{\"id\":\"000000025\",\"index\":4,\"is_title\":false,\"value\":\"000000015\"},{\"id\":\"000000004\",\"index\":5,\"is_title\":false,\"value\":\"#FFFFFF\"},{\"id\":\"000000001\",\"index\":6,\"is_title\":false,\"value\":\"156\"},{\"id\":\"000000027\",\"index\":7,\"is_title\":false,\"value\":12},{\"id\":\"000000028\",\"index\":8,\"is_title\":false,\"value\":\"u0441u043au0430u043du0435u0440 u043eu0442u043fu0435u0447u0430u0442u043au0430 u043fu0430u043bu044cu0446u0430; u0431u044bu0441u0442u0440u0430u044f u0437u0430u0440u044fu0434u043au0430; u0442u0435u0445u043du043eu043bu043eu0433u0438u044f u0440u0430u0441u043fu043eu0437u043du0430u0432u0430u043du0438u044f u043bu0438u0446u0430\"},{\"id\":\"000000032\",\"index\":9,\"is_title\":true,\"value\":\"\"},{\"id\":\"000000029\",\"index\":10,\"is_title\":false,\"value\":6.5},{\"id\":\"000000036\",\"index\":11,\"is_title\":false,\"value\":\"000000039\"},{\"id\":\"000000037\",\"index\":12,\"is_title\":false,\"value\":\"000000017\"},{\"id\":\"000000038\",\"index\":13,\"is_title\":false,\"value\":true},{\"id\":\"000000039\",\"index\":14,\"is_title\":true,\"value\":\"\"},{\"id\":\"000000040\",\"index\":15,\"is_title\":false,\"value\":\"000000019\"},{\"id\":\"000000041\",\"index\":16,\"is_title\":false,\"value\":\"000000023\"},{\"id\":\"000000042\",\"index\":17,\"is_title\":false,\"value\":\"000000026\"},{\"id\":\"000000043\",\"index\":18,\"is_title\":false,\"value\":\"MediaTek Helio G35\"},{\"id\":\"000000044\",\"index\":19,\"is_title\":false,\"value\":8},{\"id\":\"000000045\",\"index\":20,\"is_title\":false,\"value\":2000},{\"id\":\"000000046\",\"index\":21,\"is_title\":false,\"value\":\"000000028\"},{\"id\":\"000000047\",\"index\":22,\"is_title\":true,\"value\":\"\"},{\"id\":\"000000048\",\"index\":23,\"is_title\":false,\"value\":\"Wi-Fi; Bluetooth 5.1; IRDA;  USB;  NFC\"},{\"id\":\"000000049\",\"index\":24,\"is_title\":false,\"value\":\"GSM 900/1800/1900; 3G; 4G; LTE; VoLTE\"},{\"id\":\"000000050\",\"index\":25,\"is_title\":false,\"value\":\"u0413u041bu041eu041du0410u0421u0421; GPS; BeiDou; Galileo; GPS; AGPS\"},{\"id\":\"000000051\",\"index\":26,\"is_title\":false,\"value\":\"000000035\"},{\"id\":\"000000052\",\"index\":27,\"is_title\":false,\"value\":\"nano SIM\"},{\"id\":\"000000053\",\"index\":28,\"is_title\":true,\"value\":\"\"},{\"id\":\"000000054\",\"index\":29,\"is_title\":false,\"value\":\"Li-polymer\"},{\"id\":\"000000055\",\"index\":30,\"is_title\":false,\"value\":4500},{\"id\":\"000000056\",\"index\":31,\"is_title\":false,\"value\":\"000000037\"},{\"id\":\"000000057\",\"index\":32,\"is_title\":true,\"value\":\"\"},{\"id\":\"000000058\",\"index\":33,\"is_title\":false,\"value\":64},{\"id\":\"000000059\",\"index\":34,\"is_title\":false,\"value\":8},{\"id\":\"000000060\",\"index\":35,\"is_title\":false,\"value\":\"u043cu0430u043au0440u043e-u043eu0431u044au0435u043au0442u0438u0432; u0430u0432u0442u043eu043cu0430u0442u0438u0447u0435u0441u043au0430u044f u0444u043eu043au0443u0441u0438u0440u043eu0432u043au0430; u0446u0438u0444u0440u043eu0432u043eu0439 u0437u0443u043c\"},{\"id\":\"000000061\",\"index\":36,\"is_title\":false,\"value\":\"Full HD 1080p; AAC; AMR; APE; FLAC; M4V; MKV; MP3; MP4; WAV; XviD; AVI; WMA; WAVE, FLAC; BMP; GIF; J\"},{\"id\":\"000000062\",\"index\":37,\"is_title\":false,\"value\":true},{\"id\":\"000000063\",\"index\":38,\"is_title\":false,\"value\":\"u0430u0432u0442u043eu043cu0430u0442u0438u0447u0435u0441u043au0430u044f u0444u043eu043au0443u0441u0438u0440u043eu0432u043au0430; u043du043eu0447u043du0430u044f  u0441u044au0435u043cu043au0430\"},{\"id\":\"000000064\",\"index\":39,\"is_title\":true,\"value\":\"\"},{\"id\":\"000000065\",\"index\":40,\"is_title\":false,\"value\":\"u0437u0430u0440u044fu0434u043du043eu0435 u0443u0441u0442u0440u043eu0439u0441u0442u0432u043e; u0441u043cu0430u0440u0442u0444u043eu043d; u0434u043eu043au0443u043cu0435u043du0442u0430u0446u0438u044f; u0447u0435u0445u043eu043b; USB-u043au0430u0431u0435u043bu044c; u0430u0434u0430u043fu0442u0435u0440; u0433u0430u0440u0430u043du0442u0438u0439u043du044bu0439 u0442u0430u043bu043eu043d\"},{\"id\":\"000000066\",\"index\":41,\"is_title\":false,\"value\":\"IP67\"},{\"id\":\"000000067\",\"index\":42,\"is_title\":false,\"value\":\"u0425u0440u0443u043fu043au043eu0435\"},{\"id\":\"000000068\",\"index\":43,\"is_title\":false,\"value\":true},{\"id\":\"000000069\",\"index\":44,\"is_title\":true,\"value\":\"\"},{\"id\":\"000000005\",\"index\":45,\"is_title\":false,\"value\":75.7},{\"id\":\"000000006\",\"index\":46,\"is_title\":false,\"value\":8.3},{\"id\":\"000000007\",\"index\":47,\"is_title\":false,\"value\":150.9},{\"id\":\"000000008\",\"index\":48,\"is_title\":false,\"value\":194}]', '000010'),
('000000000017', '00005', '000000006', 'Xiaomi Redmi 9T (голубой)', 'Смартфон Xiaomi Redmi 9T оснащен камерой из 4 модулей 48+8+2+2, позволяющей делать снимки с высокой детализацией, отличные панорамные снимки, портреты с эффектом боке и осуществлять макросъёмку. Мощный 8-ядерный процессор обеспечит высокую производительность даже в самых требовательных играх. На дисплее 6.53 дюйма с пониженным излучением в синем спектре комфортно выполнять любые привычные задачи даже при длительном использовании. Два динамика создадут эффект полного погружения при просмотре фильма или игре. Сканер отпечатков пальцев, встроенный в кнопке питания, надежно защитит ваши данные. Емкого аккумулятора на 6000 мАч хватит на 17 часов просмотра видео, 56 часов разговора и на 195 часов прослушивания музыки.', '21375731', '5012e4fafba2697bc5fe73b8345f6055,000000011,505bdb80848049ef07ca90f3ec6a893f,000000015,0223a8cbc8af394642b9ae923cf985a2,2414446657aece3f85aad06aa2b08336,b92ab9af9b7bc3c094678640e41428dc,ed563f62f1b860d7bc8f760773a214bc,fd84f2d9db98be8c57b0c0d42feead32,52327bb6560f7f9554d1fe75f03a42f8,000000040,000000016,3ff8cc7c492c170e697fe1f9746880b0,f23ae81b8a794784cb9b44adf09c62eb,000000021,000000024,000000026,a1e4e084227a11ad5148412091ea30bb,ac33cb24b8a575cefcd68176b094d2a2,4b1e6e5c0dd3f4d0401bbc22d0cb932b,000000028,f949639795a995fb19dec7f13061e5fe,2839d0fc56c2620880b4d1394630d034,d793489eaf9ffab29811fdba4a0165c4,3fa02f4bf3066dbabcf938e775368e1a,000000034,9610febf48576ea61bbab50bcb543545,097b10f7874d8c47eb594ec282487f36,c0ff6ed024818333be9c06e398e76fa8,8964dad47fd996c4734b7ae17fe60085,000000037,c159845e1c4868bcbc561ad542a6f510,49c278598871da53b55f0b953e56c86f,a4e53d346ac03633849d62d732a43f1f,c494d966e7c65fa0c4a698594e3bd5d4,e4e1c2ffe3defc3966afad3f0a4d3f95,bd031fbe7ce97912f7ad599f10a869c7,58ac7cac785a893d1519be6cc73b191a,6f431fb80d77ceaa2ae010fbc8bcb78f,bdb552fc2b9f44ef973f8caac512a75e,f00f1be10e0a5641a01cd7257b87d95f,3a29acc5064a7a27bb99fa40258aeac6,31c8b4c65ba5ad344178f72a7196c7aa,0daf1488894b93d98e47a95a5b35d52d,fb187b494989cceaec4760e4ce58c72c,54590868a866ad2d0c107adcf0c1ed0f,0c0a317336abb78708aa0dcdc2008f35,ba42d94aa097a31fc2ac38caecda2859', '[{\"id\":\"000000017\",\"index\":1,\"is_title\":true,\"value\":\"\"},{\"id\":\"000000014\",\"index\":2,\"is_title\":false,\"value\":\"000000011\"},{\"id\":\"000000003\",\"index\":3,\"is_title\":false,\"value\":\"000010\"},{\"id\":\"000000025\",\"index\":4,\"is_title\":false,\"value\":\"000000015\"},{\"id\":\"000000004\",\"index\":5,\"is_title\":false,\"value\":\"#A6CAF0\"},{\"id\":\"000000001\",\"index\":6,\"is_title\":false,\"value\":\"156\"},{\"id\":\"000000027\",\"index\":7,\"is_title\":false,\"value\":12},{\"id\":\"000000028\",\"index\":8,\"is_title\":false,\"value\":\"u0431u0435u0441u043fu0440u043eu0432u043eu0434u043du0430u044f u0437u0430u0440u044fu0434u043au0430; u0431u044bu0441u0442u0440u0430u044f u0437u0430u0440u044fu0434u043au0430\"},{\"id\":\"000000032\",\"index\":9,\"is_title\":true,\"value\":\"\"},{\"id\":\"000000029\",\"index\":10,\"is_title\":false,\"value\":6.4},{\"id\":\"000000036\",\"index\":11,\"is_title\":false,\"value\":\"000000040\"},{\"id\":\"000000037\",\"index\":12,\"is_title\":false,\"value\":\"000000016\"},{\"id\":\"000000038\",\"index\":13,\"is_title\":false,\"value\":true},{\"id\":\"000000039\",\"index\":14,\"is_title\":true,\"value\":\"\"},{\"id\":\"000000040\",\"index\":15,\"is_title\":false,\"value\":\"000000021\"},{\"id\":\"000000041\",\"index\":16,\"is_title\":false,\"value\":\"000000024\"},{\"id\":\"000000042\",\"index\":17,\"is_title\":false,\"value\":\"000000026\"},{\"id\":\"000000043\",\"index\":18,\"is_title\":false,\"value\":\"Qualcomm Snapdragon 732G\"},{\"id\":\"000000044\",\"index\":19,\"is_title\":false,\"value\":8},{\"id\":\"000000045\",\"index\":20,\"is_title\":false,\"value\":2000},{\"id\":\"000000046\",\"index\":21,\"is_title\":false,\"value\":\"000000028\"},{\"id\":\"000000047\",\"index\":22,\"is_title\":true,\"value\":\"\"},{\"id\":\"000000048\",\"index\":23,\"is_title\":false,\"value\":\"Bluetooth 5.1; NFC; Wi-Fi 802.11 abgnac\"},{\"id\":\"000000049\",\"index\":24,\"is_title\":false,\"value\":\"2G; 3G; 4G; 5G\"},{\"id\":\"000000050\",\"index\":25,\"is_title\":false,\"value\":\"u0413u041bu041eu041du0410u0421u0421; GPS\"},{\"id\":\"000000051\",\"index\":26,\"is_title\":false,\"value\":\"000000034\"},{\"id\":\"000000052\",\"index\":27,\"is_title\":false,\"value\":\"nano SIM\"},{\"id\":\"000000053\",\"index\":28,\"is_title\":true,\"value\":\"\"},{\"id\":\"000000054\",\"index\":29,\"is_title\":false,\"value\":\"Li-polymer\"},{\"id\":\"000000055\",\"index\":30,\"is_title\":false,\"value\":4500},{\"id\":\"000000056\",\"index\":31,\"is_title\":false,\"value\":\"000000037\"},{\"id\":\"000000057\",\"index\":32,\"is_title\":true,\"value\":\"\"},{\"id\":\"000000058\",\"index\":33,\"is_title\":false,\"value\":108},{\"id\":\"000000059\",\"index\":34,\"is_title\":false,\"value\":8},{\"id\":\"000000060\",\"index\":35,\"is_title\":false,\"value\":\"u043cu0430u043au0440u043e-u043eu0431u044au0435u043au0442u0438u0432; u0430u0432u0442u043eu043cu0430u0442u0438u0447u0435u0441u043au0430u044f u0444u043eu043au0443u0441u0438u0440u043eu0432u043au0430; u0446u0438u0444u0440u043eu0432u043eu0439 u0437u0443u043c\"},{\"id\":\"000000061\",\"index\":36,\"is_title\":false,\"value\":\"Full HD 1080p; AAC; AMR; APE; FLAC; M4V; MKV; MP3; MP4; WAV; XviD; AVI; WMA; WAVE, FLAC; BMP; GIF; J\"},{\"id\":\"000000062\",\"index\":37,\"is_title\":false,\"value\":true},{\"id\":\"000000063\",\"index\":38,\"is_title\":false,\"value\":\"u0430u0432u0442u043eu043cu0430u0442u0438u0447u0435u0441u043au0430u044f u0444u043eu043au0443u0441u0438u0440u043eu0432u043au0430; u043du043eu0447u043du0430u044f  u0441u044au0435u043cu043au0430\"},{\"id\":\"000000064\",\"index\":39,\"is_title\":true,\"value\":\"\"},{\"id\":\"000000065\",\"index\":40,\"is_title\":false,\"value\":\"u0437u0430u0440u044fu0434u043du043eu0435 u0443u0441u0442u0440u043eu0439u0441u0442u0432u043e; u0441u043cu0430u0440u0442u0444u043eu043d; u0434u043eu043au0443u043cu0435u043du0442u0430u0446u0438u044f; u0447u0435u0445u043eu043b; USB-u043au0430u0431u0435u043bu044c; u0430u0434u0430u043fu0442u0435u0440; u0433u0430u0440u0430u043du0442u0438u0439u043du044bu0439 u0442u0430u043bu043eu043d\"},{\"id\":\"000000066\",\"index\":41,\"is_title\":false,\"value\":\"IP67\"},{\"id\":\"000000067\",\"index\":42,\"is_title\":false,\"value\":\"u0425u0440u0443u043fu043au043eu0435\"},{\"id\":\"000000068\",\"index\":43,\"is_title\":false,\"value\":true},{\"id\":\"000000069\",\"index\":44,\"is_title\":true,\"value\":\"\"},{\"id\":\"000000005\",\"index\":45,\"is_title\":false,\"value\":75.7},{\"id\":\"000000006\",\"index\":46,\"is_title\":false,\"value\":8.3},{\"id\":\"000000007\",\"index\":47,\"is_title\":false,\"value\":150.9},{\"id\":\"000000008\",\"index\":48,\"is_title\":false,\"value\":194}]', '000010'),
('000000000022', '00005', '000000006', 'Huawei Honor 30i 128Gb (синий)', 'Тройная основная камера 48 МП на базе искусственного интеллекта. Ультра четкие фотографии даже при увеличении - большое количество пикселей позволяет создавать ультрачеткие изображения. Даже при увеличении, кадрировании или редактировании качество фотографий останется высоким. А алгоритмы искусственного интеллекта, проанализировав окружающие условия, предложат оптимальный режим съемки для максимального качественного изображения. Благодаря батарее емкостью 4000 мА*ч и интеллектуальному алгоритму энергосбережения вы можете заниматься рабочими делами и просматривать развлекательный контент целый день.', '1678780', '980161732e50e29540aa329bc9b99bbf,000000011,7868558440517ff789cfcf52d5b9c134,000000015,449846b549a0addc6b4d88857c9ff384,cf2ad30ac76c5180ede97217d21838a2,467e8424bec2569cdcef55694967bb99,0a2d4bb2abc7891b658d4a05ce440841,3c60f27e0cb7e915e94648aabe0d5393,b5b1bdfe9ac03dd4ca79e5b4d6befb86,000000040,000000017,0f88245babb07fdd670ade9327fdd3db,77ff9c87d2115bdccb07e6e8660c0f82,000000022,000000047,000000026,48bf8ed065809af72e08763ab32a3dc0,e47cfe6c34be4ce46d1f0f8af4977710,ac7e13a71b18e3cb5a94ed133149b1ab,000000028,192184c91b0f0e335eda1225524032e3,4701508c23de8b080b74cb435e3de407,524cae3c2017772e31b20cc06903205a,5805626ede49d5650095fda2cb25250f,000000035,1e617a1693747a9758989b14e6a2f60b,f182778dbcf5843e2742027774ea82ec,87040142b4e0bf813ae8a06d9dc4019a,ebfd4506512740379617127616022af2,000000037,885d0cfa44fd735598de80473a78df1b,2d72b3f834751066e0d54386539592ba,0bf0612acdee60f9be961e77789497bd,272a39905ddcb0a114bafde7f95cdc44,2ae5331e93798f5241b24fdfb3e24820,949a351fd75d5cf446238e1bff85d11b,75387eed1f3b4845ec6b79d922a15480,bcb96166ee5d0688a95ef9cc7be790c1,3bcda9399f71e07be84bcf01bb07cf43,e204da91da0931e466acfbbe0288d520,8578c6ef1b54e2fb23137c84a7ff59c4,298793f05d165c4cf6962d8043cde328,90a7f9013330e26d5dfc345b12933cb3,a27c160aa9cebd16c468b238c48e23cb,296c01e3f0d2063638631e2eb4528ce4,835d44c98bb70f5c96aec12d0f9794dd,172baf7cba026d110f8ee482ce61937d', '[{\"id\":\"000000017\",\"index\":1,\"is_title\":true,\"value\":\"\"},{\"id\":\"000000014\",\"index\":2,\"is_title\":false,\"value\":\"000000011\"},{\"id\":\"000000003\",\"index\":3,\"is_title\":false,\"value\":\"000003\"},{\"id\":\"000000025\",\"index\":4,\"is_title\":false,\"value\":\"000000015\"},{\"id\":\"000000004\",\"index\":5,\"is_title\":false,\"value\":\"\"},{\"id\":\"000000001\",\"index\":6,\"is_title\":false,\"value\":\"156\"},{\"id\":\"000000027\",\"index\":7,\"is_title\":false,\"value\":12},{\"id\":\"000000028\",\"index\":8,\"is_title\":false,\"value\":\"u0441u043au0430u043du0435u0440 u043eu0442u043fu0435u0447u0430u0442u043au0430 u043fu0430u043bu044cu0446u0430; u0431u044bu0441u0442u0440u0430u044f u0437u0430u0440u044fu0434u043au0430; u0442u0435u0445u043du043eu043bu043eu0433u0438u044f u0440u0430u0441u043fu043eu0437u043du0430u0432u0430u043du0438u044f u043bu0438u0446u0430\"},{\"id\":\"000000032\",\"index\":9,\"is_title\":true,\"value\":\"\"},{\"id\":\"000000029\",\"index\":10,\"is_title\":false,\"value\":6.3},{\"id\":\"000000036\",\"index\":11,\"is_title\":false,\"value\":\"000000040\"},{\"id\":\"000000037\",\"index\":12,\"is_title\":false,\"value\":\"000000017\"},{\"id\":\"000000038\",\"index\":13,\"is_title\":false,\"value\":true},{\"id\":\"000000039\",\"index\":14,\"is_title\":true,\"value\":\"\"},{\"id\":\"000000040\",\"index\":15,\"is_title\":false,\"value\":\"000000022\"},{\"id\":\"000000041\",\"index\":16,\"is_title\":false,\"value\":\"000000047\"},{\"id\":\"000000042\",\"index\":17,\"is_title\":false,\"value\":\"000000026\"},{\"id\":\"000000043\",\"index\":18,\"is_title\":false,\"value\":\"MediaTek Helio G35\"},{\"id\":\"000000044\",\"index\":19,\"is_title\":false,\"value\":8},{\"id\":\"000000045\",\"index\":20,\"is_title\":false,\"value\":2000},{\"id\":\"000000046\",\"index\":21,\"is_title\":false,\"value\":\"000000028\"},{\"id\":\"000000047\",\"index\":22,\"is_title\":true,\"value\":\"\"},{\"id\":\"000000048\",\"index\":23,\"is_title\":false,\"value\":\"Wi-Fi; Bluetooth 5.1; IRDA;  USB;  NFC\"},{\"id\":\"000000049\",\"index\":24,\"is_title\":false,\"value\":\"GSM 900/1800/1900; 3G; 4G; LTE; VoLTE\"},{\"id\":\"000000050\",\"index\":25,\"is_title\":false,\"value\":\"u0413u041bu041eu041du0410u0421u0421; GPS; BeiDou; Galileo; GPS; AGPS\"},{\"id\":\"000000051\",\"index\":26,\"is_title\":false,\"value\":\"000000035\"},{\"id\":\"000000052\",\"index\":27,\"is_title\":false,\"value\":\"nano SIM\"},{\"id\":\"000000053\",\"index\":28,\"is_title\":true,\"value\":\"\"},{\"id\":\"000000054\",\"index\":29,\"is_title\":false,\"value\":\"Li-polymer\"},{\"id\":\"000000055\",\"index\":30,\"is_title\":false,\"value\":4500},{\"id\":\"000000056\",\"index\":31,\"is_title\":false,\"value\":\"000000037\"},{\"id\":\"000000057\",\"index\":32,\"is_title\":true,\"value\":\"\"},{\"id\":\"000000058\",\"index\":33,\"is_title\":false,\"value\":16},{\"id\":\"000000059\",\"index\":34,\"is_title\":false,\"value\":8},{\"id\":\"000000060\",\"index\":35,\"is_title\":false,\"value\":\"u043cu0430u043au0440u043e-u043eu0431u044au0435u043au0442u0438u0432; u0430u0432u0442u043eu043cu0430u0442u0438u0447u0435u0441u043au0430u044f u0444u043eu043au0443u0441u0438u0440u043eu0432u043au0430; u0446u0438u0444u0440u043eu0432u043eu0439 u0437u0443u043c\"},{\"id\":\"000000061\",\"index\":36,\"is_title\":false,\"value\":\"Full HD 1080p; AAC; AMR; APE; FLAC; M4V; MKV; MP3; MP4; WAV; XviD; AVI; WMA; WAVE, FLAC; BMP; GIF; J\"},{\"id\":\"000000062\",\"index\":37,\"is_title\":false,\"value\":true},{\"id\":\"000000063\",\"index\":38,\"is_title\":false,\"value\":\"u0430u0432u0442u043eu043cu0430u0442u0438u0447u0435u0441u043au0430u044f u0444u043eu043au0443u0441u0438u0440u043eu0432u043au0430; u043du043eu0447u043du0430u044f  u0441u044au0435u043cu043au0430\"},{\"id\":\"000000064\",\"index\":39,\"is_title\":true,\"value\":\"\"},{\"id\":\"000000065\",\"index\":40,\"is_title\":false,\"value\":\"u0437u0430u0440u044fu0434u043du043eu0435 u0443u0441u0442u0440u043eu0439u0441u0442u0432u043e; u0441u043cu0430u0440u0442u0444u043eu043d; u0434u043eu043au0443u043cu0435u043du0442u0430u0446u0438u044f; u0447u0435u0445u043eu043b; USB-u043au0430u0431u0435u043bu044c; u0430u0434u0430u043fu0442u0435u0440; u0433u0430u0440u0430u043du0442u0438u0439u043du044bu0439 u0442u0430u043bu043eu043d\"},{\"id\":\"000000066\",\"index\":41,\"is_title\":false,\"value\":\"IP67\"},{\"id\":\"000000067\",\"index\":42,\"is_title\":false,\"value\":\"u0425u0440u0443u043fu043au043eu0435\"},{\"id\":\"000000068\",\"index\":43,\"is_title\":false,\"value\":true},{\"id\":\"000000069\",\"index\":44,\"is_title\":true,\"value\":\"\"},{\"id\":\"000000005\",\"index\":45,\"is_title\":false,\"value\":75.7},{\"id\":\"000000006\",\"index\":46,\"is_title\":false,\"value\":8.3},{\"id\":\"000000007\",\"index\":47,\"is_title\":false,\"value\":150.9},{\"id\":\"000000008\",\"index\":48,\"is_title\":false,\"value\":194}]', '000003'),
('000000000023', '00005', '000000006', 'Huawei Honor 10X Lite (розовый)', 'HONOR 10X Lite, функционирующий на базе процессора Kirin, обеспечит вам незабываемые впечатления от игр. Технология HONOR SuperCharge 22,5 Вт обеспечивает высокую скорость зарядки. Квадрокамера 48 МП с искусственным интеллектом. Сделайте свою жизнь комфортнее благодаря встроенному многофункциональному датчику NFC.', '17282823', '50d16432b65d02d24b172fe25771f9e3,000000011,49d5e67db91d5210226b6626ea41ab31,000000015,c8c3071066209dc582ea9d75768797d1,d093db3e4f94751caa17ea97de349854,072d87cd71659815c4b5f9a3e864985b,94657a891979228f7765cc7b17c6b626,4bf35ca90a715a697b7e359a91be2df8,5b02d32c11dcd58ae78b7dd2a1c0c3db,000000039,000000048,b82042da09e8d7cd3930995253adc936,d2fd0abccba6c6bb3948bd2667135e8d,000000022,000000024,000000026,0a63c48afa57b4a64dd69ee91ceda474,af929b7e6d12db3d4e8049b90ecef205,71c63bf47eef48ed3dee42f0d9c2512e,000000028,e3976bc75779d25d402e5142c5ffa7f7,3389642c68e7dee6e5a026005760015d,e5bc39bb37ef065ee16ec3116eaff1f8,74ee40dda2884437af24270f73876138,000000034,acc72711f922cb06a914b73566356cf4,1a457ebccf08d7b733ff6e1a4fd03458,569bfd59f7a308c3650af40908d9b84a,4e62715a3da8d018e46d75acbf92e6d7,000000037,faa015d9efc20eb83cb85990b5036f54,d0e028b7d958e5aeb7638c66f555b588,661ea0a7a7e47e140a4c99414477e208,1fcfa8f2373e8019c9582ec65b7ce1b7,22a7812e2565c398808cf0f58bb4d89c,466788718ab1ca6d481e4ac136fb858f,a0099d52479d5ac414773ac057ab1e92,b04599fc419093e7a68abf64f039470b,f3151672da55d0bc038d2a4f14f46828,a5d474a75c49cd7ede2e4007842baa42,7319b54b7b7b66b408230e95da5abbc2,314674e4ac6de6e6885a7c2d61e24a1e,541f342a5a1728576155340c0e0c097d,844b7734fb813bc0eafb081dc65dd52c,7dbad6a262abe45c9bbd20e7928576e5,793ff4f0a752607c33cff0d880143777,3c0a53e1c65abd9263b06479d13606b7', '[{\"id\":\"000000017\",\"index\":1,\"is_title\":true,\"value\":\"\"},{\"id\":\"000000014\",\"index\":2,\"is_title\":false,\"value\":\"000000011\"},{\"id\":\"000000003\",\"index\":3,\"is_title\":false,\"value\":\"000003\"},{\"id\":\"000000025\",\"index\":4,\"is_title\":false,\"value\":\"000000015\"},{\"id\":\"000000004\",\"index\":5,\"is_title\":false,\"value\":\"#DD9CB3\"},{\"id\":\"000000001\",\"index\":6,\"is_title\":false,\"value\":\"156\"},{\"id\":\"000000027\",\"index\":7,\"is_title\":false,\"value\":12},{\"id\":\"000000028\",\"index\":8,\"is_title\":false,\"value\":\"u0443u043au0440u0435u043fu043bu0435u043du043du044bu0439 u043au043eu0440u043fu0443u0441; FM-u0440u0430u0434u0438u043e\"},{\"id\":\"000000032\",\"index\":9,\"is_title\":true,\"value\":\"\"},{\"id\":\"000000029\",\"index\":10,\"is_title\":false,\"value\":6.67},{\"id\":\"000000036\",\"index\":11,\"is_title\":false,\"value\":\"000000039\"},{\"id\":\"000000037\",\"index\":12,\"is_title\":false,\"value\":\"000000048\"},{\"id\":\"000000038\",\"index\":13,\"is_title\":false,\"value\":true},{\"id\":\"000000039\",\"index\":14,\"is_title\":true,\"value\":\"\"},{\"id\":\"000000040\",\"index\":15,\"is_title\":false,\"value\":\"000000022\"},{\"id\":\"000000041\",\"index\":16,\"is_title\":false,\"value\":\"000000024\"},{\"id\":\"000000042\",\"index\":17,\"is_title\":false,\"value\":\"000000026\"},{\"id\":\"000000043\",\"index\":18,\"is_title\":false,\"value\":\"Kirin 710A\"},{\"id\":\"000000044\",\"index\":19,\"is_title\":false,\"value\":8},{\"id\":\"000000045\",\"index\":20,\"is_title\":false,\"value\":2000},{\"id\":\"000000046\",\"index\":21,\"is_title\":false,\"value\":\"000000028\"},{\"id\":\"000000047\",\"index\":22,\"is_title\":true,\"value\":\"\"},{\"id\":\"000000048\",\"index\":23,\"is_title\":false,\"value\":\"Wi-Fi; Bluetooth 5.1; IRDA;  USB;  NFC\"},{\"id\":\"000000049\",\"index\":24,\"is_title\":false,\"value\":\"GSM 900/1800/1900; 3G; 4G; LTE; VoLTE\"},{\"id\":\"000000050\",\"index\":25,\"is_title\":false,\"value\":\"A-GPS; u0413u041bu041eu041du0410u0421u0421; GPS; BeiDou\"},{\"id\":\"000000051\",\"index\":26,\"is_title\":false,\"value\":\"000000034\"},{\"id\":\"000000052\",\"index\":27,\"is_title\":false,\"value\":\"nano SIM\"},{\"id\":\"000000053\",\"index\":28,\"is_title\":true,\"value\":\"\"},{\"id\":\"000000054\",\"index\":29,\"is_title\":false,\"value\":\"Li-polymer\"},{\"id\":\"000000055\",\"index\":30,\"is_title\":false,\"value\":4500},{\"id\":\"000000056\",\"index\":31,\"is_title\":false,\"value\":\"000000037\"},{\"id\":\"000000057\",\"index\":32,\"is_title\":true,\"value\":\"\"},{\"id\":\"000000058\",\"index\":33,\"is_title\":false,\"value\":64},{\"id\":\"000000059\",\"index\":34,\"is_title\":false,\"value\":8},{\"id\":\"000000060\",\"index\":35,\"is_title\":false,\"value\":\"u043cu0430u043au0440u043e-u043eu0431u044au0435u043au0442u0438u0432; u0430u0432u0442u043eu043cu0430u0442u0438u0447u0435u0441u043au0430u044f u0444u043eu043au0443u0441u0438u0440u043eu0432u043au0430; u0446u0438u0444u0440u043eu0432u043eu0439 u0437u0443u043c\"},{\"id\":\"000000061\",\"index\":36,\"is_title\":false,\"value\":\"Full HD 1080p; AAC; AMR; APE; FLAC; M4V; MKV; MP3; MP4; WAV; XviD; AVI; WMA; WAVE, FLAC; BMP; GIF; J\"},{\"id\":\"000000062\",\"index\":37,\"is_title\":false,\"value\":true},{\"id\":\"000000063\",\"index\":38,\"is_title\":false,\"value\":\"u0430u0432u0442u043eu043cu0430u0442u0438u0447u0435u0441u043au0430u044f u0444u043eu043au0443u0441u0438u0440u043eu0432u043au0430; u043du043eu0447u043du0430u044f  u0441u044au0435u043cu043au0430\"},{\"id\":\"000000064\",\"index\":39,\"is_title\":true,\"value\":\"\"},{\"id\":\"000000065\",\"index\":40,\"is_title\":false,\"value\":\"u0437u0430u0440u044fu0434u043du043eu0435 u0443u0441u0442u0440u043eu0439u0441u0442u0432u043e; u0441u043cu0430u0440u0442u0444u043eu043d; u0434u043eu043au0443u043cu0435u043du0442u0430u0446u0438u044f; u0447u0435u0445u043eu043b; USB-u043au0430u0431u0435u043bu044c; u0430u0434u0430u043fu0442u0435u0440; u0433u0430u0440u0430u043du0442u0438u0439u043du044bu0439 u0442u0430u043bu043eu043d\"},{\"id\":\"000000066\",\"index\":41,\"is_title\":false,\"value\":\"IP67\"},{\"id\":\"000000067\",\"index\":42,\"is_title\":false,\"value\":\"u0425u0440u0443u043fu043au043eu0435\"},{\"id\":\"000000068\",\"index\":43,\"is_title\":false,\"value\":true},{\"id\":\"000000069\",\"index\":44,\"is_title\":true,\"value\":\"\"},{\"id\":\"000000005\",\"index\":45,\"is_title\":false,\"value\":75.7},{\"id\":\"000000006\",\"index\":46,\"is_title\":false,\"value\":8.3},{\"id\":\"000000007\",\"index\":47,\"is_title\":false,\"value\":150.9},{\"id\":\"000000008\",\"index\":48,\"is_title\":false,\"value\":194}]', '000003'),
('000000000028', '00005', '000000006', 'Смартфон Nokia 5.4 DS 6/64Gb (фиолетовый)', 'Nokia 5.4 - смартфон с впечатляющими возможностями. 4-сенсорная камера 48 МП и видеоредактор с улучшенными настройками и кинематографическими эффектами для съемки видеороликов с хорошей детализацией. Вы будете успевать всё задуманное, благодаря оптимизированному процессору Qualcomm Snapdragon 662 и батарее, которая держит заряд до двух дней! Смартфон не потеряет актуальности со временем - получит обновление до Android 11 и выше. Работайте и отдыхайте вместе со своим смартфоном.', '18876911', '8011ac72996318a388b22e2af53d0916,000000011,be8ccc474f9b667562c88e171d4bb88e,000000015,fd532a1b5cdd5db056c422289cfe73bf,6fa3bda949a80a341a700cd2047d4e07,99d13181c4dcedb3af24b6888e136e3f,174e655da8d942e3a68be1e8aa347ecf,34efb36863e0b9775c7125581514ed28,043bcb4b3e9e9a11f313216126843a93,000000051,000000048,a5174f567a2ad409e502b160484671a4,da2ab9375e1ad487d1436dc45e8b2d2b,000000021,000000025,000000026,f46752809191c097573da31a8bade116,3a278f0c21f8dde2506a1fcef0dceb0c,cb89994f3f4e94d95f29c737a9ebf3f6,000000028,c91b2be85baa5c1808481181af849c58,ce9f79481e15fe56ccabac449afb16cd,b9089e74fb54180ca7378f899a94bf1f,f5b828925768045de4493d86c6b95679,000000035,fde8fcda3290801bef7b1710f63e4127,f864caa45beab9d0e01175557dd8b95f,b1cac145ed61cafab37c75904df6841f,de2442dde53dc041ffa6c038f4b604d6,000000036,803625c2e4e80f05acac5b0ffaf9be74,4612f01d969efe33d34571a6d64e9022,070e0806df03fe489d90c12195ec9ead,2fed0bf882af00eb89e49816d454d3e9,238566e8ad8b018e0c29b3a94a1cc6b8,4d47ab57aede6371d462aa00881b7da7,c48a7a5059abcf3347976ccd63468d96,802ba9171602f6e25f92397ebd2bcdde,f704bab58745ee1151e25cb4b694b85d,40d9e984c9aaf421074c6b29d8190f41,e8e0f0108087f446488831b006a0e041,9bade670b3b3d93002792f65d65e29e1,7d7274934e9878dd7d8b1e74860e943a,4a05297f82aa861d4a039d476c188fed,e170c3285e6b17748b3e1c10d2aca24f,2bad406d278a06d6e9239a6d3536ccd3,170d4e0acd2967fb4af314511cc6e338', '[{\"id\":\"000000017\",\"index\":1,\"is_title\":true,\"value\":\"\"},{\"id\":\"000000014\",\"index\":2,\"is_title\":false,\"value\":\"000000011\"},{\"id\":\"000000003\",\"index\":3,\"is_title\":false,\"value\":\"000009\"},{\"id\":\"000000025\",\"index\":4,\"is_title\":false,\"value\":\"000000015\"},{\"id\":\"000000004\",\"index\":5,\"is_title\":false,\"value\":\"#B38FEE\"},{\"id\":\"000000001\",\"index\":6,\"is_title\":false,\"value\":\"156\"},{\"id\":\"000000027\",\"index\":7,\"is_title\":false,\"value\":1},{\"id\":\"000000028\",\"index\":8,\"is_title\":false,\"value\":\"u0431u0443u0434u0438u043bu044cu043du0438u043a; u0444u043eu043du0430u0440u0438u043a; FM-u043fu0440u0438u0451u043cu043du0438u043a\"},{\"id\":\"000000032\",\"index\":9,\"is_title\":true,\"value\":\"\"},{\"id\":\"000000029\",\"index\":10,\"is_title\":false,\"value\":6.39},{\"id\":\"000000036\",\"index\":11,\"is_title\":false,\"value\":\"000000051\"},{\"id\":\"000000037\",\"index\":12,\"is_title\":false,\"value\":\"000000048\"},{\"id\":\"000000038\",\"index\":13,\"is_title\":false,\"value\":false},{\"id\":\"000000039\",\"index\":14,\"is_title\":true,\"value\":\"\"},{\"id\":\"000000040\",\"index\":15,\"is_title\":false,\"value\":\"000000021\"},{\"id\":\"000000041\",\"index\":16,\"is_title\":false,\"value\":\"000000025\"},{\"id\":\"000000042\",\"index\":17,\"is_title\":false,\"value\":\"000000026\"},{\"id\":\"000000043\",\"index\":18,\"is_title\":false,\"value\":\"\"},{\"id\":\"000000044\",\"index\":19,\"is_title\":false,\"value\":8},{\"id\":\"000000045\",\"index\":20,\"is_title\":false,\"value\":2000},{\"id\":\"000000046\",\"index\":21,\"is_title\":false,\"value\":\"000000028\"},{\"id\":\"000000047\",\"index\":22,\"is_title\":true,\"value\":\"\"},{\"id\":\"000000048\",\"index\":23,\"is_title\":false,\"value\":\"Bluetooth 4.2; NFC\"},{\"id\":\"000000049\",\"index\":24,\"is_title\":false,\"value\":\"\"},{\"id\":\"000000050\",\"index\":25,\"is_title\":false,\"value\":\"\"},{\"id\":\"000000051\",\"index\":26,\"is_title\":false,\"value\":\"000000035\"},{\"id\":\"000000052\",\"index\":27,\"is_title\":false,\"value\":\"\"},{\"id\":\"000000053\",\"index\":28,\"is_title\":true,\"value\":\"\"},{\"id\":\"000000054\",\"index\":29,\"is_title\":false,\"value\":\"\"},{\"id\":\"000000055\",\"index\":30,\"is_title\":false,\"value\":4000},{\"id\":\"000000056\",\"index\":31,\"is_title\":false,\"value\":\"000000036\"},{\"id\":\"000000057\",\"index\":32,\"is_title\":true,\"value\":\"\"},{\"id\":\"000000058\",\"index\":33,\"is_title\":false,\"value\":48},{\"id\":\"000000059\",\"index\":34,\"is_title\":false,\"value\":2},{\"id\":\"000000060\",\"index\":35,\"is_title\":false,\"value\":\"\"},{\"id\":\"000000061\",\"index\":36,\"is_title\":false,\"value\":\"\"},{\"id\":\"000000062\",\"index\":37,\"is_title\":false,\"value\":\"\"},{\"id\":\"000000063\",\"index\":38,\"is_title\":false,\"value\":\"\"},{\"id\":\"000000064\",\"index\":39,\"is_title\":true,\"value\":\"\"},{\"id\":\"000000065\",\"index\":40,\"is_title\":false,\"value\":\"u0441u043cu0430u0440u0442u0444u043eu043d; u041au0430u0431u0435u043bu044c USB Type-C; u0421u043au0440u0435u043fu043au0430 u0434u043bu044f u0438u0437u0432u043bu0435u0447u0435u043du0438u044f SIM-u043au0430u0440u0442u044b; u0418u043du0441u0442u0440u0443u043au0446u0438u044f u043fu043eu043bu044cu0437u043eu0432u0430u0442u0435u043bu044f; u0437u0430u0440u044fu0434u043du043eu0435 u0443u0441u0442\"},{\"id\":\"000000066\",\"index\":41,\"is_title\":false,\"value\":\"\"},{\"id\":\"000000067\",\"index\":42,\"is_title\":false,\"value\":\"\"},{\"id\":\"000000068\",\"index\":43,\"is_title\":false,\"value\":true},{\"id\":\"000000069\",\"index\":44,\"is_title\":true,\"value\":\"\"},{\"id\":\"000000005\",\"index\":45,\"is_title\":false,\"value\":11.9},{\"id\":\"000000006\",\"index\":46,\"is_title\":false,\"value\":4.92},{\"id\":\"000000007\",\"index\":47,\"is_title\":false,\"value\":12.5},{\"id\":\"000000008\",\"index\":48,\"is_title\":false,\"value\":150}]', '000009'),
('000000000029', '00005', '000000006', 'Смартфон Nokia 5.4 DS 6/64Gb (зеленый)', 'Nokia 5.4 - смартфон с впечатляющими возможностями. 4-сенсорная камера 48 МП и видеоредактор с улучшенными настройками и кинематографическими эффектами для съемки видеороликов с хорошей детализацией. Вы будете успевать всё задуманное, благодаря оптимизированному процессору Qualcomm Snapdragon 662 и батарее, которая держит заряд до двух дней! Смартфон не потеряет актуальности со временем - получит обновление до Android 11 и выше. Работайте и отдыхайте вместе со своим смартфоном.', '11702959', '895bd4b80a670b233b012b84a2548d9e,000000011,bcde8e741085db2be4b970112943a1de,000000015,bad72f57af013d7e023370d1a60a7866,ab03ba3060ce93db61860b7660f14433,1504ed70eb955f2fd7cd89334185f3dd,616e3df55c61e5b469c27adc33193e46,0630bd2918dd7750085b7346401c44c7,5972bcbb62a74abecccadb331ded84fe,000000051,000000048,1e1f5018fc46c0a72e6d40fbe3ff75de,9b9fabeb5197cae493e1b82b3f0420ef,000000021,000000025,000000026,4ab3122bdce8b9df3bd43839058f6d22,849a48988b22ef16a7477a25de2093c3,aebf28e7fca9fcddae9e215745b77c35,000000028,87855b470f7cd88600324f51747a7c11,df8c543859457ea3d55d5baa74e79460,42a7a437c1bb96b93dc59265899add5b,50b298a0baf16b245810bc7d1c85715e,000000035,fa79e8f6e7cc7a1a9dd010ba731435fa,450a776fdb4637edfe9e6da70c4ec434,d90758a730d01dc37fc9991e74f9a093,3fda99c1752271a3a187596dabf6aedd,000000036,342fb11dfab847c1689a6a0cbd840a48,984d8e26ead02a34ab3359f4f65e703b,9aa179d0f6c933a7c9d4f7b0b9c8dd49,fdb2ec312127e3999e848f96efd6edbd,65b3f5b801d81ff0ebf0548640b82789,54f9478ff1e630620342a03ff16ce170,634667544a0d00c8fcedebd19e082e36,ee6d7a2da76d8f4f424296db6b0c61d8,3b57ccdf5a1cf9df6dc254b5f0d11f55,c03187937380035b58b8423f799a52d9,52bbba192622344f562d7c9a91c0efc3,cb457b000f5a75a546c127feed9bf5a4,049572a55aedcef680a7187c7e2dd659,6de0487604ebd2c1851a87e7801bbcf0,8d9a6c2edaa4db2a84a765ab94244edf,7a10b430efce727203b23b52fa290789,b428b12a96c9a3ed4325452342d2afb4', '[{\"id\":\"000000017\",\"index\":1,\"is_title\":true,\"value\":\"\"},{\"id\":\"000000014\",\"index\":2,\"is_title\":false,\"value\":\"000000011\"},{\"id\":\"000000003\",\"index\":3,\"is_title\":false,\"value\":\"000009\"},{\"id\":\"000000025\",\"index\":4,\"is_title\":false,\"value\":\"000000015\"},{\"id\":\"000000004\",\"index\":5,\"is_title\":false,\"value\":\"\"},{\"id\":\"000000001\",\"index\":6,\"is_title\":false,\"value\":\"156\"},{\"id\":\"000000027\",\"index\":7,\"is_title\":false,\"value\":1},{\"id\":\"000000028\",\"index\":8,\"is_title\":false,\"value\":\"u0431u0443u0434u0438u043bu044cu043du0438u043a; u0444u043eu043du0430u0440u0438u043a; FM-u043fu0440u0438u0451u043cu043du0438u043a\"},{\"id\":\"000000032\",\"index\":9,\"is_title\":true,\"value\":\"\"},{\"id\":\"000000029\",\"index\":10,\"is_title\":false,\"value\":6.39},{\"id\":\"000000036\",\"index\":11,\"is_title\":false,\"value\":\"000000051\"},{\"id\":\"000000037\",\"index\":12,\"is_title\":false,\"value\":\"000000048\"},{\"id\":\"000000038\",\"index\":13,\"is_title\":false,\"value\":false},{\"id\":\"000000039\",\"index\":14,\"is_title\":true,\"value\":\"\"},{\"id\":\"000000040\",\"index\":15,\"is_title\":false,\"value\":\"000000021\"},{\"id\":\"000000041\",\"index\":16,\"is_title\":false,\"value\":\"000000025\"},{\"id\":\"000000042\",\"index\":17,\"is_title\":false,\"value\":\"000000026\"},{\"id\":\"000000043\",\"index\":18,\"is_title\":false,\"value\":\"\"},{\"id\":\"000000044\",\"index\":19,\"is_title\":false,\"value\":8},{\"id\":\"000000045\",\"index\":20,\"is_title\":false,\"value\":2000},{\"id\":\"000000046\",\"index\":21,\"is_title\":false,\"value\":\"000000028\"},{\"id\":\"000000047\",\"index\":22,\"is_title\":true,\"value\":\"\"},{\"id\":\"000000048\",\"index\":23,\"is_title\":false,\"value\":\"Bluetooth 4.2; NFC\"},{\"id\":\"000000049\",\"index\":24,\"is_title\":false,\"value\":\"GSM 900; GSM 1800\"},{\"id\":\"000000050\",\"index\":25,\"is_title\":false,\"value\":\"\"},{\"id\":\"000000051\",\"index\":26,\"is_title\":false,\"value\":\"000000035\"},{\"id\":\"000000052\",\"index\":27,\"is_title\":false,\"value\":\"\"},{\"id\":\"000000053\",\"index\":28,\"is_title\":true,\"value\":\"\"},{\"id\":\"000000054\",\"index\":29,\"is_title\":false,\"value\":\"\"},{\"id\":\"000000055\",\"index\":30,\"is_title\":false,\"value\":4000},{\"id\":\"000000056\",\"index\":31,\"is_title\":false,\"value\":\"000000036\"},{\"id\":\"000000057\",\"index\":32,\"is_title\":true,\"value\":\"\"},{\"id\":\"000000058\",\"index\":33,\"is_title\":false,\"value\":48},{\"id\":\"000000059\",\"index\":34,\"is_title\":false,\"value\":2},{\"id\":\"000000060\",\"index\":35,\"is_title\":false,\"value\":\"\"},{\"id\":\"000000061\",\"index\":36,\"is_title\":false,\"value\":\"\"},{\"id\":\"000000062\",\"index\":37,\"is_title\":false,\"value\":\"\"},{\"id\":\"000000063\",\"index\":38,\"is_title\":false,\"value\":\"\"},{\"id\":\"000000064\",\"index\":39,\"is_title\":true,\"value\":\"\"},{\"id\":\"000000065\",\"index\":40,\"is_title\":false,\"value\":\"u0441u043cu0430u0440u0442u0444u043eu043d; u041au0430u0431u0435u043bu044c USB Type-C; u0421u043au0440u0435u043fu043au0430 u0434u043bu044f u0438u0437u0432u043bu0435u0447u0435u043du0438u044f SIM-u043au0430u0440u0442u044b; u0418u043du0441u0442u0440u0443u043au0446u0438u044f u043fu043eu043bu044cu0437u043eu0432u0430u0442u0435u043bu044f; u0437u0430u0440u044fu0434u043du043eu0435 u0443u0441u0442\"},{\"id\":\"000000066\",\"index\":41,\"is_title\":false,\"value\":\"\"},{\"id\":\"000000067\",\"index\":42,\"is_title\":false,\"value\":\"\"},{\"id\":\"000000068\",\"index\":43,\"is_title\":false,\"value\":true},{\"id\":\"000000069\",\"index\":44,\"is_title\":true,\"value\":\"\"},{\"id\":\"000000005\",\"index\":45,\"is_title\":false,\"value\":11.9},{\"id\":\"000000006\",\"index\":46,\"is_title\":false,\"value\":4.92},{\"id\":\"000000007\",\"index\":47,\"is_title\":false,\"value\":12.5},{\"id\":\"000000008\",\"index\":48,\"is_title\":false,\"value\":150}]', '000009'),
('000000000031', '00005', '000000006', 'Смартфон Xiaomi Redmi Redmi 9T 4/64 Gb (кирпичный)', 'Смартфон Xiaomi Redmi 9T оснащен камерой из 4 модулей 48+8+2+2, позволяющей делать снимки с высокой детализацией, отличные панорамные снимки, портреты с эффектом боке и осуществлять макросъёмку. Мощный 8-ядерный процессор обеспечит высокую производительность даже в самых требовательных играх. На дисплее 6.53 дюйма с пониженным излучением в синем спектре комфортно выполнять любые привычные задачи даже при длительном использовании. Два динамика создадут эффект полного погружения при просмотре фильма или игре. Сканер отпечатков пальцев, встроенный в кнопке питания, надежно защитит ваши данные. Емкого аккумулятора на 6000 мАч хватит на 17 часов просмотра видео, 56 часов разговора и на 195 часов прослушивания музыки.', '21379342', 'a04451b41ee49bd0c17ff104246eeb23,000000011,4142170eaf10622cf50794c749ffb4a2,000000015,a4198da3ceecde37b483bd1d8d7271e3,f67ba8a37e6729c4d2bd52545ae46676,3f32ee568e236db00fea61e5278945f4,69fa02815f127f1810f6cf3d92706335,138b7226bd9edd6ee5d7647c4eb5ca15,6a0e62ac46b9f21e88f97e0f667db02b,000000039,000000048,9d30b0c59d5ef972e1c1b97da810d42a,dc496025d83acfe75fb580c64ee1c3e3,000000019,000000023,000000026,b1cbcd2694511ec0da3600cd56a055d0,3219c33f536ccded51cf026809387a2d,bd6f3e5655bbf4100373d481c4b23fba,000000028,b671aff6b1a278bae2e7b6e73fe7098e,7031338c841b96e03653c4d508d003eb,fc60fd968ec7c6745aa3fe49bf60707f,5e3e47195e25934b0d19c036086b48ba,000000035,90ef50687412c500da6b8afaa1051f07,22864302fe983db039d63673b2e2a4c3,136f98ee8b550692a467a91efe42b3a7,712af28367012caf9a4fc948f9c00f9d,000000037,8597bceab90baf6f49c38f12c12ab642,5065390d17bd6bcdc4d787b226dcabbb,27639ab021e56b3f7a3df2dd2a8002a1,c077bcc38844e624b624b4353b0fa8e5,7caae460c3f002844ea4f9d9d6a6942e,37791f4d4393476d2d1be465c7987edd,acf775fc8f60d5c2a56c6b54769825e5,d757940198477b2bfd6a88012a851311,1a21ed1ed21f8bead1887daae9511712,c761c611345aca858068e684cd82557e,b64ba6ada1c6051d2c6d249170a5b6da,d93c930f74edc42303cdcf73216e6b85,9376f9b5b1a1b9bb5194fa9827a37077,1c1aa04a39f9bd487075a6f9a0ec6450,d858f1e5e817820fa91fffc1a8769956,65f313e5a7ed010306d82e0e116467c5,3b9338b17d30fe9fbe662b89ef8daeaf', '[{\"id\":\"000000017\",\"index\":1,\"is_title\":true,\"value\":\"\"},{\"id\":\"000000014\",\"index\":2,\"is_title\":false,\"value\":\"000000011\"},{\"id\":\"000000003\",\"index\":3,\"is_title\":false,\"value\":\"000010\"},{\"id\":\"000000025\",\"index\":4,\"is_title\":false,\"value\":\"000000015\"},{\"id\":\"000000004\",\"index\":5,\"is_title\":false,\"value\":\"#800000\"},{\"id\":\"000000001\",\"index\":6,\"is_title\":false,\"value\":\"156\"},{\"id\":\"000000027\",\"index\":7,\"is_title\":false,\"value\":12},{\"id\":\"000000028\",\"index\":8,\"is_title\":false,\"value\":\"u0441u043au0430u043du0435u0440 u043eu0442u043fu0435u0447u0430u0442u043au0430 u043fu0430u043bu044cu0446u0430; u0431u044bu0441u0442u0440u0430u044f u0437u0430u0440u044fu0434u043au0430; u0442u0435u0445u043du043eu043bu043eu0433u0438u044f u0440u0430u0441u043fu043eu0437u043du0430u0432u0430u043du0438u044f u043bu0438u0446u0430\"},{\"id\":\"000000032\",\"index\":9,\"is_title\":true,\"value\":\"\"},{\"id\":\"000000029\",\"index\":10,\"is_title\":false,\"value\":6.5},{\"id\":\"000000036\",\"index\":11,\"is_title\":false,\"value\":\"000000039\"},{\"id\":\"000000037\",\"index\":12,\"is_title\":false,\"value\":\"000000048\"},{\"id\":\"000000038\",\"index\":13,\"is_title\":false,\"value\":true},{\"id\":\"000000039\",\"index\":14,\"is_title\":true,\"value\":\"\"},{\"id\":\"000000040\",\"index\":15,\"is_title\":false,\"value\":\"000000019\"},{\"id\":\"000000041\",\"index\":16,\"is_title\":false,\"value\":\"000000023\"},{\"id\":\"000000042\",\"index\":17,\"is_title\":false,\"value\":\"000000026\"},{\"id\":\"000000043\",\"index\":18,\"is_title\":false,\"value\":\"MediaTek Helio G35\"},{\"id\":\"000000044\",\"index\":19,\"is_title\":false,\"value\":8},{\"id\":\"000000045\",\"index\":20,\"is_title\":false,\"value\":2000},{\"id\":\"000000046\",\"index\":21,\"is_title\":false,\"value\":\"000000028\"},{\"id\":\"000000047\",\"index\":22,\"is_title\":true,\"value\":\"\"},{\"id\":\"000000048\",\"index\":23,\"is_title\":false,\"value\":\"Wi-Fi; Bluetooth 5.1; IRDA;  USB;  NFC\"},{\"id\":\"000000049\",\"index\":24,\"is_title\":false,\"value\":\"GSM 900/1800/1900; 3G; 4G; LTE; VoLTE\"},{\"id\":\"000000050\",\"index\":25,\"is_title\":false,\"value\":\"Galileo\"},{\"id\":\"000000051\",\"index\":26,\"is_title\":false,\"value\":\"000000035\"},{\"id\":\"000000052\",\"index\":27,\"is_title\":false,\"value\":\"nano SIM\"},{\"id\":\"000000053\",\"index\":28,\"is_title\":true,\"value\":\"\"},{\"id\":\"000000054\",\"index\":29,\"is_title\":false,\"value\":\"Li-polymer\"},{\"id\":\"000000055\",\"index\":30,\"is_title\":false,\"value\":4500},{\"id\":\"000000056\",\"index\":31,\"is_title\":false,\"value\":\"000000037\"},{\"id\":\"000000057\",\"index\":32,\"is_title\":true,\"value\":\"\"},{\"id\":\"000000058\",\"index\":33,\"is_title\":false,\"value\":48},{\"id\":\"000000059\",\"index\":34,\"is_title\":false,\"value\":2},{\"id\":\"000000060\",\"index\":35,\"is_title\":false,\"value\":\"u043cu0430u043au0440u043e-u043eu0431u044au0435u043au0442u0438u0432; u0430u0432u0442u043eu043cu0430u0442u0438u0447u0435u0441u043au0430u044f u0444u043eu043au0443u0441u0438u0440u043eu0432u043au0430; u0446u0438u0444u0440u043eu0432u043eu0439 u0437u0443u043c\"},{\"id\":\"000000061\",\"index\":36,\"is_title\":false,\"value\":\"Full HD 1080p; AAC; AMR; APE; FLAC; M4V; MKV; MP3; MP4; WAV; XviD; AVI; WMA; WAVE, FLAC; BMP; GIF; J\"},{\"id\":\"000000062\",\"index\":37,\"is_title\":false,\"value\":true},{\"id\":\"000000063\",\"index\":38,\"is_title\":false,\"value\":\"u0430u0432u0442u043eu043cu0430u0442u0438u0447u0435u0441u043au0430u044f u0444u043eu043au0443u0441u0438u0440u043eu0432u043au0430; u043du043eu0447u043du0430u044f  u0441u044au0435u043cu043au0430\"},{\"id\":\"000000064\",\"index\":39,\"is_title\":true,\"value\":\"\"},{\"id\":\"000000065\",\"index\":40,\"is_title\":false,\"value\":\"u0437u0430u0440u044fu0434u043du043eu0435 u0443u0441u0442u0440u043eu0439u0441u0442u0432u043e; u0441u043cu0430u0440u0442u0444u043eu043d; u0434u043eu043au0443u043cu0435u043du0442u0430u0446u0438u044f; u0447u0435u0445u043eu043b; USB-u043au0430u0431u0435u043bu044c; u0430u0434u0430u043fu0442u0435u0440; u0433u0430u0440u0430u043du0442u0438u0439u043du044bu0439 u0442u0430u043bu043eu043d\"},{\"id\":\"000000066\",\"index\":41,\"is_title\":false,\"value\":\"IP67\"},{\"id\":\"000000067\",\"index\":42,\"is_title\":false,\"value\":\"u0425u0440u0443u043fu043au043eu0435\"},{\"id\":\"000000068\",\"index\":43,\"is_title\":false,\"value\":true},{\"id\":\"000000069\",\"index\":44,\"is_title\":true,\"value\":\"\"},{\"id\":\"000000005\",\"index\":45,\"is_title\":false,\"value\":75.7},{\"id\":\"000000006\",\"index\":46,\"is_title\":false,\"value\":8.3},{\"id\":\"000000007\",\"index\":47,\"is_title\":false,\"value\":150.9},{\"id\":\"000000008\",\"index\":48,\"is_title\":false,\"value\":194}]', '000010');
INSERT INTO `product` (`id`, `provider_id`, `category_id`, `title`, `description`, `vendor_code`, `param_value_list`, `param_variable_list`, `brand_id`) VALUES
('000000000032', '00005', '000000006', 'Смартфон Xiaomi Redmi Redmi 9T 4/128 Gb (кирпичный)', 'Смартфон Xiaomi Redmi 9T оснащен камерой из 4 модулей 48+8+2+2, позволяющей делать снимки с высокой детализацией, отличные панорамные снимки, портреты с эффектом боке и осуществлять макросъёмку. Мощный 8-ядерный процессор обеспечит высокую производительность даже в самых требовательных играх. На дисплее 6.53 дюйма с пониженным излучением в синем спектре комфортно выполнять любые привычные задачи даже при длительном использовании. Два динамика создадут эффект полного погружения при просмотре фильма или игре. Сканер отпечатков пальцев, встроенный в кнопке питания, надежно защитит ваши данные. Емкого аккумулятора на 6000 мАч хватит на 17 часов просмотра видео, 56 часов разговора и на 195 часов прослушивания музыки.', '21379343', '84fc097ce3489114984b6a42502d2896,000000011,5117d0b7dcae4ab03ac43d2f6dc05293,000000015,6e1d55c1640c1496aad7c147794bea0a,a6e0c4ce837dff2cdca28132175f7d95,387fb684f6f1a743efe0d81d4879d213,eb44798d5a1978af170600d408a24fc8,1c73f25808c2bcc08608dbd8b1724023,5198268386e7cc7ad054c942ad0bf897,000000039,000000048,c268042e87c11618a10ebbded29bdb07,10b71d501d046895c427a9103e363062,000000022,000000023,000000026,c452d0bb167be170b8f49656244c36c7,81122646be3bce7b1a0e141fd1778507,9927cb25278cdbac61152a35e52674ce,000000028,64b9c89726236141bf07513a333ad3ae,3de56bd6d029a1d54cebca6a6ebce6a4,651d1452f9f2e576822c5f80c13fcf89,4a8676aaf10bb86835f615513fc2979d,000000035,0b61dcaf870457415b6ff9ea076359c9,b240b667fa52d35b8f9fb529a7084a68,f962074111a4a9ab68930d6a1615f756,a35695207d5b64aec5d6464bf266d29f,000000037,bd16ec16ae478ce762b280b8b1abed17,a16bb5da68e0bcd0d906f30aeeb86bd4,fb99d45654c4801139124c78e2b74830,a5ec448a53dbd6453bb492863865befa,40bbe024c2fe6823c678e3535cefce4a,74cf9943ad3e06db3466471d4e5c36f2,d05f5f99153510c56b2afa009b12071e,3c41bee35c738569ad544eee7efafa4c,f8592e484edc94afd11afecd4fee5f89,075da751e092b51c4be1abe80e470dfb,7f29dc2073551bf459aad816498c5db0,1746ff9e4adbc68f7194986d3516f7d7,26639ff339e805dbea643a53342d6788,ac3461ead02f15cc6d49ca0d5db0b365,eb7db0bbb095859271506acee8768edf,3228dd869b9534542bd0dd1c28ad90c4,5b0b307d68b7f061ed4cbbc1789d89e1', '[{\"id\":\"000000017\",\"index\":1,\"is_title\":true,\"value\":\"\"},{\"id\":\"000000014\",\"index\":2,\"is_title\":false,\"value\":\"000000011\"},{\"id\":\"000000003\",\"index\":3,\"is_title\":false,\"value\":\"000010\"},{\"id\":\"000000025\",\"index\":4,\"is_title\":false,\"value\":\"000000015\"},{\"id\":\"000000004\",\"index\":5,\"is_title\":false,\"value\":\"#800000\"},{\"id\":\"000000001\",\"index\":6,\"is_title\":false,\"value\":\"156\"},{\"id\":\"000000027\",\"index\":7,\"is_title\":false,\"value\":12},{\"id\":\"000000028\",\"index\":8,\"is_title\":false,\"value\":\"u0441u043au0430u043du0435u0440 u043eu0442u043fu0435u0447u0430u0442u043au0430 u043fu0430u043bu044cu0446u0430; u0431u044bu0441u0442u0440u0430u044f u0437u0430u0440u044fu0434u043au0430; u0442u0435u0445u043du043eu043bu043eu0433u0438u044f u0440u0430u0441u043fu043eu0437u043du0430u0432u0430u043du0438u044f u043bu0438u0446u0430\"},{\"id\":\"000000032\",\"index\":9,\"is_title\":true,\"value\":\"\"},{\"id\":\"000000029\",\"index\":10,\"is_title\":false,\"value\":6.1},{\"id\":\"000000036\",\"index\":11,\"is_title\":false,\"value\":\"000000039\"},{\"id\":\"000000037\",\"index\":12,\"is_title\":false,\"value\":\"000000048\"},{\"id\":\"000000038\",\"index\":13,\"is_title\":false,\"value\":true},{\"id\":\"000000039\",\"index\":14,\"is_title\":true,\"value\":\"\"},{\"id\":\"000000040\",\"index\":15,\"is_title\":false,\"value\":\"000000022\"},{\"id\":\"000000041\",\"index\":16,\"is_title\":false,\"value\":\"000000023\"},{\"id\":\"000000042\",\"index\":17,\"is_title\":false,\"value\":\"000000026\"},{\"id\":\"000000043\",\"index\":18,\"is_title\":false,\"value\":\"MediaTek Helio G35\"},{\"id\":\"000000044\",\"index\":19,\"is_title\":false,\"value\":8},{\"id\":\"000000045\",\"index\":20,\"is_title\":false,\"value\":2000},{\"id\":\"000000046\",\"index\":21,\"is_title\":false,\"value\":\"000000028\"},{\"id\":\"000000047\",\"index\":22,\"is_title\":true,\"value\":\"\"},{\"id\":\"000000048\",\"index\":23,\"is_title\":false,\"value\":\"Wi-Fi; Bluetooth 5.1; IRDA;  USB;  NFC\"},{\"id\":\"000000049\",\"index\":24,\"is_title\":false,\"value\":\"GSM 900/1800/1900; 3G; 4G; LTE; VoLTE\"},{\"id\":\"000000050\",\"index\":25,\"is_title\":false,\"value\":\"Galileo\"},{\"id\":\"000000051\",\"index\":26,\"is_title\":false,\"value\":\"000000035\"},{\"id\":\"000000052\",\"index\":27,\"is_title\":false,\"value\":\"nano SIM\"},{\"id\":\"000000053\",\"index\":28,\"is_title\":true,\"value\":\"\"},{\"id\":\"000000054\",\"index\":29,\"is_title\":false,\"value\":\"Li-polymer\"},{\"id\":\"000000055\",\"index\":30,\"is_title\":false,\"value\":4500},{\"id\":\"000000056\",\"index\":31,\"is_title\":false,\"value\":\"000000037\"},{\"id\":\"000000057\",\"index\":32,\"is_title\":true,\"value\":\"\"},{\"id\":\"000000058\",\"index\":33,\"is_title\":false,\"value\":48},{\"id\":\"000000059\",\"index\":34,\"is_title\":false,\"value\":2},{\"id\":\"000000060\",\"index\":35,\"is_title\":false,\"value\":\"u043cu0430u043au0440u043e-u043eu0431u044au0435u043au0442u0438u0432; u0430u0432u0442u043eu043cu0430u0442u0438u0447u0435u0441u043au0430u044f u0444u043eu043au0443u0441u0438u0440u043eu0432u043au0430; u0446u0438u0444u0440u043eu0432u043eu0439 u0437u0443u043c\"},{\"id\":\"000000061\",\"index\":36,\"is_title\":false,\"value\":\"Full HD 1080p; AAC; AMR; APE; FLAC; M4V; MKV; MP3; MP4; WAV; XviD; AVI; WMA; WAVE, FLAC; BMP; GIF; J\"},{\"id\":\"000000062\",\"index\":37,\"is_title\":false,\"value\":true},{\"id\":\"000000063\",\"index\":38,\"is_title\":false,\"value\":\"u0430u0432u0442u043eu043cu0430u0442u0438u0447u0435u0441u043au0430u044f u0444u043eu043au0443u0441u0438u0440u043eu0432u043au0430; u043du043eu0447u043du0430u044f  u0441u044au0435u043cu043au0430\"},{\"id\":\"000000064\",\"index\":39,\"is_title\":true,\"value\":\"\"},{\"id\":\"000000065\",\"index\":40,\"is_title\":false,\"value\":\"u0437u0430u0440u044fu0434u043du043eu0435 u0443u0441u0442u0440u043eu0439u0441u0442u0432u043e; u0441u043cu0430u0440u0442u0444u043eu043d; u0434u043eu043au0443u043cu0435u043du0442u0430u0446u0438u044f; u0447u0435u0445u043eu043b; USB-u043au0430u0431u0435u043bu044c; u0430u0434u0430u043fu0442u0435u0440; u0433u0430u0440u0430u043du0442u0438u0439u043du044bu0439 u0442u0430u043bu043eu043d\"},{\"id\":\"000000066\",\"index\":41,\"is_title\":false,\"value\":\"IP67\"},{\"id\":\"000000067\",\"index\":42,\"is_title\":false,\"value\":\"u0425u0440u0443u043fu043au043eu0435\"},{\"id\":\"000000068\",\"index\":43,\"is_title\":false,\"value\":true},{\"id\":\"000000069\",\"index\":44,\"is_title\":true,\"value\":\"\"},{\"id\":\"000000005\",\"index\":45,\"is_title\":false,\"value\":75.7},{\"id\":\"000000006\",\"index\":46,\"is_title\":false,\"value\":8.3},{\"id\":\"000000007\",\"index\":47,\"is_title\":false,\"value\":150.9},{\"id\":\"000000008\",\"index\":48,\"is_title\":false,\"value\":194}]', '000010');

-- --------------------------------------------------------

--
-- Table structure for table `product_characteristic`
--

DROP TABLE IF EXISTS `product_characteristic`;
CREATE TABLE `product_characteristic` (
  `product_id` varchar(20) CHARACTER SET utf8 COLLATE utf8_unicode_ci NOT NULL,
  `characteristic_id` varchar(20) CHARACTER SET utf8 COLLATE utf8_unicode_ci NOT NULL,
  `type` int NOT NULL,
  `sort_order` int NOT NULL DEFAULT '0',
  `value` varchar(20) CHARACTER SET utf8 COLLATE utf8_unicode_ci NOT NULL
) ENGINE=MyISAM DEFAULT CHARSET=utf8 COLLATE=utf8_unicode_ci;

-- --------------------------------------------------------

--
-- Table structure for table `product_image`
--

DROP TABLE IF EXISTS `product_image`;
CREATE TABLE `product_image` (
  `product_id` varchar(100) CHARACTER SET utf8 COLLATE utf8_unicode_ci NOT NULL,
  `ftp_url` varchar(200) CHARACTER SET utf8 COLLATE utf8_unicode_ci NOT NULL,
  `http_url` varchar(200) CHARACTER SET utf8 COLLATE utf8_unicode_ci NOT NULL,
  `sort_order` int NOT NULL DEFAULT '0'
) ENGINE=MyISAM DEFAULT CHARSET=utf8 COLLATE=utf8_unicode_ci;

--
-- Dumping data for table `product_image`
--

INSERT INTO `product_image` (`product_id`, `ftp_url`, `http_url`, `sort_order`) VALUES
('000000000001', '30046493b.jpg', '30046493b.jpg', 0),
('000000000001', '30046493b2.jpg', '30046493b2.jpg', 0),
('000000000002', '50141256b.jpg', '50141256b.jpg', 0),
('000000000002', '50141256b2.jpg', '50141256b2.jpg', 0),
('000000000002', '50141256b4.jpg', '50141256b4.jpg', 0),
('000000000004', '40ec61411c92eac07cd543f0cee4ad81.jpg', '40ec61411c92eac07cd543f0cee4ad81.jpg', 0),
('000000000005', '1350x.jpg', '1350x.jpg', 0),
('000000000006', '571756.jpg', '571756.jpg', 0),
('000000000003', '20068499b.jpg', '20068499b.jpg', 0),
('000000000003', '20068499b3.jpg', '20068499b3.jpg', 0),
('000000000003', '20068499b1.jpg', '20068499b1.jpg', 0),
('000000000012', '86d9153895ba98a3a9a8faccce9ff52e8284f4e102d77fc6c5e121f12e4c8f59.jpg', '86d9153895ba98a3a9a8faccce9ff52e8284f4e102d77fc6c5e121f12e4c8f59.jpg', 0),
('000000000012', 'bf02a57f79dd12440b9443ae6de8c0e9909957955900acce183db41c145df138.jpg', 'bf02a57f79dd12440b9443ae6de8c0e9909957955900acce183db41c145df138.jpg', 0),
('000000000011', '74d209fa322b0ea21ae8cd5464fa7524c9dbfac43874a701cc45854495201cd7.jpg', '74d209fa322b0ea21ae8cd5464fa7524c9dbfac43874a701cc45854495201cd7.jpg', 0),
('000000000010', '6a8924e4368922057a4789f35c5045b013680f391a4728b99c8902fd4315536f.jpg', '6a8924e4368922057a4789f35c5045b013680f391a4728b99c8902fd4315536f.jpg', 0),
('000000000010', '95c1e5f9fdc0a8f268d50f22bb5930bb514fabb8a979540bb2e2c485e9e1d5cf.jpg', '95c1e5f9fdc0a8f268d50f22bb5930bb514fabb8a979540bb2e2c485e9e1d5cf.jpg', 0),
('000000000009', '79f9c8d1590e5036d2533c10a6d3030c4c3f37d57d93ce3ddab4d6a8a8586c69.jpg', '79f9c8d1590e5036d2533c10a6d3030c4c3f37d57d93ce3ddab4d6a8a8586c69.jpg', 0),
('000000000008', '2aea360b4ac330436b47f0f3edaae48d3a8bdac9ceb00fb4d1504c28a1c2821d.jpg', '2aea360b4ac330436b47f0f3edaae48d3a8bdac9ceb00fb4d1504c28a1c2821d.jpg', 0),
('000000000007', '1f19bc91ff7262a0d4c4d93e1ee663d403ee7f5888d07a80978c7b81b8c1cb35.jpg', '1f19bc91ff7262a0d4c4d93e1ee663d403ee7f5888d07a80978c7b81b8c1cb35.jpg', 0),
('000000000011', '5f8cd7daad03d1d39f97f6d35b371b8e231f3c74477fe191b589bcda966dbdb1.jpg', '5f8cd7daad03d1d39f97f6d35b371b8e231f3c74477fe191b589bcda966dbdb1.jpg', 0),
('000000000013', 'e0debca5125461d750890b54db6706d7ba8bc2b2bf0e71f706c238a3045b2a5e.jpg', 'e0debca5125461d750890b54db6706d7ba8bc2b2bf0e71f706c238a3045b2a5e.jpg', 0),
('000000000014', '32bf4ce87d3d768c537720d0e4e27d267467927a586e0f7e9a52c864c7e0a5d8.jpg', '32bf4ce87d3d768c537720d0e4e27d267467927a586e0f7e9a52c864c7e0a5d8.jpg', 0),
('000000000015', 'dd5d3d9d22aa3b0b548d4fa56ad38ce9134620d5b69c166a214bce78ec2bd76f.jpg', 'dd5d3d9d22aa3b0b548d4fa56ad38ce9134620d5b69c166a214bce78ec2bd76f.jpg', 0),
('000000000016', '5bd5329285e9d238ab69bb53.jpg', '5bd5329285e9d238ab69bb53.jpg', 0),
('000000000017', '1.jpg', '1.jpg', 0),
('000000000018', '2.jpg', '2.jpg', 0),
('000000000019', '3.jpg', '3.jpg', 0),
('000000000020', '4.jpg', '4.jpg', 0),
('000000000021', '5.jpg', '5.jpg', 0),
('000000000022', '6.jpg', '6.jpg', 0),
('000000000023', '7.jpg', '7.jpg', 0),
('000000000024', '8.jpg', '8.jpg', 0),
('000000000025', '9.jpg', '9.jpg', 0),
('000000000026', '10.jpg', '10.jpg', 0),
('000000000027', '11.jpg', '11.jpg', 0),
('000000000028', '12.jpg', '12.jpg', 0),
('000000000029', '13.jpg', '13.jpg', 0),
('000000000030', '14.jpg', '14.jpg', 0),
('000000000031', '15.jpg', '15.jpg', 0),
('000000000032', '15.jpg', '15.jpg', 0);

-- --------------------------------------------------------

--
-- Table structure for table `provider`
--

DROP TABLE IF EXISTS `provider`;
CREATE TABLE `provider` (
  `id` varchar(6) CHARACTER SET utf8 COLLATE utf8_unicode_ci NOT NULL,
  `title` text CHARACTER SET utf8 COLLATE utf8_unicode_ci NOT NULL,
  `description` text CHARACTER SET utf8 COLLATE utf8_unicode_ci NOT NULL,
  `image` tinytext CHARACTER SET utf8 COLLATE utf8_unicode_ci NOT NULL
) ENGINE=MyISAM DEFAULT CHARSET=utf8 COLLATE=utf8_unicode_ci;

--
-- Dumping data for table `provider`
--

INSERT INTO `provider` (`id`, `title`, `description`, `image`) VALUES
('00002', 'Apple', '', '00002.jpg'),
('00005', 'DNS', '', '00005_DNS.png'),
('00003', 'Барамба', '', ''),
('00004', 'М-Видео', '', ''),
('00001', 'Ситилинк', '', '');

-- --------------------------------------------------------

--
-- Table structure for table `setting`
--

DROP TABLE IF EXISTS `setting`;
CREATE TABLE `setting` (
  `id` varchar(255) COLLATE utf8_unicode_ci NOT NULL,
  `value` text CHARACTER SET utf8 COLLATE utf8_unicode_ci
) ENGINE=MyISAM DEFAULT CHARSET=utf8 COLLATE=utf8_unicode_ci;

--
-- Dumping data for table `setting`
--

INSERT INTO `setting` (`id`, `value`) VALUES
('headers', '[{\"id\":\"000000001\",\"title\":\"\\u042d\\u043b\\u0435\\u043a\\u0442\\u0440\\u043e\\u043d\\u0438\\u043a\\u0430\",\"index_number\":1,\"categories\":[{\"id\":\"000000005\"},{\"id\":\"000000006\"},{\"id\":\"000000007\"},{\"id\":\"000000012\"},{\"id\":\"000000020\"},{\"id\":\"000000021\"},{\"id\":\"000000022\"}]}]');

-- --------------------------------------------------------

--
-- Table structure for table `shop`
--

DROP TABLE IF EXISTS `shop`;
CREATE TABLE `shop` (
  `id` int NOT NULL,
  `provider_id` int NOT NULL,
  `title` text CHARACTER SET utf8 COLLATE utf8_unicode_ci NOT NULL,
  `description` text CHARACTER SET utf8 COLLATE utf8_unicode_ci NOT NULL,
  `address` text CHARACTER SET utf8 COLLATE utf8_unicode_ci NOT NULL,
  `geox` text CHARACTER SET utf8 COLLATE utf8_unicode_ci NOT NULL,
  `geoy` text CHARACTER SET utf8 COLLATE utf8_unicode_ci NOT NULL,
  `icon` text CHARACTER SET utf8 COLLATE utf8_unicode_ci NOT NULL
) ENGINE=MyISAM DEFAULT CHARSET=utf8 COLLATE=utf8_unicode_ci;

-- --------------------------------------------------------

--
-- Table structure for table `size`
--

DROP TABLE IF EXISTS `size`;
CREATE TABLE `size` (
  `id` varchar(9) CHARACTER SET utf8 COLLATE utf8_unicode_ci NOT NULL,
  `title` tinytext CHARACTER SET utf8 COLLATE utf8_unicode_ci NOT NULL
) ENGINE=MyISAM DEFAULT CHARSET=utf8 COLLATE=utf8_unicode_ci;

--
-- Dumping data for table `size`
--

INSERT INTO `size` (`id`, `title`) VALUES
('000000002', 'XXL'),
('000000001', 'XXXL');

-- --------------------------------------------------------

--
-- Table structure for table `stock_balance`
--

DROP TABLE IF EXISTS `stock_balance`;
CREATE TABLE `stock_balance` (
  `product_id` varchar(12) CHARACTER SET utf8 COLLATE utf8_unicode_ci NOT NULL,
  `rest` int NOT NULL DEFAULT '0',
  `size` varchar(255) CHARACTER SET utf8 COLLATE utf8_unicode_ci NOT NULL,
  `store_id` varchar(9) CHARACTER SET utf8 COLLATE utf8_unicode_ci NOT NULL
) ENGINE=MyISAM DEFAULT CHARSET=utf8 COLLATE=utf8_unicode_ci ROW_FORMAT=DYNAMIC;

--
-- Dumping data for table `stock_balance`
--

INSERT INTO `stock_balance` (`product_id`, `rest`, `size`, `store_id`) VALUES
('000000000002', 1, '', '000000004'),
('000000000002', 10, '', '000000002'),
('000000000002', 3, '', '000000003'),
('000000000003', 8, '', '000000005'),
('000000000004', 6, '', '000000002'),
('000000000004', 4, '', '000000003'),
('000000000004', 2, '', '000000004'),
('000000000005', 15, '', '000000002'),
('000000000005', 38, '', '000000003'),
('000000000005', 42, '', '000000004'),
('000000000006', 30, '', '000000002'),
('000000000006', 14, '', '000000003'),
('000000000006', 69, '', '000000004'),
('000000000001', 0, '', '000000002'),
('000000000001', 0, '', '000000003'),
('000000000001', 0, '', '000000004'),
('000000000007', 10, '', '000000005'),
('000000000012', 50, '', '000000007'),
('000000000013', 20, '', '000000007'),
('000000000014', 15, '', '000000007'),
('000000000015', 5, '', '000000007'),
('000000000017', 5, '', '000000007'),
('000000000018', 9, '', '000000002'),
('000000000019', 2, '', '000000002'),
('000000000020', 4, '', '000000002'),
('000000000021', 1, '', '000000002'),
('000000000022', 12, '', '000000007'),
('000000000023', 6, '', '000000007'),
('000000000024', 7, '', '000000005'),
('000000000025', 6, '', '000000005'),
('000000000026', 4, '', '000000005'),
('000000000027', 3, '', '000000005'),
('000000000028', 11, '', '000000007'),
('000000000029', 2, '', '000000007'),
('000000000030', 22, '', '000000002'),
('000000000031', 6, '', '000000007'),
('000000000032', 1, '', '000000007');

-- --------------------------------------------------------

--
-- Table structure for table `store`
--

DROP TABLE IF EXISTS `store`;
CREATE TABLE `store` (
  `id` varchar(9) CHARACTER SET utf8 COLLATE utf8_unicode_ci NOT NULL,
  `provider_id` varchar(6) CHARACTER SET utf8 COLLATE utf8_unicode_ci NOT NULL,
  `title` text CHARACTER SET utf8 COLLATE utf8_unicode_ci NOT NULL,
  `description` text CHARACTER SET utf8 COLLATE utf8_unicode_ci NOT NULL,
  `address` text CHARACTER SET utf8 COLLATE utf8_unicode_ci NOT NULL,
  `geox` text CHARACTER SET utf8 COLLATE utf8_unicode_ci NOT NULL,
  `geoy` text CHARACTER SET utf8 COLLATE utf8_unicode_ci NOT NULL,
  `icon` text CHARACTER SET utf8 COLLATE utf8_unicode_ci NOT NULL
) ENGINE=MyISAM DEFAULT CHARSET=utf8 COLLATE=utf8_unicode_ci;

--
-- Dumping data for table `store`
--

INSERT INTO `store` (`id`, `provider_id`, `title`, `description`, `address`, `geox`, `geoy`, `icon`) VALUES
('000000007', '00005', 'DNS Москва «Афимолл Сити»', '', '', '55.748359', '37.539473', ''),
('000000002', '00003', 'Магазин 1 (Барамба)', '', '', '55.657123', '37.739375', ''),
('000000003', '00003', 'Магазин 2 (Барамба)', '', '', '55.895247', '37.57195', ''),
('000000004', '00003', 'Магазин 3 (Барамба)', '', '', '55.72993', '37.496337', ''),
('000000005', '00004', 'На Волгоградке (м-видео)', '', '', '55.721462', '37.697468', ''),
('000000001', '00001', 'Ситилинк(ул. 5-я кожуховская)', '', '', '55.704362', '37.683324', ''),
('000000006', '00001', 'ТестАдреса', '', '', '55.676907', '37.576968', '');

-- --------------------------------------------------------

--
-- Table structure for table `user`
--

DROP TABLE IF EXISTS `user`;
CREATE TABLE `user` (
  `id` int NOT NULL,
  `name` tinytext CHARACTER SET utf8 COLLATE utf8_unicode_ci NOT NULL,
  `phone` int DEFAULT NULL,
  `email` varchar(255) CHARACTER SET utf8 COLLATE utf8_unicode_ci DEFAULT NULL,
  `email_confirmed` tinyint(1) NOT NULL DEFAULT '0',
  `timestamp` timestamp NOT NULL DEFAULT CURRENT_TIMESTAMP ON UPDATE CURRENT_TIMESTAMP
) ENGINE=InnoDB DEFAULT CHARSET=utf8 COLLATE=utf8_unicode_ci;

--
-- Dumping data for table `user`
--

INSERT INTO `user` (`id`, `name`, `phone`, `email`, `email_confirmed`) VALUES
(52, '', NULL, NULL, 0),
(53, '', NULL, NULL, 0),
(54, '', NULL, NULL, 0),
(55, '', NULL, NULL, 0),
(56, '', NULL, NULL, 0),
(57, '', NULL, NULL, 0),
(58, '', NULL, NULL, 0),
(59, '', NULL, NULL, 0),
(60, '', NULL, NULL, 0),
(61, '', NULL, NULL, 0),
(62, '', NULL, NULL, 0),
(63, '', NULL, NULL, 0),
(64, '', NULL, NULL, 0),
(65, '', NULL, NULL, 0),
(66, '', NULL, NULL, 0),
(67, '', NULL, NULL, 0),
(68, '', NULL, NULL, 0);

-- --------------------------------------------------------

--
-- Table structure for table `user_data`
--

DROP TABLE IF EXISTS `user_data`;
CREATE TABLE `user_data` (
  `id` int NOT NULL,
  `user_id` int DEFAULT NULL,
  `address` text CHARACTER SET utf8 COLLATE utf8_unicode_ci,
  `geodata` text CHARACTER SET utf8 COLLATE utf8_unicode_ci,
  `timestamp` timestamp NOT NULL DEFAULT CURRENT_TIMESTAMP
) ENGINE=InnoDB DEFAULT CHARSET=utf8 COLLATE=utf8_unicode_ci;

--
-- Dumping data for table `user_data`
--

INSERT INTO `user_data` (`id`, `user_id`, `address`, `geodata`, `timestamp`) VALUES
(1, 55, 'г Москва, 1-й Угрешский проезд, д 24', '{\"value\":\"г Москва, 1-й Угрешский проезд, д 24\",\"unrestricted_value\":\"115088, г Москва, р-н Печатники, 1-й Угрешский проезд, д 24\",\"data\":{\"postal_code\":\"115088\",\"country\":\"Россия\",\"country_iso_code\":\"RU\",\"federal_district\":\"Центральный\",\"region_fias_id\":\"0c5b2444-70a0-4932-980c-b4dc0d3f02b5\",\"region_kladr_id\":\"7700000000000\",\"region_iso_code\":\"RU-MOW\",\"region_with_type\":\"г Москва\",\"region_type\":\"г\",\"region_type_full\":\"город\",\"region\":\"Москва\",\"area_fias_id\":null,\"area_kladr_id\":null,\"area_with_type\":null,\"area_type\":null,\"area_type_full\":null,\"area\":null,\"city_fias_id\":\"0c5b2444-70a0-4932-980c-b4dc0d3f02b5\",\"city_kladr_id\":\"7700000000000\",\"city_with_type\":\"г Москва\",\"city_type\":\"г\",\"city_type_full\":\"город\",\"city\":\"Москва\",\"city_area\":\"Юго-восточный\",\"city_district_fias_id\":null,\"city_district_kladr_id\":null,\"city_district_with_type\":\"р-н Печатники\",\"city_district_type\":\"р-н\",\"city_district_type_full\":\"район\",\"city_district\":\"Печатники\",\"settlement_fias_id\":null,\"settlement_kladr_id\":null,\"settlement_with_type\":null,\"settlement_type\":null,\"settlement_type_full\":null,\"settlement\":null,\"street_fias_id\":\"4cdd215b-55d8-414d-829c-064558cbafd3\",\"street_kladr_id\":\"77000000000347700\",\"street_with_type\":\"1-й Угрешский проезд\",\"street_type\":\"проезд\",\"street_type_full\":\"проезд\",\"street\":\"1-й Угрешский\",\"house_fias_id\":\"74c7a0a9-3655-480a-bcea-245c29afbc0d\",\"house_kladr_id\":\"7700000000034770018\",\"house_cadnum\":null,\"house_type\":\"д\",\"house_type_full\":\"дом\",\"house\":\"24\",\"block_type\":null,\"block_type_full\":null,\"block\":null,\"entrance\":null,\"floor\":null,\"flat_fias_id\":null,\"flat_cadnum\":null,\"flat_type\":null,\"flat_type_full\":null,\"flat\":null,\"flat_area\":null,\"square_meter_price\":null,\"flat_price\":null,\"postal_box\":null,\"fias_id\":\"74c7a0a9-3655-480a-bcea-245c29afbc0d\",\"fias_code\":\"77000000000000034770018\",\"fias_level\":\"8\",\"fias_actuality_state\":\"0\",\"kladr_id\":\"7700000000034770018\",\"geoname_id\":\"524901\",\"capital_marker\":\"0\",\"okato\":\"45290582000\",\"oktmo\":\"45393000\",\"tax_office\":\"7723\",\"tax_office_legal\":\"7723\",\"timezone\":null,\"geo_lat\":\"55.715063\",\"geo_lon\":\"37.690776\",\"beltway_hit\":null,\"beltway_distance\":null,\"metro\":null,\"qc_geo\":\"0\",\"qc_complete\":null,\"qc_house\":null,\"history_values\":[\"проезд Угрешский 1-й\"],\"unparsed_parts\":null,\"source\":null,\"qc\":null}}', '2021-05-26 07:06:03'),
(2, 57, 'г Москва, ул Люблинская, д 2', '{\"value\":\"г Москва, ул Люблинская, д 2\",\"unrestricted_value\":\"109125, г Москва, р-н Текстильщики, ул Люблинская, д 2\",\"data\":{\"postal_code\":\"109125\",\"country\":\"Россия\",\"country_iso_code\":\"RU\",\"federal_district\":\"Центральный\",\"region_fias_id\":\"0c5b2444-70a0-4932-980c-b4dc0d3f02b5\",\"region_kladr_id\":\"7700000000000\",\"region_iso_code\":\"RU-MOW\",\"region_with_type\":\"г Москва\",\"region_type\":\"г\",\"region_type_full\":\"город\",\"region\":\"Москва\",\"area_fias_id\":null,\"area_kladr_id\":null,\"area_with_type\":null,\"area_type\":null,\"area_type_full\":null,\"area\":null,\"city_fias_id\":\"0c5b2444-70a0-4932-980c-b4dc0d3f02b5\",\"city_kladr_id\":\"7700000000000\",\"city_with_type\":\"г Москва\",\"city_type\":\"г\",\"city_type_full\":\"город\",\"city\":\"Москва\",\"city_area\":\"Юго-восточный\",\"city_district_fias_id\":null,\"city_district_kladr_id\":null,\"city_district_with_type\":\"р-н Текстильщики\",\"city_district_type\":\"р-н\",\"city_district_type_full\":\"район\",\"city_district\":\"Текстильщики\",\"settlement_fias_id\":null,\"settlement_kladr_id\":null,\"settlement_with_type\":null,\"settlement_type\":null,\"settlement_type_full\":null,\"settlement\":null,\"street_fias_id\":\"ced5dbf3-e4ec-4ed3-bf2a-9d70e33269fd\",\"street_kladr_id\":\"77000000000008200\",\"street_with_type\":\"ул Люблинская\",\"street_type\":\"ул\",\"street_type_full\":\"улица\",\"street\":\"Люблинская\",\"house_fias_id\":\"b4b72558-23c2-4bb9-b272-f280d5339172\",\"house_kladr_id\":\"7700000000000820322\",\"house_cadnum\":null,\"house_type\":\"д\",\"house_type_full\":\"дом\",\"house\":\"2\",\"block_type\":null,\"block_type_full\":null,\"block\":null,\"entrance\":null,\"floor\":null,\"flat_fias_id\":null,\"flat_cadnum\":null,\"flat_type\":null,\"flat_type_full\":null,\"flat\":null,\"flat_area\":null,\"square_meter_price\":null,\"flat_price\":null,\"postal_box\":null,\"fias_id\":\"b4b72558-23c2-4bb9-b272-f280d5339172\",\"fias_code\":\"77000000000000000820322\",\"fias_level\":\"8\",\"fias_actuality_state\":\"0\",\"kladr_id\":\"7700000000000820322\",\"geoname_id\":\"524901\",\"capital_marker\":\"0\",\"okato\":\"45290590000\",\"oktmo\":\"45395000\",\"tax_office\":\"7722\",\"tax_office_legal\":\"7722\",\"timezone\":null,\"geo_lat\":\"55.713887\",\"geo_lon\":\"37.727733\",\"beltway_hit\":null,\"beltway_distance\":null,\"metro\":null,\"qc_geo\":\"0\",\"qc_complete\":null,\"qc_house\":null,\"history_values\":null,\"unparsed_parts\":null,\"source\":null,\"qc\":null}}', '2021-05-26 07:42:08');

-- --------------------------------------------------------

--
-- Structure for view `filtered_product`
--
DROP TABLE IF EXISTS `filtered_product`;

DROP VIEW IF EXISTS `filtered_product`;
CREATE ALGORITHM=UNDEFINED DEFINER=`saychas_z`@`localhost` SQL SECURITY DEFINER VIEW `filtered_product`  AS  select distinct `s`.`id` AS `id`,`s`.`provider_id` AS `provider_id`,`s`.`title` AS `title`,`pr`.`id` AS `product_id`,`pr`.`title` AS `product_title`,`sb`.`rest` AS `rest`,`pri`.`price` AS `price`,`pr`.`param_value_list` AS `param_value_list`,`pr`.`param_variable_list` AS `param_variable_list` from ((((`store` `s` join `provider` `p` on((`p`.`id` = `s`.`provider_id`))) join `product` `pr` on((`pr`.`provider_id` = `s`.`provider_id`))) left join `stock_balance` `sb` on(((`sb`.`product_id` = `pr`.`id`) and (`sb`.`store_id` = `s`.`id`)))) left join `price` `pri` on(((`pri`.`product_id` = `pr`.`id`) and (`pri`.`provider_id` = `p`.`id`)))) ;

--
-- Indexes for dumped tables
--

--
-- Indexes for table `brand`
--
ALTER TABLE `brand`
  ADD PRIMARY KEY (`id`);

--
-- Indexes for table `category`
--
ALTER TABLE `category`
  ADD PRIMARY KEY (`id`);

--
-- Indexes for table `characteristic`
--
ALTER TABLE `characteristic`
  ADD PRIMARY KEY (`id`);

--
-- Indexes for table `characteristic_value`
--
ALTER TABLE `characteristic_value`
  ADD PRIMARY KEY (`id`);

--
-- Indexes for table `country`
--
ALTER TABLE `country`
  ADD PRIMARY KEY (`id`);

--
-- Indexes for table `customer`
--
ALTER TABLE `customer`
  ADD PRIMARY KEY (`id`);

--
-- Indexes for table `jemp`
--
ALTER TABLE `jemp`
  ADD KEY `i` (`g`);

--
-- Indexes for table `price`
--
ALTER TABLE `price`
  ADD PRIMARY KEY (`product_id`,`provider_id`);

--
-- Indexes for table `product`
--
ALTER TABLE `product`
  ADD PRIMARY KEY (`id`);

--
-- Indexes for table `product_characteristic`
--
ALTER TABLE `product_characteristic`
  ADD UNIQUE KEY `product_id` (`product_id`,`characteristic_id`,`value`);

--
-- Indexes for table `product_image`
--
ALTER TABLE `product_image`
  ADD PRIMARY KEY (`product_id`,`ftp_url`);

--
-- Indexes for table `provider`
--
ALTER TABLE `provider`
  ADD PRIMARY KEY (`id`);

--
-- Indexes for table `shop`
--
ALTER TABLE `shop`
  ADD PRIMARY KEY (`id`);

--
-- Indexes for table `size`
--
ALTER TABLE `size`
  ADD PRIMARY KEY (`id`);

--
-- Indexes for table `stock_balance`
--
ALTER TABLE `stock_balance`
  ADD PRIMARY KEY (`product_id`,`size`,`store_id`);

--
-- Indexes for table `store`
--
ALTER TABLE `store`
  ADD PRIMARY KEY (`id`);

--
-- Indexes for table `user`
--
ALTER TABLE `user`
  ADD PRIMARY KEY (`id`),
  ADD UNIQUE KEY `phone` (`phone`),
  ADD UNIQUE KEY `email` (`email`);

--
-- Indexes for table `user_data`
--
ALTER TABLE `user_data`
  ADD PRIMARY KEY (`id`);

--
-- AUTO_INCREMENT for dumped tables
--

--
-- AUTO_INCREMENT for table `customer`
--
ALTER TABLE `customer`
  MODIFY `id` int NOT NULL AUTO_INCREMENT;

--
-- AUTO_INCREMENT for table `user`
--
ALTER TABLE `user`
  MODIFY `id` int NOT NULL AUTO_INCREMENT, AUTO_INCREMENT=69;

--
-- AUTO_INCREMENT for table `user_data`
--
ALTER TABLE `user_data`
  MODIFY `id` int NOT NULL AUTO_INCREMENT, AUTO_INCREMENT=3;
COMMIT;

/*!40101 SET CHARACTER_SET_CLIENT=@OLD_CHARACTER_SET_CLIENT */;
/*!40101 SET CHARACTER_SET_RESULTS=@OLD_CHARACTER_SET_RESULTS */;
/*!40101 SET COLLATION_CONNECTION=@OLD_COLLATION_CONNECTION */;
