-- phpMyAdmin SQL Dump
-- version 5.0.2
-- https://www.phpmyadmin.net/
--
-- Host: localhost
-- Generation Time: Aug 02, 2021 at 05:55 PM
-- Server version: 8.0.25
-- PHP Version: 7.4.16

SET SQL_MODE = "NO_AUTO_VALUE_ON_ZERO";
START TRANSACTION;
SET time_zone = "+00:00";


/*!40101 SET @OLD_CHARACTER_SET_CLIENT=@@CHARACTER_SET_CLIENT */;
/*!40101 SET @OLD_CHARACTER_SET_RESULTS=@@CHARACTER_SET_RESULTS */;
/*!40101 SET @OLD_COLLATION_CONNECTION=@@COLLATION_CONNECTION */;
/*!40101 SET NAMES utf8mb4 */;

--
-- Database: `saychas_z`
--

-- --------------------------------------------------------

--
-- Table structure for table `basket`
--

DROP TABLE IF EXISTS `basket`;
CREATE TABLE `basket` (
  `user_id` int NOT NULL,
  `product_id` varchar(12) CHARACTER SET utf8 COLLATE utf8_unicode_ci NOT NULL,
  `total` int NOT NULL DEFAULT '0',
  `order_id` int NOT NULL,
  `price` int NOT NULL DEFAULT '0',
  `discount` int NOT NULL DEFAULT '0',
  `discount_description` text CHARACTER SET utf8 COLLATE utf8_unicode_ci,
  `timestamp` timestamp NOT NULL DEFAULT CURRENT_TIMESTAMP ON UPDATE CURRENT_TIMESTAMP
) ENGINE=InnoDB DEFAULT CHARSET=utf8mb3 COLLATE=utf8_unicode_ci;

--
-- Dumping data for table `basket`
--

INSERT INTO `basket` (`user_id`, `product_id`, `total`, `order_id`, `price`, `discount`, `discount_description`) VALUES
(44, '000000000013', 1, 0, 1600000, 0, NULL),
(44, '000000000024', 1, 0, 3599000, 0, NULL),
(50, '000000000002', 1, 0, 800000, 0, NULL),
(50, '000000000003', 2, 0, 5699000, 0, NULL),
(50, '000000000004', 1, 0, 7400, 0, NULL),
(50, '000000000005', 1, 0, 7800, 0, NULL),
(50, '000000000006', 1, 0, 8300, 0, NULL),
(50, '000000000007', 1, 0, 0, 0, NULL),
(50, '000000000008', 1, 0, 4730000, 0, NULL),
(50, '000000000016', 1, 0, 100000, 0, NULL),
(50, '000000000017', 1, 0, 1250000, 0, NULL),
(50, '000000000018', 1, 0, 5399100, 0, NULL),
(50, '000000000019', 1, 0, 5400000, 0, NULL),
(50, '000000000020', 1, 0, 0, 0, NULL),
(50, '000000000029', 1, 0, 0, 0, NULL),
(50, '000000000036', 1, 0, 3199001, 0, NULL),
(59, '000000000014', 1, 0, 0, 0, NULL),
(68, '000000000014', 1, 0, 0, 0, NULL),
(68, '000000000020', 1, 0, 0, 0, NULL),
(68, '000000000024', 1, 0, 0, 0, NULL),
(72, '000000000019', 1, 0, 0, 0, NULL),
(72, '000000000020', 1, 0, 0, 0, NULL),
(72, '000000000024', 1, 0, 0, 0, NULL),
(72, '000000000025', 1, 0, 0, 0, NULL),
(72, '000000000030', 1, 0, 0, 0, NULL),
(77, '000000000005', 1, 0, 0, 0, NULL),
(80, '000000000003', 1, 0, 0, 0, NULL),
(80, '000000000016', 1, 0, 0, 0, NULL),
(90, '000000000014', 1, 0, 0, 0, NULL),
(94, '000000000002', 1, 0, 0, 0, NULL),
(111, '000000000016', 1, 0, 0, 0, NULL),
(116, '000000000005', 1, 0, 0, 0, NULL),
(123, '000000000018', 1, 0, 0, 0, NULL),
(135, '000000000018', 1, 0, 0, 0, NULL),
(137, '000000000002', 1, 0, 0, 0, NULL),
(137, '000000000009', 1, 0, 0, 0, NULL),
(137, '000000000010', 1, 0, 0, 0, NULL),
(137, '000000000019', 1, 0, 0, 0, NULL),
(137, '000000000020', 1, 0, 0, 0, NULL),
(138, '000000000002', 1, 0, 0, 0, NULL),
(138, '000000000003', 1, 0, 0, 0, NULL),
(138, '000000000009', 1, 0, 0, 0, NULL),
(172, '000000000018', 1, 0, 5399100, 0, NULL),
(201, '000000000018', 1, 0, 5399100, 0, NULL),
(233, '000000000001', 1, 0, 580000, 0, NULL),
(233, '000000000012', 1, 0, 1500000, 0, NULL),
(234, '000000000012', 1, 0, 1500000, 0, NULL),
(234, '000000000013', 1, 0, 1600000, 0, NULL),
(341, '000000000007', 1, 0, 5400000, 0, NULL),
(341, '000000000009', 1, 0, 5100000, 0, NULL),
(341, '000000000013', 2, 0, 1600000, 0, NULL),
(341, '000000000015', 1, 0, 2300000, 0, NULL),
(347, '000000000002', 1, 0, 800000, 0, NULL),
(347, '000000000003', 2, 0, 5699000, 0, NULL),
(347, '000000000004', 1, 0, 7400, 0, NULL),
(347, '000000000005', 1, 0, 7800, 0, NULL),
(347, '000000000006', 1, 0, 8300, 0, NULL),
(347, '000000000008', 1, 0, 4730000, 0, NULL),
(347, '000000000016', 1, 0, 100000, 0, NULL),
(347, '000000000017', 1, 0, 1250000, 0, NULL),
(347, '000000000018', 1, 0, 5399100, 0, NULL),
(347, '000000000019', 1, 0, 5400000, 0, NULL),
(363, '000000000005', 1, 0, 7800, 0, NULL),
(369, '000000000036', 1, 0, 3199001, 0, NULL),
(453, '000000000001', 1, 0, 580000, 0, NULL),
(453, '000000000007', 1, 0, 5400000, 0, NULL),
(453, '000000000009', 1, 0, 5100000, 0, NULL),
(453, '000000000036', 1, 0, 3199001, 0, NULL),
(470, '000000000001', 1, 0, 580000, 0, NULL),
(470, '000000000003', 1, 0, 5699000, 0, NULL),
(470, '000000000029', 1, 0, 1583100, 0, NULL),
(497, '000000000013', 1, 0, 1600000, 0, NULL),
(497, '000000000014', 2, 0, 2000000, 0, NULL),
(515, '000000000001', 1, 0, 580000, 0, NULL),
(515, '000000000005', 1, 0, 7800, 0, NULL),
(515, '000000000008', 1, 0, 4730000, 0, NULL),
(520, '000000000001', 1, 0, 580000, 0, NULL),
(520, '000000000002', 1, 0, 800000, 0, NULL),
(520, '000000000003', 1, 0, 5699000, 0, NULL),
(520, '000000000004', 3, 0, 7400, 0, NULL),
(520, '000000000005', 1, 0, 7800, 0, NULL),
(520, '000000000006', 2, 0, 8300, 0, NULL),
(520, '000000000007', 1, 0, 5400000, 0, NULL),
(520, '000000000008', 1, 0, 4730000, 0, NULL),
(520, '000000000009', 1, 0, 5100000, 0, NULL),
(520, '000000000010', 1, 0, 4500000, 0, NULL);

-- --------------------------------------------------------

--
-- Table structure for table `brand`
--

DROP TABLE IF EXISTS `brand`;
CREATE TABLE `brand` (
  `id` varchar(6) CHARACTER SET utf8 COLLATE utf8_unicode_ci NOT NULL,
  `title` tinytext CHARACTER SET utf8 COLLATE utf8_unicode_ci NOT NULL,
  `description` text CHARACTER SET utf8 COLLATE utf8_unicode_ci NOT NULL,
  `image` tinytext CHARACTER SET utf8 COLLATE utf8_unicode_ci NOT NULL
) ENGINE=MyISAM DEFAULT CHARSET=utf8mb3 COLLATE=utf8_unicode_ci;

--
-- Dumping data for table `brand`
--

INSERT INTO `brand` (`id`, `title`, `description`, `image`) VALUES
('000005', 'ACER', '', '000005_ACER.png'),
('000011', 'Apple', '', '_Apple.png'),
('000007', 'Asus', '', '000007_Asus.png'),
('000001', 'BOSH', '', '000001_BOSH.png'),
('000008', 'Hewlett-Packard', '', '000008_Hewlett-Packard.png'),
('000003', 'HUAWEI', '', '000003_HUAWEI.png'),
('000006', 'Lenovo', '', '000006_Lenovo.png'),
('000009', 'Nokia', '', '000009_Nokia.png'),
('000012', 'Samsung', '', ''),
('000002', 'SONY', '', '000002_SONY.png'),
('000010', 'Xiaomi', '', '000010_Xiaomi.png'),
('000004', 'Простоквашино', '', '000004_Простоквашино.png'),
('000013', 'Dewolf', '', '_.png');

-- --------------------------------------------------------

--
-- Table structure for table `category`
--

DROP TABLE IF EXISTS `category`;
CREATE TABLE `category` (
  `id` varchar(9) CHARACTER SET utf8 COLLATE utf8_unicode_ci NOT NULL,
  `parent_id` varchar(9) CHARACTER SET utf8 COLLATE utf8_unicode_ci NOT NULL DEFAULT '0',
  `title` text CHARACTER SET utf8 COLLATE utf8_unicode_ci NOT NULL,
  `description` text CHARACTER SET utf8 COLLATE utf8_unicode_ci NOT NULL,
  `icon` varchar(11) CHARACTER SET utf8 COLLATE utf8_unicode_ci NOT NULL DEFAULT '',
  `sort_order` int NOT NULL DEFAULT '0'
) ENGINE=MyISAM DEFAULT CHARSET=utf8mb3 COLLATE=utf8_unicode_ci COMMENT='Категории товаров';

--
-- Dumping data for table `category`
--

INSERT INTO `category` (`id`, `parent_id`, `title`, `description`, `icon`, `sort_order`) VALUES
('000000001', '0', 'Техника', '', '', 0),
('000000002', '0', 'Электроника', '', '', 0),
('000000003', '000000002', 'Смартфоны и телефоны', '', '', 0),
('000000004', '000000003', 'Сотовые телефоны', '', '', 0),
('000000005', '000000003', 'Стационарные телефоны', '', '', 0),
('000000006', '000000003', 'Смартфоны', '', '', 0),
('000000007', '000000004', 'Кнопочные', '', '', 0),
('000000008', '000000002', 'Аксессуары для съемки', '', '', 0),
('000000009', '000000008', 'Линзы для камер', '', '', 0),
('000000010', '000000001', 'Бытовая техника', '', '', 0),
('000000011', '000000010', 'Холодильники', '', '', 0),
('000000013', '0', 'Продукты питания', '', '', 0),
('000000014', '000000013', 'Молочная продукция', '', '', 0),
('000000015', '000000013', 'Мясные продукты', '', '', 0),
('000000016', '000000014', 'Кефир', '', '', 0),
('000000017', '000000014', 'Молоко', '', '', 0),
('000000018', '000000014', 'Ряженка', '', '', 0),
('000000019', '000000002', 'Ноутбуки и компьютеры', '', '', 0),
('000000020', '000000019', 'Ноутбуки и ультрабуки', '', '', 0),
('000000021', '000000019', 'Мониторы', '', '', 0),
('000000022', '000000019', 'Компьютеры и моноблоки', '', '', 0),
('000000023', '0', 'ФЭШН ТОВАРЫ', '', '', 0),
('000000024', '000000023', 'Обувь', '', '', 0),
('000000025', '000000023', 'Верхная одежда', '', '', 0),
('000000026', '000000025', 'Пальто', '', '', 0),
('000000027', '000000002', 'Запчасти для устройств', '', '', 0),
('000000028', '000000003', 'Мобильные телефоны', '', '', 0),
('000000029', '000000003', 'SIM-карты', '', '', 0),
('000000030', '000000003', 'Карты памяти для телефона', '', '', 0),
('000000031', '000000003', 'Стилусы для смартфона', '', '', 0),
('000000032', '000000002', 'Стекла и пленки', '', '', 0),
('000000033', '000000032', 'Защитные стекла', '', '', 0),
('000000034', '000000032', 'Защитные пленки', '', '', 0),
('000000035', '000000002', 'Накопители информации', '', '', 0),
('000000036', '000000035', 'Flash-накопители', '', '', 0),
('000000037', '000000035', 'Внешние SSD- накопители', '', '', 0),
('000000038', '000000035', 'SSD- накопители', '', '', 0),
('000000039', '000000035', 'Внешние жесткие диски', '', '', 0),
('000000040', '000000035', 'Жесткие диски', '', '', 0),
('000000041', '000000035', 'Карты памяти', '', '', 0),
('000000042', '000000002', 'Чехлы и рюкзаки', '', '', 0),
('000000043', '000000042', 'Чехлы для стилуса', '', '', 0),
('000000044', '000000042', 'Чехлы для телефонов', '', '', 0),
('000000045', '000000042', 'Чехлы на руку', '', '', 0),
('000000046', '000000042', 'Чехлы для флешек', '', '', 0),
('000000047', '000000042', 'Чехлы для наушников', '', '', 0),
('000000048', '000000042', 'Чехлы для смарт-часов', '', '', 0),
('000000049', '000000042', 'Чехлы для игровых консолей', '', '', 0),
('000000050', '000000042', 'Чехлы для ноутбуков', '', '', 0),
('000000051', '000000042', 'Чехлы для камер', '', '', 0),
('000000052', '000000042', 'Чехлы для планшетов', '', '', 0),
('000000053', '000000042', 'Чехлы для фотоаппаратов', '', '', 0),
('000000054', '000000042', 'Футляры для зарядных устройств', '', '', 0),
('000000055', '000000042', 'Рюкзаки для фотоаппаратов', '', '', 0),
('000000056', '000000002', 'Планшеты', '', '', 0),
('000000057', '000000027', 'Скрепки для сим-карт', '', '', 0),
('000000058', '000000027', 'Присоски для снятия дисплея', '', '', 0),
('000000059', '000000027', 'Дисплеи для смартфонов', '', '', 0),
('000000060', '000000027', 'Тачскрины для планшетов', '', '', 0),
('000000061', '000000027', 'Тачскрины для смартфонов', '', '', 0),
('000000062', '000000002', 'Держатели', '', '', 0),
('000000063', '000000062', 'Держатели в авто', '', '', 0),
('000000064', '000000062', 'Держатели для микрофонов', '', '', 0),
('000000065', '000000062', 'Док-станции', '', '', 0),
('000000066', '000000062', 'Подставки для электроники', '', '', 0),
('000000067', '000000062', 'Кольцевые лампы', '', '', 0),
('000000068', '000000062', 'Держатели проводов', '', '', 0),
('000000069', '000000062', 'Стабилизаторы', '', '', 0),
('000000070', '000000062', 'Крепление для камеры', '', '', 0),
('000000071', '000000062', 'Штативы для сьемки', '', '', 0),
('000000072', '000000062', 'Держатели для игровых консолей', '', '', 0),
('000000073', '000000002', 'Кронштейны', '', '', 0),
('000000074', '000000073', 'Кронштейны для аудиотехники', '', '', 0),
('000000075', '000000073', 'Кронштейны для видеокамер', '', '', 0),
('000000076', '000000073', 'Кронштейны для видеотехники', '', '', 0),
('000000077', '000000073', 'Кронштейны для колонок', '', '', 0),
('000000078', '000000073', 'Кронштейны для мониторов', '', '', 0),
('000000079', '000000073', 'Кронштейны для телевизоров', '', '', 0),
('000000080', '000000008', 'Очки для селфи', '', '', 0),
('000000081', '000000008', 'Пульт для селфи', '', '', 0),
('000000082', '000000002', 'Гарнитуры и наушники', '', '', 0),
('000000083', '000000082', 'Гарнитура', '', '', 0),
('000000084', '000000082', 'Наушники', '', '', 0),
('000000085', '000000002', 'Кабели и зарядные устройства', '', '', 0),
('000000086', '000000085', 'Кабель', '', '', 0),
('000000087', '000000085', 'Зарядное устройство', '', '', 0),
('000000088', '000000085', 'Адаптер', '', '', 0),
('000000089', '000000085', 'Внешний аккумулятор', '', '', 0),
('000000090', '000000085', 'Переходник', '', '', 0),
('000000091', '000000085', 'Разветвитель,сетевой фильтр', '', '', 0),
('000000092', '000000085', 'Элемент питания', '', '', 0),
('000000093', '000000002', 'Смарт-часы и аксессуары', '', '', 0),
('000000094', '000000093', 'Умные часы и браслеты', '', '', 0),
('000000095', '000000094', 'Смарт-часы', '', '', 0),
('000000096', '000000094', 'Фитнес-браслеты', '', '', 0),
('000000097', '000000094', 'Гибридные умные часы', '', '', 0),
('000000098', '000000093', 'Ремешки и браслеты', '', '', 0),
('000000099', '000000098', 'NFC-браслеты', '', '', 0),
('000000100', '000000098', 'Пульсометры', '', '', 0),
('000000101', '000000098', 'Трекеры активности', '', '', 0),
('000000102', '000000098', 'Ремешки для умных часов', '', '', 0),
('000000103', '000000002', 'Гейминг', '', '', 0),
('000000104', '000000103', 'Игровые консоли', '', '', 0),
('000000105', '000000104', 'PlayStation', '', '', 0),
('000000106', '000000104', 'Xbox', '', '', 0),
('000000107', '000000104', 'Приставки 8bit и 16bit', '', '', 0),
('000000108', '000000104', 'Nintendo', '', '', 0),
('000000109', '000000104', 'Геймпады', '', '', 0),
('000000110', '000000103', 'Игры', '', '', 0),
('000000111', '000000110', 'Диски с играми', '', '', 0),
('000000112', '000000110', 'Игры (цифровой контент)', '', '', 0),
('000000113', '000000103', 'Аксессуары', '', '', 0),
('000000114', '000000113', 'Игровые напальчники', '', '', 0),
('000000115', '000000022', 'Компьютеры', '', '', 0),
('000000116', '000000022', 'Моноблоки', '', '', 0),
('000000117', '000000020', 'Ноутбуки', '', '', 0),
('000000118', '000000020', 'Ультрабуки', '', '', 0),
('000000119', '000000019', 'Комплектующие для ПК', '', '', 0),
('000000120', '000000119', 'Блок питания', '', '', 0),
('000000121', '000000119', 'Видеокарта', '', '', 0),
('000000122', '000000119', 'Контроллер для ПК', '', '', 0),
('000000123', '000000119', 'Корпус для компьютера', '', '', 0),
('000000124', '000000119', 'Материнская плата', '', '', 0),
('000000125', '000000119', 'Модуль памяти', '', '', 0),
('000000126', '000000119', 'Оптический привод', '', '', 0),
('000000127', '000000119', 'Система охлаждения', '', '', 0),
('000000128', '000000119', 'Процессор', '', '', 0),
('000000129', '000000119', 'Термопаста', '', '', 0),
('000000130', '000000019', 'Периферийные аксессуары', '', '', 0),
('000000131', '000000130', 'Web-камеры', '', '', 0),
('000000132', '000000130', 'Графические планшеты', '', '', 0),
('000000133', '000000130', 'Клавиатуры', '', '', 0),
('000000134', '000000130', 'Коврики для мыши', '', '', 0),
('000000135', '000000130', 'Компьютерные мыши', '', '', 0),
('000000136', '000000130', 'Колонки', '', '', 0),
('000000137', '000000130', 'Микрофоны', '', '', 0),
('000000138', '000000130', 'Аккумуляторы для ноутбуков', '', '', 0),
('000000139', '000000130', 'Блоки питания для ноутбуков', '', '', 0),
('000000140', '000000130', 'Корпуса для жестких дисков', '', '', 0),
('000000141', '000000130', 'Маркеры для кабелей', '', '', 0),
('000000142', '000000130', 'Подсветки для ноутбуков', '', '', 0),
('000000143', '000000130', 'Подставки для ноутбуков', '', '', 0),
('000000144', '000000002', 'ТВ, Аудио, Фото, Видео техника', '', '', 0),
('000000145', '000000144', 'Колонки', '', '', 0),
('000000146', '000000144', 'Микрофоны', '', '', 0),
('000000147', '000000144', 'Виниловые проигрыватели и аксессуары', '', '', 0),
('000000148', '000000147', 'Виниловые проигрыватели', '', '', 0),
('000000149', '000000147', 'Аксессуары для виниловых проигрывателей', '', '', 0),
('000000150', '000000149', 'Кейсы для хранения виниловых пластинок', '', '', 0),
('000000151', '000000149', 'Комплекты для очистки винила', '', '', 0),
('000000152', '000000144', 'Видеодиски', '', '', 0),
('000000153', '000000152', 'Обучающие диски', '', '', 0),
('000000154', '000000152', 'Цифровые видеокурсы', '', '', 0),
('000000155', '000000144', 'Диски для записи', '', '', 0),
('000000156', '000000144', 'DVD и медиаплееры', '', '', 0),
('000000157', '000000156', 'DVD-плееры', '', '', 0),
('000000158', '000000156', 'Медиаплееры', '', '', 0),
('000000159', '000000156', 'Приемники видеосигналов', '', '', 0),
('000000160', '000000144', 'Аудиотехника', '', '', 0),
('000000161', '000000160', 'AV-ресиверы', '', '', 0),
('000000162', '000000160', 'Blu-Ray проигрыватели', '', '', 0),
('000000163', '000000160', 'CD проигрыватели', '', '', 0),
('000000164', '000000160', 'DJ контроллеры', '', '', 0),
('000000165', '000000160', 'Hi-Fi плееры', '', '', 0),
('000000166', '000000160', 'MP3 плееры', '', '', 0),
('000000167', '000000160', 'Диктофоны', '', '', 0),
('000000168', '000000160', 'Музыкальные проигрыватели', '', '', 0),
('000000169', '000000160', 'Магнитолы', '', '', 0),
('000000170', '000000160', 'Радио', '', '', 0),
('000000171', '000000160', 'Радиостанции', '', '', 0),
('000000172', '000000160', 'Саундбары', '', '', 0),
('000000173', '000000160', 'Усилители Hi-Fi', '', '', 0),
('000000174', '000000144', 'Видеокамеры', '', '', 0),
('000000175', '000000174', 'Цифровые видеокамеры', '', '', 0),
('000000176', '000000174', 'Экшн-камеры', '', '', 0),
('000000177', '000000144', 'Студийное оборудование', '', '', 0),
('000000178', '000000177', 'Вентиляторы студийные', '', '', 0),
('000000179', '000000177', 'Импульсные осветители', '', '', 0),
('000000180', '000000177', 'Отражатели для фотовспышки', '', '', 0),
('000000181', '000000177', 'Радиосинхронизаторы', '', '', 0),
('000000182', '000000177', 'Радиосистемы вокальные', '', '', 0),
('000000183', '000000177', 'Рефлекторы', '', '', 0),
('000000184', '000000177', 'Столы для предметной съемки', '', '', 0),
('000000185', '000000177', 'Фотобоксы', '', '', 0),
('000000186', '000000177', 'Фотозонты', '', '', 0),
('000000187', '000000144', 'Телевизоры и аксессуары', '', '', 0),
('000000188', '000000187', 'Телевизоры', '', '', 0),
('000000189', '000000187', 'Аксессуары для телевизоров', '', '', 0),
('000000190', '000000189', 'Антенны телевизионные', '', '', 0),
('000000191', '000000189', 'Комплекты спутникового ТВ', '', '', 0),
('000000192', '000000189', 'Модули доступа ТВ', '', '', 0),
('000000193', '000000189', 'Полки для телевизоров', '', '', 0),
('000000194', '000000189', 'Ресиверы телевизионные', '', '', 0),
('000000195', '000000189', 'Усилители телевизионные', '', '', 0),
('000000196', '000000144', 'Подписки на сервис', '', '', 0),
('000000197', '000000144', 'Фототехника', '', '', 0),
('000000198', '000000197', 'Фотоаппараты', '', '', 0),
('000000199', '000000197', 'Фотоаппараты моментальной печати', '', '', 0),
('000000200', '000000197', 'Фотовспышки', '', '', 0),
('000000201', '000000002', 'Офисная техника', '', '', 0),
('000000202', '000000002', 'Автоэлектроника и навигация', '', '', 0),
('000000203', '000000202', 'FM-трансмиттеры', '', '', 0),
('000000204', '000000202', 'Автомобильные зарядные устройства', '', '', 0),
('000000205', '000000202', 'Видеорегистраторы', '', '', 0),
('000000206', '000000202', 'Зарядные станция для электромобилей', '', '', 0),
('000000207', '000000202', 'Инверторы автомобильные', '', '', 0),
('000000208', '000000202', 'Камеры заднего вида', '', '', 0),
('000000209', '000000202', 'Колонки автомобильные', '', '', 0),
('000000210', '000000202', 'Магнитолы автомобильные', '', '', 0),
('000000211', '000000202', 'Навигаторы', '', '', 0),
('000000212', '000000202', 'Парктроники', '', '', 0),
('000000213', '000000202', 'Подсветки автомобильные', '', '', 0),
('000000214', '000000202', 'Пульты управления сигнализацией', '', '', 0),
('000000215', '000000202', 'Радар-детекторы', '', '', 0),
('000000216', '000000202', 'Сабвуферы автомобильные', '', '', 0),
('000000217', '000000202', 'Сигнализации автомобильные', '', '', 0),
('000000218', '000000202', 'Телевизоры автомобильные', '', '', 0),
('000000219', '000000202', 'Тепловентиляторы автомобильные', '', '', 0),
('000000220', '000000202', 'Усилители автомобильные', '', '', 0),
('000000221', '000000202', 'Чайники автомобильные', '', '', 0),
('000000222', '000000202', 'Эхолоты', '', '', 0);

-- --------------------------------------------------------

--
-- Table structure for table `characteristic`
--

DROP TABLE IF EXISTS `characteristic`;
CREATE TABLE `characteristic` (
  `id` varchar(19) CHARACTER SET utf8 COLLATE utf8_unicode_ci NOT NULL DEFAULT '',
  `category_id` varchar(9) CHARACTER SET utf8 COLLATE utf8_unicode_ci NOT NULL DEFAULT '',
  `title` varchar(255) CHARACTER SET utf8 COLLATE utf8_unicode_ci NOT NULL DEFAULT '',
  `type` tinyint(1) NOT NULL DEFAULT '1',
  `filter` tinyint(1) NOT NULL DEFAULT '0',
  `group` tinyint(1) NOT NULL DEFAULT '0',
  `sort_order` int NOT NULL DEFAULT '1',
  `unit` tinytext CHARACTER SET utf8 COLLATE utf8_unicode_ci,
  `description` tinytext CHARACTER SET utf8 COLLATE utf8_unicode_ci,
  `is_main` tinyint(1) NOT NULL DEFAULT '0',
  `is_mandatory` tinyint(1) NOT NULL DEFAULT '0',
  `is_list` tinyint(1) NOT NULL DEFAULT '0'
) ENGINE=MyISAM DEFAULT CHARSET=utf8mb3 COLLATE=utf8_unicode_ci;

--
-- Dumping data for table `characteristic`
--

INSERT INTO `characteristic` (`id`, `category_id`, `title`, `type`, `filter`, `group`, `sort_order`, `unit`, `description`, `is_main`, `is_mandatory`, `is_list`) VALUES
('000000001-000000005', '000000005', 'Страна-производитель', 8, 0, 0, 1, '', '', 0, 0, 0),
('000000002-000000005', '000000005', 'Поставщик', 5, 0, 0, 2, '', '', 0, 0, 0),
('000000003-000000005', '000000005', 'Бренд', 6, 0, 0, 3, '', '', 0, 0, 0),
('000000004-000000005', '000000005', 'Цвет', 7, 0, 0, 4, '', '', 0, 0, 0),
('000000005-000000005', '000000005', 'Длина', 2, 0, 0, 5, 'м.', '', 0, 0, 0),
('000000006-000000005', '000000005', 'Ширина', 2, 0, 0, 6, 'м.', '', 0, 0, 0),
('000000007-000000005', '000000005', 'Высота', 2, 0, 0, 7, 'м.', '', 0, 0, 0),
('000000008-000000005', '000000005', 'Вес', 2, 0, 0, 8, 'кг.', '', 0, 0, 0),
('000000017-000000006', '000000006', 'Основные характеристики', 0, 0, 0, 1, '', '', 0, 0, 0),
('000000014-000000006', '000000006', 'Операционная система', 4, 1, 0, 2, '', '', 1, 1, 0),
('000000003-000000006', '000000006', 'Бренд', 6, 1, 0, 3, '', '', 0, 0, 0),
('000000025-000000006', '000000006', 'Материал корпуса', 4, 0, 0, 4, '', '', 0, 0, 0),
('000000004-000000006', '000000006', 'Цвет', 7, 1, 1, 5, '', '', 1, 0, 0),
('000000001-000000006', '000000006', 'Страна-производитель', 8, 1, 0, 6, '', '', 1, 0, 0),
('000000027-000000006', '000000006', 'Гарантийный срок (мес.)', 2, 0, 0, 7, '', '', 1, 0, 0),
('000000028-000000006', '000000006', 'Дополнительные опции', 1, 1, 0, 8, '', '', 0, 0, 0),
('000000032-000000006', '000000006', 'Экран', 0, 0, 0, 9, '', '', 0, 0, 0),
('000000029-000000006', '000000006', 'Диагональ (дюйм)', 2, 1, 0, 10, '', '', 0, 0, 0),
('000000036-000000006', '000000006', 'Разрешение', 4, 1, 0, 11, '', '', 0, 0, 0),
('000000037-000000006', '000000006', 'Тип дисплея', 4, 1, 0, 12, '', '', 0, 0, 0),
('000000038-000000006', '000000006', 'Защитное покрытие', 3, 1, 0, 13, '', '', 0, 0, 0),
('000000039-000000006', '000000006', 'Память и процессор', 0, 0, 0, 14, '', '', 0, 0, 0),
('000000040-000000006', '000000006', 'Объем встроенной памяти (ГБ)', 4, 1, 0, 15, '', '', 1, 0, 0),
('000000041-000000006', '000000006', 'Объем оперативной памяти (ГБ)', 4, 1, 0, 16, '', '', 1, 0, 0),
('000000042-000000006', '000000006', 'Макс. объем карты памяти (ГБ)', 4, 0, 0, 17, '', '', 1, 0, 0),
('000000043-000000006', '000000006', 'Процессор', 1, 1, 0, 18, '', '', 1, 0, 0),
('000000044-000000006', '000000006', 'Количество ядер процессора', 2, 0, 0, 19, '', '', 1, 0, 0),
('000000045-000000006', '000000006', 'Тактовая частота процессора (МГц)', 2, 0, 0, 20, '', '', 1, 0, 0),
('000000046-000000006', '000000006', 'Тип карты памяти', 4, 0, 0, 21, '', '', 0, 0, 0),
('000000047-000000006', '000000006', 'Связь', 0, 0, 0, 22, '', '', 0, 0, 0),
('000000048-000000006', '000000006', 'Беспроводные интерфейсы', 1, 1, 0, 23, '', '', 0, 0, 0),
('000000049-000000006', '000000006', 'Стандарт связи', 1, 1, 0, 24, '', '', 0, 0, 0),
('000000050-000000006', '000000006', 'Навигация', 1, 1, 0, 25, '', '', 0, 0, 0),
('000000051-000000006', '000000006', 'Количество SIM карт', 4, 1, 0, 26, '', '', 0, 0, 0),
('000000052-000000006', '000000006', 'Тип SIM карты', 1, 0, 0, 27, '', '', 0, 0, 0),
('000000053-000000006', '000000006', 'Питание', 0, 0, 0, 28, '', '', 0, 0, 0),
('000000054-000000006', '000000006', 'Тип аккумулятора', 1, 0, 0, 29, '', '', 0, 0, 0),
('000000055-000000006', '000000006', 'Емкость аккумулятора (мАч)', 2, 0, 0, 30, '', '', 0, 0, 0),
('000000056-000000006', '000000006', 'Вид разъема', 4, 0, 0, 31, '', '', 0, 0, 0),
('000000057-000000006', '000000006', 'Камера', 0, 0, 0, 32, '', '', 0, 0, 0),
('000000058-000000006', '000000006', 'Количество Мп основной камеры', 2, 1, 0, 33, '', '', 0, 0, 0),
('000000059-000000006', '000000006', 'Количество Мп фронтальной камеры', 2, 0, 0, 34, '', '', 0, 0, 0),
('000000060-000000006', '000000006', 'Особенности объектива', 1, 0, 0, 35, '', '', 0, 0, 0),
('000000061-000000006', '000000006', 'Поддерживаемый формат', 1, 0, 0, 36, '', '', 0, 0, 0),
('000000062-000000006', '000000006', 'Встроенная вспышка', 3, 0, 0, 37, '', '', 0, 0, 0),
('000000063-000000006', '000000006', 'Дополнительные опции камеры', 1, 0, 0, 38, '', '', 0, 0, 0),
('000000064-000000006', '000000006', 'Дополнительная информация', 0, 0, 0, 39, '', '', 0, 0, 0),
('000000065-000000006', '000000006', 'Комплектация', 1, 0, 0, 40, '', '', 0, 0, 0),
('000000066-000000006', '000000006', 'Степень пылевлагозащиты', 1, 0, 0, 41, '', '', 0, 0, 0),
('000000067-000000006', '000000006', 'Транспортировка', 1, 0, 0, 42, '', '', 0, 0, 0),
('000000068-000000006', '000000006', 'Хрупкость', 3, 0, 0, 43, '', '', 0, 0, 0),
('000000069-000000006', '000000006', 'Габариты, вес', 0, 0, 0, 44, '', '', 0, 0, 0),
('000000005-000000006', '000000006', 'Длина', 2, 0, 0, 45, 'м.', '', 0, 0, 0),
('000000006-000000006', '000000006', 'Ширина', 2, 0, 0, 46, 'м.', '', 0, 0, 0),
('000000007-000000006', '000000006', 'Высота', 2, 0, 0, 47, 'м.', '', 0, 0, 0),
('000000008-000000006', '000000006', 'Вес', 2, 0, 0, 48, 'кг.', '', 0, 0, 0),
('000000021-000000009', '000000009', 'Сопротивление', 1, 0, 0, 1, '', '', 0, 0, 0),
('000000016-000000009', '000000009', 'Частотный диапазон', 1, 0, 0, 2, '', '', 0, 0, 0),
('000000015-000000009', '000000009', 'Тип подключения', 4, 1, 0, 3, '', '', 0, 0, 0),
('000000030-000000009', '000000009', 'Система активного подавления', 3, 0, 0, 4, '', '', 0, 0, 0),
('000000031-000000009', '000000009', 'Поддержка AAC', 3, 0, 0, 5, '', '', 0, 0, 0),
('000000070-000000011', '000000011', 'Заголовок', 0, 0, 0, 1, '', '', 0, 0, 0),
('000000001-000000011', '000000011', 'Страна-производитель', 8, 0, 0, 2, '', '', 0, 0, 0),
('000000013-000000014', '000000014', 'Жирность', 2, 1, 0, 1, '', '', 0, 0, 1),
('000000014-000000019', '000000019', 'Операционная система', 4, 1, 0, 1, '', '', 0, 0, 0),
('000000033-000000019', '000000019', 'Оперативная память (RAM)', 4, 0, 0, 2, '', '', 0, 0, 0),
('000000001-000000020', '000000020', 'Страна-производитель', 8, 0, 0, 1, '', '', 0, 0, 0),
('000000002-000000020', '000000020', 'Поставщик', 5, 0, 0, 2, '', '', 0, 0, 0),
('000000003-000000020', '000000020', 'Бренд', 6, 0, 0, 3, '', '', 0, 0, 0),
('000000004-000000020', '000000020', 'Цвет', 7, 0, 0, 4, '', '', 0, 0, 0),
('000000005-000000020', '000000020', 'Длина', 2, 0, 0, 5, 'м.', '', 0, 0, 0),
('000000006-000000020', '000000020', 'Ширина', 2, 0, 0, 6, 'м.', '', 0, 0, 0),
('000000007-000000020', '000000020', 'Высота', 2, 0, 0, 7, 'м.', '', 0, 0, 0),
('000000008-000000020', '000000020', 'Вес', 2, 0, 0, 8, 'кг.', '', 0, 0, 0),
('000000001-000000021', '000000021', 'Страна-производитель', 8, 0, 0, 1, '', '', 0, 0, 0),
('000000002-000000021', '000000021', 'Поставщик', 5, 0, 0, 2, '', '', 0, 0, 0),
('000000003-000000021', '000000021', 'Бренд', 6, 0, 0, 3, '', '', 0, 0, 0),
('000000004-000000021', '000000021', 'Цвет', 7, 0, 0, 4, '', '', 0, 0, 0),
('000000005-000000021', '000000021', 'Длина', 2, 0, 0, 5, 'м.', '', 0, 0, 0),
('000000006-000000021', '000000021', 'Ширина', 2, 0, 0, 6, 'м.', '', 0, 0, 0),
('000000007-000000021', '000000021', 'Высота', 2, 0, 0, 7, 'м.', '', 0, 0, 0),
('000000008-000000021', '000000021', 'Вес', 2, 0, 0, 8, 'кг.', '', 0, 0, 0),
('000000001-000000022', '000000022', 'Страна-производитель', 8, 0, 0, 1, '', '', 0, 0, 0),
('000000002-000000022', '000000022', 'Поставщик', 5, 0, 0, 2, '', '', 0, 0, 0),
('000000003-000000022', '000000022', 'Бренд', 6, 0, 0, 3, '', '', 0, 0, 0),
('000000004-000000022', '000000022', 'Цвет', 7, 0, 0, 4, '', '', 0, 0, 0),
('000000005-000000022', '000000022', 'Длина', 2, 0, 0, 5, 'м.', '', 0, 0, 0),
('000000006-000000022', '000000022', 'Ширина', 2, 0, 0, 6, 'м.', '', 0, 0, 0),
('000000007-000000022', '000000022', 'Высота', 2, 0, 0, 7, 'м.', '', 0, 0, 0),
('000000008-000000022', '000000022', 'Вес', 2, 0, 0, 8, 'кг.', '', 0, 0, 0),
('000000005-000000024', '000000024', 'Длина', 2, 0, 0, 1, 'м.', '', 0, 0, 0),
('000000004-000000024', '000000024', 'Цвет', 7, 0, 0, 2, '', '', 0, 0, 0),
('000000008-000000024', '000000024', 'Вес', 2, 0, 0, 3, 'кг.', '', 0, 0, 0),
('000000001-000000024', '000000024', 'Страна-производитель', 8, 0, 0, 4, '', '', 0, 0, 0),
('000000002-000000024', '000000024', 'Поставщик', 5, 0, 0, 5, '', '', 0, 0, 0),
('000000007-000000024', '000000024', 'Высота', 2, 0, 0, 6, 'м.', '', 0, 0, 0),
('000000003-000000024', '000000024', 'Бренд', 6, 0, 0, 7, '', '', 0, 0, 0),
('000000006-000000024', '000000024', 'Ширина', 2, 0, 0, 8, 'м.', '', 0, 0, 0),
('000000001-000000028', '000000028', 'Страна-производитель', 8, 0, 0, 1, '', '', 0, 0, 0),
('000000002-000000028', '000000028', 'Поставщик', 5, 0, 0, 2, '', '', 0, 0, 0),
('000000003-000000028', '000000028', 'Бренд', 6, 0, 0, 3, '', '', 0, 0, 0),
('000000004-000000028', '000000028', 'Цвет', 7, 0, 0, 4, '', '', 0, 1, 0),
('000000005-000000028', '000000028', 'Длина', 2, 0, 0, 5, 'м.', '', 0, 0, 0),
('000000006-000000028', '000000028', 'Ширина', 2, 0, 0, 6, 'м.', '', 0, 0, 0),
('000000007-000000028', '000000028', 'Высота', 2, 0, 0, 7, 'м.', '', 0, 0, 0),
('000000008-000000028', '000000028', 'Вес', 2, 0, 0, 8, 'кг.', '', 0, 0, 0),
('000000001-000000029', '000000029', 'Страна-производитель', 8, 0, 0, 1, '', '', 0, 0, 0),
('000000002-000000029', '000000029', 'Поставщик', 5, 0, 0, 2, '', '', 0, 0, 0),
('000000003-000000029', '000000029', 'Бренд', 6, 0, 0, 3, '', '', 0, 0, 0),
('000000004-000000029', '000000029', 'Цвет', 7, 0, 0, 4, '', '', 0, 0, 0),
('000000005-000000029', '000000029', 'Длина', 2, 0, 0, 5, 'м.', '', 0, 0, 0),
('000000006-000000029', '000000029', 'Ширина', 2, 0, 0, 6, 'м.', '', 0, 0, 0),
('000000007-000000029', '000000029', 'Высота', 2, 0, 0, 7, 'м.', '', 0, 0, 0),
('000000008-000000029', '000000029', 'Вес', 2, 0, 0, 8, 'кг.', '', 0, 0, 0),
('000000001-000000030', '000000030', 'Страна-производитель', 8, 0, 0, 1, '', '', 0, 0, 0),
('000000002-000000030', '000000030', 'Поставщик', 5, 0, 0, 2, '', '', 0, 0, 0),
('000000003-000000030', '000000030', 'Бренд', 6, 0, 0, 3, '', '', 0, 0, 0),
('000000004-000000030', '000000030', 'Цвет', 7, 0, 0, 4, '', '', 0, 0, 0),
('000000005-000000030', '000000030', 'Длина', 2, 0, 0, 5, 'м.', '', 0, 0, 0),
('000000006-000000030', '000000030', 'Ширина', 2, 0, 0, 6, 'м.', '', 0, 0, 0),
('000000007-000000030', '000000030', 'Высота', 2, 0, 0, 7, 'м.', '', 0, 0, 0),
('000000008-000000030', '000000030', 'Вес', 2, 0, 0, 8, 'кг.', '', 0, 0, 0),
('000000001-000000031', '000000031', 'Страна-производитель', 8, 0, 0, 1, '', '', 0, 0, 0),
('000000002-000000031', '000000031', 'Поставщик', 5, 0, 0, 2, '', '', 0, 0, 0),
('000000003-000000031', '000000031', 'Бренд', 6, 0, 0, 3, '', '', 0, 0, 0),
('000000004-000000031', '000000031', 'Цвет', 7, 0, 0, 4, '', '', 0, 0, 0),
('000000005-000000031', '000000031', 'Длина', 2, 0, 0, 5, 'м.', '', 0, 0, 0),
('000000006-000000031', '000000031', 'Ширина', 2, 0, 0, 6, 'м.', '', 0, 0, 0),
('000000007-000000031', '000000031', 'Высота', 2, 0, 0, 7, 'м.', '', 0, 0, 0),
('000000008-000000031', '000000031', 'Вес', 2, 0, 0, 8, 'кг.', '', 0, 0, 0),
('000000001-000000032', '000000032', 'Страна-производитель', 8, 0, 0, 1, '', '', 0, 0, 0),
('000000002-000000032', '000000032', 'Поставщик', 5, 0, 0, 2, '', '', 0, 0, 0),
('000000003-000000032', '000000032', 'Бренд', 6, 0, 0, 3, '', '', 0, 0, 0),
('000000004-000000032', '000000032', 'Цвет', 7, 0, 0, 4, '', '', 0, 0, 0),
('000000005-000000032', '000000032', 'Длина', 2, 0, 0, 5, 'м.', '', 0, 0, 0),
('000000006-000000032', '000000032', 'Ширина', 2, 0, 0, 6, 'м.', '', 0, 0, 0),
('000000007-000000032', '000000032', 'Высота', 2, 0, 0, 7, 'м.', '', 0, 0, 0),
('000000008-000000032', '000000032', 'Вес', 2, 0, 0, 8, 'кг.', '', 0, 0, 0),
('000000001-000000035', '000000035', 'Страна-производитель', 8, 0, 0, 1, '', '', 0, 0, 0),
('000000002-000000035', '000000035', 'Поставщик', 5, 0, 0, 2, '', '', 0, 0, 0),
('000000003-000000035', '000000035', 'Бренд', 6, 0, 0, 3, '', '', 0, 0, 0),
('000000004-000000035', '000000035', 'Цвет', 7, 0, 0, 4, '', '', 0, 0, 0),
('000000005-000000035', '000000035', 'Длина', 2, 0, 0, 5, 'м.', '', 0, 0, 0),
('000000006-000000035', '000000035', 'Ширина', 2, 0, 0, 6, 'м.', '', 0, 0, 0),
('000000007-000000035', '000000035', 'Высота', 2, 0, 0, 7, 'м.', '', 0, 0, 0),
('000000008-000000035', '000000035', 'Вес', 2, 0, 0, 8, 'кг.', '', 0, 0, 0),
('000000001-000000042', '000000042', 'Страна-производитель', 8, 0, 0, 1, '', '', 0, 0, 0),
('000000002-000000042', '000000042', 'Поставщик', 5, 0, 0, 2, '', '', 0, 0, 0),
('000000003-000000042', '000000042', 'Бренд', 6, 0, 0, 3, '', '', 0, 0, 0),
('000000004-000000042', '000000042', 'Цвет', 7, 0, 0, 4, '', '', 0, 0, 0),
('000000005-000000042', '000000042', 'Длина', 2, 0, 0, 5, 'м.', '', 0, 0, 0),
('000000006-000000042', '000000042', 'Ширина', 2, 0, 0, 6, 'м.', '', 0, 0, 0),
('000000007-000000042', '000000042', 'Высота', 2, 0, 0, 7, 'м.', '', 0, 0, 0),
('000000008-000000042', '000000042', 'Вес', 2, 0, 0, 8, 'кг.', '', 0, 0, 0),
('000000001-000000194', '000000194', 'Страна-производитель', 8, 0, 0, 1, '', '', 0, 0, 0),
('000000002-000000194', '000000194', 'Поставщик', 5, 0, 0, 2, '', '', 0, 0, 0),
('000000003-000000194', '000000194', 'Бренд', 6, 0, 0, 3, '', '', 0, 0, 0),
('000000004-000000194', '000000194', 'Цвет', 7, 0, 0, 4, '', '', 0, 0, 0),
('000000005-000000194', '000000194', 'Длина', 2, 0, 0, 5, 'м.', '', 0, 0, 0),
('000000006-000000194', '000000194', 'Ширина', 2, 0, 0, 6, 'м.', '', 0, 0, 0),
('000000007-000000194', '000000194', 'Высота', 2, 0, 0, 7, 'м.', '', 0, 0, 0),
('000000008-000000194', '000000194', 'Вес', 2, 0, 0, 8, 'кг.', '', 0, 0, 0),
('000000001-000000203', '000000203', 'Страна-производитель', 8, 0, 0, 1, '', '', 0, 0, 0),
('000000002-000000203', '000000203', 'Поставщик', 5, 0, 0, 2, '', '', 0, 0, 0),
('000000003-000000203', '000000203', 'Бренд', 6, 0, 0, 3, '', '', 0, 0, 0),
('000000004-000000203', '000000203', 'Цвет', 7, 0, 0, 4, '', '', 0, 0, 0),
('000000005-000000203', '000000203', 'Длина', 2, 0, 0, 5, 'м.', '', 0, 0, 0),
('000000006-000000203', '000000203', 'Ширина', 2, 0, 0, 6, 'м.', '', 0, 0, 0),
('000000007-000000203', '000000203', 'Высота', 2, 0, 0, 7, 'м.', '', 0, 0, 0),
('000000008-000000203', '000000203', 'Вес', 2, 0, 0, 8, 'кг.', '', 0, 0, 0),
('000000001-000000204', '000000204', 'Страна-производитель', 8, 0, 0, 1, '', '', 0, 0, 0),
('000000002-000000204', '000000204', 'Поставщик', 5, 0, 0, 2, '', '', 0, 0, 0),
('000000003-000000204', '000000204', 'Бренд', 6, 0, 0, 3, '', '', 0, 0, 0),
('000000004-000000204', '000000204', 'Цвет', 7, 0, 0, 4, '', '', 0, 0, 0),
('000000005-000000204', '000000204', 'Длина', 2, 0, 0, 5, 'м.', '', 0, 0, 0),
('000000006-000000204', '000000204', 'Ширина', 2, 0, 0, 6, 'м.', '', 0, 0, 0),
('000000007-000000204', '000000204', 'Высота', 2, 0, 0, 7, 'м.', '', 0, 0, 0),
('000000008-000000204', '000000204', 'Вес', 2, 0, 0, 8, 'кг.', '', 0, 0, 0),
('000000001-000000205', '000000205', 'Страна-производитель', 8, 0, 0, 1, '', '', 0, 0, 0),
('000000002-000000205', '000000205', 'Поставщик', 5, 0, 0, 2, '', '', 0, 0, 0),
('000000003-000000205', '000000205', 'Бренд', 6, 0, 0, 3, '', '', 0, 0, 0),
('000000004-000000205', '000000205', 'Цвет', 7, 0, 0, 4, '', '', 0, 0, 0),
('000000005-000000205', '000000205', 'Длина', 2, 0, 0, 5, 'м.', '', 0, 0, 0),
('000000006-000000205', '000000205', 'Ширина', 2, 0, 0, 6, 'м.', '', 0, 0, 0),
('000000007-000000205', '000000205', 'Высота', 2, 0, 0, 7, 'м.', '', 0, 0, 0),
('000000008-000000205', '000000205', 'Вес', 2, 0, 0, 8, 'кг.', '', 0, 0, 0);

-- --------------------------------------------------------

--
-- Table structure for table `characteristic_value`
--

DROP TABLE IF EXISTS `characteristic_value`;
CREATE TABLE `characteristic_value` (
  `id` varchar(255) CHARACTER SET utf8 COLLATE utf8_unicode_ci NOT NULL DEFAULT '',
  `title` varchar(255) CHARACTER SET utf8 COLLATE utf8_unicode_ci NOT NULL DEFAULT '',
  `characteristic_id` varchar(9) CHARACTER SET utf8 COLLATE utf8_unicode_ci NOT NULL DEFAULT ''
) ENGINE=MyISAM DEFAULT CHARSET=utf8mb3 COLLATE=utf8_unicode_ci;

--
-- Dumping data for table `characteristic_value`
--

INSERT INTO `characteristic_value` (`id`, `title`, `characteristic_id`) VALUES
('000000002', 'Беспроводной', '000000015'),
('000000001', 'Проводной', '000000015'),
('000000004', '16 ГБ', '000000033'),
('000000013', '2 ГБ', '000000033'),
('000000005', '32 ГБ', '000000033'),
('000000003', '8 ГБ', '000000033'),
('000000014', '32 ГБ', '000000034'),
('000000009', '512 ГБ', '000000034'),
('000000006', '64 ГБ', '000000034'),
('000000011', 'Android', '000000014'),
('000000044', 'iOS', '000000014'),
('000000012', 'Mac OS', '000000014'),
('000000010', 'MS Windows', '000000014'),
('000000015', 'пластик', '000000025'),
('000000039', '1440x720', '000000036'),
('000000051', '1560x720', '000000036'),
('000000049', '160x120', '000000036'),
('000000041', '1792x828', '000000036'),
('000000040', '2400x1080', '000000036'),
('000000046', '2532х1170', '000000036'),
('000000048', 'IPS', '000000037'),
('000000042', 'Liquid Retina HD', '000000037'),
('000000017', 'OLED', '000000037'),
('000000016', 'TFT', '000000037'),
('000000022', '128', '000000040'),
('000000019', '16', '000000040'),
('000000045', '256', '000000040'),
('000000020', '32', '000000040'),
('000000021', '64', '000000040'),
('000000018', '8', '000000040'),
('000000024', '2', '000000041'),
('000000047', '4', '000000041'),
('000000025', '6', '000000041'),
('000000023', '8', '000000041'),
('000000027', '1024', '000000042'),
('000000026', '512', '000000042'),
('000000028', 'microSD', '000000046'),
('000000029', 'microSDHC', '000000046'),
('000000030', 'microSDXC', '000000046'),
('000000031', 'nanoSD', '000000046'),
('000000050', 'нет', '000000046'),
('000000032', ' Bluetooth', '000000048'),
('000000033', 'Wi-Fi', '000000048'),
('000000034', '1', '000000051'),
('000000035', '2', '000000051'),
('000000043', 'Lightning', '000000056'),
('000000037', 'Micro USB', '000000056'),
('000000038', 'mini jack 3.5 мм', '000000056'),
('000000036', 'Type-C', '000000056');

-- --------------------------------------------------------

--
-- Table structure for table `client_order`
--

DROP TABLE IF EXISTS `client_order`;
CREATE TABLE `client_order` (
  `id` int NOT NULL,
  `order_id` varchar(15) COLLATE utf8_unicode_ci NOT NULL,
  `basket_info` text COLLATE utf8_unicode_ci NOT NULL,
  `delivery_info` text CHARACTER SET utf8 COLLATE utf8_unicode_ci NOT NULL,
  `payment_info` text CHARACTER SET utf8 COLLATE utf8_unicode_ci NOT NULL,
  `date_created` int NOT NULL,
  `status` tinyint NOT NULL DEFAULT '0',
  `timestamp` timestamp NOT NULL DEFAULT CURRENT_TIMESTAMP ON UPDATE CURRENT_TIMESTAMP
) ENGINE=MyISAM DEFAULT CHARSET=utf8mb3 COLLATE=utf8_unicode_ci;

-- --------------------------------------------------------

--
-- Table structure for table `color`
--

DROP TABLE IF EXISTS `color`;
CREATE TABLE `color` (
  `id` varchar(11) CHARACTER SET utf8 COLLATE utf8_unicode_ci NOT NULL,
  `value` varchar(7) CHARACTER SET utf8 COLLATE utf8_unicode_ci NOT NULL,
  `title` varchar(255) CHARACTER SET utf8 COLLATE utf8_unicode_ci NOT NULL
) ENGINE=InnoDB DEFAULT CHARSET=utf8mb3 COLLATE=utf8_unicode_ci;

--
-- Dumping data for table `color`
--

INSERT INTO `color` (`id`, `value`, `title`) VALUES
('000000001', '#0F0F0F', 'Черный'),
('000000002', '#7DC7FF', 'Голубой'),
('000000003', '#8C8902', 'Оливковый'),
('000000004', '#FFFFFF', 'Белый'),
('000000005', '#8B00FF', 'Фиолетовый'),
('000000006', '#A40404', 'Темно-красный'),
('000000007', '#FFAB15', 'Оранжевый'),
('000000008', '#966000', 'Коричневый'),
('000000009', '#10F4E9', 'Бирюзовый'),
('000000010', '#F6F004', 'Желтый'),
('000000011', '#960096', 'Пурпурный'),
('000000012', '#FA3232', 'Красный'),
('000000013', '#018CFF', 'Синий'),
('000000014', '#CFCFCF', 'Серый'),
('000000015', '#45940A', 'Темно-зеленый'),
('000000016', '#6CE70F', 'Зеленый'),
('000000017', '#005AA4', 'Темно-синий'),
('000000018', '#F052F8', 'Фуксия');

-- --------------------------------------------------------

--
-- Table structure for table `country`
--

DROP TABLE IF EXISTS `country`;
CREATE TABLE `country` (
  `id` varchar(5) CHARACTER SET utf8 COLLATE utf8_unicode_ci NOT NULL,
  `title` tinytext CHARACTER SET utf8 COLLATE utf8_unicode_ci NOT NULL,
  `code` tinytext CHARACTER SET utf8 COLLATE utf8_unicode_ci NOT NULL
) ENGINE=MyISAM DEFAULT CHARSET=utf8mb3 COLLATE=utf8_unicode_ci;

--
-- Dumping data for table `country`
--

INSERT INTO `country` (`id`, `title`, `code`) VALUES
('895', 'АБХАЗИЯ', 'AB'),
('036', 'АВСТРАЛИЯ', 'AU'),
('040', 'АВСТРИЯ', 'AT'),
('031', 'АЗЕРБАЙДЖАН', 'AZ'),
('008', 'АЛБАНИЯ', 'AL'),
('012', 'АЛЖИР', 'DZ'),
('016', 'АМЕРИКАНСКОЕ САМОА', 'AS'),
('660', 'АНГИЛЬЯ', 'AI'),
('024', 'АНГОЛА', 'AO'),
('020', 'АНДОРРА', 'AD'),
('010', 'АНТАРКТИДА', 'AQ'),
('028', 'АНТИГУА И БАРБУДА', 'AG'),
('032', 'АРГЕНТИНА', 'AR'),
('051', 'АРМЕНИЯ', 'AM'),
('533', 'АРУБА', 'AW'),
('004', 'АФГАНИСТАН', 'AF'),
('044', 'БАГАМЫ', 'BS'),
('050', 'БАНГЛАДЕШ', 'BD'),
('052', 'БАРБАДОС', 'BB'),
('048', 'БАХРЕЙН', 'BH'),
('112', 'БЕЛАРУСЬ', 'BY'),
('084', 'БЕЛИЗ', 'BZ'),
('056', 'БЕЛЬГИЯ', 'BE'),
('204', 'БЕНИН', 'BJ'),
('060', 'БЕРМУДЫ', 'BM'),
('100', 'БОЛГАРИЯ', 'BG'),
('068', 'БОЛИВИЯ, МНОГОНАЦИОНАЛЬНОЕ ГОСУДАРСТВО', 'BO'),
('535', 'БОНЭЙР, СИНТ-ЭСТАТИУС И САБА', 'BQ'),
('070', 'БОСНИЯ И ГЕРЦЕГОВИНА', 'BA'),
('072', 'БОТСВАНА', 'BW'),
('076', 'БРАЗИЛИЯ', 'BR'),
('086', 'БРИТАНСКАЯ ТЕРРИТОРИЯ В ИНДИЙСКОМ ОКЕАНЕ', 'IO'),
('096', 'БРУНЕЙ-ДАРУССАЛАМ', 'BN'),
('854', 'БУРКИНА-ФАСО', 'BF'),
('108', 'БУРУНДИ', 'BI'),
('064', 'БУТАН', 'BT'),
('548', 'ВАНУАТУ', 'VU'),
('348', 'ВЕНГРИЯ', 'HU'),
('862', 'ВЕНЕСУЭЛА БОЛИВАРИАНСКАЯ РЕСПУБЛИКА', 'VE'),
('092', 'ВИРГИНСКИЕ ОСТРОВА, БРИТАНСКИЕ', 'VG'),
('850', 'ВИРГИНСКИЕ ОСТРОВА, США', 'VI'),
('626', 'ТИМОР-ЛЕСТЕ', 'TL'),
('704', 'ВЬЕТНАМ', 'VN'),
('266', 'ГАБОН', 'GA'),
('332', 'ГАИТИ', 'HT'),
('328', 'ГАЙАНА', 'GY'),
('270', 'ГАМБИЯ', 'GM'),
('288', 'ГАНА', 'GH'),
('312', 'ГВАДЕЛУПА', 'GP'),
('320', 'ГВАТЕМАЛА', 'GT'),
('324', 'ГВИНЕЯ', 'GN'),
('624', 'ГВИНЕЯ-БИСАУ', 'GW'),
('276', 'ГЕРМАНИЯ', 'DE'),
('831', 'ГЕРНСИ', 'GG'),
('292', 'ГИБРАЛТАР', 'GI'),
('340', 'ГОНДУРАС', 'HN'),
('344', 'ГОНКОНГ', 'HK'),
('308', 'ГРЕНАДА', 'GD'),
('304', 'ГРЕНЛАНДИЯ', 'GL'),
('300', 'ГРЕЦИЯ', 'GR'),
('268', 'ГРУЗИЯ', 'GE'),
('316', 'ГУАМ', 'GU'),
('208', 'ДАНИЯ', 'DK'),
('832', 'ДЖЕРСИ', 'JE'),
('262', 'ДЖИБУТИ', 'DJ'),
('212', 'ДОМИНИКА', 'DM'),
('214', 'ДОМИНИКАНСКАЯ РЕСПУБЛИКА', 'DO'),
('818', 'ЕГИПЕТ', 'EG'),
('894', 'ЗАМБИЯ', 'ZM'),
('732', 'ЗАПАДНАЯ САХАРА', 'EH'),
('716', 'ЗИМБАБВЕ', 'ZW'),
('376', 'ИЗРАИЛЬ', 'IL'),
('356', 'ИНДИЯ', 'IN'),
('360', 'ИНДОНЕЗИЯ', 'ID'),
('400', 'ИОРДАНИЯ', 'JO'),
('368', 'ИРАК', 'IQ'),
('364', 'ИРАН, ИСЛАМСКАЯ РЕСПУБЛИКА', 'IR'),
('372', 'ИРЛАНДИЯ', 'IE'),
('352', 'ИСЛАНДИЯ', 'IS'),
('724', 'ИСПАНИЯ', 'ES'),
('380', 'ИТАЛИЯ', 'IT'),
('887', 'ЙЕМЕН', 'YE'),
('132', 'КАБО-ВЕРДЕ', 'CV'),
('398', 'КАЗАХСТАН', 'KZ'),
('116', 'КАМБОДЖА', 'KH'),
('120', 'КАМЕРУН', 'CM'),
('124', 'КАНАДА', 'CA'),
('634', 'КАТАР', 'QA'),
('404', 'КЕНИЯ', 'KE'),
('196', 'КИПР', 'CY'),
('417', 'КИРГИЗИЯ', 'KG'),
('296', 'КИРИБАТИ', 'KI'),
('156', 'КИТАЙ', 'CN'),
('166', 'КОКОСОВЫЕ (КИЛИНГ) ОСТРОВА', 'CC'),
('170', 'КОЛУМБИЯ', 'CO'),
('174', 'КОМОРЫ', 'KM'),
('178', 'КОНГО', 'CG'),
('180', 'КОНГО, ДЕМОКРАТИЧЕСКАЯ РЕСПУБЛИКА', 'CD'),
('408', 'КОРЕЯ, НАРОДНО-ДЕМОКРАТИЧЕСКАЯ РЕСПУБЛИКА', 'KP'),
('410', 'КОРЕЯ, РЕСПУБЛИКА', 'KR'),
('188', 'КОСТА-РИКА', 'CR'),
('384', 'КОТ Д\'ИВУАР', 'CI'),
('192', 'КУБА', 'CU'),
('414', 'КУВЕЙТ', 'KW'),
('531', 'КЮРАСАО', 'CW'),
('418', 'ЛАОССКАЯ НАРОДНО-ДЕМОКРАТИЧЕСКАЯ РЕСПУБЛИКА', 'LA'),
('428', 'ЛАТВИЯ', 'LV'),
('426', 'ЛЕСОТО', 'LS'),
('430', 'ЛИБЕРИЯ', 'LR'),
('422', 'ЛИВАН', 'LB'),
('434', 'ЛИВИЯ', 'LY'),
('440', 'ЛИТВА', 'LT'),
('438', 'ЛИХТЕНШТЕЙН', 'LI'),
('442', 'ЛЮКСЕМБУРГ', 'LU'),
('480', 'МАВРИКИЙ', 'MU'),
('478', 'МАВРИТАНИЯ', 'MR'),
('450', 'МАДАГАСКАР', 'MG'),
('175', 'МАЙОТТА', 'YT'),
('446', 'МАКАО', 'MO'),
('807', 'СЕВЕРНАЯ МАКЕДОНИЯ', 'MK'),
('454', 'МАЛАВИ', 'MW'),
('458', 'МАЛАЙЗИЯ', 'MY'),
('466', 'МАЛИ', 'ML'),
('581', 'МАЛЫЕ ТИХООКЕАНСКИЕ ОТДАЛЕННЫЕ ОСТРОВА СОЕДИНЕННЫХ ШТАТОВ', 'UM'),
('462', 'МАЛЬДИВЫ', 'MV'),
('470', 'МАЛЬТА', 'MT'),
('504', 'МАРОККО', 'MA'),
('474', 'МАРТИНИКА', 'MQ'),
('584', 'МАРШАЛЛОВЫ ОСТРОВА', 'MH'),
('484', 'МЕКСИКА', 'MX'),
('583', 'МИКРОНЕЗИЯ, ФЕДЕРАТИВНЫЕ ШТАТЫ', 'FM'),
('508', 'МОЗАМБИК', 'MZ'),
('498', 'МОЛДОВА, РЕСПУБЛИКА', 'MD'),
('492', 'МОНАКО', 'MC'),
('496', 'МОНГОЛИЯ', 'MN'),
('500', 'МОНТСЕРРАТ', 'MS'),
('104', 'МЬЯНМА', 'MM'),
('516', 'НАМИБИЯ', 'NA'),
('520', 'НАУРУ', 'NR'),
('524', 'НЕПАЛ', 'NP'),
('562', 'НИГЕР', 'NE'),
('566', 'НИГЕРИЯ', 'NG'),
('528', 'НИДЕРЛАНДЫ', 'NL'),
('558', 'НИКАРАГУА', 'NI'),
('570', 'НИУЭ', 'NU'),
('554', 'НОВАЯ ЗЕЛАНДИЯ', 'NZ'),
('540', 'НОВАЯ КАЛЕДОНИЯ', 'NC'),
('578', 'НОРВЕГИЯ', 'NO'),
('784', 'ОБЪЕДИНЕННЫЕ АРАБСКИЕ ЭМИРАТЫ', 'AE'),
('512', 'ОМАН', 'OM'),
('136', 'ОСТРОВА КАЙМАН', 'KY'),
('184', 'ОСТРОВА КУКА', 'CK'),
('796', 'ОСТРОВА ТЕРКС И КАЙКОС', 'TC'),
('074', 'ОСТРОВ БУВЕ', 'BV'),
('833', 'ОСТРОВ МЭН', 'IM'),
('574', 'ОСТРОВ НОРФОЛК', 'NF'),
('162', 'ОСТРОВ РОЖДЕСТВА', 'CX'),
('334', 'ОСТРОВ ХЕРД И ОСТРОВА МАКДОНАЛЬД', 'HM'),
('586', 'ПАКИСТАН', 'PK'),
('585', 'ПАЛАУ', 'PW'),
('275', 'ПАЛЕСТИНА, ГОСУДАРСТВО', 'PS'),
('591', 'ПАНАМА', 'PA'),
('336', 'ПАПСКИЙ ПРЕСТОЛ (ГОСУДАРСТВО - ГОРОД ВАТИКАН)', 'VA'),
('598', 'ПАПУА НОВАЯ ГВИНЕЯ', 'PG'),
('600', 'ПАРАГВАЙ', 'PY'),
('604', 'ПЕРУ', 'PE'),
('612', 'ПИТКЕРН', 'PN'),
('616', 'ПОЛЬША', 'PL'),
('620', 'ПОРТУГАЛИЯ', 'PT'),
('630', 'ПУЭРТО-РИКО', 'PR'),
('638', 'РЕЮНЬОН', 'RE'),
('643', 'РОССИЯ', 'RU'),
('646', 'РУАНДА', 'RW'),
('642', 'РУМЫНИЯ', 'RO'),
('882', 'САМОА', 'WS'),
('674', 'САН-МАРИНО', 'SM'),
('678', 'САН-ТОМЕ И ПРИНСИПИ', 'ST'),
('682', 'САУДОВСКАЯ АРАВИЯ', 'SA'),
('748', 'ЭСВАТИНИ', 'SZ'),
('654', 'СВЯТАЯ ЕЛЕНА, ОСТРОВ ВОЗНЕСЕНИЯ, ТРИСТАН-ДА-КУНЬЯ', 'SH'),
('580', 'СЕВЕРНЫЕ МАРИАНСКИЕ ОСТРОВА', 'MP'),
('690', 'СЕЙШЕЛЫ', 'SC'),
('652', 'СЕН-БАРТЕЛЕМИ', 'BL'),
('663', 'СЕН-МАРТЕН', 'MF'),
('534', 'СЕН-МАРТЕН (нидерландская часть)', 'SX'),
('686', 'СЕНЕГАЛ', 'SN'),
('670', 'СЕНТ-ВИНСЕНТ И ГРЕНАДИНЫ', 'VC'),
('659', 'СЕНТ-КИТС И НЕВИС', 'KN'),
('662', 'СЕНТ-ЛЮСИЯ', 'LC'),
('666', 'СЕНТ-ПЬЕР И МИКЕЛОН', 'PM'),
('688', 'СЕРБИЯ', 'RS'),
('702', 'СИНГАПУР', 'SG'),
('760', 'СИРИЙСКАЯ АРАБСКАЯ РЕСПУБЛИКА', 'SY'),
('703', 'СЛОВАКИЯ', 'SK'),
('705', 'СЛОВЕНИЯ', 'SI'),
('826', 'СОЕДИНЕННОЕ КОРОЛЕВСТВО', 'GB'),
('840', 'СОЕДИНЕННЫЕ ШТАТЫ', 'US'),
('090', 'СОЛОМОНОВЫ ОСТРОВА', 'SB'),
('706', 'СОМАЛИ', 'SO'),
('729', 'СУДАН', 'SD'),
('740', 'СУРИНАМ', 'SR'),
('694', 'СЬЕРРА-ЛЕОНЕ', 'SL'),
('762', 'ТАДЖИКИСТАН', 'TJ'),
('764', 'ТАИЛАНД', 'TH'),
('158', 'ТАЙВАНЬ (КИТАЙ)', 'TW'),
('834', 'ТАНЗАНИЯ, ОБЪЕДИНЕННАЯ РЕСПУБЛИКА', 'TZ'),
('768', 'ТОГО', 'TG'),
('772', 'ТОКЕЛАУ', 'TK'),
('776', 'ТОНГА', 'TO'),
('780', 'ТРИНИДАД И ТОБАГО', 'TT'),
('798', 'ТУВАЛУ', 'TV'),
('788', 'ТУНИС', 'TN'),
('795', 'ТУРКМЕНИЯ', 'TM'),
('792', 'ТУРЦИЯ', 'TR'),
('800', 'УГАНДА', 'UG'),
('860', 'УЗБЕКИСТАН', 'UZ'),
('804', 'УКРАИНА', 'UA'),
('876', 'УОЛЛИС И ФУТУНА', 'WF'),
('858', 'УРУГВАЙ', 'UY'),
('234', 'ФАРЕРСКИЕ ОСТРОВА', 'FO'),
('242', 'ФИДЖИ', 'FJ'),
('608', 'ФИЛИППИНЫ', 'PH'),
('246', 'ФИНЛЯНДИЯ', 'FI'),
('238', 'ФОЛКЛЕНДСКИЕ ОСТРОВА (МАЛЬВИНСКИЕ)', 'FK'),
('250', 'ФРАНЦИЯ', 'FR'),
('254', 'ФРАНЦУЗСКАЯ ГВИАНА', 'GF'),
('258', 'ФРАНЦУЗСКАЯ ПОЛИНЕЗИЯ', 'PF'),
('260', 'ФРАНЦУЗСКИЕ ЮЖНЫЕ ТЕРРИТОРИИ', 'TF'),
('191', 'ХОРВАТИЯ', 'HR'),
('140', 'ЦЕНТРАЛЬНО-АФРИКАНСКАЯ РЕСПУБЛИКА', 'CF'),
('148', 'ЧАД', 'TD'),
('499', 'ЧЕРНОГОРИЯ', 'ME'),
('203', 'ЧЕХИЯ', 'CZ'),
('152', 'ЧИЛИ', 'CL'),
('756', 'ШВЕЙЦАРИЯ', 'CH'),
('752', 'ШВЕЦИЯ', 'SE'),
('744', 'ШПИЦБЕРГЕН И ЯН МАЙЕН', 'SJ'),
('144', 'ШРИ-ЛАНКА', 'LK'),
('218', 'ЭКВАДОР', 'EC'),
('226', 'ЭКВАТОРИАЛЬНАЯ ГВИНЕЯ', 'GQ'),
('248', 'ЭЛАНДСКИЕ ОСТРОВА', 'АХ'),
('222', 'ЭЛЬ-САЛЬВАДОР', 'SV'),
('232', 'ЭРИТРЕЯ', 'ER'),
('233', 'ЭСТОНИЯ', 'EE'),
('231', 'ЭФИОПИЯ', 'ET'),
('710', 'ЮЖНАЯ АФРИКА', 'ZA'),
('239', 'ЮЖНАЯ ДЖОРДЖИЯ И ЮЖНЫЕ САНДВИЧЕВЫ ОСТРОВА', 'GS'),
('896', 'ЮЖНАЯ ОСЕТИЯ', 'OS'),
('728', 'ЮЖНЫЙ СУДАН', 'SS'),
('388', 'ЯМАЙКА', 'JM'),
('392', 'ЯПОНИЯ', 'JP');

-- --------------------------------------------------------

--
-- Table structure for table `customer`
--

DROP TABLE IF EXISTS `customer`;
CREATE TABLE `customer` (
  `id` int NOT NULL,
  `name` tinytext CHARACTER SET utf8 COLLATE utf8_unicode_ci NOT NULL,
  `phone` int NOT NULL,
  `email` tinytext CHARACTER SET utf8 COLLATE utf8_unicode_ci NOT NULL,
  `password` tinytext CHARACTER SET utf8 COLLATE utf8_unicode_ci NOT NULL
) ENGINE=MyISAM DEFAULT CHARSET=utf8mb3 COLLATE=utf8_unicode_ci;

-- --------------------------------------------------------

--
-- Table structure for table `delivery`
--

DROP TABLE IF EXISTS `delivery`;
CREATE TABLE `delivery` (
  `id` int NOT NULL,
  `delivery_id` varchar(15) CHARACTER SET utf8 COLLATE utf8_unicode_ci NOT NULL,
  `order_id` varchar(15) CHARACTER SET utf8 COLLATE utf8_unicode_ci NOT NULL,
  `delivery_info` text CHARACTER SET utf8 COLLATE utf8_unicode_ci NOT NULL,
  `date_created` int NOT NULL,
  `timestamp` timestamp NOT NULL DEFAULT CURRENT_TIMESTAMP ON UPDATE CURRENT_TIMESTAMP,
  `status` tinyint NOT NULL
) ENGINE=MyISAM DEFAULT CHARSET=utf8mb3 COLLATE=utf8_unicode_ci;

-- --------------------------------------------------------

--
-- Stand-in structure for view `filtered_product`
-- (See below for the actual view)
--
DROP VIEW IF EXISTS `filtered_product`;
CREATE TABLE `filtered_product` (
`id` varchar(9)
,`param_value_list` text
,`param_variable_list` text
,`price` int
,`product_id` varchar(12)
,`product_title` text
,`provider_id` varchar(6)
,`rest` int
,`title` text
);

-- --------------------------------------------------------

--
-- Table structure for table `marker`
--

DROP TABLE IF EXISTS `marker`;
CREATE TABLE `marker` (
  `id` varchar(12) CHARACTER SET utf8 COLLATE utf8_unicode_ci NOT NULL,
  `product_id` varchar(12) CHARACTER SET utf8 COLLATE utf8_unicode_ci NOT NULL,
  `marker_index` int NOT NULL
) ENGINE=MyISAM DEFAULT CHARSET=utf8mb3 COLLATE=utf8_unicode_ci;

--
-- Dumping data for table `marker`
--

INSERT INTO `marker` (`id`, `product_id`, `marker_index`) VALUES
('000000000001', '000000000001', 0),
('000000000004', '000000000004', 1);

-- --------------------------------------------------------

--
-- Table structure for table `param_title`
--

DROP TABLE IF EXISTS `param_title`;
CREATE TABLE `param_title` (
  `id` int NOT NULL,
  `title` tinytext CHARACTER SET utf8 COLLATE utf8_unicode_ci NOT NULL,
  `sort_order` int NOT NULL DEFAULT '0',
  `filter` int NOT NULL DEFAULT '0',
  `category_id` int NOT NULL,
  `type` tinyint NOT NULL DEFAULT '1'
) ENGINE=MyISAM DEFAULT CHARSET=utf8mb3 COLLATE=utf8_unicode_ci;

-- --------------------------------------------------------

--
-- Table structure for table `param_value`
--

DROP TABLE IF EXISTS `param_value`;
CREATE TABLE `param_value` (
  `id` int NOT NULL,
  `parent_id` int NOT NULL,
  `type` int NOT NULL DEFAULT '0',
  `sort_order` int NOT NULL DEFAULT '0',
  `value` text CHARACTER SET utf8 COLLATE utf8_unicode_ci NOT NULL
) ENGINE=MyISAM DEFAULT CHARSET=utf8mb3 COLLATE=utf8_unicode_ci;

-- --------------------------------------------------------

--
-- Table structure for table `permission`
--

DROP TABLE IF EXISTS `permission`;
CREATE TABLE `permission` (
  `id` int NOT NULL,
  `name` varchar(255) COLLATE utf8_unicode_ci DEFAULT NULL,
  `description` text COLLATE utf8_unicode_ci,
  `date_created` timestamp NOT NULL DEFAULT CURRENT_TIMESTAMP
) ENGINE=InnoDB DEFAULT CHARSET=utf8mb3 COLLATE=utf8_unicode_ci;

--
-- Dumping data for table `permission`
--

INSERT INTO `permission` (`id`, `name`, `description`, `date_created`) VALUES
(1, 'administrator', NULL, '2021-07-29 07:54:05'),
(2, 'developer', NULL, '2021-07-29 07:54:05'),
(3, 'analyst', NULL, '2021-07-29 07:54:05'),
(4, 'brand.manager', NULL, '2021-07-29 07:54:05'),
(5, 'store.manager', NULL, '2021-07-29 07:54:05'),
(6, 'guest', NULL, '2021-07-29 07:54:05');

-- --------------------------------------------------------

--
-- Table structure for table `post`
--

DROP TABLE IF EXISTS `post`;
CREATE TABLE `post` (
  `id` varchar(255) CHARACTER SET utf8 COLLATE utf8_unicode_ci DEFAULT NULL,
  `email` varchar(255) CHARACTER SET utf8 COLLATE utf8_unicode_ci DEFAULT NULL,
  `blog` varchar(255) CHARACTER SET utf8 COLLATE utf8_unicode_ci DEFAULT NULL
) ENGINE=MyISAM DEFAULT CHARSET=utf8mb3 COLLATE=utf8_unicode_ci;

--
-- Dumping data for table `post`
--

INSERT INTO `post` (`id`, `email`, `blog`) VALUES
('001', 'asdf@b.com', 'blog 1'),
('002', 'aaa@bbb.com', 'blog2'),
('003', 'a@c.com', 'blog 3');

-- --------------------------------------------------------

--
-- Table structure for table `price`
--

DROP TABLE IF EXISTS `price`;
CREATE TABLE `price` (
  `product_id` varchar(12) CHARACTER SET utf8 COLLATE utf8_unicode_ci NOT NULL,
  `reserve` int NOT NULL,
  `store_id` varchar(9) CHARACTER SET utf8 COLLATE utf8_unicode_ci NOT NULL,
  `unit` tinytext CHARACTER SET utf8 COLLATE utf8_unicode_ci NOT NULL,
  `price` int NOT NULL,
  `discount` int NOT NULL,
  `old_price` int NOT NULL DEFAULT '0',
  `provider_id` varchar(6) CHARACTER SET utf8 COLLATE utf8_unicode_ci NOT NULL
) ENGINE=MyISAM DEFAULT CHARSET=utf8mb3 COLLATE=utf8_unicode_ci;

--
-- Dumping data for table `price`
--

INSERT INTO `price` (`product_id`, `reserve`, `store_id`, `unit`, `price`, `discount`, `old_price`, `provider_id`) VALUES
('000000000006', 0, '', '', 8300, 0, 0, '00003'),
('000000000005', 0, '', '', 7800, 0, 0, '00003'),
('000000000004', 0, '', '', 7400, 0, 6500, '00003'),
('000000000002', 0, '', '', 800000, 0, 470100, '00003'),
('000000000001', 0, '', '', 580000, 0, 0, '00003'),
('000000000003', 0, '', '', 5699000, 0, 0, '00004'),
('000000000007', 0, '', '', 5400000, 0, 0, '00005'),
('000000000009', 0, '', '', 5100000, 0, 0, '00005'),
('000000000010', 0, '', '', 4500000, 0, 0, '00005'),
('000000000012', 0, '', '', 1500000, 0, 0, '00005'),
('000000000013', 0, '', '', 1600000, 0, 0, '00005'),
('000000000014', 0, '', '', 2000000, 0, 0, '00005'),
('000000000015', 0, '', '', 2300000, 0, 2200000, '00005'),
('000000000011', 0, '', '', 1250000, 0, 0, '00005'),
('000000000008', 0, '', '', 4730000, 0, 0, '00005'),
('000000000016', 0, '', '', 100000, 0, 0, '00001'),
('000000000017', 0, '', '', 1250000, 0, 1394000, '00005'),
('000000000018', 0, '', '', 5399100, 0, 0, '00002'),
('000000000019', 0, '', '', 5400000, 0, 0, '00002'),
('000000000020', 0, '', '', 9899100, 0, 0, '00002'),
('000000000021', 0, '', '', 4949100, 0, 0, '00002'),
('000000000022', 0, '', '', 1691000, 0, 0, '00005'),
('000000000023', 0, '', '', 1580000, 0, 0, '00005'),
('000000000024', 0, '', '', 3599000, 0, 0, '00004'),
('000000000025', 0, '', '', 1869600, 0, 0, '00004'),
('000000000026', 0, '', '', 7299000, 0, 0, '00004'),
('000000000027', 0, '', '', 7299000, 0, 0, '00004'),
('000000000028', 0, '', '', 1583100, 0, 0, '00005'),
('000000000029', 0, '', '', 1583100, 0, 0, '00005'),
('000000000030', 0, '', '', 8549100, 0, 0, '00002'),
('000000000031', 0, '', '', 1394000, 0, 0, '00005'),
('000000000032', 0, '', '', 1394000, 0, 0, '00005'),
('000000000036', 0, '', '', 3199001, 0, 0, '00006');

-- --------------------------------------------------------

--
-- Table structure for table `product`
--

DROP TABLE IF EXISTS `product`;
CREATE TABLE `product` (
  `id` varchar(12) CHARACTER SET utf8 COLLATE utf8_unicode_ci NOT NULL,
  `provider_id` varchar(6) CHARACTER SET utf8 COLLATE utf8_unicode_ci NOT NULL,
  `category_id` varchar(9) CHARACTER SET utf8 COLLATE utf8_unicode_ci NOT NULL,
  `title` text CHARACTER SET utf8 COLLATE utf8_unicode_ci NOT NULL,
  `description` text CHARACTER SET utf8 COLLATE utf8_unicode_ci NOT NULL,
  `vendor_code` varchar(100) CHARACTER SET utf8 COLLATE utf8_unicode_ci NOT NULL,
  `param_value_list` text CHARACTER SET utf8 COLLATE utf8_unicode_ci NOT NULL,
  `param_variable_list` text CHARACTER SET utf8 COLLATE utf8_unicode_ci NOT NULL,
  `brand_id` varchar(8) CHARACTER SET utf8 COLLATE utf8_unicode_ci NOT NULL,
  `color` varchar(10) CHARACTER SET utf8 COLLATE utf8_unicode_ci DEFAULT NULL,
  `size` varchar(10) CHARACTER SET utf8 COLLATE utf8_unicode_ci DEFAULT NULL
) ENGINE=MyISAM DEFAULT CHARSET=utf8mb3 COLLATE=utf8_unicode_ci;

--
-- Dumping data for table `product`
--

INSERT INTO `product` (`id`, `provider_id`, `category_id`, `title`, `description`, `vendor_code`, `param_value_list`, `param_variable_list`, `brand_id`, `color`, `size`) VALUES
('000000000001', '00003', '000000006', 'Смартфон vivo Y31, голубой океан', '', 'PL_08/17', '', '[{\"id\":\"000000017\",\"index\":1,\"is_title\":true,\"type\":0,\"value\":\"\"},{\"id\":\"000000032\",\"index\":9,\"is_title\":true,\"type\":0,\"value\":6.76},{\"id\":\"000000039\",\"index\":14,\"is_title\":true,\"type\":0,\"value\":\"\"},{\"id\":\"000000047\",\"index\":22,\"is_title\":true,\"type\":0,\"value\":\"\"},{\"id\":\"000000053\",\"index\":28,\"is_title\":true,\"type\":0,\"value\":\"\"},{\"id\":\"000000057\",\"index\":32,\"is_title\":true,\"type\":0,\"value\":\"\"},{\"id\":\"000000064\",\"index\":39,\"is_title\":true,\"type\":0,\"value\":\"\"},{\"id\":\"000000069\",\"index\":44,\"is_title\":true,\"type\":0,\"value\":\"\"},{\"id\":\"000000005\",\"index\":45,\"is_title\":false,\"type\":2,\"value\":0.175},{\"id\":\"000000006\",\"index\":46,\"is_title\":false,\"type\":2,\"value\":0.055},{\"id\":\"000000007\",\"index\":47,\"is_title\":false,\"type\":2,\"value\":0.01},{\"id\":\"000000008\",\"index\":48,\"is_title\":false,\"type\":2,\"value\":0.15}]', '000002', NULL, NULL),
('000000000002', '00003', '000000009', 'Наушники True Wireless Huawei Freebuds Pro угольный черный', 'Благодаря эргономичной форме наушники-вкладыши удобно сидят в ухе, обеспечивая полное погружение в мир музыки.\nВ комплект входят силиконовые насадки четырёх размеров. Выберите те, которые подходят именно вам.\nМодель HUAWEI FreeBuds 3i обеспечивает эффективное шумоподавление для высокого качества звучания с эффектом полного погружения.\nВ наушниках HUAWEI FreeBuds 3i установлено два внешних микрофона, которые распознают ваш голос на фоне окружающего шума, и один внутренний микрофон, он улавливает голос внутри ушных каналов, повышая общее качество звучания во время вызовов.\nБлагодаря правильно настроенной высокочувствительной диафрагме наушники HUAWEI FreeBuds 3i обеспечивают оригинальное сбалансированное звучание, а динамики диаметром 10 мм отвечают за мощные басы, чтобы вы могли насладиться каждой нотой.', '50141256', '', '[{\"id\":\"000000021\",\"index\":1,\"is_title\":false,\"type\":1,\"value\":\"29 Ом\"},{\"id\":\"000000016\",\"index\":2,\"is_title\":false,\"type\":1,\"value\":\"20 Гц - 20 кГц\"},{\"id\":\"000000015\",\"index\":3,\"is_title\":false,\"type\":4,\"value\":\"000000002\"},{\"id\":\"000000030\",\"index\":4,\"is_title\":false,\"type\":3,\"value\":true},{\"id\":\"000000031\",\"index\":5,\"is_title\":false,\"type\":3,\"value\":true}]', '000003', NULL, NULL),
('000000000003', '00004', '000000011', 'Холодильник Bosch Serie | 4 VitaFresh KGN39XW27R', '', '20068499', '', '[{\"id\":\"000000070\",\"index\":1,\"is_title\":true,\"type\":0,\"value\":\"\"}]', '000001', NULL, NULL),
('000000000004', '00003', '000000017', 'Молоко', '', 'М-0011', '', '[{\"id\":\"000000070\",\"index\":1,\"is_title\":true,\"type\":0,\"value\":\"\"}]', '000004', NULL, NULL),
('000000000005', '00003', '000000016', 'Кефир', '', 'К-0012', '', '[{\"id\":\"000000013\",\"index\":1,\"is_title\":false,\"type\":2,\"value\":3.2}]', '000004', NULL, NULL),
('000000000006', '00003', '000000018', 'Ряженка', '', 'Р-00123', '', '[{\"id\":\"000000013\",\"index\":1,\"is_title\":false,\"type\":2,\"value\":3.2}]', '000004', NULL, NULL),
('000000000007', '00005', '000000020', 'Ноутбук Acer Nitro 5 AN515-43-R45P черный', '', '1645276', '', '[{\"id\":\"000000013\",\"index\":1,\"is_title\":false,\"type\":2,\"value\":3.2}]', '000005', NULL, NULL),
('000000000008', '00005', '000000020', 'Ноутбук Lenovo IdeaPad 3 Gaming 15IMH05 черный', '', '1655081', '', '[{\"id\":\"000000013\",\"index\":1,\"is_title\":false,\"type\":2,\"value\":3.2}]', '000006', NULL, NULL),
('000000000009', '00005', '000000020', 'Ноутбук ASUS TUF Gaming FX505DT-HN564T черный', 'Производительность ноутбука ASUS TUF Gaming FX505DT-HN507T обеспечивается четырехъядерным процессором AMD Ryzen 5 3550H с рабочей частотой 2.1 ГГц, Он обладает широким функционалом, может использоваться для динамичных игр, выполнения других операций, касающихся учебы или работы. Отличается прекрасной графикой, чистым звуком, четким и ярким изображением.\n\nНоутбук ASUS TUF Gaming FX505DT-HN507T оснащен экраном диагональю 15.6 дюйма с матрицей IPS и с разрешением 1920х1080. Лэптоп может использоваться для просмотра фильмов и сериалов, для работы с видеоконтентом различного содержания. Поддерживает технологии Wi-Fi и Bluetooth. Для долгосрочного хранения данных на SSD диске предусмотрено 256 Гб. Для подключения сторонних устройств и носителей информации используются предусмотренные порты и разъемы. Литий-ионная батарея обеспечивает автономную работу в течение нескольких часов.', '1655299', '', '[{\"id\":\"000000013\",\"index\":1,\"is_title\":false,\"type\":2,\"value\":3.2}]', '000007', NULL, NULL),
('000000000010', '00005', '000000020', 'Ноутбук HP Pavilion Gaming 15-ec1086ur черный', '', '4721670', '', '[{\"id\":\"000000013\",\"index\":1,\"is_title\":false,\"type\":2,\"value\":3.2}]', '000008', NULL, NULL),
('000000000011', '00005', '000000006', 'Смартфон Nokia 2.4', 'Очень удобный', '4717711', '', '[{\"id\":\"000000017\",\"index\":1,\"is_title\":true,\"type\":0,\"value\":\"\"},{\"id\":\"000000014\",\"index\":2,\"is_title\":false,\"type\":4,\"value\":\"000000011\"},{\"id\":\"000000003\",\"index\":3,\"is_title\":false,\"type\":6,\"value\":\"000009\"},{\"id\":\"000000004\",\"index\":5,\"is_title\":false,\"type\":7,\"value\":\"000000001\"},{\"id\":\"000000001\",\"index\":6,\"is_title\":false,\"type\":8,\"value\":\"156\"},{\"id\":\"000000032\",\"index\":9,\"is_title\":true,\"type\":0,\"value\":\"\"},{\"id\":\"000000039\",\"index\":14,\"is_title\":true,\"type\":0,\"value\":\"\"},{\"id\":\"000000047\",\"index\":22,\"is_title\":true,\"type\":0,\"value\":\"\"},{\"id\":\"000000053\",\"index\":28,\"is_title\":true,\"type\":0,\"value\":\"\"},{\"id\":\"000000057\",\"index\":32,\"is_title\":true,\"type\":0,\"value\":\"\"},{\"id\":\"000000064\",\"index\":39,\"is_title\":true,\"type\":0,\"value\":\"\"},{\"id\":\"000000069\",\"index\":44,\"is_title\":true,\"type\":0,\"value\":\"\"},{\"id\":\"000000005\",\"index\":45,\"is_title\":false,\"type\":2,\"value\":0.1},{\"id\":\"000000006\",\"index\":46,\"is_title\":false,\"type\":2,\"value\":0.2},{\"id\":\"000000007\",\"index\":47,\"is_title\":false,\"type\":2,\"value\":0.11},{\"id\":\"000000008\",\"index\":48,\"is_title\":false,\"type\":2,\"value\":0.17}]', '000009', NULL, NULL),
('000000000012', '00005', '000000006', 'Huawei Honor 7A (розовый)', 'Huawei Honor 7A - смартфон с современным дизайном. На передней стороне размещается прочное и красивое 2,5D-стекло.\nТыльная сторона является матовой, а реализована она из высококачественного алюминия.\n\nДисплей в Honor 7A установлен 5,45-дюймовый FullView-дисплей с разрешением 1440x720.\n\nСмартфон Honor 7A оснащен 4-х ядерным процессором Mediatek MT6739. Здесь используются ядра Cortex-A53, которые работают на максимальной частоте 1500 МГц. В устройстве располагается ускоритель графики PowerVR GE8100.\n\nВстроенная память 16 Гб и 2 Гб оперативной памяти, а расширить внутреннее хранилище можно с помощью карт памяти до 256 Гб.\n\nAndroid 8.1 выступает в качестве операционной системы. При этом интерфейс модернизирован благодаря фирменной оболочке EMUI 8.1.\n\nВнутри аппарата находится несъемный аккумулятор с емкостью 3020 мАч.\n\nHuawei Honor 7A поддерживает две Nano-SIM одновременно. При этом карта памяти может быть установлена отдельно.\n\nИмеется встроенное FM-радио, а также модуль LTE.\n\nКамера\nВ Hu', '1678788', '', '[{\"id\":\"000000017\",\"index\":1,\"is_title\":true,\"type\":0,\"value\":\"\"},{\"id\":\"000000014\",\"index\":2,\"is_title\":false,\"type\":4,\"value\":\"000000011\"},{\"id\":\"000000003\",\"index\":3,\"is_title\":false,\"type\":6,\"value\":\"000003\"},{\"id\":\"000000025\",\"index\":4,\"is_title\":false,\"type\":4,\"value\":\"000000015\"},{\"id\":\"000000004\",\"index\":5,\"is_title\":false,\"type\":7,\"value\":\"000000007\"},{\"id\":\"000000001\",\"index\":6,\"is_title\":false,\"type\":8,\"value\":\"156\"},{\"id\":\"000000027\",\"index\":7,\"is_title\":false,\"type\":2,\"value\":12},{\"id\":\"000000028\",\"index\":8,\"is_title\":false,\"type\":1,\"value\":\"сканер отпечатка пальца; быстрая зарядка; технология распознавания лица\"},{\"id\":\"000000032\",\"index\":9,\"is_title\":true,\"type\":0,\"value\":\"\"},{\"id\":\"000000029\",\"index\":10,\"is_title\":false,\"type\":2,\"value\":6.5},{\"id\":\"000000036\",\"index\":11,\"is_title\":false,\"type\":4,\"value\":\"000000039\"},{\"id\":\"000000037\",\"index\":12,\"is_title\":false,\"type\":4,\"value\":\"000000017\"},{\"id\":\"000000038\",\"index\":13,\"is_title\":false,\"type\":3,\"value\":true},{\"id\":\"000000039\",\"index\":14,\"is_title\":true,\"type\":0,\"value\":\"\"},{\"id\":\"000000040\",\"index\":15,\"is_title\":false,\"type\":4,\"value\":\"000000021\"},{\"id\":\"000000041\",\"index\":16,\"is_title\":false,\"type\":4,\"value\":\"000000023\"},{\"id\":\"000000042\",\"index\":17,\"is_title\":false,\"type\":4,\"value\":\"000000026\"},{\"id\":\"000000043\",\"index\":18,\"is_title\":false,\"type\":1,\"value\":\"MediaTek Helio G35\"},{\"id\":\"000000044\",\"index\":19,\"is_title\":false,\"type\":2,\"value\":8},{\"id\":\"000000045\",\"index\":20,\"is_title\":false,\"type\":2,\"value\":2000},{\"id\":\"000000046\",\"index\":21,\"is_title\":false,\"type\":4,\"value\":\"000000028\"},{\"id\":\"000000047\",\"index\":22,\"is_title\":true,\"type\":0,\"value\":\"\"},{\"id\":\"000000048\",\"index\":23,\"is_title\":false,\"type\":1,\"value\":\"Wi-Fi; Bluetooth 5.1; IRDA;  USB;  NFC\"},{\"id\":\"000000049\",\"index\":24,\"is_title\":false,\"type\":1,\"value\":\"GSM 900/1800/1900; 3G; 4G; LTE; VoLTE\"},{\"id\":\"000000050\",\"index\":25,\"is_title\":false,\"type\":1,\"value\":\"ГЛОНАСС; GPS; BeiDou; Galileo; GPS; AGPS\"},{\"id\":\"000000051\",\"index\":26,\"is_title\":false,\"type\":4,\"value\":\"000000035\"},{\"id\":\"000000052\",\"index\":27,\"is_title\":false,\"type\":1,\"value\":\"nano SIM\"},{\"id\":\"000000053\",\"index\":28,\"is_title\":true,\"type\":0,\"value\":\"\"},{\"id\":\"000000054\",\"index\":29,\"is_title\":false,\"type\":1,\"value\":\"Li-polymer\"},{\"id\":\"000000055\",\"index\":30,\"is_title\":false,\"type\":2,\"value\":4500},{\"id\":\"000000056\",\"index\":31,\"is_title\":false,\"type\":4,\"value\":\"000000037\"},{\"id\":\"000000057\",\"index\":32,\"is_title\":true,\"type\":0,\"value\":\"\"},{\"id\":\"000000058\",\"index\":33,\"is_title\":false,\"type\":2,\"value\":64},{\"id\":\"000000059\",\"index\":34,\"is_title\":false,\"type\":2,\"value\":8},{\"id\":\"000000060\",\"index\":35,\"is_title\":false,\"type\":1,\"value\":\"макро-объектив; автоматическая фокусировка; цифровой зум\"},{\"id\":\"000000061\",\"index\":36,\"is_title\":false,\"type\":1,\"value\":\"Full HD 1080p; AAC; AMR; APE; FLAC; M4V; MKV; MP3; MP4; WAV; XviD; AVI; WMA; WAVE, FLAC; BMP; GIF; J\"},{\"id\":\"000000062\",\"index\":37,\"is_title\":false,\"type\":3,\"value\":true},{\"id\":\"000000063\",\"index\":38,\"is_title\":false,\"type\":1,\"value\":\"автоматическая фокусировка; ночная  съемка\"},{\"id\":\"000000064\",\"index\":39,\"is_title\":true,\"type\":0,\"value\":\"\"},{\"id\":\"000000065\",\"index\":40,\"is_title\":false,\"type\":1,\"value\":\"зарядное устройство; смартфон; документация; чехол; USB-кабель; адаптер; гарантийный талон\"},{\"id\":\"000000066\",\"index\":41,\"is_title\":false,\"type\":1,\"value\":\"IP67\"},{\"id\":\"000000067\",\"index\":42,\"is_title\":false,\"type\":1,\"value\":\"Хрупкое\"},{\"id\":\"000000068\",\"index\":43,\"is_title\":false,\"type\":3,\"value\":true},{\"id\":\"000000069\",\"index\":44,\"is_title\":true,\"type\":0,\"value\":\"\"},{\"id\":\"000000005\",\"index\":45,\"is_title\":false,\"type\":2,\"value\":75.7},{\"id\":\"000000006\",\"index\":46,\"is_title\":false,\"type\":2,\"value\":8.3},{\"id\":\"000000007\",\"index\":47,\"is_title\":false,\"type\":2,\"value\":150.9},{\"id\":\"000000008\",\"index\":48,\"is_title\":false,\"type\":2,\"value\":194}]', '000003', NULL, NULL),
('000000000013', '00005', '000000006', 'Huawei Honor 7A (черный)', 'Huawei Honor 7A - смартфон с современным дизайном. На передней стороне размещается прочное и красивое 2,5D-стекло.\nТыльная сторона является матовой, а реализована она из высококачественного алюминия.\n\nДисплей в Honor 7A установлен 5,45-дюймовый FullView-дисплей с разрешением 1440x720.\n\nСмартфон Honor 7A оснащен 4-х ядерным процессором Mediatek MT6739. Здесь используются ядра Cortex-A53, которые работают на максимальной частоте 1500 МГц. В устройстве располагается ускоритель графики PowerVR GE8100.\n\nВстроенная память 16 Гб и 2 Гб оперативной памяти, а расширить внутреннее хранилище можно с помощью карт памяти до 256 Гб.\n\nAndroid 8.1 выступает в качестве операционной системы. При этом интерфейс модернизирован благодаря фирменной оболочке EMUI 8.1.\n\nВнутри аппарата находится несъемный аккумулятор с емкостью 3020 мАч.\n\nHuawei Honor 7A поддерживает две Nano-SIM одновременно. При этом карта памяти может быть установлена отдельно.\n\nИмеется встроенное FM-радио, а также модуль LTE.\n\nКамера\nВ Hu', '16787448', '', '[{\"id\":\"000000017\",\"index\":1,\"is_title\":true,\"type\":0,\"value\":\"\"},{\"id\":\"000000014\",\"index\":2,\"is_title\":false,\"type\":4,\"value\":\"000000011\"},{\"id\":\"000000003\",\"index\":3,\"is_title\":false,\"type\":6,\"value\":\"000003\"},{\"id\":\"000000025\",\"index\":4,\"is_title\":false,\"type\":4,\"value\":\"000000015\"},{\"id\":\"000000004\",\"index\":5,\"is_title\":false,\"type\":7,\"value\":\"000000001\"},{\"id\":\"000000001\",\"index\":6,\"is_title\":false,\"type\":8,\"value\":\"156\"},{\"id\":\"000000027\",\"index\":7,\"is_title\":false,\"type\":2,\"value\":12},{\"id\":\"000000028\",\"index\":8,\"is_title\":false,\"type\":1,\"value\":\"сканер отпечатка пальца; быстрая зарядка; технология распознавания лица\"},{\"id\":\"000000032\",\"index\":9,\"is_title\":true,\"type\":0,\"value\":\"\"},{\"id\":\"000000029\",\"index\":10,\"is_title\":false,\"type\":2,\"value\":6.5},{\"id\":\"000000036\",\"index\":11,\"is_title\":false,\"type\":4,\"value\":\"000000039\"},{\"id\":\"000000037\",\"index\":12,\"is_title\":false,\"type\":4,\"value\":\"000000017\"},{\"id\":\"000000038\",\"index\":13,\"is_title\":false,\"type\":3,\"value\":true},{\"id\":\"000000039\",\"index\":14,\"is_title\":true,\"type\":0,\"value\":\"\"},{\"id\":\"000000040\",\"index\":15,\"is_title\":false,\"type\":4,\"value\":\"000000021\"},{\"id\":\"000000041\",\"index\":16,\"is_title\":false,\"type\":4,\"value\":\"000000023\"},{\"id\":\"000000042\",\"index\":17,\"is_title\":false,\"type\":4,\"value\":\"000000026\"},{\"id\":\"000000043\",\"index\":18,\"is_title\":false,\"type\":1,\"value\":\"MediaTek Helio G35\"},{\"id\":\"000000044\",\"index\":19,\"is_title\":false,\"type\":2,\"value\":8},{\"id\":\"000000045\",\"index\":20,\"is_title\":false,\"type\":2,\"value\":2000},{\"id\":\"000000046\",\"index\":21,\"is_title\":false,\"type\":4,\"value\":\"000000028\"},{\"id\":\"000000047\",\"index\":22,\"is_title\":true,\"type\":0,\"value\":\"\"},{\"id\":\"000000048\",\"index\":23,\"is_title\":false,\"type\":1,\"value\":\"Wi-Fi; Bluetooth 5.1; IRDA;  USB;  NFC\"},{\"id\":\"000000049\",\"index\":24,\"is_title\":false,\"type\":1,\"value\":\"GSM 900/1800/1900; 3G; 4G; LTE; VoLTE\"},{\"id\":\"000000050\",\"index\":25,\"is_title\":false,\"type\":1,\"value\":\"ГЛОНАСС; GPS; BeiDou; Galileo; GPS; AGPS\"},{\"id\":\"000000051\",\"index\":26,\"is_title\":false,\"type\":4,\"value\":\"000000035\"},{\"id\":\"000000052\",\"index\":27,\"is_title\":false,\"type\":1,\"value\":\"nano SIM\"},{\"id\":\"000000053\",\"index\":28,\"is_title\":true,\"type\":0,\"value\":\"\"},{\"id\":\"000000054\",\"index\":29,\"is_title\":false,\"type\":1,\"value\":\"Li-polymer\"},{\"id\":\"000000055\",\"index\":30,\"is_title\":false,\"type\":2,\"value\":4500},{\"id\":\"000000056\",\"index\":31,\"is_title\":false,\"type\":4,\"value\":\"000000037\"},{\"id\":\"000000057\",\"index\":32,\"is_title\":true,\"type\":0,\"value\":\"\"},{\"id\":\"000000058\",\"index\":33,\"is_title\":false,\"type\":2,\"value\":64},{\"id\":\"000000059\",\"index\":34,\"is_title\":false,\"type\":2,\"value\":8},{\"id\":\"000000060\",\"index\":35,\"is_title\":false,\"type\":1,\"value\":\"макро-объектив; автоматическая фокусировка; цифровой зум\"},{\"id\":\"000000061\",\"index\":36,\"is_title\":false,\"type\":1,\"value\":\"Full HD 1080p; AAC; AMR; APE; FLAC; M4V; MKV; MP3; MP4; WAV; XviD; AVI; WMA; WAVE, FLAC; BMP; GIF; J\"},{\"id\":\"000000062\",\"index\":37,\"is_title\":false,\"type\":3,\"value\":true},{\"id\":\"000000063\",\"index\":38,\"is_title\":false,\"type\":1,\"value\":\"автоматическая фокусировка; ночная  съемка\"},{\"id\":\"000000064\",\"index\":39,\"is_title\":true,\"type\":0,\"value\":\"\"},{\"id\":\"000000065\",\"index\":40,\"is_title\":false,\"type\":1,\"value\":\"зарядное устройство; смартфон; документация; чехол; USB-кабель; адаптер; гарантийный талон\"},{\"id\":\"000000066\",\"index\":41,\"is_title\":false,\"type\":1,\"value\":\"IP67\"},{\"id\":\"000000067\",\"index\":42,\"is_title\":false,\"type\":1,\"value\":\"Хрупкое\"},{\"id\":\"000000068\",\"index\":43,\"is_title\":false,\"type\":3,\"value\":true},{\"id\":\"000000069\",\"index\":44,\"is_title\":true,\"type\":0,\"value\":\"\"},{\"id\":\"000000005\",\"index\":45,\"is_title\":false,\"type\":2,\"value\":75.7},{\"id\":\"000000006\",\"index\":46,\"is_title\":false,\"type\":2,\"value\":8.3},{\"id\":\"000000007\",\"index\":47,\"is_title\":false,\"type\":2,\"value\":150.9},{\"id\":\"000000008\",\"index\":48,\"is_title\":false,\"type\":2,\"value\":194}]', '000003', NULL, NULL),
('000000000014', '00005', '000000006', 'Xiaomi Redmi Note 10 (голубой)', 'Huawei Honor 7A - смартфон с современным дизайном. На передней стороне размещается прочное и красивое 2,5D-стекло.\nТыльная сторона является матовой, а реализована она из высококачественного алюминия.\n\nДисплей в Honor 7A установлен 5,45-дюймовый FullView-дисплей с разрешением 1440x720.\n\nСмартфон Honor 7A оснащен 4-х ядерным процессором Mediatek MT6739. Здесь используются ядра Cortex-A53, которые работают на максимальной частоте 1500 МГц. В устройстве располагается ускоритель графики PowerVR GE8100.\n\nВстроенная память 16 Гб и 2 Гб оперативной памяти, а расширить внутреннее хранилище можно с помощью карт памяти до 256 Гб.\n\nAndroid 8.1 выступает в качестве операционной системы. При этом интерфейс модернизирован благодаря фирменной оболочке EMUI 8.1.\n\nВнутри аппарата находится несъемный аккумулятор с емкостью 3020 мАч.\n\nHuawei Honor 7A поддерживает две Nano-SIM одновременно. При этом карта памяти может быть установлена отдельно.\n\nИмеется встроенное FM-радио, а также модуль LTE.\n\nКамера\nВ Hu', '4722618', '', '[{\"id\":\"000000017\",\"index\":1,\"is_title\":true,\"type\":0,\"value\":\"\"},{\"id\":\"000000014\",\"index\":2,\"is_title\":false,\"type\":4,\"value\":\"000000011\"},{\"id\":\"000000003\",\"index\":3,\"is_title\":false,\"type\":6,\"value\":\"000010\"},{\"id\":\"000000025\",\"index\":4,\"is_title\":false,\"type\":4,\"value\":\"000000015\"},{\"id\":\"000000004\",\"index\":5,\"is_title\":false,\"type\":7,\"value\":\"000000002\"},{\"id\":\"000000001\",\"index\":6,\"is_title\":false,\"type\":8,\"value\":\"156\"},{\"id\":\"000000027\",\"index\":7,\"is_title\":false,\"type\":2,\"value\":12},{\"id\":\"000000028\",\"index\":8,\"is_title\":false,\"type\":1,\"value\":\"сканер отпечатка пальца; быстрая зарядка; технология распознавания лица\"},{\"id\":\"000000032\",\"index\":9,\"is_title\":true,\"type\":0,\"value\":\"\"},{\"id\":\"000000029\",\"index\":10,\"is_title\":false,\"type\":2,\"value\":6.5},{\"id\":\"000000036\",\"index\":11,\"is_title\":false,\"type\":4,\"value\":\"000000039\"},{\"id\":\"000000037\",\"index\":12,\"is_title\":false,\"type\":4,\"value\":\"000000017\"},{\"id\":\"000000038\",\"index\":13,\"is_title\":false,\"type\":3,\"value\":true},{\"id\":\"000000039\",\"index\":14,\"is_title\":true,\"type\":0,\"value\":\"\"},{\"id\":\"000000040\",\"index\":15,\"is_title\":false,\"type\":4,\"value\":\"000000022\"},{\"id\":\"000000041\",\"index\":16,\"is_title\":false,\"type\":4,\"value\":\"000000023\"},{\"id\":\"000000042\",\"index\":17,\"is_title\":false,\"type\":4,\"value\":\"000000026\"},{\"id\":\"000000043\",\"index\":18,\"is_title\":false,\"type\":1,\"value\":\"MediaTek Helio G35\"},{\"id\":\"000000044\",\"index\":19,\"is_title\":false,\"type\":2,\"value\":8},{\"id\":\"000000045\",\"index\":20,\"is_title\":false,\"type\":2,\"value\":2000},{\"id\":\"000000046\",\"index\":21,\"is_title\":false,\"type\":4,\"value\":\"000000028\"},{\"id\":\"000000047\",\"index\":22,\"is_title\":true,\"type\":0,\"value\":\"\"},{\"id\":\"000000048\",\"index\":23,\"is_title\":false,\"type\":1,\"value\":\"Wi-Fi; Bluetooth 5.1; IRDA;  USB;  NFC\"},{\"id\":\"000000049\",\"index\":24,\"is_title\":false,\"type\":1,\"value\":\"GSM 900/1800/1900; 3G; 4G; LTE; VoLTE\"},{\"id\":\"000000050\",\"index\":25,\"is_title\":false,\"type\":1,\"value\":\"ГЛОНАСС; GPS; BeiDou; Galileo; GPS; AGPS\"},{\"id\":\"000000051\",\"index\":26,\"is_title\":false,\"type\":4,\"value\":\"000000035\"},{\"id\":\"000000052\",\"index\":27,\"is_title\":false,\"type\":1,\"value\":\"nano SIM\"},{\"id\":\"000000053\",\"index\":28,\"is_title\":true,\"type\":0,\"value\":\"\"},{\"id\":\"000000054\",\"index\":29,\"is_title\":false,\"type\":1,\"value\":\"Li-polymer\"},{\"id\":\"000000055\",\"index\":30,\"is_title\":false,\"type\":2,\"value\":4500},{\"id\":\"000000056\",\"index\":31,\"is_title\":false,\"type\":4,\"value\":\"000000037\"},{\"id\":\"000000057\",\"index\":32,\"is_title\":true,\"type\":0,\"value\":\"\"},{\"id\":\"000000058\",\"index\":33,\"is_title\":false,\"type\":2,\"value\":64},{\"id\":\"000000059\",\"index\":34,\"is_title\":false,\"type\":2,\"value\":8},{\"id\":\"000000060\",\"index\":35,\"is_title\":false,\"type\":1,\"value\":\"макро-объектив; автоматическая фокусировка; цифровой зум\"},{\"id\":\"000000061\",\"index\":36,\"is_title\":false,\"type\":1,\"value\":\"Full HD 1080p; AAC; AMR; APE; FLAC; M4V; MKV; MP3; MP4; WAV; XviD; AVI; WMA; WAVE, FLAC; BMP; GIF; J\"},{\"id\":\"000000062\",\"index\":37,\"is_title\":false,\"type\":3,\"value\":true},{\"id\":\"000000063\",\"index\":38,\"is_title\":false,\"type\":1,\"value\":\"автоматическая фокусировка; ночная  съемка\"},{\"id\":\"000000064\",\"index\":39,\"is_title\":true,\"type\":0,\"value\":\"\"},{\"id\":\"000000065\",\"index\":40,\"is_title\":false,\"type\":1,\"value\":\"зарядное устройство; смартфон; документация; чехол; USB-кабель; адаптер; гарантийный талон\"},{\"id\":\"000000066\",\"index\":41,\"is_title\":false,\"type\":1,\"value\":\"IP67\"},{\"id\":\"000000067\",\"index\":42,\"is_title\":false,\"type\":1,\"value\":\"Хрупкое\"},{\"id\":\"000000068\",\"index\":43,\"is_title\":false,\"type\":3,\"value\":true},{\"id\":\"000000069\",\"index\":44,\"is_title\":true,\"type\":0,\"value\":\"\"},{\"id\":\"000000005\",\"index\":45,\"is_title\":false,\"type\":2,\"value\":0.175},{\"id\":\"000000006\",\"index\":46,\"is_title\":false,\"type\":2,\"value\":0.68},{\"id\":\"000000007\",\"index\":47,\"is_title\":false,\"type\":2,\"value\":0.008},{\"id\":\"000000008\",\"index\":48,\"is_title\":false,\"type\":2,\"value\":0.194}]', '000010', NULL, NULL),
('000000000015', '00005', '000000006', 'Смартфон Xiaomi Redmi 9 (белый)', 'Huawei Honor 7A - смартфон с современным дизайном. На передней стороне размещается прочное и красивое 2,5D-стекло.\nТыльная сторона является матовой, а реализована она из высококачественного алюминия.\n\nДисплей в Honor 7A установлен 5,45-дюймовый FullView-дисплей с разрешением 1440x720.\n\nСмартфон Honor 7A оснащен 4-х ядерным процессором Mediatek MT6739. Здесь используются ядра Cortex-A53, которые работают на максимальной частоте 1500 МГц. В устройстве располагается ускоритель графики PowerVR GE8100.\n\nВстроенная память 16 Гб и 2 Гб оперативной памяти, а расширить внутреннее хранилище можно с помощью карт памяти до 256 Гб.\n\nAndroid 8.1 выступает в качестве операционной системы. При этом интерфейс модернизирован благодаря фирменной оболочке EMUI 8.1.\n\nВнутри аппарата находится несъемный аккумулятор с емкостью 3020 мАч.\n\nHuawei Honor 7A поддерживает две Nano-SIM одновременно. При этом карта памяти может быть установлена отдельно.\n\nИмеется встроенное FM-радио, а также модуль LTE.\n\nКамера\nВ Hu', '1670750', '', '[{\"id\":\"000000017\",\"index\":1,\"is_title\":true,\"type\":0,\"value\":\"\"},{\"id\":\"000000014\",\"index\":2,\"is_title\":false,\"type\":4,\"value\":\"000000011\"},{\"id\":\"000000003\",\"index\":3,\"is_title\":false,\"type\":6,\"value\":\"000010\"},{\"id\":\"000000025\",\"index\":4,\"is_title\":false,\"type\":4,\"value\":\"000000015\"},{\"id\":\"000000004\",\"index\":5,\"is_title\":false,\"type\":7,\"value\":\"000000004\"},{\"id\":\"000000001\",\"index\":6,\"is_title\":false,\"type\":8,\"value\":\"156\"},{\"id\":\"000000027\",\"index\":7,\"is_title\":false,\"type\":2,\"value\":12},{\"id\":\"000000028\",\"index\":8,\"is_title\":false,\"type\":1,\"value\":\"сканер отпечатка пальца; быстрая зарядка; технология распознавания лица\"},{\"id\":\"000000032\",\"index\":9,\"is_title\":true,\"type\":0,\"value\":\"\"},{\"id\":\"000000029\",\"index\":10,\"is_title\":false,\"type\":2,\"value\":6.5},{\"id\":\"000000036\",\"index\":11,\"is_title\":false,\"type\":4,\"value\":\"000000039\"},{\"id\":\"000000037\",\"index\":12,\"is_title\":false,\"type\":4,\"value\":\"000000017\"},{\"id\":\"000000038\",\"index\":13,\"is_title\":false,\"type\":3,\"value\":true},{\"id\":\"000000039\",\"index\":14,\"is_title\":true,\"type\":0,\"value\":\"\"},{\"id\":\"000000040\",\"index\":15,\"is_title\":false,\"type\":4,\"value\":\"000000019\"},{\"id\":\"000000041\",\"index\":16,\"is_title\":false,\"type\":4,\"value\":\"000000023\"},{\"id\":\"000000042\",\"index\":17,\"is_title\":false,\"type\":4,\"value\":\"000000026\"},{\"id\":\"000000043\",\"index\":18,\"is_title\":false,\"type\":1,\"value\":\"MediaTek Helio G35\"},{\"id\":\"000000044\",\"index\":19,\"is_title\":false,\"type\":2,\"value\":8},{\"id\":\"000000045\",\"index\":20,\"is_title\":false,\"type\":2,\"value\":2000},{\"id\":\"000000046\",\"index\":21,\"is_title\":false,\"type\":4,\"value\":\"000000028\"},{\"id\":\"000000047\",\"index\":22,\"is_title\":true,\"type\":0,\"value\":\"\"},{\"id\":\"000000048\",\"index\":23,\"is_title\":false,\"type\":1,\"value\":\"Wi-Fi; Bluetooth 5.1; IRDA;  USB;  NFC\"},{\"id\":\"000000049\",\"index\":24,\"is_title\":false,\"type\":1,\"value\":\"GSM 900/1800/1900; 3G; 4G; LTE; VoLTE\"},{\"id\":\"000000050\",\"index\":25,\"is_title\":false,\"type\":1,\"value\":\"ГЛОНАСС; GPS; BeiDou; Galileo; GPS; AGPS\"},{\"id\":\"000000051\",\"index\":26,\"is_title\":false,\"type\":4,\"value\":\"000000035\"},{\"id\":\"000000052\",\"index\":27,\"is_title\":false,\"type\":1,\"value\":\"nano SIM\"},{\"id\":\"000000053\",\"index\":28,\"is_title\":true,\"type\":0,\"value\":\"\"},{\"id\":\"000000054\",\"index\":29,\"is_title\":false,\"type\":1,\"value\":\"Li-polymer\"},{\"id\":\"000000055\",\"index\":30,\"is_title\":false,\"type\":2,\"value\":4500},{\"id\":\"000000056\",\"index\":31,\"is_title\":false,\"type\":4,\"value\":\"000000037\"},{\"id\":\"000000057\",\"index\":32,\"is_title\":true,\"type\":0,\"value\":\"\"},{\"id\":\"000000058\",\"index\":33,\"is_title\":false,\"type\":2,\"value\":64},{\"id\":\"000000059\",\"index\":34,\"is_title\":false,\"type\":2,\"value\":8},{\"id\":\"000000060\",\"index\":35,\"is_title\":false,\"type\":1,\"value\":\"макро-объектив; автоматическая фокусировка; цифровой зум\"},{\"id\":\"000000061\",\"index\":36,\"is_title\":false,\"type\":1,\"value\":\"Full HD 1080p; AAC; AMR; APE; FLAC; M4V; MKV; MP3; MP4; WAV; XviD; AVI; WMA; WAVE, FLAC; BMP; GIF; J\"},{\"id\":\"000000062\",\"index\":37,\"is_title\":false,\"type\":3,\"value\":true},{\"id\":\"000000063\",\"index\":38,\"is_title\":false,\"type\":1,\"value\":\"автоматическая фокусировка; ночная  съемка\"},{\"id\":\"000000064\",\"index\":39,\"is_title\":true,\"type\":0,\"value\":\"\"},{\"id\":\"000000065\",\"index\":40,\"is_title\":false,\"type\":1,\"value\":\"зарядное устройство; смартфон; документация; чехол; USB-кабель; адаптер; гарантийный талон\"},{\"id\":\"000000066\",\"index\":41,\"is_title\":false,\"type\":1,\"value\":\"IP67\"},{\"id\":\"000000067\",\"index\":42,\"is_title\":false,\"type\":1,\"value\":\"Хрупкое\"},{\"id\":\"000000068\",\"index\":43,\"is_title\":false,\"type\":3,\"value\":true},{\"id\":\"000000069\",\"index\":44,\"is_title\":true,\"type\":0,\"value\":\"\"},{\"id\":\"000000005\",\"index\":45,\"is_title\":false,\"type\":2,\"value\":75.7},{\"id\":\"000000006\",\"index\":46,\"is_title\":false,\"type\":2,\"value\":8.3},{\"id\":\"000000007\",\"index\":47,\"is_title\":false,\"type\":2,\"value\":150.9},{\"id\":\"000000008\",\"index\":48,\"is_title\":false,\"type\":2,\"value\":194}]', '000010', NULL, NULL),
('000000000016', '00001', '000000011', 'Димин холодильник', 'Первые домашние холодильники появились тоже в середине 19 века. Тогда это были обыкновенные деревянные шкафы, набитые льдом. Через 20 лет, в 1879 году немецкий учёный Карл фон Линде изобрёл холодильную машину с компрессором. Это был механический холодильник, в котором использовался паровой насос.', '987987', '', '[{\"id\":\"000000070\",\"index\":1,\"is_title\":true,\"type\":0,\"value\":\"\"},{\"id\":\"000000001\",\"index\":2,\"is_title\":false,\"type\":8,\"value\":\"392\"}]', '000002', NULL, NULL),
('000000000017', '00005', '000000006', 'Xiaomi Redmi 9T (голубой)', 'Смартфон Xiaomi Redmi 9T оснащен камерой из 4 модулей 48+8+2+2, позволяющей делать снимки с высокой детализацией, отличные панорамные снимки, портреты с эффектом боке и осуществлять макросъёмку. Мощный 8-ядерный процессор обеспечит высокую производительность даже в самых требовательных играх. На дисплее 6.53 дюйма с пониженным излучением в синем спектре комфортно выполнять любые привычные задачи даже при длительном использовании. Два динамика создадут эффект полного погружения при просмотре фильма или игре. Сканер отпечатков пальцев, встроенный в кнопке питания, надежно защитит ваши данные. Емкого аккумулятора на 6000 мАч хватит на 17 часов просмотра видео, 56 часов разговора и на 195 часов прослушивания музыки.', '21375731', '', '[{\"id\":\"000000017\",\"index\":1,\"is_title\":true,\"type\":0,\"value\":\"\"},{\"id\":\"000000014\",\"index\":2,\"is_title\":false,\"type\":4,\"value\":\"000000011\"},{\"id\":\"000000003\",\"index\":3,\"is_title\":false,\"type\":6,\"value\":\"000010\"},{\"id\":\"000000025\",\"index\":4,\"is_title\":false,\"type\":4,\"value\":\"000000015\"},{\"id\":\"000000004\",\"index\":5,\"is_title\":false,\"type\":7,\"value\":\"000000002\"},{\"id\":\"000000001\",\"index\":6,\"is_title\":false,\"type\":8,\"value\":\"156\"},{\"id\":\"000000027\",\"index\":7,\"is_title\":false,\"type\":2,\"value\":12},{\"id\":\"000000028\",\"index\":8,\"is_title\":false,\"type\":1,\"value\":\"беспроводная зарядка; быстрая зарядка\"},{\"id\":\"000000032\",\"index\":9,\"is_title\":true,\"type\":0,\"value\":\"\"},{\"id\":\"000000029\",\"index\":10,\"is_title\":false,\"type\":2,\"value\":6.4},{\"id\":\"000000036\",\"index\":11,\"is_title\":false,\"type\":4,\"value\":\"000000040\"},{\"id\":\"000000037\",\"index\":12,\"is_title\":false,\"type\":4,\"value\":\"000000016\"},{\"id\":\"000000038\",\"index\":13,\"is_title\":false,\"type\":3,\"value\":true},{\"id\":\"000000039\",\"index\":14,\"is_title\":true,\"type\":0,\"value\":\"\"},{\"id\":\"000000040\",\"index\":15,\"is_title\":false,\"type\":4,\"value\":\"000000021\"},{\"id\":\"000000041\",\"index\":16,\"is_title\":false,\"type\":4,\"value\":\"000000024\"},{\"id\":\"000000042\",\"index\":17,\"is_title\":false,\"type\":4,\"value\":\"000000026\"},{\"id\":\"000000043\",\"index\":18,\"is_title\":false,\"type\":1,\"value\":\"Qualcomm Snapdragon 732G\"},{\"id\":\"000000044\",\"index\":19,\"is_title\":false,\"type\":2,\"value\":8},{\"id\":\"000000045\",\"index\":20,\"is_title\":false,\"type\":2,\"value\":2000},{\"id\":\"000000046\",\"index\":21,\"is_title\":false,\"type\":4,\"value\":\"000000028\"},{\"id\":\"000000047\",\"index\":22,\"is_title\":true,\"type\":0,\"value\":\"\"},{\"id\":\"000000048\",\"index\":23,\"is_title\":false,\"type\":1,\"value\":\"Bluetooth 5.1; NFC; Wi-Fi 802.11 abgnac\"},{\"id\":\"000000049\",\"index\":24,\"is_title\":false,\"type\":1,\"value\":\"2G; 3G; 4G; 5G\"},{\"id\":\"000000050\",\"index\":25,\"is_title\":false,\"type\":1,\"value\":\"ГЛОНАСС; GPS\"},{\"id\":\"000000051\",\"index\":26,\"is_title\":false,\"type\":4,\"value\":\"000000034\"},{\"id\":\"000000052\",\"index\":27,\"is_title\":false,\"type\":1,\"value\":\"nano SIM\"},{\"id\":\"000000053\",\"index\":28,\"is_title\":true,\"type\":0,\"value\":\"\"},{\"id\":\"000000054\",\"index\":29,\"is_title\":false,\"type\":1,\"value\":\"Li-polymer\"},{\"id\":\"000000055\",\"index\":30,\"is_title\":false,\"type\":2,\"value\":4500},{\"id\":\"000000056\",\"index\":31,\"is_title\":false,\"type\":4,\"value\":\"000000037\"},{\"id\":\"000000057\",\"index\":32,\"is_title\":true,\"type\":0,\"value\":\"\"},{\"id\":\"000000058\",\"index\":33,\"is_title\":false,\"type\":2,\"value\":108},{\"id\":\"000000059\",\"index\":34,\"is_title\":false,\"type\":2,\"value\":8},{\"id\":\"000000060\",\"index\":35,\"is_title\":false,\"type\":1,\"value\":\"макро-объектив; автоматическая фокусировка; цифровой зум\"},{\"id\":\"000000061\",\"index\":36,\"is_title\":false,\"type\":1,\"value\":\"Full HD 1080p; AAC; AMR; APE; FLAC; M4V; MKV; MP3; MP4; WAV; XviD; AVI; WMA; WAVE, FLAC; BMP; GIF; J\"},{\"id\":\"000000062\",\"index\":37,\"is_title\":false,\"type\":3,\"value\":true},{\"id\":\"000000063\",\"index\":38,\"is_title\":false,\"type\":1,\"value\":\"автоматическая фокусировка; ночная  съемка\"},{\"id\":\"000000064\",\"index\":39,\"is_title\":true,\"type\":0,\"value\":\"\"},{\"id\":\"000000065\",\"index\":40,\"is_title\":false,\"type\":1,\"value\":\"зарядное устройство; смартфон; документация; чехол; USB-кабель; адаптер; гарантийный талон\"},{\"id\":\"000000066\",\"index\":41,\"is_title\":false,\"type\":1,\"value\":\"IP67\"},{\"id\":\"000000067\",\"index\":42,\"is_title\":false,\"type\":1,\"value\":\"Хрупкое\"},{\"id\":\"000000068\",\"index\":43,\"is_title\":false,\"type\":3,\"value\":true},{\"id\":\"000000069\",\"index\":44,\"is_title\":true,\"type\":0,\"value\":\"\"},{\"id\":\"000000005\",\"index\":45,\"is_title\":false,\"type\":2,\"value\":75.7},{\"id\":\"000000006\",\"index\":46,\"is_title\":false,\"type\":2,\"value\":8.3},{\"id\":\"000000007\",\"index\":47,\"is_title\":false,\"type\":2,\"value\":150.9},{\"id\":\"000000008\",\"index\":48,\"is_title\":false,\"type\":2,\"value\":194}]', '000010', NULL, NULL),
('000000000018', '00002', '000000006', 'Смартфон iPhone 11 128GB (черный)', 'Очень удобный', '16023989', '', '[{\"id\":\"000000017\",\"index\":1,\"is_title\":true,\"type\":0,\"value\":\"\"},{\"id\":\"000000014\",\"index\":2,\"is_title\":false,\"type\":4,\"value\":\"000000011\"},{\"id\":\"000000003\",\"index\":3,\"is_title\":false,\"type\":6,\"value\":\"000011\"},{\"id\":\"000000004\",\"index\":5,\"is_title\":false,\"type\":7,\"value\":\"000000001\"},{\"id\":\"000000001\",\"index\":6,\"is_title\":false,\"type\":8,\"value\":\"156\"},{\"id\":\"000000027\",\"index\":7,\"is_title\":false,\"type\":2,\"value\":12},{\"id\":\"000000028\",\"index\":8,\"is_title\":false,\"type\":1,\"value\":\"сканер отпечатка пальца, разблокировка по лицу\"},{\"id\":\"000000032\",\"index\":9,\"is_title\":true,\"type\":0,\"value\":\"\"},{\"id\":\"000000029\",\"index\":10,\"is_title\":false,\"type\":2,\"value\":6.1},{\"id\":\"000000036\",\"index\":11,\"is_title\":false,\"type\":4,\"value\":\"000000041\"},{\"id\":\"000000037\",\"index\":12,\"is_title\":false,\"type\":4,\"value\":\"000000042\"},{\"id\":\"000000038\",\"index\":13,\"is_title\":false,\"type\":3,\"value\":true},{\"id\":\"000000039\",\"index\":14,\"is_title\":true,\"type\":0,\"value\":\"\"},{\"id\":\"000000040\",\"index\":15,\"is_title\":false,\"type\":4,\"value\":\"000000022\"},{\"id\":\"000000041\",\"index\":16,\"is_title\":false,\"type\":4,\"value\":\"000000025\"},{\"id\":\"000000042\",\"index\":17,\"is_title\":false,\"type\":4,\"value\":\"000000027\"},{\"id\":\"000000043\",\"index\":18,\"is_title\":false,\"type\":1,\"value\":\"Apple A13 Bionic\"},{\"id\":\"000000044\",\"index\":19,\"is_title\":false,\"type\":2,\"value\":6},{\"id\":\"000000045\",\"index\":20,\"is_title\":false,\"type\":2,\"value\":1700},{\"id\":\"000000046\",\"index\":21,\"is_title\":false,\"type\":4,\"value\":\"000000029\"},{\"id\":\"000000047\",\"index\":22,\"is_title\":true,\"type\":0,\"value\":\"\"},{\"id\":\"000000048\",\"index\":23,\"is_title\":false,\"type\":1,\"value\":\"NFC; Wi-Fi; Bluetooth 5.0\"},{\"id\":\"000000049\",\"index\":24,\"is_title\":false,\"type\":1,\"value\":\"3G; 4G; Wi-Fi; LTE-A\"},{\"id\":\"000000050\",\"index\":25,\"is_title\":false,\"type\":1,\"value\":\"A-GPS; ГЛОНАСС; Galileo; QZSS\"},{\"id\":\"000000051\",\"index\":26,\"is_title\":false,\"type\":4,\"value\":\"000000035\"},{\"id\":\"000000052\",\"index\":27,\"is_title\":false,\"type\":1,\"value\":\"nano SIM\"},{\"id\":\"000000053\",\"index\":28,\"is_title\":true,\"type\":0,\"value\":\"\"},{\"id\":\"000000054\",\"index\":29,\"is_title\":false,\"type\":1,\"value\":\"Li-polymer\"},{\"id\":\"000000055\",\"index\":30,\"is_title\":false,\"type\":2,\"value\":4810},{\"id\":\"000000056\",\"index\":31,\"is_title\":false,\"type\":4,\"value\":\"000000043\"},{\"id\":\"000000057\",\"index\":32,\"is_title\":true,\"type\":0,\"value\":\"\"},{\"id\":\"000000058\",\"index\":33,\"is_title\":false,\"type\":2,\"value\":12},{\"id\":\"000000059\",\"index\":34,\"is_title\":false,\"type\":2,\"value\":12},{\"id\":\"000000060\",\"index\":35,\"is_title\":false,\"type\":1,\"value\":\"автоматическая фокусировка\"},{\"id\":\"000000061\",\"index\":36,\"is_title\":false,\"type\":1,\"value\":\"AAC; AMR; APE; FLAC; M4V; MKV; MP3; MP4; WAV; XviD\"},{\"id\":\"000000062\",\"index\":37,\"is_title\":false,\"type\":3,\"value\":true},{\"id\":\"000000063\",\"index\":38,\"is_title\":false,\"type\":1,\"value\":\"автоматическая фокусировка; вспышка\"},{\"id\":\"000000064\",\"index\":39,\"is_title\":true,\"type\":0,\"value\":\"\"},{\"id\":\"000000065\",\"index\":40,\"is_title\":false,\"type\":1,\"value\":\"документация; чехол; USB-кабель; адаптер; гарантийный талон\"},{\"id\":\"000000066\",\"index\":41,\"is_title\":false,\"type\":1,\"value\":\"IP67\"},{\"id\":\"000000067\",\"index\":42,\"is_title\":false,\"type\":1,\"value\":\"Не требует специальных условий\"},{\"id\":\"000000068\",\"index\":43,\"is_title\":false,\"type\":3,\"value\":true},{\"id\":\"000000069\",\"index\":44,\"is_title\":true,\"type\":0,\"value\":\"\"},{\"id\":\"000000005\",\"index\":45,\"is_title\":false,\"type\":2,\"value\":75.7},{\"id\":\"000000006\",\"index\":46,\"is_title\":false,\"type\":2,\"value\":8.3},{\"id\":\"000000007\",\"index\":47,\"is_title\":false,\"type\":2,\"value\":159},{\"id\":\"000000008\",\"index\":48,\"is_title\":false,\"type\":2,\"value\":194}]', '000011', NULL, NULL),
('000000000019', '00002', '000000006', 'Смартфон iPhone 11 128GB (желтый)', 'Берите выше. iPhone 11. Ничего лишнего. Только самое. Ярко. Мощно. То, что нужно. Сверхширокоугольный взгляд на мир. iPhone 11. Переходите на самое. Система двух камер со сверхширокоугольной камерой. Ночной режим и потрясающее качество видео. Защита от воды и пыли. Длительная работа без подзарядки. Шесть прекрасных цветов. 11 станет вашим любимым числом. Снимайте видео 4K, отличные портреты и захватывающие пейзажи с превосходной системой двух камер. Делайте красивейшие снимки при слабом освещении в Ночном режиме. Смотрите фотографии и видео, играйте в игры - на дисплее Liquid Retina 6,1 дюйма всё выглядит естественно и реалистично. Открывайте новые возможности игр, дополненной реальности и фотографии благодаря невероятной производительности процессора A13 Bionic. А с мощным аккумулятором вы сможете делать больше - и меньше времени тратить на зарядку. Устройство защищено от воды (допускается погружение в воду на глубину до 2 метров на 30 минут).', '16023992', '', '[{\"id\":\"000000017\",\"index\":1,\"is_title\":true,\"type\":0,\"value\":\"\"},{\"id\":\"000000014\",\"index\":2,\"is_title\":false,\"type\":4,\"value\":\"000000011\"},{\"id\":\"000000003\",\"index\":3,\"is_title\":false,\"type\":6,\"value\":\"000011\"},{\"id\":\"000000004\",\"index\":5,\"is_title\":false,\"type\":7,\"value\":\"000000010\"},{\"id\":\"000000001\",\"index\":6,\"is_title\":false,\"type\":8,\"value\":\"156\"},{\"id\":\"000000027\",\"index\":7,\"is_title\":false,\"type\":2,\"value\":12},{\"id\":\"000000028\",\"index\":8,\"is_title\":false,\"type\":1,\"value\":\"сканер отпечатка пальца, разблокировка по лицу\"},{\"id\":\"000000032\",\"index\":9,\"is_title\":true,\"type\":0,\"value\":\"\"},{\"id\":\"000000029\",\"index\":10,\"is_title\":false,\"type\":2,\"value\":6.1},{\"id\":\"000000036\",\"index\":11,\"is_title\":false,\"type\":4,\"value\":\"000000041\"},{\"id\":\"000000037\",\"index\":12,\"is_title\":false,\"type\":4,\"value\":\"000000042\"},{\"id\":\"000000038\",\"index\":13,\"is_title\":false,\"type\":3,\"value\":true},{\"id\":\"000000039\",\"index\":14,\"is_title\":true,\"type\":0,\"value\":\"\"},{\"id\":\"000000040\",\"index\":15,\"is_title\":false,\"type\":4,\"value\":\"000000022\"},{\"id\":\"000000041\",\"index\":16,\"is_title\":false,\"type\":4,\"value\":\"000000025\"},{\"id\":\"000000042\",\"index\":17,\"is_title\":false,\"type\":4,\"value\":\"000000027\"},{\"id\":\"000000043\",\"index\":18,\"is_title\":false,\"type\":1,\"value\":\"Apple A13 Bionic\"},{\"id\":\"000000044\",\"index\":19,\"is_title\":false,\"type\":2,\"value\":6},{\"id\":\"000000045\",\"index\":20,\"is_title\":false,\"type\":2,\"value\":1700},{\"id\":\"000000046\",\"index\":21,\"is_title\":false,\"type\":4,\"value\":\"000000029\"},{\"id\":\"000000047\",\"index\":22,\"is_title\":true,\"type\":0,\"value\":\"\"},{\"id\":\"000000048\",\"index\":23,\"is_title\":false,\"type\":1,\"value\":\"NFC; Wi-Fi; Bluetooth 5.0\"},{\"id\":\"000000049\",\"index\":24,\"is_title\":false,\"type\":1,\"value\":\"3G; 4G; Wi-Fi; LTE-A\"},{\"id\":\"000000050\",\"index\":25,\"is_title\":false,\"type\":1,\"value\":\"A-GPS; ГЛОНАСС; Galileo; QZSS\"},{\"id\":\"000000051\",\"index\":26,\"is_title\":false,\"type\":4,\"value\":\"000000035\"},{\"id\":\"000000052\",\"index\":27,\"is_title\":false,\"type\":1,\"value\":\"nano SIM\"},{\"id\":\"000000053\",\"index\":28,\"is_title\":true,\"type\":0,\"value\":\"\"},{\"id\":\"000000054\",\"index\":29,\"is_title\":false,\"type\":1,\"value\":\"Li-polymer\"},{\"id\":\"000000055\",\"index\":30,\"is_title\":false,\"type\":2,\"value\":4810},{\"id\":\"000000056\",\"index\":31,\"is_title\":false,\"type\":4,\"value\":\"000000043\"},{\"id\":\"000000057\",\"index\":32,\"is_title\":true,\"type\":0,\"value\":\"\"},{\"id\":\"000000058\",\"index\":33,\"is_title\":false,\"type\":2,\"value\":12},{\"id\":\"000000059\",\"index\":34,\"is_title\":false,\"type\":2,\"value\":12},{\"id\":\"000000060\",\"index\":35,\"is_title\":false,\"type\":1,\"value\":\"автоматическая фокусировка\"},{\"id\":\"000000061\",\"index\":36,\"is_title\":false,\"type\":1,\"value\":\"AAC; AMR; APE; FLAC; M4V; MKV; MP3; MP4; WAV; XviD\"},{\"id\":\"000000062\",\"index\":37,\"is_title\":false,\"type\":3,\"value\":true},{\"id\":\"000000063\",\"index\":38,\"is_title\":false,\"type\":1,\"value\":\"автоматическая фокусировка; вспышка\"},{\"id\":\"000000064\",\"index\":39,\"is_title\":true,\"type\":0,\"value\":\"\"},{\"id\":\"000000065\",\"index\":40,\"is_title\":false,\"type\":1,\"value\":\"документация; чехол; USB-кабель; адаптер; гарантийный талон\"},{\"id\":\"000000066\",\"index\":41,\"is_title\":false,\"type\":1,\"value\":\"IP67\"},{\"id\":\"000000067\",\"index\":42,\"is_title\":false,\"type\":1,\"value\":\"Не требует специальных условий\"},{\"id\":\"000000068\",\"index\":43,\"is_title\":false,\"type\":3,\"value\":true},{\"id\":\"000000069\",\"index\":44,\"is_title\":true,\"type\":0,\"value\":\"\"},{\"id\":\"000000005\",\"index\":45,\"is_title\":false,\"type\":2,\"value\":75.7},{\"id\":\"000000006\",\"index\":46,\"is_title\":false,\"type\":2,\"value\":8.3},{\"id\":\"000000007\",\"index\":47,\"is_title\":false,\"type\":2,\"value\":159},{\"id\":\"000000008\",\"index\":48,\"is_title\":false,\"type\":2,\"value\":194}]', '000011', NULL, NULL),
('000000000020', '00002', '000000006', 'Смартфон iPhone 12 Pro 256GB (серебристый)', 'Это iPhone 12 Pro. A14 Bionic, самый быстрый процессор iPhone. Система камер Pro, которая обеспечивает потрясающее качество снимков при слабом освещении. Это новая прекрасная эра для iPhone.', '15875684', '', '[{\"id\":\"000000017\",\"index\":1,\"is_title\":true,\"type\":0,\"value\":\"\"},{\"id\":\"000000014\",\"index\":2,\"is_title\":false,\"type\":4,\"value\":\"000000044\"},{\"id\":\"000000003\",\"index\":3,\"is_title\":false,\"type\":6,\"value\":\"000011\"},{\"id\":\"000000004\",\"index\":5,\"is_title\":false,\"type\":7,\"value\":\"000000011\"},{\"id\":\"000000001\",\"index\":6,\"is_title\":false,\"type\":8,\"value\":\"156\"},{\"id\":\"000000027\",\"index\":7,\"is_title\":false,\"type\":2,\"value\":12},{\"id\":\"000000028\",\"index\":8,\"is_title\":false,\"type\":1,\"value\":\"сканер отпечатка пальца, разблокировка по лицу\"},{\"id\":\"000000032\",\"index\":9,\"is_title\":true,\"type\":0,\"value\":\"\"},{\"id\":\"000000029\",\"index\":10,\"is_title\":false,\"type\":2,\"value\":6.1},{\"id\":\"000000036\",\"index\":11,\"is_title\":false,\"type\":4,\"value\":\"000000046\"},{\"id\":\"000000037\",\"index\":12,\"is_title\":false,\"type\":4,\"value\":\"000000017\"},{\"id\":\"000000038\",\"index\":13,\"is_title\":false,\"type\":3,\"value\":true},{\"id\":\"000000039\",\"index\":14,\"is_title\":true,\"type\":0,\"value\":\"\"},{\"id\":\"000000040\",\"index\":15,\"is_title\":false,\"type\":4,\"value\":\"000000045\"},{\"id\":\"000000041\",\"index\":16,\"is_title\":false,\"type\":4,\"value\":\"000000025\"},{\"id\":\"000000042\",\"index\":17,\"is_title\":false,\"type\":4,\"value\":\"000000027\"},{\"id\":\"000000043\",\"index\":18,\"is_title\":false,\"type\":1,\"value\":\"Apple A14 Bionic\"},{\"id\":\"000000044\",\"index\":19,\"is_title\":false,\"type\":2,\"value\":6},{\"id\":\"000000045\",\"index\":20,\"is_title\":false,\"type\":2,\"value\":1700},{\"id\":\"000000046\",\"index\":21,\"is_title\":false,\"type\":4,\"value\":\"000000029\"},{\"id\":\"000000047\",\"index\":22,\"is_title\":true,\"type\":0,\"value\":\"\"},{\"id\":\"000000048\",\"index\":23,\"is_title\":false,\"type\":1,\"value\":\"NFC; Bluetooth 5.0; Wi-Fi 802.11ax\"},{\"id\":\"000000049\",\"index\":24,\"is_title\":false,\"type\":1,\"value\":\"3G; 4G; Wi-Fi; LTE-A\"},{\"id\":\"000000050\",\"index\":25,\"is_title\":false,\"type\":1,\"value\":\"ГЛОНАСС; GPS; BeiDou; Galileo; QZSS\"},{\"id\":\"000000051\",\"index\":26,\"is_title\":false,\"type\":4,\"value\":\"000000035\"},{\"id\":\"000000052\",\"index\":27,\"is_title\":false,\"type\":1,\"value\":\"nano SIM\"},{\"id\":\"000000053\",\"index\":28,\"is_title\":true,\"type\":0,\"value\":\"\"},{\"id\":\"000000054\",\"index\":29,\"is_title\":false,\"type\":1,\"value\":\"Li-polymer\"},{\"id\":\"000000055\",\"index\":30,\"is_title\":false,\"type\":2,\"value\":4810},{\"id\":\"000000056\",\"index\":31,\"is_title\":false,\"type\":4,\"value\":\"000000043\"},{\"id\":\"000000057\",\"index\":32,\"is_title\":true,\"type\":0,\"value\":\"\"},{\"id\":\"000000058\",\"index\":33,\"is_title\":false,\"type\":2,\"value\":12},{\"id\":\"000000059\",\"index\":34,\"is_title\":false,\"type\":2,\"value\":12},{\"id\":\"000000060\",\"index\":35,\"is_title\":false,\"type\":1,\"value\":\"автоматическая фокусировка\"},{\"id\":\"000000061\",\"index\":36,\"is_title\":false,\"type\":1,\"value\":\"AAC; AMR; APE; FLAC; M4V; MKV; MP3; MP4; WAV; XviD\"},{\"id\":\"000000062\",\"index\":37,\"is_title\":false,\"type\":3,\"value\":true},{\"id\":\"000000063\",\"index\":38,\"is_title\":false,\"type\":1,\"value\":\"автоматическая фокусировка; вспышка\"},{\"id\":\"000000064\",\"index\":39,\"is_title\":true,\"type\":0,\"value\":\"\"},{\"id\":\"000000065\",\"index\":40,\"is_title\":false,\"type\":1,\"value\":\"документация; чехол; USB-кабель; адаптер; гарантийный талон\"},{\"id\":\"000000066\",\"index\":41,\"is_title\":false,\"type\":1,\"value\":\"IP67\"},{\"id\":\"000000067\",\"index\":42,\"is_title\":false,\"type\":1,\"value\":\"Не требует специальных условий\"},{\"id\":\"000000068\",\"index\":43,\"is_title\":false,\"type\":3,\"value\":true},{\"id\":\"000000069\",\"index\":44,\"is_title\":true,\"type\":0,\"value\":\"\"},{\"id\":\"000000005\",\"index\":45,\"is_title\":false,\"type\":2,\"value\":75.7},{\"id\":\"000000006\",\"index\":46,\"is_title\":false,\"type\":2,\"value\":8.3},{\"id\":\"000000007\",\"index\":47,\"is_title\":false,\"type\":2,\"value\":159},{\"id\":\"000000008\",\"index\":48,\"is_title\":false,\"type\":2,\"value\":194}]', '000011', NULL, NULL);
INSERT INTO `product` (`id`, `provider_id`, `category_id`, `title`, `description`, `vendor_code`, `param_value_list`, `param_variable_list`, `brand_id`, `color`, `size`) VALUES
('000000000021', '00002', '000000006', 'Смартфон iPhone 11 64GB (красный)', 'Ничего лишнего. Только самое. Ярко. Мощно. То, что нужно. Сверхширокоугольный взгляд на мир. iPhone 11. Переходите на самое. Снимайте видео 4K, отличные портреты и захватывающие пейзажи с превосходной системой двух камер. Делайте красивейшие снимки при слабом освещении в Ночном режиме. Смотрите фотографии и видео, играйте в игры - на дисплее Liquid Retina 6,1 дюйма всё выглядит естественно и реалистично. Открывайте новые возможности игр, дополненной реальности и фотографии благодаря невероятной производительности процессора A13 Bionic. А с мощным аккумулятором вы сможете делать больше - и меньше времени тратить на зарядку. Устройство защищено от воды (допускается погружение в воду на глубину до 2 метров на 30 минут). Apple перечисляет часть средств от продажи iPhone 11 (PRODUCT)RED в Глобальный фонд для борьбы со СПИДом.', '16023985', '', '[{\"id\":\"000000017\",\"index\":1,\"is_title\":true,\"type\":0,\"value\":\"\"},{\"id\":\"000000014\",\"index\":2,\"is_title\":false,\"type\":4,\"value\":\"000000044\"},{\"id\":\"000000003\",\"index\":3,\"is_title\":false,\"type\":6,\"value\":\"000011\"},{\"id\":\"000000004\",\"index\":5,\"is_title\":false,\"type\":7,\"value\":\"000000012\"},{\"id\":\"000000001\",\"index\":6,\"is_title\":false,\"type\":8,\"value\":\"156\"},{\"id\":\"000000027\",\"index\":7,\"is_title\":false,\"type\":2,\"value\":12},{\"id\":\"000000028\",\"index\":8,\"is_title\":false,\"type\":1,\"value\":\"сканер отпечатка пальца, разблокировка по лицу\"},{\"id\":\"000000032\",\"index\":9,\"is_title\":true,\"type\":0,\"value\":\"\"},{\"id\":\"000000029\",\"index\":10,\"is_title\":false,\"type\":2,\"value\":6.1},{\"id\":\"000000036\",\"index\":11,\"is_title\":false,\"type\":4,\"value\":\"000000046\"},{\"id\":\"000000037\",\"index\":12,\"is_title\":false,\"type\":4,\"value\":\"000000017\"},{\"id\":\"000000038\",\"index\":13,\"is_title\":false,\"type\":3,\"value\":true},{\"id\":\"000000039\",\"index\":14,\"is_title\":true,\"type\":0,\"value\":\"\"},{\"id\":\"000000040\",\"index\":15,\"is_title\":false,\"type\":4,\"value\":\"000000021\"},{\"id\":\"000000041\",\"index\":16,\"is_title\":false,\"type\":4,\"value\":\"000000025\"},{\"id\":\"000000042\",\"index\":17,\"is_title\":false,\"type\":4,\"value\":\"000000027\"},{\"id\":\"000000043\",\"index\":18,\"is_title\":false,\"type\":1,\"value\":\"Apple A14 Bionic\"},{\"id\":\"000000044\",\"index\":19,\"is_title\":false,\"type\":2,\"value\":6},{\"id\":\"000000045\",\"index\":20,\"is_title\":false,\"type\":2,\"value\":1700},{\"id\":\"000000046\",\"index\":21,\"is_title\":false,\"type\":4,\"value\":\"000000029\"},{\"id\":\"000000047\",\"index\":22,\"is_title\":true,\"type\":0,\"value\":\"\"},{\"id\":\"000000048\",\"index\":23,\"is_title\":false,\"type\":1,\"value\":\"NFC; Bluetooth 5.0; Wi-Fi 802.11ax\"},{\"id\":\"000000049\",\"index\":24,\"is_title\":false,\"type\":1,\"value\":\"3G; 4G; Wi-Fi; LTE-A\"},{\"id\":\"000000050\",\"index\":25,\"is_title\":false,\"type\":1,\"value\":\"ГЛОНАСС; GPS; BeiDou; Galileo; QZSS\"},{\"id\":\"000000051\",\"index\":26,\"is_title\":false,\"type\":4,\"value\":\"000000035\"},{\"id\":\"000000052\",\"index\":27,\"is_title\":false,\"type\":1,\"value\":\"nano SIM\"},{\"id\":\"000000053\",\"index\":28,\"is_title\":true,\"type\":0,\"value\":\"\"},{\"id\":\"000000054\",\"index\":29,\"is_title\":false,\"type\":1,\"value\":\"Li-polymer\"},{\"id\":\"000000055\",\"index\":30,\"is_title\":false,\"type\":2,\"value\":4810},{\"id\":\"000000056\",\"index\":31,\"is_title\":false,\"type\":4,\"value\":\"000000043\"},{\"id\":\"000000057\",\"index\":32,\"is_title\":true,\"type\":0,\"value\":\"\"},{\"id\":\"000000058\",\"index\":33,\"is_title\":false,\"type\":2,\"value\":12},{\"id\":\"000000059\",\"index\":34,\"is_title\":false,\"type\":2,\"value\":12},{\"id\":\"000000060\",\"index\":35,\"is_title\":false,\"type\":1,\"value\":\"автоматическая фокусировка\"},{\"id\":\"000000061\",\"index\":36,\"is_title\":false,\"type\":1,\"value\":\"AAC; AMR; APE; FLAC; M4V; MKV; MP3; MP4; WAV; XviD\"},{\"id\":\"000000062\",\"index\":37,\"is_title\":false,\"type\":3,\"value\":true},{\"id\":\"000000063\",\"index\":38,\"is_title\":false,\"type\":1,\"value\":\"автоматическая фокусировка; вспышка\"},{\"id\":\"000000064\",\"index\":39,\"is_title\":true,\"type\":0,\"value\":\"\"},{\"id\":\"000000065\",\"index\":40,\"is_title\":false,\"type\":1,\"value\":\"документация; чехол; USB-кабель; адаптер; гарантийный талон\"},{\"id\":\"000000066\",\"index\":41,\"is_title\":false,\"type\":1,\"value\":\"IP67\"},{\"id\":\"000000067\",\"index\":42,\"is_title\":false,\"type\":1,\"value\":\"Не требует специальных условий\"},{\"id\":\"000000068\",\"index\":43,\"is_title\":false,\"type\":3,\"value\":true},{\"id\":\"000000069\",\"index\":44,\"is_title\":true,\"type\":0,\"value\":\"\"},{\"id\":\"000000005\",\"index\":45,\"is_title\":false,\"type\":2,\"value\":75.7},{\"id\":\"000000006\",\"index\":46,\"is_title\":false,\"type\":2,\"value\":8.3},{\"id\":\"000000007\",\"index\":47,\"is_title\":false,\"type\":2,\"value\":159},{\"id\":\"000000008\",\"index\":48,\"is_title\":false,\"type\":2,\"value\":194}]', '000011', NULL, NULL),
('000000000022', '00005', '000000006', 'Huawei Honor 30i 128Gb (синий)', 'Тройная основная камера 48 МП на базе искусственного интеллекта. Ультра четкие фотографии даже при увеличении - большое количество пикселей позволяет создавать ультрачеткие изображения. Даже при увеличении, кадрировании или редактировании качество фотографий останется высоким. А алгоритмы искусственного интеллекта, проанализировав окружающие условия, предложат оптимальный режим съемки для максимального качественного изображения. Благодаря батарее емкостью 4000 мА*ч и интеллектуальному алгоритму энергосбережения вы можете заниматься рабочими делами и просматривать развлекательный контент целый день.', '1678780', '', '[{\"id\":\"000000017\",\"index\":1,\"is_title\":true,\"type\":0,\"value\":\"\"},{\"id\":\"000000014\",\"index\":2,\"is_title\":false,\"type\":4,\"value\":\"000000011\"},{\"id\":\"000000003\",\"index\":3,\"is_title\":false,\"type\":6,\"value\":\"000003\"},{\"id\":\"000000025\",\"index\":4,\"is_title\":false,\"type\":4,\"value\":\"000000015\"},{\"id\":\"000000004\",\"index\":5,\"is_title\":false,\"type\":7,\"value\":\"000000013\"},{\"id\":\"000000001\",\"index\":6,\"is_title\":false,\"type\":8,\"value\":\"156\"},{\"id\":\"000000027\",\"index\":7,\"is_title\":false,\"type\":2,\"value\":12},{\"id\":\"000000028\",\"index\":8,\"is_title\":false,\"type\":1,\"value\":\"сканер отпечатка пальца; быстрая зарядка; технология распознавания лица\"},{\"id\":\"000000032\",\"index\":9,\"is_title\":true,\"type\":0,\"value\":\"\"},{\"id\":\"000000029\",\"index\":10,\"is_title\":false,\"type\":2,\"value\":6.3},{\"id\":\"000000036\",\"index\":11,\"is_title\":false,\"type\":4,\"value\":\"000000040\"},{\"id\":\"000000037\",\"index\":12,\"is_title\":false,\"type\":4,\"value\":\"000000017\"},{\"id\":\"000000038\",\"index\":13,\"is_title\":false,\"type\":3,\"value\":true},{\"id\":\"000000039\",\"index\":14,\"is_title\":true,\"type\":0,\"value\":\"\"},{\"id\":\"000000040\",\"index\":15,\"is_title\":false,\"type\":4,\"value\":\"000000022\"},{\"id\":\"000000041\",\"index\":16,\"is_title\":false,\"type\":4,\"value\":\"000000047\"},{\"id\":\"000000042\",\"index\":17,\"is_title\":false,\"type\":4,\"value\":\"000000026\"},{\"id\":\"000000043\",\"index\":18,\"is_title\":false,\"type\":1,\"value\":\"MediaTek Helio G35\"},{\"id\":\"000000044\",\"index\":19,\"is_title\":false,\"type\":2,\"value\":8},{\"id\":\"000000045\",\"index\":20,\"is_title\":false,\"type\":2,\"value\":2000},{\"id\":\"000000046\",\"index\":21,\"is_title\":false,\"type\":4,\"value\":\"000000028\"},{\"id\":\"000000047\",\"index\":22,\"is_title\":true,\"type\":0,\"value\":\"\"},{\"id\":\"000000048\",\"index\":23,\"is_title\":false,\"type\":1,\"value\":\"Wi-Fi; Bluetooth 5.1; IRDA;  USB;  NFC\"},{\"id\":\"000000049\",\"index\":24,\"is_title\":false,\"type\":1,\"value\":\"GSM 900/1800/1900; 3G; 4G; LTE; VoLTE\"},{\"id\":\"000000050\",\"index\":25,\"is_title\":false,\"type\":1,\"value\":\"ГЛОНАСС; GPS; BeiDou; Galileo; GPS; AGPS\"},{\"id\":\"000000051\",\"index\":26,\"is_title\":false,\"type\":4,\"value\":\"000000035\"},{\"id\":\"000000052\",\"index\":27,\"is_title\":false,\"type\":1,\"value\":\"nano SIM\"},{\"id\":\"000000053\",\"index\":28,\"is_title\":true,\"type\":0,\"value\":\"\"},{\"id\":\"000000054\",\"index\":29,\"is_title\":false,\"type\":1,\"value\":\"Li-polymer\"},{\"id\":\"000000055\",\"index\":30,\"is_title\":false,\"type\":2,\"value\":4500},{\"id\":\"000000056\",\"index\":31,\"is_title\":false,\"type\":4,\"value\":\"000000037\"},{\"id\":\"000000057\",\"index\":32,\"is_title\":true,\"type\":0,\"value\":\"\"},{\"id\":\"000000058\",\"index\":33,\"is_title\":false,\"type\":2,\"value\":16},{\"id\":\"000000059\",\"index\":34,\"is_title\":false,\"type\":2,\"value\":8},{\"id\":\"000000060\",\"index\":35,\"is_title\":false,\"type\":1,\"value\":\"макро-объектив; автоматическая фокусировка; цифровой зум\"},{\"id\":\"000000061\",\"index\":36,\"is_title\":false,\"type\":1,\"value\":\"Full HD 1080p; AAC; AMR; APE; FLAC; M4V; MKV; MP3; MP4; WAV; XviD; AVI; WMA; WAVE, FLAC; BMP; GIF; J\"},{\"id\":\"000000062\",\"index\":37,\"is_title\":false,\"type\":3,\"value\":true},{\"id\":\"000000063\",\"index\":38,\"is_title\":false,\"type\":1,\"value\":\"автоматическая фокусировка; ночная  съемка\"},{\"id\":\"000000064\",\"index\":39,\"is_title\":true,\"type\":0,\"value\":\"\"},{\"id\":\"000000065\",\"index\":40,\"is_title\":false,\"type\":1,\"value\":\"зарядное устройство; смартфон; документация; чехол; USB-кабель; адаптер; гарантийный талон\"},{\"id\":\"000000066\",\"index\":41,\"is_title\":false,\"type\":1,\"value\":\"IP67\"},{\"id\":\"000000067\",\"index\":42,\"is_title\":false,\"type\":1,\"value\":\"Хрупкое\"},{\"id\":\"000000068\",\"index\":43,\"is_title\":false,\"type\":3,\"value\":true},{\"id\":\"000000069\",\"index\":44,\"is_title\":true,\"type\":0,\"value\":\"\"},{\"id\":\"000000005\",\"index\":45,\"is_title\":false,\"type\":2,\"value\":75.7},{\"id\":\"000000006\",\"index\":46,\"is_title\":false,\"type\":2,\"value\":8.3},{\"id\":\"000000007\",\"index\":47,\"is_title\":false,\"type\":2,\"value\":150.9},{\"id\":\"000000008\",\"index\":48,\"is_title\":false,\"type\":2,\"value\":194}]', '000003', NULL, NULL),
('000000000023', '00005', '000000006', 'Huawei Honor 10X Lite (розовый)', 'HONOR 10X Lite, функционирующий на базе процессора Kirin, обеспечит вам незабываемые впечатления от игр. Технология HONOR SuperCharge 22,5 Вт обеспечивает высокую скорость зарядки. Квадрокамера 48 МП с искусственным интеллектом. Сделайте свою жизнь комфортнее благодаря встроенному многофункциональному датчику NFC.', '17282823', '', '[{\"id\":\"000000017\",\"index\":1,\"is_title\":true,\"type\":0,\"value\":\"\"},{\"id\":\"000000014\",\"index\":2,\"is_title\":false,\"type\":4,\"value\":\"000000011\"},{\"id\":\"000000003\",\"index\":3,\"is_title\":false,\"type\":6,\"value\":\"000003\"},{\"id\":\"000000025\",\"index\":4,\"is_title\":false,\"type\":4,\"value\":\"000000015\"},{\"id\":\"000000004\",\"index\":5,\"is_title\":false,\"type\":7,\"value\":\"000000007\"},{\"id\":\"000000001\",\"index\":6,\"is_title\":false,\"type\":8,\"value\":\"156\"},{\"id\":\"000000027\",\"index\":7,\"is_title\":false,\"type\":2,\"value\":12},{\"id\":\"000000028\",\"index\":8,\"is_title\":false,\"type\":1,\"value\":\"укрепленный корпус; FM-радио\"},{\"id\":\"000000032\",\"index\":9,\"is_title\":true,\"type\":0,\"value\":\"\"},{\"id\":\"000000029\",\"index\":10,\"is_title\":false,\"type\":2,\"value\":6.67},{\"id\":\"000000036\",\"index\":11,\"is_title\":false,\"type\":4,\"value\":\"000000039\"},{\"id\":\"000000037\",\"index\":12,\"is_title\":false,\"type\":4,\"value\":\"000000048\"},{\"id\":\"000000038\",\"index\":13,\"is_title\":false,\"type\":3,\"value\":true},{\"id\":\"000000039\",\"index\":14,\"is_title\":true,\"type\":0,\"value\":\"\"},{\"id\":\"000000040\",\"index\":15,\"is_title\":false,\"type\":4,\"value\":\"000000022\"},{\"id\":\"000000041\",\"index\":16,\"is_title\":false,\"type\":4,\"value\":\"000000024\"},{\"id\":\"000000042\",\"index\":17,\"is_title\":false,\"type\":4,\"value\":\"000000026\"},{\"id\":\"000000043\",\"index\":18,\"is_title\":false,\"type\":1,\"value\":\"Kirin 710A\"},{\"id\":\"000000044\",\"index\":19,\"is_title\":false,\"type\":2,\"value\":8},{\"id\":\"000000045\",\"index\":20,\"is_title\":false,\"type\":2,\"value\":2000},{\"id\":\"000000046\",\"index\":21,\"is_title\":false,\"type\":4,\"value\":\"000000028\"},{\"id\":\"000000047\",\"index\":22,\"is_title\":true,\"type\":0,\"value\":\"\"},{\"id\":\"000000048\",\"index\":23,\"is_title\":false,\"type\":1,\"value\":\"Wi-Fi; Bluetooth 5.1; IRDA;  USB;  NFC\"},{\"id\":\"000000049\",\"index\":24,\"is_title\":false,\"type\":1,\"value\":\"GSM 900/1800/1900; 3G; 4G; LTE; VoLTE\"},{\"id\":\"000000050\",\"index\":25,\"is_title\":false,\"type\":1,\"value\":\"A-GPS; ГЛОНАСС; GPS; BeiDou\"},{\"id\":\"000000051\",\"index\":26,\"is_title\":false,\"type\":4,\"value\":\"000000034\"},{\"id\":\"000000052\",\"index\":27,\"is_title\":false,\"type\":1,\"value\":\"nano SIM\"},{\"id\":\"000000053\",\"index\":28,\"is_title\":true,\"type\":0,\"value\":\"\"},{\"id\":\"000000054\",\"index\":29,\"is_title\":false,\"type\":1,\"value\":\"Li-polymer\"},{\"id\":\"000000055\",\"index\":30,\"is_title\":false,\"type\":2,\"value\":4500},{\"id\":\"000000056\",\"index\":31,\"is_title\":false,\"type\":4,\"value\":\"000000037\"},{\"id\":\"000000057\",\"index\":32,\"is_title\":true,\"type\":0,\"value\":\"\"},{\"id\":\"000000058\",\"index\":33,\"is_title\":false,\"type\":2,\"value\":64},{\"id\":\"000000059\",\"index\":34,\"is_title\":false,\"type\":2,\"value\":8},{\"id\":\"000000060\",\"index\":35,\"is_title\":false,\"type\":1,\"value\":\"макро-объектив; автоматическая фокусировка; цифровой зум\"},{\"id\":\"000000061\",\"index\":36,\"is_title\":false,\"type\":1,\"value\":\"Full HD 1080p; AAC; AMR; APE; FLAC; M4V; MKV; MP3; MP4; WAV; XviD; AVI; WMA; WAVE, FLAC; BMP; GIF; J\"},{\"id\":\"000000062\",\"index\":37,\"is_title\":false,\"type\":3,\"value\":true},{\"id\":\"000000063\",\"index\":38,\"is_title\":false,\"type\":1,\"value\":\"автоматическая фокусировка; ночная  съемка\"},{\"id\":\"000000064\",\"index\":39,\"is_title\":true,\"type\":0,\"value\":\"\"},{\"id\":\"000000065\",\"index\":40,\"is_title\":false,\"type\":1,\"value\":\"зарядное устройство; смартфон; документация; чехол; USB-кабель; адаптер; гарантийный талон\"},{\"id\":\"000000066\",\"index\":41,\"is_title\":false,\"type\":1,\"value\":\"IP67\"},{\"id\":\"000000067\",\"index\":42,\"is_title\":false,\"type\":1,\"value\":\"Хрупкое\"},{\"id\":\"000000068\",\"index\":43,\"is_title\":false,\"type\":3,\"value\":true},{\"id\":\"000000069\",\"index\":44,\"is_title\":true,\"type\":0,\"value\":\"\"},{\"id\":\"000000005\",\"index\":45,\"is_title\":false,\"type\":2,\"value\":75.7},{\"id\":\"000000006\",\"index\":46,\"is_title\":false,\"type\":2,\"value\":8.3},{\"id\":\"000000007\",\"index\":47,\"is_title\":false,\"type\":2,\"value\":150.9},{\"id\":\"000000008\",\"index\":48,\"is_title\":false,\"type\":2,\"value\":194}]', '000003', NULL, NULL),
('000000000024', '00004', '000000006', 'Смартфон Samsung Galaxy A72 128Gb (черный)', 'Смартфон A72 сбалансированное решение, которое легко справится с любыми повседневными делами и развлечениями. Аккуратный минималистичный дизайн смартфона подойдет всем, а высококачественные материалы обеспечат долговечность. Большой и яркий SuperAMOLED-дисплей с диагональю 6,7 дюйма и разрешением FHD+ отобразит естественные цвета и детали видео и фотографий высокой четкости, а также современных игр с богатой графикой. Экран Samsung Galaxy A72 поддерживает частоту обновления в 90 Гц, что гарантирует плавную смену картинки без потери четкости при пролистывании лент и сайтов. За игры с высоким уровнем графики, общее быстродействие системы и многозадачность отвечает современный мощный чипсет Snapdragon 720G и большое количество высокоскоростной оперативной памяти. Внутреннего хранилища в 128 ГБ более чем достаточно для установки необходимых приложений и хранения внушительной медиатеки, а слот для карт памяти в любой момент позволит его дополнительно расширить.', '23667906', '', '[{\"id\":\"000000017\",\"index\":1,\"is_title\":true,\"type\":0,\"value\":\"\"},{\"id\":\"000000014\",\"index\":2,\"is_title\":false,\"type\":4,\"value\":\"000000011\"},{\"id\":\"000000003\",\"index\":3,\"is_title\":false,\"type\":6,\"value\":\"000012\"},{\"id\":\"000000004\",\"index\":5,\"is_title\":false,\"type\":7,\"value\":\"000000001\"},{\"id\":\"000000001\",\"index\":6,\"is_title\":false,\"type\":8,\"value\":\"704\"},{\"id\":\"000000027\",\"index\":7,\"is_title\":false,\"type\":2,\"value\":12},{\"id\":\"000000028\",\"index\":8,\"is_title\":false,\"type\":1,\"value\":\"быстрая зарядка; сканер отпечатка пальца; технология распознавания лица\"},{\"id\":\"000000032\",\"index\":9,\"is_title\":true,\"type\":0,\"value\":\"\"},{\"id\":\"000000029\",\"index\":10,\"is_title\":false,\"type\":2,\"value\":6.7},{\"id\":\"000000036\",\"index\":11,\"is_title\":false,\"type\":4,\"value\":\"000000041\"},{\"id\":\"000000037\",\"index\":12,\"is_title\":false,\"type\":4,\"value\":\"000000042\"},{\"id\":\"000000038\",\"index\":13,\"is_title\":false,\"type\":3,\"value\":true},{\"id\":\"000000039\",\"index\":14,\"is_title\":true,\"type\":0,\"value\":\"\"},{\"id\":\"000000040\",\"index\":15,\"is_title\":false,\"type\":4,\"value\":\"000000022\"},{\"id\":\"000000041\",\"index\":16,\"is_title\":false,\"type\":4,\"value\":\"000000025\"},{\"id\":\"000000042\",\"index\":17,\"is_title\":false,\"type\":4,\"value\":\"000000027\"},{\"id\":\"000000043\",\"index\":18,\"is_title\":false,\"type\":1,\"value\":\"Snapdragon 720G\"},{\"id\":\"000000044\",\"index\":19,\"is_title\":false,\"type\":2,\"value\":8},{\"id\":\"000000045\",\"index\":20,\"is_title\":false,\"type\":2,\"value\":1700},{\"id\":\"000000046\",\"index\":21,\"is_title\":false,\"type\":4,\"value\":\"000000029\"},{\"id\":\"000000047\",\"index\":22,\"is_title\":true,\"type\":0,\"value\":\"\"},{\"id\":\"000000048\",\"index\":23,\"is_title\":false,\"type\":1,\"value\":\"Blueooth 5.0\"},{\"id\":\"000000049\",\"index\":24,\"is_title\":false,\"type\":1,\"value\":\"3G; 4G; Wi-Fi; LTE-A\"},{\"id\":\"000000050\",\"index\":25,\"is_title\":false,\"type\":1,\"value\":\"A-GPS; ГЛОНАСС; Galileo; QZSS\"},{\"id\":\"000000051\",\"index\":26,\"is_title\":false,\"type\":4,\"value\":\"000000035\"},{\"id\":\"000000052\",\"index\":27,\"is_title\":false,\"type\":1,\"value\":\"nano SIM\"},{\"id\":\"000000053\",\"index\":28,\"is_title\":true,\"type\":0,\"value\":\"\"},{\"id\":\"000000054\",\"index\":29,\"is_title\":false,\"type\":1,\"value\":\"Li-polymer\"},{\"id\":\"000000055\",\"index\":30,\"is_title\":false,\"type\":2,\"value\":5000},{\"id\":\"000000056\",\"index\":31,\"is_title\":false,\"type\":4,\"value\":\"000000043\"},{\"id\":\"000000057\",\"index\":32,\"is_title\":true,\"type\":0,\"value\":\"\"},{\"id\":\"000000058\",\"index\":33,\"is_title\":false,\"type\":2,\"value\":12},{\"id\":\"000000059\",\"index\":34,\"is_title\":false,\"type\":2,\"value\":12},{\"id\":\"000000060\",\"index\":35,\"is_title\":false,\"type\":1,\"value\":\"автоматическая фокусировка\"},{\"id\":\"000000061\",\"index\":36,\"is_title\":false,\"type\":1,\"value\":\"AAC; AMR; APE; FLAC; M4V; MKV; MP3; MP4; WAV; XviD\"},{\"id\":\"000000062\",\"index\":37,\"is_title\":false,\"type\":3,\"value\":true},{\"id\":\"000000063\",\"index\":38,\"is_title\":false,\"type\":1,\"value\":\"автоматическая фокусировка; вспышка\"},{\"id\":\"000000064\",\"index\":39,\"is_title\":true,\"type\":0,\"value\":\"\"},{\"id\":\"000000065\",\"index\":40,\"is_title\":false,\"type\":1,\"value\":\"документация; чехол; USB-кабель; адаптер; гарантийный талон\"},{\"id\":\"000000066\",\"index\":41,\"is_title\":false,\"type\":1,\"value\":\"IP67\"},{\"id\":\"000000067\",\"index\":42,\"is_title\":false,\"type\":1,\"value\":\"Не требует специальных условий\"},{\"id\":\"000000068\",\"index\":43,\"is_title\":false,\"type\":3,\"value\":true},{\"id\":\"000000069\",\"index\":44,\"is_title\":true,\"type\":0,\"value\":\"\"},{\"id\":\"000000005\",\"index\":45,\"is_title\":false,\"type\":2,\"value\":75.7},{\"id\":\"000000006\",\"index\":46,\"is_title\":false,\"type\":2,\"value\":8.3},{\"id\":\"000000007\",\"index\":47,\"is_title\":false,\"type\":2,\"value\":159},{\"id\":\"000000008\",\"index\":48,\"is_title\":false,\"type\":2,\"value\":194}]', '000012', NULL, NULL),
('000000000025', '00004', '000000006', 'Смартфон Samsung Galaxy A72 128Gb (Зеленовато-лимонный)', 'Играть, смотреть фильмы, бродить по сети и работать в многозадачном режиме без перерыва на ярком 6.5-дюймовом sAMOLED экране с FHD+ разрешением. Четыре камеры для снимков с глубокой перспективой. Основная камера 48МП создана для ярких и четких снимков сверхвысокого разрешения днем и ночью. Сверхширокоугольная камера 12МП позволит снять великолепные пейзажи и сделать групповые снимки. Зафиксируйте мельчайшие детали с камерой для макросъемки 5МП, а для создания красивых портретов с эффектом размытия фона достаточно переключиться на камеру 5МП с датчиком глубины и поддержкой режима \"Живой фокус\". Galaxy A51 оснащен быстрым процессором и вместительным хранилищем. Улучшенный 8-ядерный процессор, 4 ГБ оперативной памяти и 64 ГБ встроенной памяти обеспечат плавную и эффективную работу любых приложений.', '14044012', '', '[{\"id\":\"000000017\",\"index\":1,\"is_title\":true,\"type\":0,\"value\":\"\"},{\"id\":\"000000014\",\"index\":2,\"is_title\":false,\"type\":4,\"value\":\"000000011\"},{\"id\":\"000000003\",\"index\":3,\"is_title\":false,\"type\":6,\"value\":\"000012\"},{\"id\":\"000000004\",\"index\":5,\"is_title\":false,\"type\":7,\"value\":\"000000006\"},{\"id\":\"000000001\",\"index\":6,\"is_title\":false,\"type\":8,\"value\":\"704\"},{\"id\":\"000000027\",\"index\":7,\"is_title\":false,\"type\":2,\"value\":12},{\"id\":\"000000028\",\"index\":8,\"is_title\":false,\"type\":1,\"value\":\"быстрая зарядка; сканер отпечатка пальца; технология распознавания лица\"},{\"id\":\"000000032\",\"index\":9,\"is_title\":true,\"type\":0,\"value\":\"\"},{\"id\":\"000000029\",\"index\":10,\"is_title\":false,\"type\":2,\"value\":6.7},{\"id\":\"000000036\",\"index\":11,\"is_title\":false,\"type\":4,\"value\":\"000000040\"},{\"id\":\"000000037\",\"index\":12,\"is_title\":false,\"type\":4,\"value\":\"000000042\"},{\"id\":\"000000038\",\"index\":13,\"is_title\":false,\"type\":3,\"value\":true},{\"id\":\"000000039\",\"index\":14,\"is_title\":true,\"type\":0,\"value\":\"\"},{\"id\":\"000000040\",\"index\":15,\"is_title\":false,\"type\":4,\"value\":\"000000022\"},{\"id\":\"000000041\",\"index\":16,\"is_title\":false,\"type\":4,\"value\":\"000000025\"},{\"id\":\"000000042\",\"index\":17,\"is_title\":false,\"type\":4,\"value\":\"000000027\"},{\"id\":\"000000043\",\"index\":18,\"is_title\":false,\"type\":1,\"value\":\"Snapdragon 720G\"},{\"id\":\"000000044\",\"index\":19,\"is_title\":false,\"type\":2,\"value\":8},{\"id\":\"000000045\",\"index\":20,\"is_title\":false,\"type\":2,\"value\":1700},{\"id\":\"000000046\",\"index\":21,\"is_title\":false,\"type\":4,\"value\":\"000000029\"},{\"id\":\"000000047\",\"index\":22,\"is_title\":true,\"type\":0,\"value\":\"\"},{\"id\":\"000000048\",\"index\":23,\"is_title\":false,\"type\":1,\"value\":\"Blueooth 5.0\"},{\"id\":\"000000049\",\"index\":24,\"is_title\":false,\"type\":1,\"value\":\"3G; 4G; Wi-Fi; LTE-A\"},{\"id\":\"000000050\",\"index\":25,\"is_title\":false,\"type\":1,\"value\":\"A-GPS; ГЛОНАСС; Galileo; QZSS\"},{\"id\":\"000000051\",\"index\":26,\"is_title\":false,\"type\":4,\"value\":\"000000035\"},{\"id\":\"000000052\",\"index\":27,\"is_title\":false,\"type\":1,\"value\":\"nano SIM\"},{\"id\":\"000000053\",\"index\":28,\"is_title\":true,\"type\":0,\"value\":\"\"},{\"id\":\"000000054\",\"index\":29,\"is_title\":false,\"type\":1,\"value\":\"Li-polymer\"},{\"id\":\"000000055\",\"index\":30,\"is_title\":false,\"type\":2,\"value\":5000},{\"id\":\"000000056\",\"index\":31,\"is_title\":false,\"type\":4,\"value\":\"000000043\"},{\"id\":\"000000057\",\"index\":32,\"is_title\":true,\"type\":0,\"value\":\"\"},{\"id\":\"000000058\",\"index\":33,\"is_title\":false,\"type\":2,\"value\":12},{\"id\":\"000000059\",\"index\":34,\"is_title\":false,\"type\":2,\"value\":12},{\"id\":\"000000060\",\"index\":35,\"is_title\":false,\"type\":1,\"value\":\"автоматическая фокусировка\"},{\"id\":\"000000061\",\"index\":36,\"is_title\":false,\"type\":1,\"value\":\"AAC; AMR; APE; FLAC; M4V; MKV; MP3; MP4; WAV; XviD\"},{\"id\":\"000000062\",\"index\":37,\"is_title\":false,\"type\":3,\"value\":true},{\"id\":\"000000063\",\"index\":38,\"is_title\":false,\"type\":1,\"value\":\"автоматическая фокусировка; вспышка\"},{\"id\":\"000000064\",\"index\":39,\"is_title\":true,\"type\":0,\"value\":\"\"},{\"id\":\"000000065\",\"index\":40,\"is_title\":false,\"type\":1,\"value\":\"документация; чехол; USB-кабель; адаптер; гарантийный талон\"},{\"id\":\"000000066\",\"index\":41,\"is_title\":false,\"type\":1,\"value\":\"IP67\"},{\"id\":\"000000067\",\"index\":42,\"is_title\":false,\"type\":1,\"value\":\"Не требует специальных условий\"},{\"id\":\"000000068\",\"index\":43,\"is_title\":false,\"type\":3,\"value\":true},{\"id\":\"000000069\",\"index\":44,\"is_title\":true,\"type\":0,\"value\":\"\"},{\"id\":\"000000005\",\"index\":45,\"is_title\":false,\"type\":2,\"value\":75.7},{\"id\":\"000000006\",\"index\":46,\"is_title\":false,\"type\":2,\"value\":8.3},{\"id\":\"000000007\",\"index\":47,\"is_title\":false,\"type\":2,\"value\":159},{\"id\":\"000000008\",\"index\":48,\"is_title\":false,\"type\":2,\"value\":194}]', '000012', NULL, NULL),
('000000000026', '00004', '000000006', 'Смартфон Samsung Galaxy S21 256Gb (белый)', 'Новый флагман получил впечатляющий, запоминающийся дизайн, камеру профессионального уровня, подходящую и для новичков, и для фотографов со стажем, а также самый производительный процессор в истории Galaxy. Каждое устройство в серии предлагает эффективность и возможности для связи, которые может обеспечить только Samsung.', '18693919', '', '[{\"id\":\"000000017\",\"index\":1,\"is_title\":true,\"type\":0,\"value\":\"\"},{\"id\":\"000000014\",\"index\":2,\"is_title\":false,\"type\":4,\"value\":\"000000011\"},{\"id\":\"000000003\",\"index\":3,\"is_title\":false,\"type\":6,\"value\":\"000012\"},{\"id\":\"000000004\",\"index\":5,\"is_title\":false,\"type\":7,\"value\":\"000000004\"},{\"id\":\"000000001\",\"index\":6,\"is_title\":false,\"type\":8,\"value\":\"704\"},{\"id\":\"000000027\",\"index\":7,\"is_title\":false,\"type\":2,\"value\":12},{\"id\":\"000000028\",\"index\":8,\"is_title\":false,\"type\":1,\"value\":\"беспроводная зарядка; быстрая зарядка\"},{\"id\":\"000000032\",\"index\":9,\"is_title\":true,\"type\":0,\"value\":\"\"},{\"id\":\"000000029\",\"index\":10,\"is_title\":false,\"type\":2,\"value\":6.2},{\"id\":\"000000036\",\"index\":11,\"is_title\":false,\"type\":4,\"value\":\"000000039\"},{\"id\":\"000000037\",\"index\":12,\"is_title\":false,\"type\":4,\"value\":\"000000017\"},{\"id\":\"000000038\",\"index\":13,\"is_title\":false,\"type\":3,\"value\":true},{\"id\":\"000000039\",\"index\":14,\"is_title\":true,\"type\":0,\"value\":\"\"},{\"id\":\"000000040\",\"index\":15,\"is_title\":false,\"type\":4,\"value\":\"000000045\"},{\"id\":\"000000041\",\"index\":16,\"is_title\":false,\"type\":4,\"value\":\"000000023\"},{\"id\":\"000000042\",\"index\":17,\"is_title\":false,\"type\":4,\"value\":\"000000027\"},{\"id\":\"000000043\",\"index\":18,\"is_title\":false,\"type\":1,\"value\":\"Snapdragon 720G\"},{\"id\":\"000000044\",\"index\":19,\"is_title\":false,\"type\":2,\"value\":8},{\"id\":\"000000045\",\"index\":20,\"is_title\":false,\"type\":2,\"value\":1700},{\"id\":\"000000046\",\"index\":21,\"is_title\":false,\"type\":4,\"value\":\"000000029\"},{\"id\":\"000000047\",\"index\":22,\"is_title\":true,\"type\":0,\"value\":\"\"},{\"id\":\"000000048\",\"index\":23,\"is_title\":false,\"type\":1,\"value\":\"Blueooth 5.0\"},{\"id\":\"000000049\",\"index\":24,\"is_title\":false,\"type\":1,\"value\":\"3G; 4G; Wi-Fi; LTE-A\"},{\"id\":\"000000050\",\"index\":25,\"is_title\":false,\"type\":1,\"value\":\"A-GPS; ГЛОНАСС; Galileo; QZSS\"},{\"id\":\"000000051\",\"index\":26,\"is_title\":false,\"type\":4,\"value\":\"000000034\"},{\"id\":\"000000052\",\"index\":27,\"is_title\":false,\"type\":1,\"value\":\"nano SIM\"},{\"id\":\"000000053\",\"index\":28,\"is_title\":true,\"type\":0,\"value\":\"\"},{\"id\":\"000000054\",\"index\":29,\"is_title\":false,\"type\":1,\"value\":\"Li-polymer\"},{\"id\":\"000000055\",\"index\":30,\"is_title\":false,\"type\":2,\"value\":5000},{\"id\":\"000000056\",\"index\":31,\"is_title\":false,\"type\":4,\"value\":\"000000043\"},{\"id\":\"000000057\",\"index\":32,\"is_title\":true,\"type\":0,\"value\":\"\"},{\"id\":\"000000058\",\"index\":33,\"is_title\":false,\"type\":2,\"value\":12},{\"id\":\"000000059\",\"index\":34,\"is_title\":false,\"type\":2,\"value\":12},{\"id\":\"000000060\",\"index\":35,\"is_title\":false,\"type\":1,\"value\":\"автоматическая фокусировка\"},{\"id\":\"000000061\",\"index\":36,\"is_title\":false,\"type\":1,\"value\":\"AAC; AMR; APE; FLAC; M4V; MKV; MP3; MP4; WAV; XviD\"},{\"id\":\"000000062\",\"index\":37,\"is_title\":false,\"type\":3,\"value\":true},{\"id\":\"000000063\",\"index\":38,\"is_title\":false,\"type\":1,\"value\":\"автоматическая фокусировка; вспышка\"},{\"id\":\"000000064\",\"index\":39,\"is_title\":true,\"type\":0,\"value\":\"\"},{\"id\":\"000000065\",\"index\":40,\"is_title\":false,\"type\":1,\"value\":\"документация; чехол; USB-кабель; адаптер; гарантийный талон\"},{\"id\":\"000000066\",\"index\":41,\"is_title\":false,\"type\":1,\"value\":\"IP67\"},{\"id\":\"000000067\",\"index\":42,\"is_title\":false,\"type\":1,\"value\":\"Не требует специальных условий\"},{\"id\":\"000000068\",\"index\":43,\"is_title\":false,\"type\":3,\"value\":true},{\"id\":\"000000069\",\"index\":44,\"is_title\":true,\"type\":0,\"value\":\"\"},{\"id\":\"000000005\",\"index\":45,\"is_title\":false,\"type\":2,\"value\":75.7},{\"id\":\"000000006\",\"index\":46,\"is_title\":false,\"type\":2,\"value\":8.3},{\"id\":\"000000007\",\"index\":47,\"is_title\":false,\"type\":2,\"value\":159},{\"id\":\"000000008\",\"index\":48,\"is_title\":false,\"type\":2,\"value\":194}]', '000012', NULL, NULL),
('000000000027', '00004', '000000006', 'Смартфон Samsung Galaxy S21 256Gb (серый)', 'Новый флагман получил впечатляющий, запоминающийся дизайн, камеру профессионального уровня, подходящую и для новичков, и для фотографов со стажем, а также самый производительный процессор в истории Galaxy. Каждое устройство в серии предлагает эффективность и возможности для связи, которые может обеспечить только Samsung.', '18592983', '', '[{\"id\":\"000000017\",\"index\":1,\"is_title\":true,\"type\":0,\"value\":\"\"},{\"id\":\"000000014\",\"index\":2,\"is_title\":false,\"type\":4,\"value\":\"000000011\"},{\"id\":\"000000003\",\"index\":3,\"is_title\":false,\"type\":6,\"value\":\"000012\"},{\"id\":\"000000004\",\"index\":5,\"is_title\":false,\"type\":7,\"value\":\"000000015\"},{\"id\":\"000000001\",\"index\":6,\"is_title\":false,\"type\":8,\"value\":\"704\"},{\"id\":\"000000027\",\"index\":7,\"is_title\":false,\"type\":2,\"value\":12},{\"id\":\"000000028\",\"index\":8,\"is_title\":false,\"type\":1,\"value\":\"беспроводная зарядка; быстрая зарядка\"},{\"id\":\"000000032\",\"index\":9,\"is_title\":true,\"type\":0,\"value\":\"\"},{\"id\":\"000000029\",\"index\":10,\"is_title\":false,\"type\":2,\"value\":6.2},{\"id\":\"000000036\",\"index\":11,\"is_title\":false,\"type\":4,\"value\":\"000000039\"},{\"id\":\"000000037\",\"index\":12,\"is_title\":false,\"type\":4,\"value\":\"000000017\"},{\"id\":\"000000038\",\"index\":13,\"is_title\":false,\"type\":3,\"value\":true},{\"id\":\"000000039\",\"index\":14,\"is_title\":true,\"type\":0,\"value\":\"\"},{\"id\":\"000000040\",\"index\":15,\"is_title\":false,\"type\":4,\"value\":\"000000045\"},{\"id\":\"000000041\",\"index\":16,\"is_title\":false,\"type\":4,\"value\":\"000000023\"},{\"id\":\"000000042\",\"index\":17,\"is_title\":false,\"type\":4,\"value\":\"000000027\"},{\"id\":\"000000043\",\"index\":18,\"is_title\":false,\"type\":1,\"value\":\"Snapdragon 720G\"},{\"id\":\"000000044\",\"index\":19,\"is_title\":false,\"type\":2,\"value\":8},{\"id\":\"000000045\",\"index\":20,\"is_title\":false,\"type\":2,\"value\":1700},{\"id\":\"000000046\",\"index\":21,\"is_title\":false,\"type\":4,\"value\":\"000000029\"},{\"id\":\"000000047\",\"index\":22,\"is_title\":true,\"type\":0,\"value\":\"\"},{\"id\":\"000000048\",\"index\":23,\"is_title\":false,\"type\":1,\"value\":\"Blueooth 5.0\"},{\"id\":\"000000049\",\"index\":24,\"is_title\":false,\"type\":1,\"value\":\"3G; 4G; Wi-Fi; LTE-A\"},{\"id\":\"000000050\",\"index\":25,\"is_title\":false,\"type\":1,\"value\":\"A-GPS; ГЛОНАСС; Galileo; QZSS\"},{\"id\":\"000000051\",\"index\":26,\"is_title\":false,\"type\":4,\"value\":\"000000034\"},{\"id\":\"000000052\",\"index\":27,\"is_title\":false,\"type\":1,\"value\":\"nano SIM\"},{\"id\":\"000000053\",\"index\":28,\"is_title\":true,\"type\":0,\"value\":\"\"},{\"id\":\"000000054\",\"index\":29,\"is_title\":false,\"type\":1,\"value\":\"Li-polymer\"},{\"id\":\"000000055\",\"index\":30,\"is_title\":false,\"type\":2,\"value\":5000},{\"id\":\"000000056\",\"index\":31,\"is_title\":false,\"type\":4,\"value\":\"000000043\"},{\"id\":\"000000057\",\"index\":32,\"is_title\":true,\"type\":0,\"value\":\"\"},{\"id\":\"000000058\",\"index\":33,\"is_title\":false,\"type\":2,\"value\":12},{\"id\":\"000000059\",\"index\":34,\"is_title\":false,\"type\":2,\"value\":12},{\"id\":\"000000060\",\"index\":35,\"is_title\":false,\"type\":1,\"value\":\"автоматическая фокусировка\"},{\"id\":\"000000061\",\"index\":36,\"is_title\":false,\"type\":1,\"value\":\"AAC; AMR; APE; FLAC; M4V; MKV; MP3; MP4; WAV; XviD\"},{\"id\":\"000000062\",\"index\":37,\"is_title\":false,\"type\":3,\"value\":true},{\"id\":\"000000063\",\"index\":38,\"is_title\":false,\"type\":1,\"value\":\"автоматическая фокусировка; вспышка\"},{\"id\":\"000000064\",\"index\":39,\"is_title\":true,\"type\":0,\"value\":\"\"},{\"id\":\"000000065\",\"index\":40,\"is_title\":false,\"type\":1,\"value\":\"документация; чехол; USB-кабель; адаптер; гарантийный талон\"},{\"id\":\"000000066\",\"index\":41,\"is_title\":false,\"type\":1,\"value\":\"IP67\"},{\"id\":\"000000067\",\"index\":42,\"is_title\":false,\"type\":1,\"value\":\"Не требует специальных условий\"},{\"id\":\"000000068\",\"index\":43,\"is_title\":false,\"type\":3,\"value\":true},{\"id\":\"000000069\",\"index\":44,\"is_title\":true,\"type\":0,\"value\":\"\"},{\"id\":\"000000005\",\"index\":45,\"is_title\":false,\"type\":2,\"value\":75.7},{\"id\":\"000000006\",\"index\":46,\"is_title\":false,\"type\":2,\"value\":8.3},{\"id\":\"000000007\",\"index\":47,\"is_title\":false,\"type\":2,\"value\":159},{\"id\":\"000000008\",\"index\":48,\"is_title\":false,\"type\":2,\"value\":194}]', '000012', NULL, NULL),
('000000000028', '00005', '000000006', 'Смартфон Nokia 5.4 DS 6/64Gb (фиолетовый)', 'Nokia 5.4 - смартфон с впечатляющими возможностями. 4-сенсорная камера 48 МП и видеоредактор с улучшенными настройками и кинематографическими эффектами для съемки видеороликов с хорошей детализацией. Вы будете успевать всё задуманное, благодаря оптимизированному процессору Qualcomm Snapdragon 662 и батарее, которая держит заряд до двух дней! Смартфон не потеряет актуальности со временем - получит обновление до Android 11 и выше. Работайте и отдыхайте вместе со своим смартфоном.', '18876911', '', '[{\"id\":\"000000017\",\"index\":1,\"is_title\":true,\"type\":0,\"value\":\"\"},{\"id\":\"000000014\",\"index\":2,\"is_title\":false,\"type\":4,\"value\":\"000000011\"},{\"id\":\"000000003\",\"index\":3,\"is_title\":false,\"type\":6,\"value\":\"000009\"},{\"id\":\"000000025\",\"index\":4,\"is_title\":false,\"type\":4,\"value\":\"000000015\"},{\"id\":\"000000004\",\"index\":5,\"is_title\":false,\"type\":7,\"value\":\"000000005\"},{\"id\":\"000000001\",\"index\":6,\"is_title\":false,\"type\":8,\"value\":\"156\"},{\"id\":\"000000027\",\"index\":7,\"is_title\":false,\"type\":2,\"value\":1},{\"id\":\"000000028\",\"index\":8,\"is_title\":false,\"type\":1,\"value\":\"будильник; фонарик; FM-приёмник\"},{\"id\":\"000000032\",\"index\":9,\"is_title\":true,\"type\":0,\"value\":\"\"},{\"id\":\"000000029\",\"index\":10,\"is_title\":false,\"type\":2,\"value\":6.39},{\"id\":\"000000036\",\"index\":11,\"is_title\":false,\"type\":4,\"value\":\"000000051\"},{\"id\":\"000000037\",\"index\":12,\"is_title\":false,\"type\":4,\"value\":\"000000048\"},{\"id\":\"000000038\",\"index\":13,\"is_title\":false,\"type\":3,\"value\":false},{\"id\":\"000000039\",\"index\":14,\"is_title\":true,\"type\":0,\"value\":\"\"},{\"id\":\"000000040\",\"index\":15,\"is_title\":false,\"type\":4,\"value\":\"000000021\"},{\"id\":\"000000041\",\"index\":16,\"is_title\":false,\"type\":4,\"value\":\"000000025\"},{\"id\":\"000000042\",\"index\":17,\"is_title\":false,\"type\":4,\"value\":\"000000026\"},{\"id\":\"000000044\",\"index\":19,\"is_title\":false,\"type\":2,\"value\":8},{\"id\":\"000000045\",\"index\":20,\"is_title\":false,\"type\":2,\"value\":2000},{\"id\":\"000000046\",\"index\":21,\"is_title\":false,\"type\":4,\"value\":\"000000028\"},{\"id\":\"000000047\",\"index\":22,\"is_title\":true,\"type\":0,\"value\":\"\"},{\"id\":\"000000048\",\"index\":23,\"is_title\":false,\"type\":1,\"value\":\"Bluetooth 4.2; NFC\"},{\"id\":\"000000051\",\"index\":26,\"is_title\":false,\"type\":4,\"value\":\"000000035\"},{\"id\":\"000000053\",\"index\":28,\"is_title\":true,\"type\":0,\"value\":\"\"},{\"id\":\"000000055\",\"index\":30,\"is_title\":false,\"type\":2,\"value\":4000},{\"id\":\"000000056\",\"index\":31,\"is_title\":false,\"type\":4,\"value\":\"000000036\"},{\"id\":\"000000057\",\"index\":32,\"is_title\":true,\"type\":0,\"value\":\"\"},{\"id\":\"000000058\",\"index\":33,\"is_title\":false,\"type\":2,\"value\":48},{\"id\":\"000000059\",\"index\":34,\"is_title\":false,\"type\":2,\"value\":2},{\"id\":\"000000064\",\"index\":39,\"is_title\":true,\"type\":0,\"value\":\"\"},{\"id\":\"000000065\",\"index\":40,\"is_title\":false,\"type\":1,\"value\":\"смартфон; Кабель USB Type-C; Скрепка для извлечения SIM-карты; Инструкция пользователя; зарядное уст\"},{\"id\":\"000000068\",\"index\":43,\"is_title\":false,\"type\":3,\"value\":true},{\"id\":\"000000069\",\"index\":44,\"is_title\":true,\"type\":0,\"value\":\"\"},{\"id\":\"000000005\",\"index\":45,\"is_title\":false,\"type\":2,\"value\":11.9},{\"id\":\"000000006\",\"index\":46,\"is_title\":false,\"type\":2,\"value\":4.92},{\"id\":\"000000007\",\"index\":47,\"is_title\":false,\"type\":2,\"value\":12.5},{\"id\":\"000000008\",\"index\":48,\"is_title\":false,\"type\":2,\"value\":150}]', '000009', NULL, NULL),
('000000000029', '00005', '000000006', 'Смартфон Nokia 5.4 DS 6/64Gb (зеленый)', 'Nokia 5.4 - смартфон с впечатляющими возможностями. 4-сенсорная камера 48 МП и видеоредактор с улучшенными настройками и кинематографическими эффектами для съемки видеороликов с хорошей детализацией. Вы будете успевать всё задуманное, благодаря оптимизированному процессору Qualcomm Snapdragon 662 и батарее, которая держит заряд до двух дней! Смартфон не потеряет актуальности со временем - получит обновление до Android 11 и выше. Работайте и отдыхайте вместе со своим смартфоном.', '11702959', '', '[{\"id\":\"000000017\",\"index\":1,\"is_title\":true,\"type\":0,\"value\":\"\"},{\"id\":\"000000014\",\"index\":2,\"is_title\":false,\"type\":4,\"value\":\"000000011\"},{\"id\":\"000000003\",\"index\":3,\"is_title\":false,\"type\":6,\"value\":\"000009\"},{\"id\":\"000000025\",\"index\":4,\"is_title\":false,\"type\":4,\"value\":\"000000015\"},{\"id\":\"000000004\",\"index\":5,\"is_title\":false,\"type\":7,\"value\":\"000000016\"},{\"id\":\"000000001\",\"index\":6,\"is_title\":false,\"type\":8,\"value\":\"156\"},{\"id\":\"000000027\",\"index\":7,\"is_title\":false,\"type\":2,\"value\":1},{\"id\":\"000000028\",\"index\":8,\"is_title\":false,\"type\":1,\"value\":\"будильник; фонарик; FM-приёмник\"},{\"id\":\"000000032\",\"index\":9,\"is_title\":true,\"type\":0,\"value\":\"\"},{\"id\":\"000000029\",\"index\":10,\"is_title\":false,\"type\":2,\"value\":6.39},{\"id\":\"000000036\",\"index\":11,\"is_title\":false,\"type\":4,\"value\":\"000000051\"},{\"id\":\"000000037\",\"index\":12,\"is_title\":false,\"type\":4,\"value\":\"000000048\"},{\"id\":\"000000038\",\"index\":13,\"is_title\":false,\"type\":3,\"value\":false},{\"id\":\"000000039\",\"index\":14,\"is_title\":true,\"type\":0,\"value\":\"\"},{\"id\":\"000000040\",\"index\":15,\"is_title\":false,\"type\":4,\"value\":\"000000021\"},{\"id\":\"000000041\",\"index\":16,\"is_title\":false,\"type\":4,\"value\":\"000000025\"},{\"id\":\"000000042\",\"index\":17,\"is_title\":false,\"type\":4,\"value\":\"000000026\"},{\"id\":\"000000044\",\"index\":19,\"is_title\":false,\"type\":2,\"value\":8},{\"id\":\"000000045\",\"index\":20,\"is_title\":false,\"type\":2,\"value\":2000},{\"id\":\"000000046\",\"index\":21,\"is_title\":false,\"type\":4,\"value\":\"000000028\"},{\"id\":\"000000047\",\"index\":22,\"is_title\":true,\"type\":0,\"value\":\"\"},{\"id\":\"000000048\",\"index\":23,\"is_title\":false,\"type\":1,\"value\":\"Bluetooth 4.2; NFC\"},{\"id\":\"000000049\",\"index\":24,\"is_title\":false,\"type\":1,\"value\":\"GSM 900; GSM 1800\"},{\"id\":\"000000051\",\"index\":26,\"is_title\":false,\"type\":4,\"value\":\"000000035\"},{\"id\":\"000000053\",\"index\":28,\"is_title\":true,\"type\":0,\"value\":\"\"},{\"id\":\"000000055\",\"index\":30,\"is_title\":false,\"type\":2,\"value\":4000},{\"id\":\"000000056\",\"index\":31,\"is_title\":false,\"type\":4,\"value\":\"000000036\"},{\"id\":\"000000057\",\"index\":32,\"is_title\":true,\"type\":0,\"value\":\"\"},{\"id\":\"000000058\",\"index\":33,\"is_title\":false,\"type\":2,\"value\":48},{\"id\":\"000000059\",\"index\":34,\"is_title\":false,\"type\":2,\"value\":2},{\"id\":\"000000064\",\"index\":39,\"is_title\":true,\"type\":0,\"value\":\"\"},{\"id\":\"000000065\",\"index\":40,\"is_title\":false,\"type\":1,\"value\":\"смартфон; Кабель USB Type-C; Скрепка для извлечения SIM-карты; Инструкция пользователя; зарядное уст\"},{\"id\":\"000000068\",\"index\":43,\"is_title\":false,\"type\":3,\"value\":true},{\"id\":\"000000069\",\"index\":44,\"is_title\":true,\"type\":0,\"value\":\"\"},{\"id\":\"000000005\",\"index\":45,\"is_title\":false,\"type\":2,\"value\":11.9},{\"id\":\"000000006\",\"index\":46,\"is_title\":false,\"type\":2,\"value\":4.92},{\"id\":\"000000007\",\"index\":47,\"is_title\":false,\"type\":2,\"value\":12.5},{\"id\":\"000000008\",\"index\":48,\"is_title\":false,\"type\":2,\"value\":150}]', '000009', NULL, NULL),
('000000000030', '00002', '000000006', 'Смартфон iPhone 12 Pro 128GB (Шелковый оттенок)', '14.jpg', '15875675', '', '[{\"id\":\"000000017\",\"index\":1,\"is_title\":true,\"type\":0,\"value\":\"\"},{\"id\":\"000000014\",\"index\":2,\"is_title\":false,\"type\":4,\"value\":\"000000044\"},{\"id\":\"000000003\",\"index\":3,\"is_title\":false,\"type\":6,\"value\":\"000011\"},{\"id\":\"000000004\",\"index\":5,\"is_title\":false,\"type\":7,\"value\":\"000000009\"},{\"id\":\"000000001\",\"index\":6,\"is_title\":false,\"type\":8,\"value\":\"156\"},{\"id\":\"000000027\",\"index\":7,\"is_title\":false,\"type\":2,\"value\":12},{\"id\":\"000000028\",\"index\":8,\"is_title\":false,\"type\":1,\"value\":\"укрепленный корпус\"},{\"id\":\"000000032\",\"index\":9,\"is_title\":true,\"type\":0,\"value\":\"\"},{\"id\":\"000000029\",\"index\":10,\"is_title\":false,\"type\":2,\"value\":6.1},{\"id\":\"000000036\",\"index\":11,\"is_title\":false,\"type\":4,\"value\":\"000000046\"},{\"id\":\"000000037\",\"index\":12,\"is_title\":false,\"type\":4,\"value\":\"000000017\"},{\"id\":\"000000038\",\"index\":13,\"is_title\":false,\"type\":3,\"value\":true},{\"id\":\"000000039\",\"index\":14,\"is_title\":true,\"type\":0,\"value\":\"\"},{\"id\":\"000000040\",\"index\":15,\"is_title\":false,\"type\":4,\"value\":\"000000022\"},{\"id\":\"000000041\",\"index\":16,\"is_title\":false,\"type\":4,\"value\":\"000000023\"},{\"id\":\"000000042\",\"index\":17,\"is_title\":false,\"type\":4,\"value\":\"000000027\"},{\"id\":\"000000043\",\"index\":18,\"is_title\":false,\"type\":1,\"value\":\"Apple A14 Bionic\"},{\"id\":\"000000044\",\"index\":19,\"is_title\":false,\"type\":2,\"value\":6},{\"id\":\"000000045\",\"index\":20,\"is_title\":false,\"type\":2,\"value\":1700},{\"id\":\"000000046\",\"index\":21,\"is_title\":false,\"type\":4,\"value\":\"000000029\"},{\"id\":\"000000047\",\"index\":22,\"is_title\":true,\"type\":0,\"value\":\"\"},{\"id\":\"000000048\",\"index\":23,\"is_title\":false,\"type\":1,\"value\":\"NFC; Bluetooth 5.0; Wi-Fi 802.11ax\"},{\"id\":\"000000049\",\"index\":24,\"is_title\":false,\"type\":1,\"value\":\"3G; 4G; 2G; 5G\"},{\"id\":\"000000050\",\"index\":25,\"is_title\":false,\"type\":1,\"value\":\"ГЛОНАСС\"},{\"id\":\"000000051\",\"index\":26,\"is_title\":false,\"type\":4,\"value\":\"000000035\"},{\"id\":\"000000052\",\"index\":27,\"is_title\":false,\"type\":1,\"value\":\"nano SIM\"},{\"id\":\"000000053\",\"index\":28,\"is_title\":true,\"type\":0,\"value\":\"\"},{\"id\":\"000000054\",\"index\":29,\"is_title\":false,\"type\":1,\"value\":\"Li-polymer\"},{\"id\":\"000000055\",\"index\":30,\"is_title\":false,\"type\":2,\"value\":4810},{\"id\":\"000000056\",\"index\":31,\"is_title\":false,\"type\":4,\"value\":\"000000043\"},{\"id\":\"000000057\",\"index\":32,\"is_title\":true,\"type\":0,\"value\":\"\"},{\"id\":\"000000058\",\"index\":33,\"is_title\":false,\"type\":2,\"value\":12},{\"id\":\"000000059\",\"index\":34,\"is_title\":false,\"type\":2,\"value\":12},{\"id\":\"000000060\",\"index\":35,\"is_title\":false,\"type\":1,\"value\":\"автоматическая фокусировка\"},{\"id\":\"000000061\",\"index\":36,\"is_title\":false,\"type\":1,\"value\":\"AAC; AMR; APE; FLAC; M4V; MKV; MP3; MP4; WAV; XviD\"},{\"id\":\"000000062\",\"index\":37,\"is_title\":false,\"type\":3,\"value\":true},{\"id\":\"000000063\",\"index\":38,\"is_title\":false,\"type\":1,\"value\":\"автоматическая фокусировка; вспышка\"},{\"id\":\"000000064\",\"index\":39,\"is_title\":true,\"type\":0,\"value\":\"\"},{\"id\":\"000000065\",\"index\":40,\"is_title\":false,\"type\":1,\"value\":\"документация; чехол; USB-кабель; адаптер; гарантийный талон\"},{\"id\":\"000000066\",\"index\":41,\"is_title\":false,\"type\":1,\"value\":\"IP67\"},{\"id\":\"000000067\",\"index\":42,\"is_title\":false,\"type\":1,\"value\":\"Не требует специальных условий\"},{\"id\":\"000000068\",\"index\":43,\"is_title\":false,\"type\":3,\"value\":true},{\"id\":\"000000069\",\"index\":44,\"is_title\":true,\"type\":0,\"value\":\"\"},{\"id\":\"000000005\",\"index\":45,\"is_title\":false,\"type\":2,\"value\":75.7},{\"id\":\"000000006\",\"index\":46,\"is_title\":false,\"type\":2,\"value\":8.3},{\"id\":\"000000007\",\"index\":47,\"is_title\":false,\"type\":2,\"value\":159},{\"id\":\"000000008\",\"index\":48,\"is_title\":false,\"type\":2,\"value\":194}]', '000011', NULL, NULL);
INSERT INTO `product` (`id`, `provider_id`, `category_id`, `title`, `description`, `vendor_code`, `param_value_list`, `param_variable_list`, `brand_id`, `color`, `size`) VALUES
('000000000031', '00005', '000000006', 'Смартфон Xiaomi Redmi Redmi 9T 4/64 Gb (кирпичный)', 'Смартфон Xiaomi Redmi 9T оснащен камерой из 4 модулей 48+8+2+2, позволяющей делать снимки с высокой детализацией, отличные панорамные снимки, портреты с эффектом боке и осуществлять макросъёмку. Мощный 8-ядерный процессор обеспечит высокую производительность даже в самых требовательных играх. На дисплее 6.53 дюйма с пониженным излучением в синем спектре комфортно выполнять любые привычные задачи даже при длительном использовании. Два динамика создадут эффект полного погружения при просмотре фильма или игре. Сканер отпечатков пальцев, встроенный в кнопке питания, надежно защитит ваши данные. Емкого аккумулятора на 6000 мАч хватит на 17 часов просмотра видео, 56 часов разговора и на 195 часов прослушивания музыки.', '21379342', '', '[{\"id\":\"000000017\",\"index\":1,\"is_title\":true,\"type\":0,\"value\":\"\"},{\"id\":\"000000014\",\"index\":2,\"is_title\":false,\"type\":4,\"value\":\"000000011\"},{\"id\":\"000000003\",\"index\":3,\"is_title\":false,\"type\":6,\"value\":\"000010\"},{\"id\":\"000000025\",\"index\":4,\"is_title\":false,\"type\":4,\"value\":\"000000015\"},{\"id\":\"000000004\",\"index\":5,\"is_title\":false,\"type\":7,\"value\":\"000000008\"},{\"id\":\"000000001\",\"index\":6,\"is_title\":false,\"type\":8,\"value\":\"156\"},{\"id\":\"000000027\",\"index\":7,\"is_title\":false,\"type\":2,\"value\":12},{\"id\":\"000000028\",\"index\":8,\"is_title\":false,\"type\":1,\"value\":\"сканер отпечатка пальца; быстрая зарядка; технология распознавания лица\"},{\"id\":\"000000032\",\"index\":9,\"is_title\":true,\"type\":0,\"value\":\"\"},{\"id\":\"000000029\",\"index\":10,\"is_title\":false,\"type\":2,\"value\":6.5},{\"id\":\"000000036\",\"index\":11,\"is_title\":false,\"type\":4,\"value\":\"000000039\"},{\"id\":\"000000037\",\"index\":12,\"is_title\":false,\"type\":4,\"value\":\"000000048\"},{\"id\":\"000000038\",\"index\":13,\"is_title\":false,\"type\":3,\"value\":true},{\"id\":\"000000039\",\"index\":14,\"is_title\":true,\"type\":0,\"value\":\"\"},{\"id\":\"000000040\",\"index\":15,\"is_title\":false,\"type\":4,\"value\":\"000000019\"},{\"id\":\"000000041\",\"index\":16,\"is_title\":false,\"type\":4,\"value\":\"000000023\"},{\"id\":\"000000042\",\"index\":17,\"is_title\":false,\"type\":4,\"value\":\"000000026\"},{\"id\":\"000000043\",\"index\":18,\"is_title\":false,\"type\":1,\"value\":\"MediaTek Helio G35\"},{\"id\":\"000000044\",\"index\":19,\"is_title\":false,\"type\":2,\"value\":8},{\"id\":\"000000045\",\"index\":20,\"is_title\":false,\"type\":2,\"value\":2000},{\"id\":\"000000046\",\"index\":21,\"is_title\":false,\"type\":4,\"value\":\"000000028\"},{\"id\":\"000000047\",\"index\":22,\"is_title\":true,\"type\":0,\"value\":\"\"},{\"id\":\"000000048\",\"index\":23,\"is_title\":false,\"type\":1,\"value\":\"Wi-Fi; Bluetooth 5.1; IRDA;  USB;  NFC\"},{\"id\":\"000000049\",\"index\":24,\"is_title\":false,\"type\":1,\"value\":\"GSM 900/1800/1900; 3G; 4G; LTE; VoLTE\"},{\"id\":\"000000050\",\"index\":25,\"is_title\":false,\"type\":1,\"value\":\"Galileo\"},{\"id\":\"000000051\",\"index\":26,\"is_title\":false,\"type\":4,\"value\":\"000000035\"},{\"id\":\"000000052\",\"index\":27,\"is_title\":false,\"type\":1,\"value\":\"nano SIM\"},{\"id\":\"000000053\",\"index\":28,\"is_title\":true,\"type\":0,\"value\":\"\"},{\"id\":\"000000054\",\"index\":29,\"is_title\":false,\"type\":1,\"value\":\"Li-polymer\"},{\"id\":\"000000055\",\"index\":30,\"is_title\":false,\"type\":2,\"value\":4500},{\"id\":\"000000056\",\"index\":31,\"is_title\":false,\"type\":4,\"value\":\"000000037\"},{\"id\":\"000000057\",\"index\":32,\"is_title\":true,\"type\":0,\"value\":\"\"},{\"id\":\"000000058\",\"index\":33,\"is_title\":false,\"type\":2,\"value\":48},{\"id\":\"000000059\",\"index\":34,\"is_title\":false,\"type\":2,\"value\":2},{\"id\":\"000000060\",\"index\":35,\"is_title\":false,\"type\":1,\"value\":\"макро-объектив; автоматическая фокусировка; цифровой зум\"},{\"id\":\"000000061\",\"index\":36,\"is_title\":false,\"type\":1,\"value\":\"Full HD 1080p; AAC; AMR; APE; FLAC; M4V; MKV; MP3; MP4; WAV; XviD; AVI; WMA; WAVE, FLAC; BMP; GIF; J\"},{\"id\":\"000000062\",\"index\":37,\"is_title\":false,\"type\":3,\"value\":true},{\"id\":\"000000063\",\"index\":38,\"is_title\":false,\"type\":1,\"value\":\"автоматическая фокусировка; ночная  съемка\"},{\"id\":\"000000064\",\"index\":39,\"is_title\":true,\"type\":0,\"value\":\"\"},{\"id\":\"000000065\",\"index\":40,\"is_title\":false,\"type\":1,\"value\":\"зарядное устройство; смартфон; документация; чехол; USB-кабель; адаптер; гарантийный талон\"},{\"id\":\"000000066\",\"index\":41,\"is_title\":false,\"type\":1,\"value\":\"IP67\"},{\"id\":\"000000067\",\"index\":42,\"is_title\":false,\"type\":1,\"value\":\"Хрупкое\"},{\"id\":\"000000068\",\"index\":43,\"is_title\":false,\"type\":3,\"value\":true},{\"id\":\"000000069\",\"index\":44,\"is_title\":true,\"type\":0,\"value\":\"\"},{\"id\":\"000000005\",\"index\":45,\"is_title\":false,\"type\":2,\"value\":75.7},{\"id\":\"000000006\",\"index\":46,\"is_title\":false,\"type\":2,\"value\":8.3},{\"id\":\"000000007\",\"index\":47,\"is_title\":false,\"type\":2,\"value\":150.9},{\"id\":\"000000008\",\"index\":48,\"is_title\":false,\"type\":2,\"value\":194}]', '000010', NULL, NULL),
('000000000032', '00005', '000000006', 'Смартфон Xiaomi Redmi Redmi 9T 4/128 Gb (кирпичный)', 'Смартфон Xiaomi Redmi 9T оснащен камерой из 4 модулей 48+8+2+2, позволяющей делать снимки с высокой детализацией, отличные панорамные снимки, портреты с эффектом боке и осуществлять макросъёмку. Мощный 8-ядерный процессор обеспечит высокую производительность даже в самых требовательных играх. На дисплее 6.53 дюйма с пониженным излучением в синем спектре комфортно выполнять любые привычные задачи даже при длительном использовании. Два динамика создадут эффект полного погружения при просмотре фильма или игре. Сканер отпечатков пальцев, встроенный в кнопке питания, надежно защитит ваши данные. Емкого аккумулятора на 6000 мАч хватит на 17 часов просмотра видео, 56 часов разговора и на 195 часов прослушивания музыки.', '21379343', '', '[{\"id\":\"000000017\",\"index\":1,\"is_title\":true,\"type\":0,\"value\":\"\"},{\"id\":\"000000014\",\"index\":2,\"is_title\":false,\"type\":4,\"value\":\"000000011\"},{\"id\":\"000000003\",\"index\":3,\"is_title\":false,\"type\":6,\"value\":\"000010\"},{\"id\":\"000000025\",\"index\":4,\"is_title\":false,\"type\":4,\"value\":\"000000015\"},{\"id\":\"000000004\",\"index\":5,\"is_title\":false,\"type\":7,\"value\":\"000000008\"},{\"id\":\"000000001\",\"index\":6,\"is_title\":false,\"type\":8,\"value\":\"156\"},{\"id\":\"000000027\",\"index\":7,\"is_title\":false,\"type\":2,\"value\":12},{\"id\":\"000000028\",\"index\":8,\"is_title\":false,\"type\":1,\"value\":\"сканер отпечатка пальца; быстрая зарядка; технология распознавания лица\"},{\"id\":\"000000032\",\"index\":9,\"is_title\":true,\"type\":0,\"value\":\"\"},{\"id\":\"000000029\",\"index\":10,\"is_title\":false,\"type\":2,\"value\":6.1},{\"id\":\"000000036\",\"index\":11,\"is_title\":false,\"type\":4,\"value\":\"000000039\"},{\"id\":\"000000037\",\"index\":12,\"is_title\":false,\"type\":4,\"value\":\"000000048\"},{\"id\":\"000000038\",\"index\":13,\"is_title\":false,\"type\":3,\"value\":true},{\"id\":\"000000039\",\"index\":14,\"is_title\":true,\"type\":0,\"value\":\"\"},{\"id\":\"000000040\",\"index\":15,\"is_title\":false,\"type\":4,\"value\":\"000000022\"},{\"id\":\"000000041\",\"index\":16,\"is_title\":false,\"type\":4,\"value\":\"000000023\"},{\"id\":\"000000042\",\"index\":17,\"is_title\":false,\"type\":4,\"value\":\"000000026\"},{\"id\":\"000000043\",\"index\":18,\"is_title\":false,\"type\":1,\"value\":\"MediaTek Helio G35\"},{\"id\":\"000000044\",\"index\":19,\"is_title\":false,\"type\":2,\"value\":8},{\"id\":\"000000045\",\"index\":20,\"is_title\":false,\"type\":2,\"value\":2000},{\"id\":\"000000046\",\"index\":21,\"is_title\":false,\"type\":4,\"value\":\"000000028\"},{\"id\":\"000000047\",\"index\":22,\"is_title\":true,\"type\":0,\"value\":\"\"},{\"id\":\"000000048\",\"index\":23,\"is_title\":false,\"type\":1,\"value\":\"Wi-Fi; Bluetooth 5.1; IRDA;  USB;  NFC\"},{\"id\":\"000000049\",\"index\":24,\"is_title\":false,\"type\":1,\"value\":\"GSM 900/1800/1900; 3G; 4G; LTE; VoLTE\"},{\"id\":\"000000050\",\"index\":25,\"is_title\":false,\"type\":1,\"value\":\"Galileo\"},{\"id\":\"000000051\",\"index\":26,\"is_title\":false,\"type\":4,\"value\":\"000000035\"},{\"id\":\"000000052\",\"index\":27,\"is_title\":false,\"type\":1,\"value\":\"nano SIM\"},{\"id\":\"000000053\",\"index\":28,\"is_title\":true,\"type\":0,\"value\":\"\"},{\"id\":\"000000054\",\"index\":29,\"is_title\":false,\"type\":1,\"value\":\"Li-polymer\"},{\"id\":\"000000055\",\"index\":30,\"is_title\":false,\"type\":2,\"value\":4500},{\"id\":\"000000056\",\"index\":31,\"is_title\":false,\"type\":4,\"value\":\"000000037\"},{\"id\":\"000000057\",\"index\":32,\"is_title\":true,\"type\":0,\"value\":\"\"},{\"id\":\"000000058\",\"index\":33,\"is_title\":false,\"type\":2,\"value\":48},{\"id\":\"000000059\",\"index\":34,\"is_title\":false,\"type\":2,\"value\":2},{\"id\":\"000000060\",\"index\":35,\"is_title\":false,\"type\":1,\"value\":\"макро-объектив; автоматическая фокусировка; цифровой зум\"},{\"id\":\"000000061\",\"index\":36,\"is_title\":false,\"type\":1,\"value\":\"Full HD 1080p; AAC; AMR; APE; FLAC; M4V; MKV; MP3; MP4; WAV; XviD; AVI; WMA; WAVE, FLAC; BMP; GIF; J\"},{\"id\":\"000000062\",\"index\":37,\"is_title\":false,\"type\":3,\"value\":true},{\"id\":\"000000063\",\"index\":38,\"is_title\":false,\"type\":1,\"value\":\"автоматическая фокусировка; ночная  съемка\"},{\"id\":\"000000064\",\"index\":39,\"is_title\":true,\"type\":0,\"value\":\"\"},{\"id\":\"000000065\",\"index\":40,\"is_title\":false,\"type\":1,\"value\":\"зарядное устройство; смартфон; документация; чехол; USB-кабель; адаптер; гарантийный талон\"},{\"id\":\"000000066\",\"index\":41,\"is_title\":false,\"type\":1,\"value\":\"IP67\"},{\"id\":\"000000067\",\"index\":42,\"is_title\":false,\"type\":1,\"value\":\"Хрупкое\"},{\"id\":\"000000068\",\"index\":43,\"is_title\":false,\"type\":3,\"value\":true},{\"id\":\"000000069\",\"index\":44,\"is_title\":true,\"type\":0,\"value\":\"\"},{\"id\":\"000000005\",\"index\":45,\"is_title\":false,\"type\":2,\"value\":75.7},{\"id\":\"000000006\",\"index\":46,\"is_title\":false,\"type\":2,\"value\":8.3},{\"id\":\"000000007\",\"index\":47,\"is_title\":false,\"type\":2,\"value\":150.9},{\"id\":\"000000008\",\"index\":48,\"is_title\":false,\"type\":2,\"value\":194}]', '000010', NULL, NULL),
('000000000036', '00006', '000000011', 'Горный (MTB) велосипед Dewolf Ridly 10', '', '158245871', '', '[{\"id\":\"000000070\",\"index\":1,\"is_title\":true,\"type\":0,\"value\":\"\"},{\"id\":\"000000001\",\"index\":2,\"is_title\":false,\"type\":8,\"value\":\"156\"}]', '000013', NULL, NULL);

-- --------------------------------------------------------

--
-- Table structure for table `product_characteristic`
--

DROP TABLE IF EXISTS `product_characteristic`;
CREATE TABLE `product_characteristic` (
  `product_id` varchar(20) CHARACTER SET utf8 COLLATE utf8_unicode_ci NOT NULL,
  `characteristic_id` varchar(20) CHARACTER SET utf8 COLLATE utf8_unicode_ci NOT NULL,
  `type` int NOT NULL,
  `sort_order` int NOT NULL DEFAULT '0',
  `value` varchar(20) CHARACTER SET utf8 COLLATE utf8_unicode_ci NOT NULL
) ENGINE=MyISAM DEFAULT CHARSET=utf8mb3 COLLATE=utf8_unicode_ci;

--
-- Dumping data for table `product_characteristic`
--

INSERT INTO `product_characteristic` (`product_id`, `characteristic_id`, `type`, `sort_order`, `value`) VALUES
('000000000018', '000000036-000000006', 4, 11, '000000041'),
('000000000018', '000000037-000000006', 4, 12, '000000042'),
('000000000018', '000000038-000000006', 3, 13, '1'),
('000000000018', '000000040-000000006', 4, 15, '000000022'),
('000000000018', '000000041-000000006', 4, 16, '000000025'),
('000000000018', '000000042-000000006', 4, 17, '000000027'),
('000000000018', '000000044-000000006', 2, 19, '6'),
('000000000018', '000000045-000000006', 2, 20, '1700'),
('000000000018', '000000046-000000006', 4, 21, '000000029'),
('000000000018', '000000051-000000006', 4, 26, '000000035'),
('000000000019', '000000001-000000006', 8, 6, '156'),
('000000000019', '000000027-000000006', 2, 7, '12'),
('000000000019', '000000029-000000006', 2, 10, '6.1'),
('000000000019', '000000036-000000006', 4, 11, '000000041'),
('000000000019', '000000037-000000006', 4, 12, '000000042'),
('000000000019', '000000038-000000006', 3, 13, '1'),
('000000000019', '000000040-000000006', 4, 15, '000000022'),
('000000000019', '000000041-000000006', 4, 16, '000000025'),
('000000000019', '000000042-000000006', 4, 17, '000000027'),
('000000000020', '000000001-000000006', 8, 6, '156'),
('000000000020', '000000027-000000006', 2, 7, '12'),
('000000000020', '000000029-000000006', 2, 10, '6.1'),
('000000000020', '000000036-000000006', 4, 11, '000000046'),
('000000000020', '000000037-000000006', 4, 12, '000000017'),
('000000000020', '000000038-000000006', 3, 13, '1'),
('000000000020', '000000040-000000006', 4, 15, '000000045'),
('000000000020', '000000041-000000006', 4, 16, '000000025'),
('000000000020', '000000042-000000006', 4, 17, '000000027'),
('000000000021', '000000001-000000006', 8, 6, '156'),
('000000000021', '000000027-000000006', 2, 7, '12'),
('000000000021', '000000029-000000006', 2, 10, '6.1'),
('000000000021', '000000036-000000006', 4, 11, '000000046'),
('000000000021', '000000037-000000006', 4, 12, '000000017'),
('000000000021', '000000038-000000006', 3, 13, '1'),
('000000000021', '000000040-000000006', 4, 15, '000000021'),
('000000000021', '000000041-000000006', 4, 16, '000000025'),
('000000000021', '000000042-000000006', 4, 17, '000000027'),
('000000000030', '000000008-000000006', 2, 48, '194'),
('000000000030', '000000055-000000006', 2, 30, '4810'),
('000000000030', '000000051-000000006', 4, 26, '000000035'),
('000000000030', '000000046-000000006', 4, 21, '000000029'),
('000000000030', '000000045-000000006', 2, 20, '1700'),
('000000000030', '000000044-000000006', 2, 19, '6'),
('000000000030', '000000042-000000006', 4, 17, '000000027'),
('000000000030', '000000041-000000006', 4, 16, '000000023'),
('000000000030', '000000040-000000006', 4, 15, '000000022'),
('000000000001', '000000007-000000006', 2, 47, '0.01'),
('000000000024', '000000042-000000006', 4, 17, '000000027'),
('000000000024', '000000041-000000006', 4, 16, '000000025'),
('000000000024', '000000040-000000006', 4, 15, '000000022'),
('000000000024', '000000038-000000006', 3, 13, '1'),
('000000000024', '000000037-000000006', 4, 12, '000000042'),
('000000000024', '000000036-000000006', 4, 11, '000000041'),
('000000000024', '000000029-000000006', 2, 10, '6.7'),
('000000000024', '000000027-000000006', 2, 7, '12'),
('000000000024', '000000001-000000006', 8, 6, '704'),
('000000000024', '000000004-000000006', 7, 5, '000000001'),
('000000000024', '000000003-000000006', 6, 3, '000012'),
('000000000025', '000000008-000000006', 2, 48, '194'),
('000000000025', '000000055-000000006', 2, 30, '5000'),
('000000000025', '000000051-000000006', 4, 26, '000000035'),
('000000000025', '000000046-000000006', 4, 21, '000000029'),
('000000000025', '000000045-000000006', 2, 20, '1700'),
('000000000025', '000000044-000000006', 2, 19, '8'),
('000000000025', '000000042-000000006', 4, 17, '000000027'),
('000000000025', '000000041-000000006', 4, 16, '000000025'),
('000000000025', '000000040-000000006', 4, 15, '000000022'),
('000000000026', '000000008-000000006', 2, 48, '194'),
('000000000026', '000000055-000000006', 2, 30, '5000'),
('000000000026', '000000051-000000006', 4, 26, '000000034'),
('000000000026', '000000046-000000006', 4, 21, '000000029'),
('000000000026', '000000045-000000006', 2, 20, '1700'),
('000000000026', '000000044-000000006', 2, 19, '8'),
('000000000026', '000000042-000000006', 4, 17, '000000027'),
('000000000026', '000000041-000000006', 4, 16, '000000023'),
('000000000026', '000000040-000000006', 4, 15, '000000045'),
('000000000027', '000000027-000000006', 2, 7, '12'),
('000000000027', '000000029-000000006', 2, 10, '6.2'),
('000000000027', '000000036-000000006', 4, 11, '000000039'),
('000000000027', '000000037-000000006', 4, 12, '000000017'),
('000000000027', '000000038-000000006', 3, 13, '1'),
('000000000027', '000000040-000000006', 4, 15, '000000045'),
('000000000027', '000000041-000000006', 4, 16, '000000023'),
('000000000027', '000000042-000000006', 4, 17, '000000027'),
('000000000027', '000000044-000000006', 2, 19, '8'),
('000000000011', '000000007-000000006', 2, 47, '0.11'),
('000000000011', '000000014-000000006', 4, 2, '000000011'),
('000000000011', '000000003-000000006', 6, 3, '000009'),
('000000000011', '000000004-000000006', 7, 5, '000000001'),
('000000000011', '000000001-000000006', 8, 6, '156'),
('000000000012', '000000025-000000006', 4, 4, '000000015'),
('000000000012', '000000004-000000006', 7, 5, '000000007'),
('000000000012', '000000001-000000006', 8, 6, '156'),
('000000000012', '000000027-000000006', 2, 7, '12'),
('000000000012', '000000029-000000006', 2, 10, '6.5'),
('000000000012', '000000036-000000006', 4, 11, '000000039'),
('000000000012', '000000037-000000006', 4, 12, '000000017'),
('000000000012', '000000038-000000006', 3, 13, '1'),
('000000000013', '000000025-000000006', 4, 4, '000000015'),
('000000000013', '000000004-000000006', 7, 5, '000000001'),
('000000000013', '000000001-000000006', 8, 6, '156'),
('000000000013', '000000027-000000006', 2, 7, '12'),
('000000000013', '000000029-000000006', 2, 10, '6.5'),
('000000000013', '000000036-000000006', 4, 11, '000000039'),
('000000000013', '000000037-000000006', 4, 12, '000000017'),
('000000000013', '000000038-000000006', 3, 13, '1'),
('000000000014', '000000025-000000006', 4, 4, '000000015'),
('000000000014', '000000004-000000006', 7, 5, '000000002'),
('000000000014', '000000001-000000006', 8, 6, '156'),
('000000000014', '000000027-000000006', 2, 7, '12'),
('000000000014', '000000029-000000006', 2, 10, '6.5'),
('000000000014', '000000036-000000006', 4, 11, '000000039'),
('000000000014', '000000037-000000006', 4, 12, '000000017'),
('000000000014', '000000038-000000006', 3, 13, '1'),
('000000000015', '000000042-000000006', 4, 17, '000000026'),
('000000000015', '000000044-000000006', 2, 19, '8'),
('000000000015', '000000045-000000006', 2, 20, '2000'),
('000000000015', '000000046-000000006', 4, 21, '000000028'),
('000000000015', '000000051-000000006', 4, 26, '000000035'),
('000000000015', '000000055-000000006', 2, 30, '4500'),
('000000000015', '000000056-000000006', 4, 31, '000000037'),
('000000000015', '000000058-000000006', 2, 33, '64'),
('000000000015', '000000059-000000006', 2, 34, '8'),
('000000000017', '000000038-000000006', 3, 13, '1'),
('000000000017', '000000003-000000006', 6, 3, '000010'),
('000000000017', '000000025-000000006', 4, 4, '000000015'),
('000000000017', '000000004-000000006', 7, 5, '000000002'),
('000000000017', '000000001-000000006', 8, 6, '156'),
('000000000017', '000000027-000000006', 2, 7, '12'),
('000000000017', '000000029-000000006', 2, 10, '6.4'),
('000000000017', '000000036-000000006', 4, 11, '000000040'),
('000000000017', '000000037-000000006', 4, 12, '000000016'),
('000000000022', '000000006-000000006', 2, 46, '8.3'),
('000000000022', '000000007-000000006', 2, 47, '150.9'),
('000000000022', '000000051-000000006', 4, 26, '000000035'),
('000000000022', '000000046-000000006', 4, 21, '000000028'),
('000000000022', '000000045-000000006', 2, 20, '2000'),
('000000000022', '000000044-000000006', 2, 19, '8'),
('000000000022', '000000042-000000006', 4, 17, '000000026'),
('000000000022', '000000041-000000006', 4, 16, '000000047'),
('000000000022', '000000040-000000006', 4, 15, '000000022'),
('000000000023', '000000056-000000006', 4, 31, '000000037'),
('000000000023', '000000058-000000006', 2, 33, '64'),
('000000000023', '000000059-000000006', 2, 34, '8'),
('000000000023', '000000055-000000006', 2, 30, '4500'),
('000000000023', '000000051-000000006', 4, 26, '000000034'),
('000000000023', '000000046-000000006', 4, 21, '000000028'),
('000000000023', '000000045-000000006', 2, 20, '2000'),
('000000000023', '000000044-000000006', 2, 19, '8'),
('000000000023', '000000042-000000006', 4, 17, '000000026'),
('000000000028', '000000003-000000006', 6, 3, '000009'),
('000000000028', '000000025-000000006', 4, 4, '000000015'),
('000000000028', '000000004-000000006', 7, 5, '000000005'),
('000000000028', '000000001-000000006', 8, 6, '156'),
('000000000028', '000000027-000000006', 2, 7, '1'),
('000000000028', '000000029-000000006', 2, 10, '6.39'),
('000000000028', '000000036-000000006', 4, 11, '000000051'),
('000000000028', '000000037-000000006', 4, 12, '000000048'),
('000000000028', '000000040-000000006', 4, 15, '000000021'),
('000000000028', '000000041-000000006', 4, 16, '000000025'),
('000000000033', '000000003-000000006', 6, 3, '000011'),
('000000000029', '000000008-000000006', 2, 48, '150'),
('000000000029', '000000055-000000006', 2, 30, '4000'),
('000000000029', '000000056-000000006', 4, 31, '000000036'),
('000000000029', '000000058-000000006', 2, 33, '48'),
('000000000029', '000000051-000000006', 4, 26, '000000035'),
('000000000029', '000000046-000000006', 4, 21, '000000028'),
('000000000029', '000000045-000000006', 2, 20, '2000'),
('000000000029', '000000044-000000006', 2, 19, '8'),
('000000000024', '000000005-000000006', 2, 45, '75.7'),
('000000000031', '000000007-000000006', 2, 47, '150.9'),
('000000000031', '000000003-000000006', 6, 3, '000010'),
('000000000031', '000000025-000000006', 4, 4, '000000015'),
('000000000031', '000000004-000000006', 7, 5, '000000008'),
('000000000031', '000000001-000000006', 8, 6, '156'),
('000000000031', '000000027-000000006', 2, 7, '12'),
('000000000031', '000000029-000000006', 2, 10, '6.5'),
('000000000031', '000000036-000000006', 4, 11, '000000039'),
('000000000031', '000000037-000000006', 4, 12, '000000048'),
('000000000032', '000000007-000000006', 2, 47, '150.9'),
('000000000032', '000000003-000000006', 6, 3, '000010'),
('000000000032', '000000025-000000006', 4, 4, '000000015'),
('000000000032', '000000004-000000006', 7, 5, '000000008'),
('000000000032', '000000001-000000006', 8, 6, '156'),
('000000000032', '000000027-000000006', 2, 7, '12'),
('000000000032', '000000029-000000006', 2, 10, '6.1'),
('000000000032', '000000036-000000006', 4, 11, '000000039'),
('000000000032', '000000037-000000006', 4, 12, '000000048'),
('000000000018', '000000055-000000006', 2, 30, '4810'),
('000000000019', '000000004-000000006', 7, 5, '000000010'),
('000000000019', '000000003-000000006', 6, 3, '000011'),
('000000000020', '000000004-000000006', 7, 5, '000000011'),
('000000000020', '000000003-000000006', 6, 3, '000011'),
('000000000021', '000000004-000000006', 7, 5, '000000012'),
('000000000021', '000000003-000000006', 6, 3, '000011'),
('000000000030', '000000036-000000006', 4, 11, '000000046'),
('000000000030', '000000037-000000006', 4, 12, '000000017'),
('000000000024', '000000014-000000006', 4, 2, '000000011'),
('000000000025', '000000036-000000006', 4, 11, '000000040'),
('000000000025', '000000037-000000006', 4, 12, '000000042'),
('000000000026', '000000036-000000006', 4, 11, '000000039'),
('000000000026', '000000037-000000006', 4, 12, '000000017'),
('000000000027', '000000001-000000006', 8, 6, '704'),
('000000000027', '000000004-000000006', 7, 5, '000000015'),
('000000000012', '000000056-000000006', 4, 31, '000000037'),
('000000000012', '000000058-000000006', 2, 33, '64'),
('000000000012', '000000059-000000006', 2, 34, '8'),
('000000000013', '000000058-000000006', 2, 33, '64'),
('000000000013', '000000059-000000006', 2, 34, '8'),
('000000000014', '000000058-000000006', 2, 33, '64'),
('000000000014', '000000059-000000006', 2, 34, '8'),
('000000000015', '000000041-000000006', 4, 16, '000000023'),
('000000000015', '000000003-000000006', 6, 3, '000010'),
('000000000015', '000000025-000000006', 4, 4, '000000015'),
('000000000017', '000000040-000000006', 4, 15, '000000021'),
('000000000017', '000000041-000000006', 4, 16, '000000024'),
('000000000029', '000000042-000000006', 4, 17, '000000026'),
('000000000022', '000000005-000000006', 2, 45, '75.7'),
('000000000023', '000000041-000000006', 4, 16, '000000024'),
('000000000023', '000000040-000000006', 4, 15, '000000022'),
('000000000023', '000000038-000000006', 3, 13, '1'),
('000000000028', '000000068-000000006', 3, 43, '1'),
('000000000029', '000000041-000000006', 4, 16, '000000025'),
('000000000031', '000000051-000000006', 4, 26, '000000035'),
('000000000031', '000000055-000000006', 2, 30, '4500'),
('000000000031', '000000056-000000006', 4, 31, '000000037'),
('000000000032', '000000051-000000006', 4, 26, '000000035'),
('000000000032', '000000055-000000006', 2, 30, '4500'),
('000000000032', '000000056-000000006', 4, 31, '000000037'),
('000000000012', '000000051-000000006', 4, 26, '000000035'),
('000000000019', '000000006-000000006', 2, 46, '8.3'),
('000000000020', '000000006-000000006', 2, 46, '8.3'),
('000000000021', '000000006-000000006', 2, 46, '8.3'),
('000000000001', '000000008-000000006', 2, 48, '0.15'),
('000000000024', '000000055-000000006', 2, 30, '5000'),
('000000000027', '000000005-000000006', 2, 45, '75.7'),
('000000000028', '000000007-000000006', 2, 47, '12.5'),
('000000000022', '000000025-000000006', 4, 4, '000000015'),
('000000000029', '000000037-000000006', 4, 12, '000000048'),
('000000000031', '000000008-000000006', 2, 48, '194'),
('000000000032', '000000008-000000006', 2, 48, '194'),
('000000000027', '000000006-000000006', 2, 46, '8.3'),
('000000000030', '000000038-000000006', 3, 13, '1'),
('000000000024', '000000006-000000006', 2, 46, '8.3'),
('000000000025', '000000038-000000006', 3, 13, '1'),
('000000000026', '000000038-000000006', 3, 13, '1'),
('000000000028', '000000005-000000006', 2, 45, '11.9'),
('000000000029', '000000040-000000006', 4, 15, '000000021'),
('000000000018', '000000029-000000006', 2, 10, '6.1'),
('000000000018', '000000027-000000006', 2, 7, '12'),
('000000000018', '000000001-000000006', 8, 6, '156'),
('000000000018', '000000004-000000006', 7, 5, '000000001'),
('000000000018', '000000003-000000006', 6, 3, '000011'),
('000000000019', '000000046-000000006', 4, 21, '000000029'),
('000000000019', '000000051-000000006', 4, 26, '000000035'),
('000000000019', '000000055-000000006', 2, 30, '4810'),
('000000000019', '000000056-000000006', 4, 31, '000000043'),
('000000000019', '000000058-000000006', 2, 33, '12'),
('000000000020', '000000046-000000006', 4, 21, '000000029'),
('000000000020', '000000051-000000006', 4, 26, '000000035'),
('000000000020', '000000055-000000006', 2, 30, '4810'),
('000000000020', '000000056-000000006', 4, 31, '000000043'),
('000000000020', '000000058-000000006', 2, 33, '12'),
('000000000021', '000000046-000000006', 4, 21, '000000029'),
('000000000021', '000000051-000000006', 4, 26, '000000035'),
('000000000021', '000000055-000000006', 2, 30, '4810'),
('000000000021', '000000056-000000006', 4, 31, '000000043'),
('000000000021', '000000058-000000006', 2, 33, '12'),
('000000000030', '000000029-000000006', 2, 10, '6.1'),
('000000000030', '000000027-000000006', 2, 7, '12'),
('000000000030', '000000001-000000006', 8, 6, '156'),
('000000000030', '000000004-000000006', 7, 5, '000000009'),
('000000000030', '000000003-000000006', 6, 3, '000011'),
('000000000030', '000000014-000000006', 4, 2, '000000044'),
('000000000001', '000000006-000000006', 2, 46, '0.055'),
('000000000002', '000000015-000000009', 4, 3, '000000002'),
('000000000024', '000000044-000000006', 2, 19, '8'),
('000000000024', '000000045-000000006', 2, 20, '1700'),
('000000000024', '000000046-000000006', 4, 21, '000000029'),
('000000000024', '000000051-000000006', 4, 26, '000000035'),
('000000000025', '000000029-000000006', 2, 10, '6.7'),
('000000000025', '000000027-000000006', 2, 7, '12'),
('000000000025', '000000001-000000006', 8, 6, '704'),
('000000000025', '000000004-000000006', 7, 5, '000000006'),
('000000000025', '000000003-000000006', 6, 3, '000012'),
('000000000025', '000000014-000000006', 4, 2, '000000011'),
('000000000026', '000000029-000000006', 2, 10, '6.2'),
('000000000026', '000000027-000000006', 2, 7, '12'),
('000000000026', '000000001-000000006', 8, 6, '704'),
('000000000026', '000000004-000000006', 7, 5, '000000004'),
('000000000026', '000000003-000000006', 6, 3, '000012'),
('000000000026', '000000014-000000006', 4, 2, '000000011'),
('000000000027', '000000046-000000006', 4, 21, '000000029'),
('000000000027', '000000051-000000006', 4, 26, '000000034'),
('000000000027', '000000055-000000006', 2, 30, '5000'),
('000000000027', '000000056-000000006', 4, 31, '000000043'),
('000000000027', '000000058-000000006', 2, 33, '12'),
('000000000011', '000000006-000000006', 2, 46, '0.2'),
('000000000012', '000000040-000000006', 4, 15, '000000021'),
('000000000012', '000000041-000000006', 4, 16, '000000023'),
('000000000012', '000000042-000000006', 4, 17, '000000026'),
('000000000012', '000000044-000000006', 2, 19, '8'),
('000000000012', '000000045-000000006', 2, 20, '2000'),
('000000000012', '000000046-000000006', 4, 21, '000000028'),
('000000000018', '000000008-000000006', 2, 48, '194'),
('000000000013', '000000040-000000006', 4, 15, '000000021'),
('000000000013', '000000041-000000006', 4, 16, '000000023'),
('000000000013', '000000042-000000006', 4, 17, '000000026'),
('000000000013', '000000044-000000006', 2, 19, '8'),
('000000000013', '000000045-000000006', 2, 20, '2000'),
('000000000013', '000000046-000000006', 4, 21, '000000028'),
('000000000013', '000000051-000000006', 4, 26, '000000035'),
('000000000014', '000000040-000000006', 4, 15, '000000022'),
('000000000014', '000000041-000000006', 4, 16, '000000023'),
('000000000014', '000000042-000000006', 4, 17, '000000026'),
('000000000014', '000000044-000000006', 2, 19, '8'),
('000000000014', '000000045-000000006', 2, 20, '2000'),
('000000000014', '000000046-000000006', 4, 21, '000000028'),
('000000000014', '000000051-000000006', 4, 26, '000000035'),
('000000000015', '000000004-000000006', 7, 5, '000000004'),
('000000000015', '000000038-000000006', 3, 13, '1'),
('000000000015', '000000037-000000006', 4, 12, '000000017'),
('000000000015', '000000036-000000006', 4, 11, '000000039'),
('000000000015', '000000029-000000006', 2, 10, '6.5'),
('000000000015', '000000027-000000006', 2, 7, '12'),
('000000000015', '000000001-000000006', 8, 6, '156'),
('000000000017', '000000042-000000006', 4, 17, '000000026'),
('000000000017', '000000044-000000006', 2, 19, '8'),
('000000000017', '000000045-000000006', 2, 20, '2000'),
('000000000017', '000000046-000000006', 4, 21, '000000028'),
('000000000017', '000000051-000000006', 4, 26, '000000034'),
('000000000017', '000000055-000000006', 2, 30, '4500'),
('000000000022', '000000004-000000006', 7, 5, '000000013'),
('000000000022', '000000001-000000006', 8, 6, '156'),
('000000000022', '000000027-000000006', 2, 7, '12'),
('000000000022', '000000029-000000006', 2, 10, '6.3'),
('000000000022', '000000036-000000006', 4, 11, '000000040'),
('000000000022', '000000037-000000006', 4, 12, '000000017'),
('000000000022', '000000038-000000006', 3, 13, '1'),
('000000000023', '000000003-000000006', 6, 3, '000003'),
('000000000023', '000000025-000000006', 4, 4, '000000015'),
('000000000023', '000000004-000000006', 7, 5, '000000007'),
('000000000023', '000000001-000000006', 8, 6, '156'),
('000000000023', '000000027-000000006', 2, 7, '12'),
('000000000023', '000000029-000000006', 2, 10, '6.67'),
('000000000023', '000000036-000000006', 4, 11, '000000039'),
('000000000028', '000000046-000000006', 4, 21, '000000028'),
('000000000028', '000000045-000000006', 2, 20, '2000'),
('000000000028', '000000044-000000006', 2, 19, '8'),
('000000000028', '000000042-000000006', 4, 17, '000000026'),
('000000000029', '000000036-000000006', 4, 11, '000000051'),
('000000000029', '000000029-000000006', 2, 10, '6.39'),
('000000000029', '000000027-000000006', 2, 7, '1'),
('000000000029', '000000001-000000006', 8, 6, '156'),
('000000000029', '000000004-000000006', 7, 5, '000000016'),
('000000000029', '000000025-000000006', 4, 4, '000000015'),
('000000000031', '000000045-000000006', 2, 20, '2000'),
('000000000031', '000000044-000000006', 2, 19, '8'),
('000000000031', '000000042-000000006', 4, 17, '000000026'),
('000000000031', '000000041-000000006', 4, 16, '000000023'),
('000000000031', '000000040-000000006', 4, 15, '000000019'),
('000000000031', '000000038-000000006', 3, 13, '1'),
('000000000022', '000000055-000000006', 2, 30, '4500'),
('000000000032', '000000045-000000006', 2, 20, '2000'),
('000000000032', '000000044-000000006', 2, 19, '8'),
('000000000032', '000000042-000000006', 4, 17, '000000026'),
('000000000032', '000000041-000000006', 4, 16, '000000023'),
('000000000032', '000000040-000000006', 4, 15, '000000022'),
('000000000032', '000000038-000000006', 3, 13, '1'),
('000000000016', '000000001-000000011', 8, 2, '392'),
('000000000018', '000000005-000000006', 2, 45, '75.7'),
('000000000018', '000000006-000000006', 2, 46, '8.3'),
('000000000019', '000000044-000000006', 2, 19, '6'),
('000000000019', '000000045-000000006', 2, 20, '1700'),
('000000000020', '000000044-000000006', 2, 19, '6'),
('000000000020', '000000045-000000006', 2, 20, '1700'),
('000000000021', '000000044-000000006', 2, 19, '6'),
('000000000021', '000000045-000000006', 2, 20, '1700'),
('000000000030', '000000005-000000006', 2, 45, '75.7'),
('000000000030', '000000006-000000006', 2, 46, '8.3'),
('000000000002', '000000030-000000009', 3, 4, '1'),
('000000000024', '000000056-000000006', 4, 31, '000000043'),
('000000000025', '000000005-000000006', 2, 45, '75.7'),
('000000000025', '000000006-000000006', 2, 46, '8.3'),
('000000000026', '000000005-000000006', 2, 45, '75.7'),
('000000000026', '000000006-000000006', 2, 46, '8.3'),
('000000000027', '000000045-000000006', 2, 20, '1700'),
('000000000012', '000000055-000000006', 2, 30, '4500'),
('000000000013', '000000055-000000006', 2, 30, '4500'),
('000000000013', '000000056-000000006', 4, 31, '000000037'),
('000000000014', '000000055-000000006', 2, 30, '4500'),
('000000000014', '000000056-000000006', 4, 31, '000000037'),
('000000000015', '000000040-000000006', 4, 15, '000000019'),
('000000000017', '000000008-000000006', 2, 48, '194'),
('000000000017', '000000006-000000006', 2, 46, '8.3'),
('000000000017', '000000056-000000006', 4, 31, '000000037'),
('000000000023', '000000037-000000006', 4, 12, '000000048'),
('000000000028', '000000006-000000006', 2, 46, '4.92'),
('000000000028', '000000051-000000006', 4, 26, '000000035'),
('000000000031', '000000046-000000006', 4, 21, '000000028'),
('000000000032', '000000046-000000006', 4, 21, '000000028'),
('000000000022', '000000056-000000006', 4, 31, '000000037'),
('000000000033', '000000004-000000006', 7, 5, '000000018'),
('000000000002', '000000031-000000009', 3, 5, '1'),
('000000000011', '000000008-000000006', 2, 48, '0.17'),
('000000000012', '000000008-000000006', 2, 48, '194'),
('000000000012', '000000062-000000006', 3, 37, '1'),
('000000000012', '000000068-000000006', 3, 43, '1'),
('000000000012', '000000014-000000006', 4, 2, '000000011'),
('000000000012', '000000003-000000006', 6, 3, '000003'),
('000000000013', '000000008-000000006', 2, 48, '194'),
('000000000013', '000000062-000000006', 3, 37, '1'),
('000000000013', '000000068-000000006', 3, 43, '1'),
('000000000013', '000000014-000000006', 4, 2, '000000011'),
('000000000013', '000000003-000000006', 6, 3, '000003'),
('000000000014', '000000008-000000006', 2, 48, '0.194'),
('000000000014', '000000062-000000006', 3, 37, '1'),
('000000000014', '000000068-000000006', 3, 43, '1'),
('000000000014', '000000014-000000006', 4, 2, '000000011'),
('000000000014', '000000003-000000006', 6, 3, '000010'),
('000000000015', '000000008-000000006', 2, 48, '194'),
('000000000015', '000000062-000000006', 3, 37, '1'),
('000000000015', '000000068-000000006', 3, 43, '1'),
('000000000015', '000000005-000000006', 2, 45, '75.7'),
('000000000015', '000000014-000000006', 4, 2, '000000011'),
('000000000017', '000000007-000000006', 2, 47, '150.9'),
('000000000017', '000000058-000000006', 2, 33, '108'),
('000000000017', '000000059-000000006', 2, 34, '8'),
('000000000017', '000000062-000000006', 3, 37, '1'),
('000000000017', '000000014-000000006', 4, 2, '000000011'),
('000000000018', '000000007-000000006', 2, 47, '159'),
('000000000018', '000000056-000000006', 4, 31, '000000043'),
('000000000018', '000000058-000000006', 2, 33, '12'),
('000000000018', '000000059-000000006', 2, 34, '12'),
('000000000018', '000000014-000000006', 4, 2, '000000011'),
('000000000019', '000000007-000000006', 2, 47, '159'),
('000000000019', '000000008-000000006', 2, 48, '194'),
('000000000019', '000000059-000000006', 2, 34, '12'),
('000000000019', '000000062-000000006', 3, 37, '1'),
('000000000019', '000000068-000000006', 3, 43, '1'),
('000000000019', '000000014-000000006', 4, 2, '000000011'),
('000000000020', '000000007-000000006', 2, 47, '159'),
('000000000020', '000000008-000000006', 2, 48, '194'),
('000000000020', '000000059-000000006', 2, 34, '12'),
('000000000020', '000000062-000000006', 3, 37, '1'),
('000000000020', '000000068-000000006', 3, 43, '1'),
('000000000020', '000000014-000000006', 4, 2, '000000044'),
('000000000021', '000000007-000000006', 2, 47, '159'),
('000000000021', '000000008-000000006', 2, 48, '194'),
('000000000021', '000000059-000000006', 2, 34, '12'),
('000000000021', '000000062-000000006', 3, 37, '1'),
('000000000021', '000000068-000000006', 3, 43, '1'),
('000000000021', '000000014-000000006', 4, 2, '000000044'),
('000000000022', '000000008-000000006', 2, 48, '194'),
('000000000022', '000000058-000000006', 2, 33, '16'),
('000000000022', '000000014-000000006', 4, 2, '000000011'),
('000000000022', '000000003-000000006', 6, 3, '000003'),
('000000000023', '000000008-000000006', 2, 48, '194'),
('000000000023', '000000062-000000006', 3, 37, '1'),
('000000000023', '000000068-000000006', 3, 43, '1'),
('000000000023', '000000005-000000006', 2, 45, '75.7'),
('000000000023', '000000014-000000006', 4, 2, '000000011'),
('000000000024', '000000007-000000006', 2, 47, '159'),
('000000000024', '000000008-000000006', 2, 48, '194'),
('000000000024', '000000058-000000006', 2, 33, '12'),
('000000000024', '000000059-000000006', 2, 34, '12'),
('000000000024', '000000062-000000006', 3, 37, '1'),
('000000000024', '000000068-000000006', 3, 43, '1'),
('000000000025', '000000007-000000006', 2, 47, '159'),
('000000000025', '000000056-000000006', 4, 31, '000000043'),
('000000000025', '000000058-000000006', 2, 33, '12'),
('000000000025', '000000059-000000006', 2, 34, '12'),
('000000000025', '000000062-000000006', 3, 37, '1'),
('000000000026', '000000007-000000006', 2, 47, '159'),
('000000000026', '000000056-000000006', 4, 31, '000000043'),
('000000000026', '000000058-000000006', 2, 33, '12'),
('000000000026', '000000059-000000006', 2, 34, '12'),
('000000000026', '000000062-000000006', 3, 37, '1'),
('000000000027', '000000007-000000006', 2, 47, '159'),
('000000000027', '000000008-000000006', 2, 48, '194'),
('000000000027', '000000059-000000006', 2, 34, '12'),
('000000000027', '000000062-000000006', 3, 37, '1'),
('000000000027', '000000014-000000006', 4, 2, '000000011'),
('000000000027', '000000003-000000006', 6, 3, '000012'),
('000000000028', '000000055-000000006', 2, 30, '4000'),
('000000000028', '000000056-000000006', 4, 31, '000000036'),
('000000000028', '000000058-000000006', 2, 33, '48'),
('000000000028', '000000059-000000006', 2, 34, '2'),
('000000000028', '000000014-000000006', 4, 2, '000000011'),
('000000000029', '000000059-000000006', 2, 34, '2'),
('000000000029', '000000068-000000006', 3, 43, '1'),
('000000000029', '000000014-000000006', 4, 2, '000000011'),
('000000000029', '000000003-000000006', 6, 3, '000009'),
('000000000030', '000000007-000000006', 2, 47, '159'),
('000000000030', '000000056-000000006', 4, 31, '000000043'),
('000000000030', '000000058-000000006', 2, 33, '12'),
('000000000030', '000000059-000000006', 2, 34, '12'),
('000000000030', '000000062-000000006', 3, 37, '1'),
('000000000031', '000000058-000000006', 2, 33, '48'),
('000000000031', '000000059-000000006', 2, 34, '2'),
('000000000031', '000000062-000000006', 3, 37, '1'),
('000000000031', '000000068-000000006', 3, 43, '1'),
('000000000031', '000000005-000000006', 2, 45, '75.7'),
('000000000031', '000000014-000000006', 4, 2, '000000011'),
('000000000032', '000000058-000000006', 2, 33, '48'),
('000000000032', '000000059-000000006', 2, 34, '2'),
('000000000032', '000000062-000000006', 3, 37, '1'),
('000000000032', '000000068-000000006', 3, 43, '1'),
('000000000032', '000000005-000000006', 2, 45, '75.7'),
('000000000032', '000000014-000000006', 4, 2, '000000011'),
('000000000036', '000000001-000000011', 8, 2, '156'),
('000000000001', '000000005-000000006', 2, 45, '0.175'),
('000000000011', '000000005-000000006', 2, 45, '0.1'),
('000000000012', '000000007-000000006', 2, 47, '150.9'),
('000000000012', '000000006-000000006', 2, 46, '8.3'),
('000000000012', '000000005-000000006', 2, 45, '75.7'),
('000000000013', '000000007-000000006', 2, 47, '150.9'),
('000000000013', '000000006-000000006', 2, 46, '8.3'),
('000000000013', '000000005-000000006', 2, 45, '75.7'),
('000000000014', '000000007-000000006', 2, 47, '0.008'),
('000000000014', '000000006-000000006', 2, 46, '0.68'),
('000000000014', '000000005-000000006', 2, 45, '0.175'),
('000000000015', '000000007-000000006', 2, 47, '150.9'),
('000000000015', '000000006-000000006', 2, 46, '8.3'),
('000000000017', '000000005-000000006', 2, 45, '75.7'),
('000000000017', '000000068-000000006', 3, 43, '1'),
('000000000018', '000000068-000000006', 3, 43, '1'),
('000000000018', '000000062-000000006', 3, 37, '1'),
('000000000019', '000000005-000000006', 2, 45, '75.7'),
('000000000020', '000000005-000000006', 2, 45, '75.7'),
('000000000021', '000000005-000000006', 2, 45, '75.7'),
('000000000022', '000000068-000000006', 3, 43, '1'),
('000000000022', '000000062-000000006', 3, 37, '1'),
('000000000022', '000000059-000000006', 2, 34, '8'),
('000000000023', '000000007-000000006', 2, 47, '150.9'),
('000000000023', '000000006-000000006', 2, 46, '8.3'),
('000000000025', '000000068-000000006', 3, 43, '1'),
('000000000026', '000000068-000000006', 3, 43, '1'),
('000000000027', '000000068-000000006', 3, 43, '1'),
('000000000029', '000000007-000000006', 2, 47, '12.5'),
('000000000029', '000000006-000000006', 2, 46, '4.92'),
('000000000029', '000000005-000000006', 2, 45, '11.9'),
('000000000030', '000000068-000000006', 3, 43, '1'),
('000000000031', '000000006-000000006', 2, 46, '8.3'),
('000000000032', '000000006-000000006', 2, 46, '8.3'),
('000000000033', '000000001-000000006', 8, 6, '156'),
('000000000033', '000000005-000000006', 2, 45, '0.15'),
('000000000033', '000000006-000000006', 2, 46, '0.1'),
('000000000033', '000000007-000000006', 2, 47, '0.05'),
('000000000033', '000000008-000000006', 2, 48, '0.125'),
('000000000028', '000000008-000000006', 2, 48, '150');

-- --------------------------------------------------------

--
-- Table structure for table `product_favorites`
--

DROP TABLE IF EXISTS `product_favorites`;
CREATE TABLE `product_favorites` (
  `user_id` int NOT NULL,
  `product_id` varchar(255) CHARACTER SET utf8 COLLATE utf8_unicode_ci NOT NULL,
  `timestamp` timestamp NOT NULL DEFAULT CURRENT_TIMESTAMP
) ENGINE=MyISAM DEFAULT CHARSET=utf8mb3 COLLATE=utf8_unicode_ci;

--
-- Dumping data for table `product_favorites`
--

INSERT INTO `product_favorites` (`user_id`, `product_id`, `timestamp`) VALUES
(44, '000000000001', '2021-07-09 08:20:46');

-- --------------------------------------------------------

--
-- Table structure for table `product_history`
--

DROP TABLE IF EXISTS `product_history`;
CREATE TABLE `product_history` (
  `user_id` int NOT NULL,
  `product_id` varchar(255) CHARACTER SET utf8 COLLATE utf8_unicode_ci NOT NULL,
  `timestamp` timestamp NOT NULL DEFAULT CURRENT_TIMESTAMP
) ENGINE=MyISAM DEFAULT CHARSET=utf8mb3 COLLATE=utf8_unicode_ci;

--
-- Dumping data for table `product_history`
--

INSERT INTO `product_history` (`user_id`, `product_id`, `timestamp`) VALUES
(45, '000000000001', '2021-07-09 08:20:46');

-- --------------------------------------------------------

--
-- Table structure for table `product_image`
--

DROP TABLE IF EXISTS `product_image`;
CREATE TABLE `product_image` (
  `product_id` varchar(100) CHARACTER SET utf8 COLLATE utf8_unicode_ci NOT NULL,
  `ftp_url` varchar(200) CHARACTER SET utf8 COLLATE utf8_unicode_ci NOT NULL,
  `http_url` varchar(200) CHARACTER SET utf8 COLLATE utf8_unicode_ci NOT NULL,
  `sort_order` int NOT NULL DEFAULT '0'
) ENGINE=MyISAM DEFAULT CHARSET=utf8mb3 COLLATE=utf8_unicode_ci;

--
-- Dumping data for table `product_image`
--

INSERT INTO `product_image` (`product_id`, `ftp_url`, `http_url`, `sort_order`) VALUES
('000000000001', '30046493b.jpg', '30046493b.jpg', 0),
('000000000001', '30046493b2.jpg', '30046493b2.jpg', 0),
('000000000002', '50141256b.jpg', '50141256b.jpg', 0),
('000000000002', '50141256b2.jpg', '50141256b2.jpg', 0),
('000000000002', '50141256b4.jpg', '50141256b4.jpg', 0),
('000000000004', '40ec61411c92eac07cd543f0cee4ad81.jpg', '40ec61411c92eac07cd543f0cee4ad81.jpg', 0),
('000000000005', '1350x.jpg', '1350x.jpg', 0),
('000000000006', '571756.jpg', '571756.jpg', 0),
('000000000003', '20068499b.jpg', '20068499b.jpg', 0),
('000000000003', '20068499b3.jpg', '20068499b3.jpg', 0),
('000000000003', '20068499b1.jpg', '20068499b1.jpg', 0),
('000000000012', '86d9153895ba98a3a9a8faccce9ff52e8284f4e102d77fc6c5e121f12e4c8f59.jpg', '86d9153895ba98a3a9a8faccce9ff52e8284f4e102d77fc6c5e121f12e4c8f59.jpg', 0),
('000000000012', 'bf02a57f79dd12440b9443ae6de8c0e9909957955900acce183db41c145df138.jpg', 'bf02a57f79dd12440b9443ae6de8c0e9909957955900acce183db41c145df138.jpg', 0),
('000000000011', '74d209fa322b0ea21ae8cd5464fa7524c9dbfac43874a701cc45854495201cd7.jpg', '74d209fa322b0ea21ae8cd5464fa7524c9dbfac43874a701cc45854495201cd7.jpg', 0),
('000000000010', '6a8924e4368922057a4789f35c5045b013680f391a4728b99c8902fd4315536f.jpg', '6a8924e4368922057a4789f35c5045b013680f391a4728b99c8902fd4315536f.jpg', 0),
('000000000010', '95c1e5f9fdc0a8f268d50f22bb5930bb514fabb8a979540bb2e2c485e9e1d5cf.jpg', '95c1e5f9fdc0a8f268d50f22bb5930bb514fabb8a979540bb2e2c485e9e1d5cf.jpg', 0),
('000000000009', '79f9c8d1590e5036d2533c10a6d3030c4c3f37d57d93ce3ddab4d6a8a8586c69.jpg', '79f9c8d1590e5036d2533c10a6d3030c4c3f37d57d93ce3ddab4d6a8a8586c69.jpg', 0),
('000000000008', '2aea360b4ac330436b47f0f3edaae48d3a8bdac9ceb00fb4d1504c28a1c2821d.jpg', '2aea360b4ac330436b47f0f3edaae48d3a8bdac9ceb00fb4d1504c28a1c2821d.jpg', 0),
('000000000007', '1f19bc91ff7262a0d4c4d93e1ee663d403ee7f5888d07a80978c7b81b8c1cb35.jpg', '1f19bc91ff7262a0d4c4d93e1ee663d403ee7f5888d07a80978c7b81b8c1cb35.jpg', 0),
('000000000011', '5f8cd7daad03d1d39f97f6d35b371b8e231f3c74477fe191b589bcda966dbdb1.jpg', '5f8cd7daad03d1d39f97f6d35b371b8e231f3c74477fe191b589bcda966dbdb1.jpg', 0),
('000000000013', 'e0debca5125461d750890b54db6706d7ba8bc2b2bf0e71f706c238a3045b2a5e.jpg', 'e0debca5125461d750890b54db6706d7ba8bc2b2bf0e71f706c238a3045b2a5e.jpg', 0),
('000000000014', '32bf4ce87d3d768c537720d0e4e27d267467927a586e0f7e9a52c864c7e0a5d8.jpg', '32bf4ce87d3d768c537720d0e4e27d267467927a586e0f7e9a52c864c7e0a5d8.jpg', 0),
('000000000015', 'dd5d3d9d22aa3b0b548d4fa56ad38ce9134620d5b69c166a214bce78ec2bd76f.jpg', 'dd5d3d9d22aa3b0b548d4fa56ad38ce9134620d5b69c166a214bce78ec2bd76f.jpg', 0),
('000000000016', '5bd5329285e9d238ab69bb53.jpg', '5bd5329285e9d238ab69bb53.jpg', 0),
('000000000017', '1.jpg', '1.jpg', 0),
('000000000018', '2.jpg', '2.jpg', 0),
('000000000019', '3.jpg', '3.jpg', 0),
('000000000020', '4.jpg', '4.jpg', 0),
('000000000021', '5.jpg', '5.jpg', 0),
('000000000022', '6.jpg', '6.jpg', 0),
('000000000023', '7.jpg', '7.jpg', 0),
('000000000024', '8.jpg', '8.jpg', 0),
('000000000025', '9.jpg', '9.jpg', 0),
('000000000026', '10.jpg', '10.jpg', 0),
('000000000027', '11.jpg', '11.jpg', 0),
('000000000028', '12.jpg', '12.jpg', 0),
('000000000029', '13.jpg', '13.jpg', 0),
('000000000030', '14.jpg', '14.jpg', 0),
('000000000031', '15.jpg', '15.jpg', 0),
('000000000032', '15.jpg', '15.jpg', 0),
('000000000036', '13hq.jpg', '13hq.jpg', 0),
('000000000033', 'bf02a57f79dd12440b9443ae6de8c0e9909957955900acce183db41c145df138.jpg', 'bf02a57f79dd12440b9443ae6de8c0e9909957955900acce183db41c145df138.jpg', 0),
('000000000036', '1312122hq.jpg', '1312122hq.jpg', 0),
('000000000036', '13434324242hq (1).jpg', '13434324242hq (1).jpg', 0),
('000000000033', '02f8deff-4c84-4745-854e-7f56335f2f6f', '02f8deff-4c84-4745-854e-7f56335f2f6f', 0),
('000000000033', '0a2d90a9-5647-43a5-a868-bd22e28239c4', '0a2d90a9-5647-43a5-a868-bd22e28239c4', 0);

-- --------------------------------------------------------

--
-- Table structure for table `provider`
--

DROP TABLE IF EXISTS `provider`;
CREATE TABLE `provider` (
  `id` varchar(6) CHARACTER SET utf8 COLLATE utf8_unicode_ci NOT NULL,
  `title` text CHARACTER SET utf8 COLLATE utf8_unicode_ci NOT NULL,
  `description` text CHARACTER SET utf8 COLLATE utf8_unicode_ci NOT NULL,
  `image` tinytext CHARACTER SET utf8 COLLATE utf8_unicode_ci NOT NULL
) ENGINE=MyISAM DEFAULT CHARSET=utf8mb3 COLLATE=utf8_unicode_ci;

--
-- Dumping data for table `provider`
--

INSERT INTO `provider` (`id`, `title`, `description`, `image`) VALUES
('00002', 'Apple', '', '00002.jpg'),
('00005', 'DNS', '', '00005.png'),
('00003', 'Барамба', '', '00003.jpg'),
('00004', 'М-Видео', '', '00004.jpg'),
('00001', 'Ситилинк', '', '00001.jpg'),
('00006', 'Спортмастер', '', '_Спортмастер.jpg');

-- --------------------------------------------------------

--
-- Table structure for table `role`
--

DROP TABLE IF EXISTS `role`;
CREATE TABLE `role` (
  `id` int NOT NULL,
  `name` varchar(255) COLLATE utf8_unicode_ci NOT NULL,
  `role` varchar(9) COLLATE utf8_unicode_ci NOT NULL,
  `description` text COLLATE utf8_unicode_ci,
  `date_created` timestamp NOT NULL DEFAULT CURRENT_TIMESTAMP
) ENGINE=InnoDB DEFAULT CHARSET=utf8mb3 COLLATE=utf8_unicode_ci;

--
-- Dumping data for table `role`
--

INSERT INTO `role` (`id`, `name`, `role`, `description`, `date_created`) VALUES
(1, 'administrator', '000000001', 'Администратор', '2021-07-29 07:54:05'),
(2, 'developer', '000000002', 'Разработчик', '2021-07-29 07:54:05'),
(3, 'analyst', '000000003', 'Аналитик', '2021-07-29 07:54:05'),
(4, 'brand_manager', '000000004', 'Бренд менеджер', '2021-07-29 07:54:05'),
(5, 'store_manager', '000000005', 'Менеджер магазина', '2021-07-29 07:54:05'),
(6, 'guest', '000000006', 'Гость', '2021-07-29 07:54:05');

-- --------------------------------------------------------

--
-- Table structure for table `role_hierarchy`
--

DROP TABLE IF EXISTS `role_hierarchy`;
CREATE TABLE `role_hierarchy` (
  `id` int NOT NULL,
  `parent_role_id` int NOT NULL,
  `child_role_id` int NOT NULL,
  `terminal` int NOT NULL DEFAULT '0'
) ENGINE=InnoDB DEFAULT CHARSET=utf8mb3 COLLATE=utf8_unicode_ci;

--
-- Dumping data for table `role_hierarchy`
--

INSERT INTO `role_hierarchy` (`id`, `parent_role_id`, `child_role_id`, `terminal`) VALUES
(1, 0, 1, 1),
(2, 0, 2, 1),
(3, 2, 3, 1),
(4, 3, 4, 1),
(5, 0, 5, 1),
(6, 0, 6, 1);

-- --------------------------------------------------------

--
-- Table structure for table `role_permission`
--

DROP TABLE IF EXISTS `role_permission`;
CREATE TABLE `role_permission` (
  `id` int NOT NULL,
  `role_id` int NOT NULL,
  `permission_id` int NOT NULL
) ENGINE=InnoDB DEFAULT CHARSET=utf8mb3 COLLATE=utf8_unicode_ci;

--
-- Dumping data for table `role_permission`
--

INSERT INTO `role_permission` (`id`, `role_id`, `permission_id`) VALUES
(1, 1, 1),
(2, 2, 2),
(3, 3, 3),
(4, 4, 4),
(5, 5, 5),
(6, 6, 6);

-- --------------------------------------------------------

--
-- Stand-in structure for view `role_permissions`
-- (See below for the actual view)
--
DROP VIEW IF EXISTS `role_permissions`;
CREATE TABLE `role_permissions` (
`permission_name` varchar(255)
,`role` varchar(9)
,`role_id` int
,`role_name` varchar(255)
);

-- --------------------------------------------------------

--
-- Table structure for table `setting`
--

DROP TABLE IF EXISTS `setting`;
CREATE TABLE `setting` (
  `id` varchar(255) CHARACTER SET utf8 COLLATE utf8_unicode_ci NOT NULL,
  `value` text CHARACTER SET utf8 COLLATE utf8_unicode_ci
) ENGINE=MyISAM DEFAULT CHARSET=utf8mb3 COLLATE=utf8_unicode_ci;

--
-- Dumping data for table `setting`
--

INSERT INTO `setting` (`id`, `value`) VALUES
('headers', '[{\"id\":\"000000001\",\"title\":\"\\u042d\\u043b\\u0435\\u043a\\u0442\\u0440\\u043e\\u043d\\u0438\\u043a\\u0430\",\"index_number\":1,\"categories\":[{\"id\":\"000000005\"},{\"id\":\"000000006\"},{\"id\":\"000000007\"},{\"id\":\"000000021\"},{\"id\":\"000000028\"},{\"id\":\"000000029\"},{\"id\":\"000000030\"},{\"id\":\"000000031\"},{\"id\":\"000000115\"},{\"id\":\"000000116\"},{\"id\":\"000000117\"},{\"id\":\"000000118\"},{\"id\":\"000000120\"},{\"id\":\"000000121\"},{\"id\":\"000000122\"},{\"id\":\"000000123\"},{\"id\":\"000000124\"},{\"id\":\"000000125\"},{\"id\":\"000000126\"},{\"id\":\"000000127\"},{\"id\":\"000000128\"},{\"id\":\"000000129\"},{\"id\":\"000000131\"},{\"id\":\"000000132\"},{\"id\":\"000000133\"},{\"id\":\"000000134\"},{\"id\":\"000000135\"},{\"id\":\"000000136\"},{\"id\":\"000000137\"},{\"id\":\"000000138\"},{\"id\":\"000000139\"},{\"id\":\"000000140\"},{\"id\":\"000000141\"},{\"id\":\"000000142\"},{\"id\":\"000000143\"}]}]');

-- --------------------------------------------------------

--
-- Table structure for table `size`
--

DROP TABLE IF EXISTS `size`;
CREATE TABLE `size` (
  `id` varchar(9) CHARACTER SET utf8 COLLATE utf8_unicode_ci NOT NULL,
  `title` tinytext CHARACTER SET utf8 COLLATE utf8_unicode_ci NOT NULL
) ENGINE=MyISAM DEFAULT CHARSET=utf8mb3 COLLATE=utf8_unicode_ci;

--
-- Dumping data for table `size`
--

INSERT INTO `size` (`id`, `title`) VALUES
('000000002', 'XXL'),
('000000001', 'XXXL');

-- --------------------------------------------------------

--
-- Table structure for table `stock_balance`
--

DROP TABLE IF EXISTS `stock_balance`;
CREATE TABLE `stock_balance` (
  `product_id` varchar(12) CHARACTER SET utf8 COLLATE utf8_unicode_ci NOT NULL,
  `rest` int NOT NULL DEFAULT '0',
  `size` varchar(255) CHARACTER SET utf8 COLLATE utf8_unicode_ci NOT NULL,
  `store_id` varchar(9) CHARACTER SET utf8 COLLATE utf8_unicode_ci NOT NULL
) ENGINE=MyISAM DEFAULT CHARSET=utf8mb3 COLLATE=utf8_unicode_ci ROW_FORMAT=DYNAMIC;

--
-- Dumping data for table `stock_balance`
--

INSERT INTO `stock_balance` (`product_id`, `rest`, `size`, `store_id`) VALUES
('000000000002', 1, '', '000000004'),
('000000000002', 10, '', '000000002'),
('000000000002', 3, '', '000000003'),
('000000000003', 8, '', '000000005'),
('000000000004', 6, '', '000000002'),
('000000000004', 4, '', '000000003'),
('000000000004', 2, '', '000000004'),
('000000000005', 15, '', '000000002'),
('000000000005', 38, '', '000000003'),
('000000000005', 42, '', '000000004'),
('000000000006', 30, '', '000000002'),
('000000000006', 14, '', '000000003'),
('000000000006', 69, '', '000000004'),
('000000000001', 0, '', '000000002'),
('000000000001', 0, '', '000000003'),
('000000000001', 0, '', '000000004'),
('000000000007', 10, '', '000000005'),
('000000000012', 50, '', '000000007'),
('000000000013', 20, '', '000000007'),
('000000000014', 15, '', '000000007'),
('000000000015', 5, '', '000000007'),
('000000000017', 5, '', '000000007'),
('000000000018', 9, '', '000000002'),
('000000000019', 2, '', '000000002'),
('000000000020', 4, '', '000000002'),
('000000000021', 1, '', '000000002'),
('000000000022', 12, '', '000000007'),
('000000000023', 6, '', '000000007'),
('000000000024', 7, '', '000000005'),
('000000000025', 6, '', '000000005'),
('000000000026', 4, '', '000000005'),
('000000000027', 3, '', '000000005'),
('000000000028', 11, '', '000000007'),
('000000000029', 2, '', '000000007'),
('000000000030', 22, '', '000000002'),
('000000000031', 6, '', '000000007'),
('000000000032', 1, '', '000000007'),
('000000000016', 100, '', '000000001'),
('000000000033', 0, '', '000000002'),
('000000000033', 0, '', '000000003'),
('000000000033', 0, '', '000000004'),
('000000000007', 0, '', '000000007'),
('000000000008', 0, '', '000000007'),
('000000000009', 0, '', '000000007'),
('000000000010', 0, '', '000000007'),
('000000000011', 0, '', '000000007'),
('000000000036', 100, '', '000000008');

-- --------------------------------------------------------

--
-- Table structure for table `store`
--

DROP TABLE IF EXISTS `store`;
CREATE TABLE `store` (
  `id` varchar(9) CHARACTER SET utf8 COLLATE utf8_unicode_ci NOT NULL,
  `provider_id` varchar(6) CHARACTER SET utf8 COLLATE utf8_unicode_ci NOT NULL,
  `title` text CHARACTER SET utf8 COLLATE utf8_unicode_ci NOT NULL,
  `description` text CHARACTER SET utf8 COLLATE utf8_unicode_ci NOT NULL,
  `address` text CHARACTER SET utf8 COLLATE utf8_unicode_ci NOT NULL,
  `geox` text CHARACTER SET utf8 COLLATE utf8_unicode_ci NOT NULL,
  `geoy` text CHARACTER SET utf8 COLLATE utf8_unicode_ci NOT NULL,
  `icon` text CHARACTER SET utf8 COLLATE utf8_unicode_ci NOT NULL
) ENGINE=MyISAM DEFAULT CHARSET=utf8mb3 COLLATE=utf8_unicode_ci;

--
-- Dumping data for table `store`
--

INSERT INTO `store` (`id`, `provider_id`, `title`, `description`, `address`, `geox`, `geoy`, `icon`) VALUES
('000000007', '00005', 'DNS Москва «Афимолл Сити»', '', 'РОССИЯ, 123112, Москва г, наб Пресненская, д. 2, соор. 1', '55.748359', '37.539473', ''),
('000000002', '00003', 'Магазин 1 (Барамба)', '4 этаж ТЦ', 'РОССИЯ, 109369, Москва г, ул Люблинская, д. 96', '55.657123', '37.739375', ''),
('000000003', '00003', 'Магазин 2 (Барамба)', '3 этаж ТЦ', 'РОССИЯ, 127576, Москва г, ул Абрамцевская, д. 3Б', '55.895247', '37.57195', ''),
('000000004', '00003', 'Магазин 3 (Барамба)', '2 этаж ТЦ', 'РОССИЯ, 121170, Москва г, пр-кт Кутузовский, д. 53', '55.72993', '37.496337', ''),
('000000005', '00004', 'На Волгоградке (м-видео)', 'вход со двора', 'РОССИЯ, 109316, Москва г, пр-кт Волгоградский, д. 32А', '55.721462', '37.697468', ''),
('000000001', '00001', 'Ситилинк (ул. 5-я кожуховская)', 'вход через арку', 'РОССИЯ, 115193, Москва г, ул Петра Романова, д. 20', '55.704362', '37.683324', ''),
('000000008', '00006', 'Спортмастер \"На Кожуховской\"', '', 'РОССИЯ, 115432, Москва г, ул 5-я Кожуховская, д. 8, стр. 2', '55.704571', '37.66451', ''),
('000000009', '00002', '\"На Дубровке\"', '', 'РОССИЯ, 115088, Москва г, ул 1-я Машиностроения, д. 5', '55.715145', '37.673834', ''),
('000000010', '00004', 'Люберецкий', '', 'РОССИЯ, 140007, Московская обл, г Люберцы, ул Ленина, д. 25', '55.693474', '37.875408', '');

-- --------------------------------------------------------

--
-- Table structure for table `user`
--

DROP TABLE IF EXISTS `user`;
CREATE TABLE `user` (
  `id` bigint NOT NULL,
  `user_id` varchar(12) CHARACTER SET utf8 COLLATE utf8_unicode_ci DEFAULT NULL,
  `name` tinytext CHARACTER SET utf8 COLLATE utf8_unicode_ci NOT NULL,
  `phone` bigint DEFAULT NULL,
  `email` varchar(255) CHARACTER SET utf8 COLLATE utf8_unicode_ci DEFAULT NULL,
  `email_confirmed` tinyint(1) NOT NULL DEFAULT '0',
  `timestamp` timestamp NOT NULL DEFAULT CURRENT_TIMESTAMP ON UPDATE CURRENT_TIMESTAMP
) ENGINE=InnoDB DEFAULT CHARSET=utf8mb3 COLLATE=utf8_unicode_ci;

--
-- Dumping data for table `user`
--

INSERT INTO `user` (`id`, `user_id`, `name`, `phone`, `email`, `email_confirmed`) VALUES
(1, NULL, '', NULL, NULL, 0),
(2, NULL, '', NULL, NULL, 0),
(3, NULL, '', NULL, NULL, 0),
(4, NULL, '', NULL, NULL, 0),
(5, NULL, '', NULL, NULL, 0),
(6, NULL, '', NULL, NULL, 0),
(7, NULL, '', NULL, NULL, 0),
(8, NULL, '', NULL, NULL, 0),
(9, NULL, '', NULL, NULL, 0),
(10, NULL, '', NULL, NULL, 0),
(11, NULL, '', NULL, NULL, 0),
(12, NULL, '', NULL, NULL, 0),
(13, NULL, '', NULL, NULL, 0),
(14, NULL, '', NULL, NULL, 0),
(15, NULL, '', NULL, NULL, 0),
(16, NULL, '', NULL, NULL, 0),
(17, NULL, '', NULL, NULL, 0),
(18, NULL, '', NULL, NULL, 0),
(19, NULL, '', NULL, NULL, 0),
(20, NULL, '', NULL, NULL, 0),
(21, NULL, '', NULL, NULL, 0),
(22, NULL, '', NULL, NULL, 0),
(23, NULL, '', NULL, NULL, 0),
(24, NULL, '', NULL, NULL, 0),
(25, NULL, '', NULL, NULL, 0),
(26, NULL, '', NULL, NULL, 0),
(27, NULL, '', NULL, NULL, 0),
(28, NULL, '', NULL, NULL, 0),
(29, NULL, '', NULL, NULL, 0),
(30, NULL, '', NULL, NULL, 0),
(31, NULL, '', NULL, NULL, 0),
(32, NULL, '', NULL, NULL, 0),
(33, NULL, '', NULL, NULL, 0),
(34, NULL, '', NULL, NULL, 0),
(35, NULL, '', NULL, NULL, 0),
(36, NULL, '', NULL, NULL, 0),
(37, NULL, '', NULL, NULL, 0),
(38, NULL, '', NULL, NULL, 0),
(39, NULL, '', NULL, NULL, 0),
(40, NULL, '', NULL, NULL, 0),
(41, NULL, '', NULL, NULL, 0),
(42, NULL, '', NULL, NULL, 0),
(43, NULL, '', NULL, NULL, 0),
(45, NULL, '', NULL, NULL, 0),
(46, NULL, '', NULL, NULL, 0),
(47, NULL, '', NULL, NULL, 0),
(48, NULL, '', NULL, NULL, 0),
(49, NULL, '', NULL, NULL, 0),
(50, '000000004', 'Дмитрий Длиинофамильный-Северный', 79132146666, NULL, 0),
(51, NULL, '', NULL, NULL, 0),
(52, NULL, '', NULL, NULL, 0),
(53, NULL, '', NULL, NULL, 0),
(54, NULL, '', NULL, NULL, 0),
(55, NULL, '', NULL, NULL, 0),
(56, NULL, '', NULL, NULL, 0),
(57, NULL, '', NULL, NULL, 0),
(58, NULL, '', NULL, NULL, 0),
(59, NULL, '', NULL, NULL, 0),
(60, NULL, '', NULL, NULL, 0),
(61, NULL, '', NULL, NULL, 0),
(62, NULL, '', NULL, NULL, 0),
(63, NULL, '', NULL, NULL, 0),
(64, NULL, '', NULL, NULL, 0),
(65, NULL, '', NULL, NULL, 0),
(66, NULL, '', NULL, NULL, 0),
(67, NULL, '', NULL, NULL, 0),
(68, NULL, '', NULL, NULL, 0),
(69, NULL, '', NULL, NULL, 0),
(70, NULL, '', NULL, NULL, 0),
(71, NULL, '', NULL, NULL, 0),
(72, NULL, '', NULL, NULL, 0),
(73, NULL, '', NULL, NULL, 0),
(74, NULL, '', NULL, NULL, 0),
(75, NULL, '', NULL, NULL, 0),
(76, NULL, '', NULL, NULL, 0),
(77, NULL, '', NULL, NULL, 0),
(78, NULL, '', NULL, NULL, 0),
(79, NULL, '', NULL, NULL, 0),
(80, NULL, '', NULL, NULL, 0),
(81, NULL, '', NULL, NULL, 0),
(82, NULL, '', NULL, NULL, 0),
(83, NULL, '', NULL, NULL, 0),
(84, NULL, '', NULL, NULL, 0),
(85, NULL, '', NULL, NULL, 0),
(86, NULL, '', NULL, NULL, 0),
(87, NULL, '', NULL, NULL, 0),
(88, NULL, '', NULL, NULL, 0),
(89, NULL, '', NULL, NULL, 0),
(90, NULL, '', NULL, NULL, 0),
(91, NULL, '', NULL, NULL, 0),
(92, NULL, '', NULL, NULL, 0),
(93, NULL, '', NULL, NULL, 0),
(94, NULL, '', NULL, NULL, 0),
(95, NULL, '', NULL, NULL, 0),
(96, NULL, '', NULL, NULL, 0),
(97, NULL, '', NULL, NULL, 0),
(98, NULL, '', NULL, NULL, 0),
(99, NULL, '', NULL, NULL, 0),
(100, NULL, '', NULL, NULL, 0),
(101, NULL, '', NULL, NULL, 0),
(102, NULL, '', NULL, NULL, 0),
(103, NULL, '', NULL, NULL, 0),
(104, NULL, '', NULL, NULL, 0),
(105, NULL, '', NULL, NULL, 0),
(106, NULL, '', NULL, NULL, 0),
(107, NULL, '', NULL, NULL, 0),
(108, NULL, '', NULL, NULL, 0),
(109, NULL, '', NULL, NULL, 0),
(110, NULL, '', NULL, NULL, 0),
(111, NULL, '', NULL, NULL, 0),
(112, NULL, '', NULL, NULL, 0),
(113, NULL, '', NULL, NULL, 0),
(114, NULL, '', NULL, NULL, 0),
(115, NULL, '', NULL, NULL, 0),
(116, NULL, '', NULL, NULL, 0),
(117, NULL, '', NULL, NULL, 0),
(118, NULL, '', NULL, NULL, 0),
(119, NULL, '', NULL, NULL, 0),
(120, NULL, '', NULL, NULL, 0),
(121, NULL, '', NULL, NULL, 0),
(122, NULL, '', NULL, NULL, 0),
(123, NULL, '', NULL, NULL, 0),
(124, NULL, '', NULL, NULL, 0),
(125, NULL, '', NULL, NULL, 0),
(126, NULL, '', NULL, NULL, 0),
(127, NULL, '', NULL, NULL, 0),
(128, NULL, '', NULL, NULL, 0),
(129, NULL, '', NULL, NULL, 0),
(130, NULL, '', NULL, NULL, 0),
(131, NULL, '', NULL, NULL, 0),
(132, NULL, '', NULL, NULL, 0),
(133, NULL, '', NULL, NULL, 0),
(134, NULL, '', NULL, NULL, 0),
(135, NULL, '', NULL, NULL, 0),
(136, NULL, '', NULL, NULL, 0),
(137, NULL, '', NULL, NULL, 0),
(138, NULL, '', NULL, NULL, 0),
(139, NULL, '', NULL, NULL, 0),
(140, NULL, '', NULL, NULL, 0),
(141, NULL, '', NULL, NULL, 0),
(142, NULL, '', NULL, NULL, 0),
(143, NULL, '', NULL, NULL, 0),
(144, NULL, '', NULL, NULL, 0),
(145, NULL, '', NULL, NULL, 0),
(146, NULL, '', NULL, NULL, 0),
(147, NULL, '', NULL, NULL, 0),
(148, NULL, '', NULL, NULL, 0),
(149, NULL, '', NULL, NULL, 0),
(150, NULL, '', NULL, NULL, 0),
(151, NULL, '', NULL, NULL, 0),
(152, NULL, '', NULL, NULL, 0),
(153, NULL, '', NULL, NULL, 0),
(154, NULL, '', NULL, NULL, 0),
(155, NULL, '', NULL, NULL, 0),
(156, NULL, '', NULL, NULL, 0),
(157, NULL, '', NULL, NULL, 0),
(158, NULL, '', NULL, NULL, 0),
(159, NULL, '', NULL, NULL, 0),
(160, NULL, '', NULL, NULL, 0),
(161, NULL, '', NULL, NULL, 0),
(162, NULL, '', NULL, NULL, 0),
(163, NULL, '', NULL, NULL, 0),
(164, NULL, '', NULL, NULL, 0),
(165, NULL, '', NULL, NULL, 0),
(166, NULL, '', NULL, NULL, 0),
(167, NULL, '', NULL, NULL, 0),
(168, NULL, '', NULL, NULL, 0),
(169, NULL, '', NULL, NULL, 0),
(170, NULL, '', NULL, NULL, 0),
(171, NULL, '', NULL, NULL, 0),
(172, NULL, '', NULL, NULL, 0),
(173, NULL, '', NULL, NULL, 0),
(174, NULL, '', NULL, NULL, 0),
(175, NULL, '', NULL, NULL, 0),
(176, NULL, '', NULL, NULL, 0),
(177, NULL, '', NULL, NULL, 0),
(178, NULL, '', NULL, NULL, 0),
(179, NULL, '', NULL, NULL, 0),
(180, NULL, '', NULL, NULL, 0),
(181, NULL, '', NULL, NULL, 0),
(182, NULL, '', NULL, NULL, 0),
(183, NULL, '', NULL, NULL, 0),
(184, NULL, '', NULL, NULL, 0),
(185, NULL, '', NULL, NULL, 0),
(186, NULL, '', NULL, NULL, 0),
(187, NULL, '', NULL, NULL, 0),
(188, NULL, '', NULL, NULL, 0),
(189, NULL, '', NULL, NULL, 0),
(190, NULL, '', NULL, NULL, 0),
(191, NULL, '', NULL, NULL, 0),
(192, NULL, '', NULL, NULL, 0),
(193, NULL, '', NULL, NULL, 0),
(194, NULL, '', NULL, NULL, 0),
(195, NULL, '', NULL, NULL, 0),
(196, NULL, '', NULL, NULL, 0),
(197, NULL, '', NULL, NULL, 0),
(198, NULL, '', NULL, NULL, 0),
(199, NULL, '', NULL, NULL, 0),
(200, NULL, '', NULL, NULL, 0),
(201, NULL, '', NULL, NULL, 0),
(202, NULL, '', NULL, NULL, 0),
(203, NULL, '', NULL, NULL, 0),
(204, NULL, '', NULL, NULL, 0),
(205, NULL, '', NULL, NULL, 0),
(206, NULL, '', NULL, NULL, 0),
(207, NULL, '', NULL, NULL, 0),
(208, NULL, '', NULL, NULL, 0),
(209, NULL, '', NULL, NULL, 0),
(210, NULL, '', NULL, NULL, 0),
(211, NULL, '', NULL, NULL, 0),
(212, NULL, '', NULL, NULL, 0),
(213, NULL, '', NULL, NULL, 0),
(214, NULL, '', NULL, NULL, 0),
(215, NULL, '', NULL, NULL, 0),
(216, NULL, '', NULL, NULL, 0),
(217, NULL, '', NULL, NULL, 0),
(218, NULL, '', NULL, NULL, 0),
(219, NULL, '', NULL, NULL, 0),
(220, NULL, '', NULL, NULL, 0),
(221, NULL, '', NULL, NULL, 0),
(222, NULL, '', NULL, NULL, 0),
(223, NULL, '', NULL, NULL, 0),
(224, NULL, '', NULL, NULL, 0),
(225, NULL, '', NULL, NULL, 0),
(226, NULL, '', NULL, NULL, 0),
(227, NULL, '', NULL, NULL, 0),
(228, NULL, '', NULL, NULL, 0),
(229, NULL, '', NULL, NULL, 0),
(230, NULL, '', NULL, NULL, 0),
(231, NULL, '', NULL, NULL, 0),
(232, NULL, '', NULL, NULL, 0),
(233, NULL, '', NULL, NULL, 0),
(234, NULL, '', NULL, NULL, 0),
(235, NULL, '', NULL, NULL, 0),
(236, NULL, '', NULL, NULL, 0),
(237, NULL, '', NULL, NULL, 0),
(238, NULL, '', NULL, NULL, 0),
(239, NULL, '', NULL, NULL, 0),
(240, NULL, '', NULL, NULL, 0),
(241, NULL, '', NULL, NULL, 0),
(242, NULL, '', NULL, NULL, 0),
(243, NULL, '', NULL, NULL, 0),
(244, NULL, '', NULL, NULL, 0),
(245, NULL, '', NULL, NULL, 0),
(246, NULL, '', NULL, NULL, 0),
(247, NULL, '', NULL, NULL, 0),
(248, NULL, '', NULL, NULL, 0),
(249, NULL, '', NULL, NULL, 0),
(250, NULL, '', NULL, NULL, 0),
(251, NULL, '', NULL, NULL, 0),
(252, NULL, '', NULL, NULL, 0),
(253, NULL, '', NULL, NULL, 0),
(254, NULL, '', NULL, NULL, 0),
(255, NULL, '', NULL, NULL, 0),
(256, NULL, '', NULL, NULL, 0),
(257, NULL, '', NULL, NULL, 0),
(258, NULL, '', NULL, NULL, 0),
(259, NULL, '', NULL, NULL, 0),
(260, NULL, '', NULL, NULL, 0),
(261, NULL, '', NULL, NULL, 0),
(262, NULL, '', NULL, NULL, 0),
(263, NULL, '', NULL, NULL, 0),
(264, NULL, '', NULL, NULL, 0),
(265, NULL, '', NULL, NULL, 0),
(266, NULL, '', NULL, NULL, 0),
(267, NULL, '', NULL, NULL, 0),
(268, NULL, '', NULL, NULL, 0),
(269, NULL, '', NULL, NULL, 0),
(270, NULL, '', NULL, NULL, 0),
(271, NULL, '', NULL, NULL, 0),
(272, NULL, '', NULL, NULL, 0),
(273, NULL, '', NULL, NULL, 0),
(274, NULL, '', NULL, NULL, 0),
(275, NULL, '', NULL, NULL, 0),
(276, NULL, '', NULL, NULL, 0),
(277, NULL, '', NULL, NULL, 0),
(278, NULL, '', NULL, NULL, 0),
(279, NULL, '', NULL, NULL, 0),
(280, NULL, '', NULL, NULL, 0),
(281, NULL, '', NULL, NULL, 0),
(282, NULL, '', NULL, NULL, 0),
(283, NULL, '', NULL, NULL, 0),
(284, NULL, '', NULL, NULL, 0),
(285, NULL, '', NULL, NULL, 0),
(286, NULL, '', NULL, NULL, 0),
(287, NULL, '', NULL, NULL, 0),
(288, NULL, '', NULL, NULL, 0),
(289, NULL, '', NULL, NULL, 0),
(290, NULL, '', NULL, NULL, 0),
(291, NULL, '', NULL, NULL, 0),
(292, NULL, '', NULL, NULL, 0),
(293, NULL, '', NULL, NULL, 0),
(294, NULL, '', NULL, NULL, 0),
(295, NULL, '', NULL, NULL, 0),
(296, NULL, '', NULL, NULL, 0),
(297, NULL, '', NULL, NULL, 0),
(298, NULL, '', NULL, NULL, 0),
(299, NULL, '', NULL, NULL, 0),
(300, NULL, '', NULL, NULL, 0),
(301, NULL, '', NULL, NULL, 0),
(302, NULL, '', NULL, NULL, 0),
(303, NULL, '', NULL, NULL, 0),
(304, NULL, '', NULL, NULL, 0),
(305, NULL, '', NULL, NULL, 0),
(306, NULL, '', NULL, NULL, 0),
(307, NULL, '', NULL, NULL, 0),
(308, NULL, '', NULL, NULL, 0),
(309, NULL, '', NULL, NULL, 0),
(310, NULL, '', NULL, NULL, 0),
(311, NULL, '', NULL, NULL, 0),
(312, NULL, '', NULL, NULL, 0),
(313, NULL, '', NULL, NULL, 0),
(314, NULL, '', NULL, NULL, 0),
(315, NULL, '', NULL, NULL, 0),
(316, NULL, '', NULL, NULL, 0),
(317, NULL, '', NULL, NULL, 0),
(318, NULL, '', NULL, NULL, 0),
(319, NULL, '', NULL, NULL, 0),
(320, NULL, '', NULL, NULL, 0),
(321, NULL, '', NULL, NULL, 0),
(322, NULL, '', NULL, NULL, 0),
(323, NULL, '', NULL, NULL, 0),
(324, NULL, '', NULL, NULL, 0),
(325, NULL, '', NULL, NULL, 0),
(326, NULL, '', NULL, NULL, 0),
(327, NULL, '', NULL, NULL, 0),
(328, NULL, '', NULL, NULL, 0),
(329, NULL, '', NULL, NULL, 0),
(330, NULL, '', NULL, NULL, 0),
(331, NULL, '', NULL, NULL, 0),
(332, NULL, '', NULL, NULL, 0),
(333, NULL, '', NULL, NULL, 0),
(334, NULL, '', NULL, NULL, 0),
(335, NULL, '', NULL, NULL, 0),
(336, NULL, '', NULL, NULL, 0),
(337, NULL, '', NULL, NULL, 0),
(338, NULL, '', NULL, NULL, 0),
(339, NULL, '', NULL, NULL, 0),
(340, NULL, '', NULL, NULL, 0),
(342, NULL, '', NULL, NULL, 0),
(343, NULL, '', NULL, NULL, 0),
(344, NULL, '', NULL, NULL, 0),
(345, NULL, '', NULL, NULL, 0),
(346, NULL, '', NULL, NULL, 0),
(347, NULL, '', NULL, NULL, 0),
(348, NULL, '', NULL, NULL, 0),
(349, NULL, '', NULL, NULL, 0),
(350, NULL, '', NULL, NULL, 0),
(351, NULL, '', NULL, NULL, 0),
(352, NULL, '', NULL, NULL, 0),
(353, NULL, '', NULL, NULL, 0),
(354, NULL, '', NULL, NULL, 0),
(355, NULL, '', NULL, NULL, 0),
(356, NULL, '', NULL, NULL, 0),
(357, NULL, '', NULL, NULL, 0),
(358, NULL, '', NULL, NULL, 0),
(359, NULL, '', NULL, NULL, 0),
(360, NULL, '', NULL, NULL, 0),
(361, NULL, '', NULL, NULL, 0),
(362, NULL, '', NULL, NULL, 0),
(363, NULL, '', NULL, NULL, 0),
(364, NULL, '', NULL, NULL, 0),
(365, NULL, '', NULL, NULL, 0),
(366, NULL, '', NULL, NULL, 0),
(367, NULL, '', NULL, NULL, 0),
(368, NULL, '', NULL, NULL, 0),
(369, NULL, '', NULL, NULL, 0),
(370, NULL, '', NULL, NULL, 0),
(371, NULL, '', NULL, NULL, 0),
(372, NULL, '', NULL, NULL, 0),
(373, NULL, '', NULL, NULL, 0),
(374, NULL, '', NULL, NULL, 0),
(375, NULL, '', NULL, NULL, 0),
(376, NULL, '', NULL, NULL, 0),
(377, NULL, '', NULL, NULL, 0),
(378, NULL, '', NULL, NULL, 0),
(379, NULL, '', NULL, NULL, 0),
(380, NULL, '', NULL, NULL, 0),
(381, NULL, '', NULL, NULL, 0),
(382, NULL, '', NULL, NULL, 0),
(383, NULL, '', NULL, NULL, 0),
(384, NULL, '', NULL, NULL, 0),
(385, NULL, '', NULL, NULL, 0),
(386, NULL, '', NULL, NULL, 0),
(387, NULL, '', NULL, NULL, 0),
(388, NULL, '', NULL, NULL, 0),
(389, NULL, '', NULL, NULL, 0),
(390, NULL, '', NULL, NULL, 0),
(391, NULL, '', NULL, NULL, 0),
(392, NULL, '', NULL, NULL, 0),
(393, NULL, '', NULL, NULL, 0),
(394, NULL, '', NULL, NULL, 0),
(395, NULL, '', NULL, NULL, 0),
(396, NULL, '', NULL, NULL, 0),
(397, NULL, '', NULL, NULL, 0),
(398, NULL, '', NULL, NULL, 0),
(399, NULL, '', NULL, NULL, 0),
(400, NULL, '', NULL, NULL, 0),
(401, NULL, '', NULL, NULL, 0),
(402, NULL, '', NULL, NULL, 0),
(403, NULL, '', NULL, NULL, 0),
(404, NULL, '', NULL, NULL, 0),
(405, NULL, '', NULL, NULL, 0),
(406, NULL, '', NULL, NULL, 0),
(407, NULL, '', NULL, NULL, 0),
(408, NULL, '', NULL, NULL, 0),
(409, NULL, '', NULL, NULL, 0),
(410, NULL, '', NULL, NULL, 0),
(411, NULL, '', NULL, NULL, 0),
(412, NULL, '', NULL, NULL, 0),
(413, NULL, '', NULL, NULL, 0),
(414, NULL, '', NULL, NULL, 0),
(415, NULL, '', NULL, NULL, 0),
(416, NULL, '', NULL, NULL, 0),
(417, NULL, '', NULL, NULL, 0),
(418, NULL, '', NULL, NULL, 0),
(419, NULL, '', NULL, NULL, 0),
(420, NULL, '', NULL, NULL, 0),
(421, NULL, '', NULL, NULL, 0),
(422, NULL, '', NULL, NULL, 0),
(423, NULL, '', NULL, NULL, 0),
(424, NULL, '', NULL, NULL, 0),
(425, NULL, '', NULL, NULL, 0),
(426, NULL, '', NULL, NULL, 0),
(427, NULL, '', NULL, NULL, 0),
(428, NULL, '', NULL, NULL, 0),
(429, NULL, '', NULL, NULL, 0),
(430, NULL, '', NULL, NULL, 0),
(431, NULL, '', NULL, NULL, 0),
(432, NULL, '', NULL, NULL, 0),
(433, NULL, '', NULL, NULL, 0),
(434, NULL, '', NULL, NULL, 0),
(435, NULL, '', NULL, NULL, 0),
(436, NULL, '', NULL, NULL, 0),
(437, NULL, '', NULL, NULL, 0),
(438, NULL, '', NULL, NULL, 0),
(439, NULL, '', NULL, NULL, 0),
(440, NULL, '', NULL, NULL, 0),
(441, NULL, '', NULL, NULL, 0),
(442, NULL, '', NULL, NULL, 0),
(443, NULL, '', NULL, NULL, 0),
(444, NULL, '', NULL, NULL, 0),
(445, NULL, '', NULL, NULL, 0),
(446, NULL, '', NULL, NULL, 0),
(447, NULL, '', NULL, NULL, 0),
(448, NULL, '', NULL, NULL, 0),
(449, NULL, '', NULL, NULL, 0),
(450, NULL, '', NULL, NULL, 0),
(451, NULL, '', NULL, NULL, 0),
(452, NULL, '', NULL, NULL, 0),
(453, NULL, '', NULL, NULL, 0),
(454, NULL, '', NULL, NULL, 0),
(455, NULL, '', NULL, NULL, 0),
(456, NULL, '', NULL, NULL, 0),
(457, NULL, '', NULL, NULL, 0),
(459, NULL, '', NULL, NULL, 0),
(460, NULL, '', NULL, NULL, 0),
(461, NULL, '', NULL, NULL, 0),
(462, NULL, '', NULL, NULL, 0),
(463, NULL, '', NULL, NULL, 0),
(464, NULL, '', NULL, NULL, 0),
(465, NULL, '', NULL, NULL, 0),
(466, NULL, '', NULL, NULL, 0),
(467, NULL, '', NULL, NULL, 0),
(468, NULL, '', NULL, NULL, 0),
(469, NULL, '', NULL, NULL, 0),
(471, NULL, '', NULL, NULL, 0),
(472, NULL, '', NULL, NULL, 0),
(473, NULL, '', NULL, NULL, 0),
(474, NULL, '', NULL, NULL, 0),
(475, NULL, '', NULL, NULL, 0),
(476, NULL, '', NULL, NULL, 0),
(477, NULL, '', NULL, NULL, 0),
(478, NULL, '', NULL, NULL, 0),
(479, NULL, '', NULL, NULL, 0),
(480, NULL, '', NULL, NULL, 0),
(481, NULL, '', NULL, NULL, 0),
(482, NULL, '', NULL, NULL, 0),
(483, NULL, '', NULL, NULL, 0),
(484, NULL, '', NULL, NULL, 0),
(485, NULL, '', NULL, NULL, 0),
(486, NULL, '', NULL, NULL, 0),
(487, NULL, '', NULL, NULL, 0),
(488, NULL, '', NULL, NULL, 0),
(489, NULL, '', NULL, NULL, 0),
(490, NULL, '', NULL, NULL, 0),
(491, NULL, '', NULL, NULL, 0),
(492, NULL, '', NULL, NULL, 0),
(493, NULL, '', NULL, NULL, 0),
(494, NULL, '', NULL, NULL, 0),
(495, NULL, '', NULL, NULL, 0),
(496, NULL, '', NULL, NULL, 0),
(497, '000000034', 'asdf', 79185356029, NULL, 0),
(498, NULL, '', NULL, NULL, 0),
(499, NULL, '', NULL, NULL, 0),
(500, NULL, '', NULL, NULL, 0),
(501, NULL, '', NULL, NULL, 0),
(502, NULL, '', NULL, NULL, 0),
(503, NULL, '', NULL, NULL, 0),
(504, NULL, '', NULL, NULL, 0),
(505, NULL, '', NULL, NULL, 0),
(506, NULL, '', NULL, NULL, 0),
(507, NULL, '', NULL, NULL, 0),
(508, NULL, '', NULL, NULL, 0),
(509, NULL, '', NULL, NULL, 0),
(510, NULL, '', NULL, NULL, 0),
(511, NULL, '', NULL, NULL, 0),
(512, NULL, '', NULL, NULL, 0),
(513, NULL, '', NULL, NULL, 0),
(514, NULL, '', NULL, NULL, 0),
(515, NULL, '', NULL, NULL, 0),
(516, NULL, '', NULL, NULL, 0),
(517, NULL, '', NULL, NULL, 0),
(518, NULL, '', NULL, NULL, 0),
(519, '000000021', 'asdf', 79253141247, NULL, 0),
(520, '000000033', 'SVZ', 79099768770, NULL, 0),
(521, '000000023', 'яя', 79629923932, NULL, 0),
(522, NULL, '', NULL, NULL, 0),
(523, NULL, '', NULL, NULL, 0),
(524, NULL, '', NULL, NULL, 0),
(525, NULL, '', NULL, NULL, 0),
(526, NULL, '', NULL, NULL, 0),
(527, NULL, '', NULL, NULL, 0),
(528, NULL, '', NULL, NULL, 0),
(529, NULL, '', NULL, NULL, 0),
(530, NULL, '', NULL, NULL, 0),
(531, NULL, '', NULL, NULL, 0),
(532, NULL, '', NULL, NULL, 0),
(533, NULL, '', NULL, NULL, 0),
(534, NULL, '', NULL, NULL, 0),
(535, NULL, '', NULL, NULL, 0),
(536, NULL, '', NULL, NULL, 0),
(537, NULL, '', NULL, NULL, 0),
(538, NULL, '', NULL, NULL, 0),
(539, NULL, '', NULL, NULL, 0),
(540, NULL, '', NULL, NULL, 0),
(541, NULL, '', NULL, NULL, 0),
(542, NULL, '', NULL, NULL, 0),
(543, NULL, '', NULL, NULL, 0),
(544, NULL, '', NULL, NULL, 0),
(545, NULL, '', NULL, NULL, 0),
(546, NULL, '', NULL, NULL, 0),
(547, NULL, '', NULL, NULL, 0),
(548, NULL, '', NULL, NULL, 0),
(549, NULL, '', NULL, NULL, 0),
(550, NULL, '', NULL, NULL, 0),
(551, NULL, '', NULL, NULL, 0),
(552, NULL, '', NULL, NULL, 0),
(553, NULL, '', NULL, NULL, 0),
(554, NULL, '', NULL, NULL, 0),
(555, NULL, '', NULL, NULL, 0),
(556, NULL, '', NULL, NULL, 0),
(557, NULL, '', NULL, NULL, 0),
(558, NULL, '', NULL, NULL, 0),
(559, NULL, '', NULL, NULL, 0),
(560, NULL, '', NULL, NULL, 0),
(561, NULL, '', NULL, NULL, 0),
(562, NULL, '', NULL, NULL, 0),
(563, NULL, '', NULL, NULL, 0),
(564, NULL, '', NULL, NULL, 0),
(565, NULL, '', NULL, NULL, 0),
(566, NULL, '', NULL, NULL, 0),
(567, NULL, '', NULL, NULL, 0),
(568, NULL, '', NULL, NULL, 0),
(569, NULL, '', NULL, NULL, 0),
(570, NULL, '', NULL, NULL, 0),
(571, NULL, '', NULL, NULL, 0),
(572, NULL, '', NULL, NULL, 0),
(573, NULL, '', NULL, NULL, 0),
(574, NULL, '', NULL, NULL, 0);

-- --------------------------------------------------------

--
-- Table structure for table `user_data`
--

DROP TABLE IF EXISTS `user_data`;
CREATE TABLE `user_data` (
  `user_id` int DEFAULT NULL,
  `address` text CHARACTER SET utf8 COLLATE utf8_unicode_ci,
  `geodata` text CHARACTER SET utf8 COLLATE utf8_unicode_ci,
  `timestamp` timestamp NOT NULL DEFAULT CURRENT_TIMESTAMP ON UPDATE CURRENT_TIMESTAMP,
  `fias_id` varchar(36) CHARACTER SET utf8 COLLATE utf8_unicode_ci DEFAULT NULL,
  `fias_level` int DEFAULT NULL,
  `time` int NOT NULL
) ENGINE=MyISAM DEFAULT CHARSET=utf8mb3 COLLATE=utf8_unicode_ci;

--
-- Dumping data for table `user_data`
--

INSERT INTO `user_data` (`user_id`, `address`, `geodata`, `timestamp`, `fias_id`, `fias_level`, `time`) VALUES
(186, 'г Москва, ул Шаболовка, д 37 стр 2, кв 2', '{\"value\":\"г Москва, ул Шаболовка, д 37 стр 2, кв 2\",\"unrestricted_value\":\"115162, г Москва, Донской р-н, ул Шаболовка, д 37 стр 2, кв 2\",\"data\":{\"postal_code\":\"115162\",\"country\":\"Россия\",\"country_iso_code\":\"RU\",\"federal_district\":\"Центральный\",\"region_fias_id\":\"0c5b2444-70a0-4932-980c-b4dc0d3f02b5\",\"region_kladr_id\":\"7700000000000\",\"region_iso_code\":\"RU-MOW\",\"region_with_type\":\"г Москва\",\"region_type\":\"г\",\"region_type_full\":\"город\",\"region\":\"Москва\",\"area_fias_id\":null,\"area_kladr_id\":null,\"area_with_type\":null,\"area_type\":null,\"area_type_full\":null,\"area\":null,\"city_fias_id\":\"0c5b2444-70a0-4932-980c-b4dc0d3f02b5\",\"city_kladr_id\":\"7700000000000\",\"city_with_type\":\"г Москва\",\"city_type\":\"г\",\"city_type_full\":\"город\",\"city\":\"Москва\",\"city_area\":\"Южный\",\"city_district_fias_id\":null,\"city_district_kladr_id\":null,\"city_district_with_type\":\"Донской р-н\",\"city_district_type\":\"р-н\",\"city_district_type_full\":\"район\",\"city_district\":\"Донской\",\"settlement_fias_id\":null,\"settlement_kladr_id\":null,\"settlement_with_type\":null,\"settlement_type\":null,\"settlement_type_full\":null,\"settlement\":null,\"street_fias_id\":\"d1febe9c-11b9-46db-891e-30f3083d5611\",\"street_kladr_id\":\"77000000000313300\",\"street_with_type\":\"ул Шаболовка\",\"street_type\":\"ул\",\"street_type_full\":\"улица\",\"street\":\"Шаболовка\",\"house_fias_id\":\"f9462eb5-216a-4897-934f-bafa832d9c88\",\"house_kladr_id\":\"7700000000031330036\",\"house_cadnum\":null,\"house_type\":\"д\",\"house_type_full\":\"дом\",\"house\":\"37\",\"block_type\":\"стр\",\"block_type_full\":\"строение\",\"block\":\"2\",\"entrance\":null,\"floor\":null,\"flat_fias_id\":null,\"flat_cadnum\":null,\"flat_type\":\"кв\",\"flat_type_full\":\"квартира\",\"flat\":\"2\",\"flat_area\":null,\"square_meter_price\":null,\"flat_price\":null,\"postal_box\":null,\"fias_id\":\"f9462eb5-216a-4897-934f-bafa832d9c88\",\"fias_code\":\"77000000000000031330036\",\"fias_level\":\"8\",\"fias_actuality_state\":\"0\",\"kladr_id\":\"7700000000031330036\",\"geoname_id\":\"524901\",\"capital_marker\":\"0\",\"okato\":\"45296561000\",\"oktmo\":\"45915000\",\"tax_office\":\"7725\",\"tax_office_legal\":\"7725\",\"timezone\":null,\"geo_lat\":\"55.7181023\",\"geo_lon\":\"37.6117459\",\"beltway_hit\":null,\"beltway_distance\":null,\"metro\":null,\"qc_geo\":\"0\",\"qc_complete\":null,\"qc_house\":null,\"history_values\":null,\"unparsed_parts\":null,\"source\":null,\"qc\":null}}', '2021-07-29 07:53:58', 'f9462eb5-216a-4897-934f-bafa832d9c88', 8, 0),
(50, 'г Москва, ул Угрешская, д 3Б стр 1 ', '{\"value\":\"г Москва, ул Угрешская, д 3Б стр 1\",\"unrestricted_value\":\"115088, г Москва, р-н Печатники, ул Угрешская, д 3Б стр 1\",\"data\":{\"postal_code\":\"115088\",\"country\":\"Россия\",\"country_iso_code\":\"RU\",\"federal_district\":\"Центральный\",\"region_fias_id\":\"0c5b2444-70a0-4932-980c-b4dc0d3f02b5\",\"region_kladr_id\":\"7700000000000\",\"region_iso_code\":\"RU-MOW\",\"region_with_type\":\"г Москва\",\"region_type\":\"г\",\"region_type_full\":\"город\",\"region\":\"Москва\",\"area_fias_id\":null,\"area_kladr_id\":null,\"area_with_type\":null,\"area_type\":null,\"area_type_full\":null,\"area\":null,\"city_fias_id\":\"0c5b2444-70a0-4932-980c-b4dc0d3f02b5\",\"city_kladr_id\":\"7700000000000\",\"city_with_type\":\"г Москва\",\"city_type\":\"г\",\"city_type_full\":\"город\",\"city\":\"Москва\",\"city_area\":\"Юго-восточный\",\"city_district_fias_id\":null,\"city_district_kladr_id\":null,\"city_district_with_type\":\"р-н Печатники\",\"city_district_type\":\"р-н\",\"city_district_type_full\":\"район\",\"city_district\":\"Печатники\",\"settlement_fias_id\":null,\"settlement_kladr_id\":null,\"settlement_with_type\":null,\"settlement_type\":null,\"settlement_type_full\":null,\"settlement\":null,\"street_fias_id\":\"966e6baf-a2da-4e70-8ac3-ba2c1a2a699a\",\"street_kladr_id\":\"77000000000022300\",\"street_with_type\":\"ул Угрешская\",\"street_type\":\"ул\",\"street_type_full\":\"улица\",\"street\":\"Угрешская\",\"house_fias_id\":null,\"house_kladr_id\":null,\"house_cadnum\":null,\"house_type\":\"д\",\"house_type_full\":\"дом\",\"house\":\"3Б\",\"block_type\":\"стр\",\"block_type_full\":\"строение\",\"block\":\"1\",\"entrance\":null,\"floor\":null,\"flat_fias_id\":null,\"flat_cadnum\":null,\"flat_type\":null,\"flat_type_full\":null,\"flat\":null,\"flat_area\":null,\"square_meter_price\":null,\"flat_price\":null,\"postal_box\":null,\"fias_id\":\"966e6baf-a2da-4e70-8ac3-ba2c1a2a699a\",\"fias_code\":\"77000000000000002230000\",\"fias_level\":\"7\",\"fias_actuality_state\":\"0\",\"kladr_id\":\"77000000000022300\",\"geoname_id\":\"524901\",\"capital_marker\":\"0\",\"okato\":\"45290582000\",\"oktmo\":\"45393000\",\"tax_office\":\"7723\",\"tax_office_legal\":\"7723\",\"timezone\":null,\"geo_lat\":\"55.7135997\",\"geo_lon\":\"37.688313\",\"beltway_hit\":null,\"beltway_distance\":null,\"metro\":null,\"qc_geo\":\"1\",\"qc_complete\":null,\"qc_house\":null,\"history_values\":null,\"unparsed_parts\":null,\"source\":null,\"qc\":null}}', '2021-08-02 06:02:54', '966e6baf-a2da-4e70-8ac3-ba2c1a2a699a', 7, 0),
(50, 'г Москва, ул Угрешская, д 1Б ', '{\"value\":\"г Москва, ул Угрешская, д 1Б\",\"unrestricted_value\":\"115088, г Москва, р-н Печатники, ул Угрешская, д 1Б\",\"data\":{\"postal_code\":\"115088\",\"country\":\"Россия\",\"country_iso_code\":\"RU\",\"federal_district\":\"Центральный\",\"region_fias_id\":\"0c5b2444-70a0-4932-980c-b4dc0d3f02b5\",\"region_kladr_id\":\"7700000000000\",\"region_iso_code\":\"RU-MOW\",\"region_with_type\":\"г Москва\",\"region_type\":\"г\",\"region_type_full\":\"город\",\"region\":\"Москва\",\"area_fias_id\":null,\"area_kladr_id\":null,\"area_with_type\":null,\"area_type\":null,\"area_type_full\":null,\"area\":null,\"city_fias_id\":\"0c5b2444-70a0-4932-980c-b4dc0d3f02b5\",\"city_kladr_id\":\"7700000000000\",\"city_with_type\":\"г Москва\",\"city_type\":\"г\",\"city_type_full\":\"город\",\"city\":\"Москва\",\"city_area\":\"Юго-восточный\",\"city_district_fias_id\":null,\"city_district_kladr_id\":null,\"city_district_with_type\":\"р-н Печатники\",\"city_district_type\":\"р-н\",\"city_district_type_full\":\"район\",\"city_district\":\"Печатники\",\"settlement_fias_id\":null,\"settlement_kladr_id\":null,\"settlement_with_type\":null,\"settlement_type\":null,\"settlement_type_full\":null,\"settlement\":null,\"street_fias_id\":\"966e6baf-a2da-4e70-8ac3-ba2c1a2a699a\",\"street_kladr_id\":\"77000000000022300\",\"street_with_type\":\"ул Угрешская\",\"street_type\":\"ул\",\"street_type_full\":\"улица\",\"street\":\"Угрешская\",\"house_fias_id\":\"b16fe441-e089-4283-9805-f45563f3179a\",\"house_kladr_id\":\"7700000000002230243\",\"house_cadnum\":null,\"house_type\":\"д\",\"house_type_full\":\"дом\",\"house\":\"1Б\",\"block_type\":null,\"block_type_full\":null,\"block\":null,\"entrance\":null,\"floor\":null,\"flat_fias_id\":null,\"flat_cadnum\":null,\"flat_type\":null,\"flat_type_full\":null,\"flat\":null,\"flat_area\":null,\"square_meter_price\":null,\"flat_price\":null,\"postal_box\":null,\"fias_id\":\"b16fe441-e089-4283-9805-f45563f3179a\",\"fias_code\":\"77000000000000002230243\",\"fias_level\":\"8\",\"fias_actuality_state\":\"0\",\"kladr_id\":\"7700000000002230243\",\"geoname_id\":\"524901\",\"capital_marker\":\"0\",\"okato\":\"45290582000\",\"oktmo\":\"45393000\",\"tax_office\":\"7723\",\"tax_office_legal\":\"7723\",\"timezone\":null,\"geo_lat\":\"55.7132713\",\"geo_lon\":\"37.6860004\",\"beltway_hit\":null,\"beltway_distance\":null,\"metro\":null,\"qc_geo\":\"0\",\"qc_complete\":null,\"qc_house\":null,\"history_values\":null,\"unparsed_parts\":null,\"source\":null,\"qc\":null}}', '2021-08-02 08:34:36', 'b16fe441-e089-4283-9805-f45563f3179a', 8, 0),
(207, 'г Москва, ул Угрешская, д 2 стр 2, кв 2', '{\"value\":\"г Москва, ул Угрешская, д 2 стр 2, кв 2\",\"unrestricted_value\":\"115088, г Москва, р-н Печатники, ул Угрешская, д 2 стр 2, кв 2\",\"data\":{\"postal_code\":\"115088\",\"country\":\"Россия\",\"country_iso_code\":\"RU\",\"federal_district\":\"Центральный\",\"region_fias_id\":\"0c5b2444-70a0-4932-980c-b4dc0d3f02b5\",\"region_kladr_id\":\"7700000000000\",\"region_iso_code\":\"RU-MOW\",\"region_with_type\":\"г Москва\",\"region_type\":\"г\",\"region_type_full\":\"город\",\"region\":\"Москва\",\"area_fias_id\":null,\"area_kladr_id\":null,\"area_with_type\":null,\"area_type\":null,\"area_type_full\":null,\"area\":null,\"city_fias_id\":\"0c5b2444-70a0-4932-980c-b4dc0d3f02b5\",\"city_kladr_id\":\"7700000000000\",\"city_with_type\":\"г Москва\",\"city_type\":\"г\",\"city_type_full\":\"город\",\"city\":\"Москва\",\"city_area\":\"Юго-восточный\",\"city_district_fias_id\":null,\"city_district_kladr_id\":null,\"city_district_with_type\":\"р-н Печатники\",\"city_district_type\":\"р-н\",\"city_district_type_full\":\"район\",\"city_district\":\"Печатники\",\"settlement_fias_id\":null,\"settlement_kladr_id\":null,\"settlement_with_type\":null,\"settlement_type\":null,\"settlement_type_full\":null,\"settlement\":null,\"street_fias_id\":\"966e6baf-a2da-4e70-8ac3-ba2c1a2a699a\",\"street_kladr_id\":\"77000000000022300\",\"street_with_type\":\"ул Угрешская\",\"street_type\":\"ул\",\"street_type_full\":\"улица\",\"street\":\"Угрешская\",\"house_fias_id\":\"02fd4c17-a8b7-4840-968b-9e417957f0d3\",\"house_kladr_id\":\"7700000000002230009\",\"house_cadnum\":null,\"house_type\":\"д\",\"house_type_full\":\"дом\",\"house\":\"2\",\"block_type\":\"стр\",\"block_type_full\":\"строение\",\"block\":\"2\",\"entrance\":null,\"floor\":null,\"flat_fias_id\":null,\"flat_cadnum\":null,\"flat_type\":\"кв\",\"flat_type_full\":\"квартира\",\"flat\":\"2\",\"flat_area\":null,\"square_meter_price\":null,\"flat_price\":null,\"postal_box\":null,\"fias_id\":\"02fd4c17-a8b7-4840-968b-9e417957f0d3\",\"fias_code\":\"77000000000000002230009\",\"fias_level\":\"8\",\"fias_actuality_state\":\"0\",\"kladr_id\":\"7700000000002230009\",\"geoname_id\":\"524901\",\"capital_marker\":\"0\",\"okato\":\"45290582000\",\"oktmo\":\"45393000\",\"tax_office\":\"7723\",\"tax_office_legal\":\"7723\",\"timezone\":null,\"geo_lat\":\"55.7110452\",\"geo_lon\":\"37.6840653\",\"beltway_hit\":null,\"beltway_distance\":null,\"metro\":null,\"qc_geo\":\"0\",\"qc_complete\":null,\"qc_house\":null,\"history_values\":null,\"unparsed_parts\":null,\"source\":null,\"qc\":null}}', '2021-07-29 07:53:58', '02fd4c17-a8b7-4840-968b-9e417957f0d3', 8, 0),
(235, 'г Москва, ул Угрешская, д 2 стр 2, кв 2', '{\"value\":\"г Москва, ул Угрешская, д 2 стр 2, кв 2\",\"unrestricted_value\":\"115088, г Москва, р-н Печатники, ул Угрешская, д 2 стр 2, кв 2\",\"data\":{\"postal_code\":\"115088\",\"country\":\"Россия\",\"country_iso_code\":\"RU\",\"federal_district\":\"Центральный\",\"region_fias_id\":\"0c5b2444-70a0-4932-980c-b4dc0d3f02b5\",\"region_kladr_id\":\"7700000000000\",\"region_iso_code\":\"RU-MOW\",\"region_with_type\":\"г Москва\",\"region_type\":\"г\",\"region_type_full\":\"город\",\"region\":\"Москва\",\"area_fias_id\":null,\"area_kladr_id\":null,\"area_with_type\":null,\"area_type\":null,\"area_type_full\":null,\"area\":null,\"city_fias_id\":\"0c5b2444-70a0-4932-980c-b4dc0d3f02b5\",\"city_kladr_id\":\"7700000000000\",\"city_with_type\":\"г Москва\",\"city_type\":\"г\",\"city_type_full\":\"город\",\"city\":\"Москва\",\"city_area\":\"Юго-восточный\",\"city_district_fias_id\":null,\"city_district_kladr_id\":null,\"city_district_with_type\":\"р-н Печатники\",\"city_district_type\":\"р-н\",\"city_district_type_full\":\"район\",\"city_district\":\"Печатники\",\"settlement_fias_id\":null,\"settlement_kladr_id\":null,\"settlement_with_type\":null,\"settlement_type\":null,\"settlement_type_full\":null,\"settlement\":null,\"street_fias_id\":\"966e6baf-a2da-4e70-8ac3-ba2c1a2a699a\",\"street_kladr_id\":\"77000000000022300\",\"street_with_type\":\"ул Угрешская\",\"street_type\":\"ул\",\"street_type_full\":\"улица\",\"street\":\"Угрешская\",\"house_fias_id\":\"02fd4c17-a8b7-4840-968b-9e417957f0d3\",\"house_kladr_id\":\"7700000000002230009\",\"house_cadnum\":null,\"house_type\":\"д\",\"house_type_full\":\"дом\",\"house\":\"2\",\"block_type\":\"стр\",\"block_type_full\":\"строение\",\"block\":\"2\",\"entrance\":null,\"floor\":null,\"flat_fias_id\":null,\"flat_cadnum\":null,\"flat_type\":\"кв\",\"flat_type_full\":\"квартира\",\"flat\":\"2\",\"flat_area\":null,\"square_meter_price\":null,\"flat_price\":null,\"postal_box\":null,\"fias_id\":\"02fd4c17-a8b7-4840-968b-9e417957f0d3\",\"fias_code\":\"77000000000000002230009\",\"fias_level\":\"8\",\"fias_actuality_state\":\"0\",\"kladr_id\":\"7700000000002230009\",\"geoname_id\":\"524901\",\"capital_marker\":\"0\",\"okato\":\"45290582000\",\"oktmo\":\"45393000\",\"tax_office\":\"7723\",\"tax_office_legal\":\"7723\",\"timezone\":null,\"geo_lat\":\"55.7110452\",\"geo_lon\":\"37.6840653\",\"beltway_hit\":null,\"beltway_distance\":null,\"metro\":null,\"qc_geo\":\"0\",\"qc_complete\":null,\"qc_house\":null,\"history_values\":null,\"unparsed_parts\":null,\"source\":null,\"qc\":null}}', '2021-07-29 07:53:58', '02fd4c17-a8b7-4840-968b-9e417957f0d3', 8, 0),
(44, 'г Москва, ул Угрешская, д 2 стр 2, кв 2', '{\"value\":\"г Москва, ул Угрешская, д 2 стр 2, кв 2\",\"unrestricted_value\":\"115088, г Москва, р-н Печатники, ул Угрешская, д 2 стр 2, кв 2\",\"data\":{\"postal_code\":\"115088\",\"country\":\"Россия\",\"country_iso_code\":\"RU\",\"federal_district\":\"Центральный\",\"region_fias_id\":\"0c5b2444-70a0-4932-980c-b4dc0d3f02b5\",\"region_kladr_id\":\"7700000000000\",\"region_iso_code\":\"RU-MOW\",\"region_with_type\":\"г Москва\",\"region_type\":\"г\",\"region_type_full\":\"город\",\"region\":\"Москва\",\"area_fias_id\":null,\"area_kladr_id\":null,\"area_with_type\":null,\"area_type\":null,\"area_type_full\":null,\"area\":null,\"city_fias_id\":\"0c5b2444-70a0-4932-980c-b4dc0d3f02b5\",\"city_kladr_id\":\"7700000000000\",\"city_with_type\":\"г Москва\",\"city_type\":\"г\",\"city_type_full\":\"город\",\"city\":\"Москва\",\"city_area\":\"Юго-восточный\",\"city_district_fias_id\":null,\"city_district_kladr_id\":null,\"city_district_with_type\":\"р-н Печатники\",\"city_district_type\":\"р-н\",\"city_district_type_full\":\"район\",\"city_district\":\"Печатники\",\"settlement_fias_id\":null,\"settlement_kladr_id\":null,\"settlement_with_type\":null,\"settlement_type\":null,\"settlement_type_full\":null,\"settlement\":null,\"street_fias_id\":\"966e6baf-a2da-4e70-8ac3-ba2c1a2a699a\",\"street_kladr_id\":\"77000000000022300\",\"street_with_type\":\"ул Угрешская\",\"street_type\":\"ул\",\"street_type_full\":\"улица\",\"street\":\"Угрешская\",\"house_fias_id\":\"02fd4c17-a8b7-4840-968b-9e417957f0d3\",\"house_kladr_id\":\"7700000000002230009\",\"house_cadnum\":null,\"house_type\":\"д\",\"house_type_full\":\"дом\",\"house\":\"2\",\"block_type\":\"стр\",\"block_type_full\":\"строение\",\"block\":\"2\",\"entrance\":null,\"floor\":null,\"flat_fias_id\":null,\"flat_cadnum\":null,\"flat_type\":\"кв\",\"flat_type_full\":\"квартира\",\"flat\":\"2\",\"flat_area\":null,\"square_meter_price\":null,\"flat_price\":null,\"postal_box\":null,\"fias_id\":\"02fd4c17-a8b7-4840-968b-9e417957f0d3\",\"fias_code\":\"77000000000000002230009\",\"fias_level\":\"8\",\"fias_actuality_state\":\"0\",\"kladr_id\":\"7700000000002230009\",\"geoname_id\":\"524901\",\"capital_marker\":\"0\",\"okato\":\"45290582000\",\"oktmo\":\"45393000\",\"tax_office\":\"7723\",\"tax_office_legal\":\"7723\",\"timezone\":null,\"geo_lat\":\"55.7110452\",\"geo_lon\":\"37.6840653\",\"beltway_hit\":null,\"beltway_distance\":null,\"metro\":null,\"qc_geo\":\"0\",\"qc_complete\":null,\"qc_house\":null,\"history_values\":null,\"unparsed_parts\":null,\"source\":null,\"qc\":null}}', '2021-07-29 07:53:58', '02fd4c17-a8b7-4840-968b-9e417957f0d3', 8, 0),
(341, 'г Москва, ул Угрешская, д 3Б ', '{\"value\":\"г Москва, ул Угрешская, д 3Б\",\"unrestricted_value\":\"115088, г Москва, р-н Печатники, ул Угрешская, д 3Б\",\"data\":{\"postal_code\":\"115088\",\"country\":\"Россия\",\"country_iso_code\":\"RU\",\"federal_district\":\"Центральный\",\"region_fias_id\":\"0c5b2444-70a0-4932-980c-b4dc0d3f02b5\",\"region_kladr_id\":\"7700000000000\",\"region_iso_code\":\"RU-MOW\",\"region_with_type\":\"г Москва\",\"region_type\":\"г\",\"region_type_full\":\"город\",\"region\":\"Москва\",\"area_fias_id\":null,\"area_kladr_id\":null,\"area_with_type\":null,\"area_type\":null,\"area_type_full\":null,\"area\":null,\"city_fias_id\":\"0c5b2444-70a0-4932-980c-b4dc0d3f02b5\",\"city_kladr_id\":\"7700000000000\",\"city_with_type\":\"г Москва\",\"city_type\":\"г\",\"city_type_full\":\"город\",\"city\":\"Москва\",\"city_area\":\"Юго-восточный\",\"city_district_fias_id\":null,\"city_district_kladr_id\":null,\"city_district_with_type\":\"р-н Печатники\",\"city_district_type\":\"р-н\",\"city_district_type_full\":\"район\",\"city_district\":\"Печатники\",\"settlement_fias_id\":null,\"settlement_kladr_id\":null,\"settlement_with_type\":null,\"settlement_type\":null,\"settlement_type_full\":null,\"settlement\":null,\"street_fias_id\":\"966e6baf-a2da-4e70-8ac3-ba2c1a2a699a\",\"street_kladr_id\":\"77000000000022300\",\"street_with_type\":\"ул Угрешская\",\"street_type\":\"ул\",\"street_type_full\":\"улица\",\"street\":\"Угрешская\",\"house_fias_id\":null,\"house_kladr_id\":null,\"house_cadnum\":null,\"house_type\":\"д\",\"house_type_full\":\"дом\",\"house\":\"3Б\",\"block_type\":null,\"block_type_full\":null,\"block\":null,\"entrance\":null,\"floor\":null,\"flat_fias_id\":null,\"flat_cadnum\":null,\"flat_type\":null,\"flat_type_full\":null,\"flat\":null,\"flat_area\":null,\"square_meter_price\":null,\"flat_price\":null,\"postal_box\":null,\"fias_id\":\"966e6baf-a2da-4e70-8ac3-ba2c1a2a699a\",\"fias_code\":\"77000000000000002230000\",\"fias_level\":\"7\",\"fias_actuality_state\":\"0\",\"kladr_id\":\"77000000000022300\",\"geoname_id\":\"524901\",\"capital_marker\":\"0\",\"okato\":\"45290582000\",\"oktmo\":\"45393000\",\"tax_office\":\"7723\",\"tax_office_legal\":\"7723\",\"timezone\":null,\"geo_lat\":\"55.7126163\",\"geo_lon\":\"37.684728\",\"beltway_hit\":null,\"beltway_distance\":null,\"metro\":null,\"qc_geo\":\"0\",\"qc_complete\":null,\"qc_house\":null,\"history_values\":null,\"unparsed_parts\":null,\"source\":null,\"qc\":null}}', '2021-07-29 07:53:58', '966e6baf-a2da-4e70-8ac3-ba2c1a2a699a', 7, 0),
(363, 'г Москва, ул Шипиловская, д 38, кв 39', '{\"value\":\"г Москва, ул Шипиловская, д 38, кв 39\",\"unrestricted_value\":\"115563, г Москва, Орехово-Борисово Северное р-н, ул Шипиловская, д 38, кв 39\",\"data\":{\"postal_code\":\"115563\",\"country\":\"Россия\",\"country_iso_code\":\"RU\",\"federal_district\":\"Центральный\",\"region_fias_id\":\"0c5b2444-70a0-4932-980c-b4dc0d3f02b5\",\"region_kladr_id\":\"7700000000000\",\"region_iso_code\":\"RU-MOW\",\"region_with_type\":\"г Москва\",\"region_type\":\"г\",\"region_type_full\":\"город\",\"region\":\"Москва\",\"area_fias_id\":null,\"area_kladr_id\":null,\"area_with_type\":null,\"area_type\":null,\"area_type_full\":null,\"area\":null,\"city_fias_id\":\"0c5b2444-70a0-4932-980c-b4dc0d3f02b5\",\"city_kladr_id\":\"7700000000000\",\"city_with_type\":\"г Москва\",\"city_type\":\"г\",\"city_type_full\":\"город\",\"city\":\"Москва\",\"city_area\":\"Южный\",\"city_district_fias_id\":null,\"city_district_kladr_id\":null,\"city_district_with_type\":\"Орехово-Борисово Северное р-н\",\"city_district_type\":\"р-н\",\"city_district_type_full\":\"район\",\"city_district\":\"Орехово-Борисово Северное\",\"settlement_fias_id\":null,\"settlement_kladr_id\":null,\"settlement_with_type\":null,\"settlement_type\":null,\"settlement_type_full\":null,\"settlement\":null,\"street_fias_id\":\"60e1bccf-3f1e-44e4-b072-98c8f8670457\",\"street_kladr_id\":\"77000000000052900\",\"street_with_type\":\"ул Шипиловская\",\"street_type\":\"ул\",\"street_type_full\":\"улица\",\"street\":\"Шипиловская\",\"house_fias_id\":\"f222beec-3f91-4a79-806e-7dfab8cde211\",\"house_kladr_id\":\"7700000000005290036\",\"house_cadnum\":null,\"house_type\":\"д\",\"house_type_full\":\"дом\",\"house\":\"38\",\"block_type\":null,\"block_type_full\":null,\"block\":null,\"entrance\":null,\"floor\":null,\"flat_fias_id\":\"8fb0e48d-8b18-4ca7-88b2-53738665b120\",\"flat_cadnum\":null,\"flat_type\":\"кв\",\"flat_type_full\":\"квартира\",\"flat\":\"39\",\"flat_area\":null,\"square_meter_price\":null,\"flat_price\":null,\"postal_box\":null,\"fias_id\":\"8fb0e48d-8b18-4ca7-88b2-53738665b120\",\"fias_code\":\"77000000000000005290036\",\"fias_level\":\"9\",\"fias_actuality_state\":\"0\",\"kladr_id\":\"7700000000005290036\",\"geoname_id\":\"524901\",\"capital_marker\":\"0\",\"okato\":\"45296577000\",\"oktmo\":\"45921000\",\"tax_office\":\"7724\",\"tax_office_legal\":\"7724\",\"timezone\":null,\"geo_lat\":\"55.6205363\",\"geo_lon\":\"37.7238036\",\"beltway_hit\":null,\"beltway_distance\":null,\"metro\":null,\"qc_geo\":\"0\",\"qc_complete\":null,\"qc_house\":null,\"history_values\":null,\"unparsed_parts\":null,\"source\":null,\"qc\":null}}', '2021-07-29 07:53:58', '8fb0e48d-8b18-4ca7-88b2-53738665b120', 9, 0),
(50, 'г Москва, ул Шипиловская, д 38, кв 39', '{\"value\":\"г Москва, ул Шипиловская, д 38, кв 39\",\"unrestricted_value\":\"115563, г Москва, Орехово-Борисово Северное р-н, ул Шипиловская, д 38, кв 39\",\"data\":{\"postal_code\":\"115563\",\"country\":\"Россия\",\"country_iso_code\":\"RU\",\"federal_district\":\"Центральный\",\"region_fias_id\":\"0c5b2444-70a0-4932-980c-b4dc0d3f02b5\",\"region_kladr_id\":\"7700000000000\",\"region_iso_code\":\"RU-MOW\",\"region_with_type\":\"г Москва\",\"region_type\":\"г\",\"region_type_full\":\"город\",\"region\":\"Москва\",\"area_fias_id\":null,\"area_kladr_id\":null,\"area_with_type\":null,\"area_type\":null,\"area_type_full\":null,\"area\":null,\"city_fias_id\":\"0c5b2444-70a0-4932-980c-b4dc0d3f02b5\",\"city_kladr_id\":\"7700000000000\",\"city_with_type\":\"г Москва\",\"city_type\":\"г\",\"city_type_full\":\"город\",\"city\":\"Москва\",\"city_area\":\"Южный\",\"city_district_fias_id\":null,\"city_district_kladr_id\":null,\"city_district_with_type\":\"Орехово-Борисово Северное р-н\",\"city_district_type\":\"р-н\",\"city_district_type_full\":\"район\",\"city_district\":\"Орехово-Борисово Северное\",\"settlement_fias_id\":null,\"settlement_kladr_id\":null,\"settlement_with_type\":null,\"settlement_type\":null,\"settlement_type_full\":null,\"settlement\":null,\"street_fias_id\":\"60e1bccf-3f1e-44e4-b072-98c8f8670457\",\"street_kladr_id\":\"77000000000052900\",\"street_with_type\":\"ул Шипиловская\",\"street_type\":\"ул\",\"street_type_full\":\"улица\",\"street\":\"Шипиловская\",\"house_fias_id\":\"f222beec-3f91-4a79-806e-7dfab8cde211\",\"house_kladr_id\":\"7700000000005290036\",\"house_cadnum\":null,\"house_type\":\"д\",\"house_type_full\":\"дом\",\"house\":\"38\",\"block_type\":null,\"block_type_full\":null,\"block\":null,\"entrance\":null,\"floor\":null,\"flat_fias_id\":\"8fb0e48d-8b18-4ca7-88b2-53738665b120\",\"flat_cadnum\":null,\"flat_type\":\"кв\",\"flat_type_full\":\"квартира\",\"flat\":\"39\",\"flat_area\":null,\"square_meter_price\":null,\"flat_price\":null,\"postal_box\":null,\"fias_id\":\"8fb0e48d-8b18-4ca7-88b2-53738665b120\",\"fias_code\":\"77000000000000005290036\",\"fias_level\":\"9\",\"fias_actuality_state\":\"0\",\"kladr_id\":\"7700000000005290036\",\"geoname_id\":\"524901\",\"capital_marker\":\"0\",\"okato\":\"45296577000\",\"oktmo\":\"45921000\",\"tax_office\":\"7724\",\"tax_office_legal\":\"7724\",\"timezone\":null,\"geo_lat\":\"55.6205363\",\"geo_lon\":\"37.7238036\",\"beltway_hit\":null,\"beltway_distance\":null,\"metro\":null,\"qc_geo\":\"0\",\"qc_complete\":null,\"qc_house\":null,\"history_values\":null,\"unparsed_parts\":null,\"source\":null,\"qc\":null}}', '2021-07-29 07:53:58', '8fb0e48d-8b18-4ca7-88b2-53738665b120', 9, 0),
(470, 'г Москва, 1-й Угрешский проезд, д 28 ', '{\"value\":\"г Москва, 1-й Угрешский проезд, д 28\",\"unrestricted_value\":\"115088, г Москва, р-н Печатники, 1-й Угрешский проезд, д 28\",\"data\":{\"postal_code\":\"115088\",\"country\":\"Россия\",\"country_iso_code\":\"RU\",\"federal_district\":\"Центральный\",\"region_fias_id\":\"0c5b2444-70a0-4932-980c-b4dc0d3f02b5\",\"region_kladr_id\":\"7700000000000\",\"region_iso_code\":\"RU-MOW\",\"region_with_type\":\"г Москва\",\"region_type\":\"г\",\"region_type_full\":\"город\",\"region\":\"Москва\",\"area_fias_id\":null,\"area_kladr_id\":null,\"area_with_type\":null,\"area_type\":null,\"area_type_full\":null,\"area\":null,\"city_fias_id\":\"0c5b2444-70a0-4932-980c-b4dc0d3f02b5\",\"city_kladr_id\":\"7700000000000\",\"city_with_type\":\"г Москва\",\"city_type\":\"г\",\"city_type_full\":\"город\",\"city\":\"Москва\",\"city_area\":\"Юго-восточный\",\"city_district_fias_id\":null,\"city_district_kladr_id\":null,\"city_district_with_type\":\"р-н Печатники\",\"city_district_type\":\"р-н\",\"city_district_type_full\":\"район\",\"city_district\":\"Печатники\",\"settlement_fias_id\":null,\"settlement_kladr_id\":null,\"settlement_with_type\":null,\"settlement_type\":null,\"settlement_type_full\":null,\"settlement\":null,\"street_fias_id\":\"4cdd215b-55d8-414d-829c-064558cbafd3\",\"street_kladr_id\":\"77000000000347700\",\"street_with_type\":\"1-й Угрешский проезд\",\"street_type\":\"проезд\",\"street_type_full\":\"проезд\",\"street\":\"1-й Угрешский\",\"house_fias_id\":\"7a36fc6d-0833-4ee2-9318-fa65cbd3a557\",\"house_kladr_id\":\"7700000000034770020\",\"house_cadnum\":null,\"house_type\":\"д\",\"house_type_full\":\"дом\",\"house\":\"28\",\"block_type\":null,\"block_type_full\":null,\"block\":null,\"entrance\":null,\"floor\":null,\"flat_fias_id\":null,\"flat_cadnum\":null,\"flat_type\":null,\"flat_type_full\":null,\"flat\":null,\"flat_area\":null,\"square_meter_price\":null,\"flat_price\":null,\"postal_box\":null,\"fias_id\":\"7a36fc6d-0833-4ee2-9318-fa65cbd3a557\",\"fias_code\":\"77000000000000034770020\",\"fias_level\":\"8\",\"fias_actuality_state\":\"0\",\"kladr_id\":\"7700000000034770020\",\"geoname_id\":\"524901\",\"capital_marker\":\"0\",\"okato\":\"45290582000\",\"oktmo\":\"45393000\",\"tax_office\":\"7723\",\"tax_office_legal\":\"7723\",\"timezone\":null,\"geo_lat\":\"55.7159014\",\"geo_lon\":\"37.6928724\",\"beltway_hit\":null,\"beltway_distance\":null,\"metro\":null,\"qc_geo\":\"0\",\"qc_complete\":null,\"qc_house\":null,\"history_values\":null,\"unparsed_parts\":null,\"source\":null,\"qc\":null}}', '2021-07-29 07:53:58', '7a36fc6d-0833-4ee2-9318-fa65cbd3a557', 8, 0),
(470, 'г Москва, ул Угрешская, д 2 ', '{\"value\":\"г Москва, ул Угрешская, д 2\",\"unrestricted_value\":\"115088, г Москва, р-н Печатники, ул Угрешская, д 2\",\"data\":{\"postal_code\":\"115088\",\"country\":\"Россия\",\"country_iso_code\":\"RU\",\"federal_district\":\"Центральный\",\"region_fias_id\":\"0c5b2444-70a0-4932-980c-b4dc0d3f02b5\",\"region_kladr_id\":\"7700000000000\",\"region_iso_code\":\"RU-MOW\",\"region_with_type\":\"г Москва\",\"region_type\":\"г\",\"region_type_full\":\"город\",\"region\":\"Москва\",\"area_fias_id\":null,\"area_kladr_id\":null,\"area_with_type\":null,\"area_type\":null,\"area_type_full\":null,\"area\":null,\"city_fias_id\":\"0c5b2444-70a0-4932-980c-b4dc0d3f02b5\",\"city_kladr_id\":\"7700000000000\",\"city_with_type\":\"г Москва\",\"city_type\":\"г\",\"city_type_full\":\"город\",\"city\":\"Москва\",\"city_area\":\"Юго-восточный\",\"city_district_fias_id\":null,\"city_district_kladr_id\":null,\"city_district_with_type\":\"р-н Печатники\",\"city_district_type\":\"р-н\",\"city_district_type_full\":\"район\",\"city_district\":\"Печатники\",\"settlement_fias_id\":null,\"settlement_kladr_id\":null,\"settlement_with_type\":null,\"settlement_type\":null,\"settlement_type_full\":null,\"settlement\":null,\"street_fias_id\":\"966e6baf-a2da-4e70-8ac3-ba2c1a2a699a\",\"street_kladr_id\":\"77000000000022300\",\"street_with_type\":\"ул Угрешская\",\"street_type\":\"ул\",\"street_type_full\":\"улица\",\"street\":\"Угрешская\",\"house_fias_id\":null,\"house_kladr_id\":null,\"house_cadnum\":null,\"house_type\":\"д\",\"house_type_full\":\"дом\",\"house\":\"2\",\"block_type\":null,\"block_type_full\":null,\"block\":null,\"entrance\":null,\"floor\":null,\"flat_fias_id\":null,\"flat_cadnum\":null,\"flat_type\":null,\"flat_type_full\":null,\"flat\":null,\"flat_area\":null,\"square_meter_price\":null,\"flat_price\":null,\"postal_box\":null,\"fias_id\":\"966e6baf-a2da-4e70-8ac3-ba2c1a2a699a\",\"fias_code\":\"77000000000000002230000\",\"fias_level\":\"7\",\"fias_actuality_state\":\"0\",\"kladr_id\":\"77000000000022300\",\"geoname_id\":\"524901\",\"capital_marker\":\"0\",\"okato\":\"45290582000\",\"oktmo\":\"45393000\",\"tax_office\":\"7723\",\"tax_office_legal\":\"7723\",\"timezone\":null,\"geo_lat\":\"55.7112789\",\"geo_lon\":\"37.6835843\",\"beltway_hit\":null,\"beltway_distance\":null,\"metro\":null,\"qc_geo\":\"0\",\"qc_complete\":null,\"qc_house\":null,\"history_values\":null,\"unparsed_parts\":null,\"source\":null,\"qc\":null}}', '2021-07-29 07:53:58', '966e6baf-a2da-4e70-8ac3-ba2c1a2a699a', 7, 0),
(470, 'г Москва, ул Угрешская, д 2 стр 1 ', '{\"value\":\"г Москва, ул Угрешская, д 2 стр 1\",\"unrestricted_value\":\"115088, г Москва, р-н Печатники, ул Угрешская, д 2 стр 1\",\"data\":{\"postal_code\":\"115088\",\"country\":\"Россия\",\"country_iso_code\":\"RU\",\"federal_district\":\"Центральный\",\"region_fias_id\":\"0c5b2444-70a0-4932-980c-b4dc0d3f02b5\",\"region_kladr_id\":\"7700000000000\",\"region_iso_code\":\"RU-MOW\",\"region_with_type\":\"г Москва\",\"region_type\":\"г\",\"region_type_full\":\"город\",\"region\":\"Москва\",\"area_fias_id\":null,\"area_kladr_id\":null,\"area_with_type\":null,\"area_type\":null,\"area_type_full\":null,\"area\":null,\"city_fias_id\":\"0c5b2444-70a0-4932-980c-b4dc0d3f02b5\",\"city_kladr_id\":\"7700000000000\",\"city_with_type\":\"г Москва\",\"city_type\":\"г\",\"city_type_full\":\"город\",\"city\":\"Москва\",\"city_area\":\"Юго-восточный\",\"city_district_fias_id\":null,\"city_district_kladr_id\":null,\"city_district_with_type\":\"р-н Печатники\",\"city_district_type\":\"р-н\",\"city_district_type_full\":\"район\",\"city_district\":\"Печатники\",\"settlement_fias_id\":null,\"settlement_kladr_id\":null,\"settlement_with_type\":null,\"settlement_type\":null,\"settlement_type_full\":null,\"settlement\":null,\"street_fias_id\":\"966e6baf-a2da-4e70-8ac3-ba2c1a2a699a\",\"street_kladr_id\":\"77000000000022300\",\"street_with_type\":\"ул Угрешская\",\"street_type\":\"ул\",\"street_type_full\":\"улица\",\"street\":\"Угрешская\",\"house_fias_id\":\"853a074f-0e8d-48da-aec9-cdd55ef0e3d7\",\"house_kladr_id\":\"7700000000002230008\",\"house_cadnum\":null,\"house_type\":\"д\",\"house_type_full\":\"дом\",\"house\":\"2\",\"block_type\":\"стр\",\"block_type_full\":\"строение\",\"block\":\"1\",\"entrance\":null,\"floor\":null,\"flat_fias_id\":null,\"flat_cadnum\":null,\"flat_type\":null,\"flat_type_full\":null,\"flat\":null,\"flat_area\":null,\"square_meter_price\":null,\"flat_price\":null,\"postal_box\":null,\"fias_id\":\"853a074f-0e8d-48da-aec9-cdd55ef0e3d7\",\"fias_code\":\"77000000000000002230008\",\"fias_level\":\"8\",\"fias_actuality_state\":\"0\",\"kladr_id\":\"7700000000002230008\",\"geoname_id\":\"524901\",\"capital_marker\":\"0\",\"okato\":\"45290582000\",\"oktmo\":\"45393000\",\"tax_office\":\"7723\",\"tax_office_legal\":\"7723\",\"timezone\":null,\"geo_lat\":\"55.7112789\",\"geo_lon\":\"37.6834755\",\"beltway_hit\":null,\"beltway_distance\":null,\"metro\":null,\"qc_geo\":\"0\",\"qc_complete\":null,\"qc_house\":null,\"history_values\":null,\"unparsed_parts\":null,\"source\":null,\"qc\":null}}', '2021-07-29 07:53:58', '853a074f-0e8d-48da-aec9-cdd55ef0e3d7', 8, 0),
(493, 'г Москва, ул Угрешская, д 2 стр 2, кв 2', '{\"value\":\"г Москва, ул Угрешская, д 2 стр 2, кв 2\",\"unrestricted_value\":\"115088, г Москва, р-н Печатники, ул Угрешская, д 2 стр 2, кв 2\",\"data\":{\"postal_code\":\"115088\",\"country\":\"Россия\",\"country_iso_code\":\"RU\",\"federal_district\":\"Центральный\",\"region_fias_id\":\"0c5b2444-70a0-4932-980c-b4dc0d3f02b5\",\"region_kladr_id\":\"7700000000000\",\"region_iso_code\":\"RU-MOW\",\"region_with_type\":\"г Москва\",\"region_type\":\"г\",\"region_type_full\":\"город\",\"region\":\"Москва\",\"area_fias_id\":null,\"area_kladr_id\":null,\"area_with_type\":null,\"area_type\":null,\"area_type_full\":null,\"area\":null,\"city_fias_id\":\"0c5b2444-70a0-4932-980c-b4dc0d3f02b5\",\"city_kladr_id\":\"7700000000000\",\"city_with_type\":\"г Москва\",\"city_type\":\"г\",\"city_type_full\":\"город\",\"city\":\"Москва\",\"city_area\":\"Юго-восточный\",\"city_district_fias_id\":null,\"city_district_kladr_id\":null,\"city_district_with_type\":\"р-н Печатники\",\"city_district_type\":\"р-н\",\"city_district_type_full\":\"район\",\"city_district\":\"Печатники\",\"settlement_fias_id\":null,\"settlement_kladr_id\":null,\"settlement_with_type\":null,\"settlement_type\":null,\"settlement_type_full\":null,\"settlement\":null,\"street_fias_id\":\"966e6baf-a2da-4e70-8ac3-ba2c1a2a699a\",\"street_kladr_id\":\"77000000000022300\",\"street_with_type\":\"ул Угрешская\",\"street_type\":\"ул\",\"street_type_full\":\"улица\",\"street\":\"Угрешская\",\"house_fias_id\":\"02fd4c17-a8b7-4840-968b-9e417957f0d3\",\"house_kladr_id\":\"7700000000002230009\",\"house_cadnum\":null,\"house_type\":\"д\",\"house_type_full\":\"дом\",\"house\":\"2\",\"block_type\":\"стр\",\"block_type_full\":\"строение\",\"block\":\"2\",\"entrance\":null,\"floor\":null,\"flat_fias_id\":null,\"flat_cadnum\":null,\"flat_type\":\"кв\",\"flat_type_full\":\"квартира\",\"flat\":\"2\",\"flat_area\":null,\"square_meter_price\":null,\"flat_price\":null,\"postal_box\":null,\"fias_id\":\"02fd4c17-a8b7-4840-968b-9e417957f0d3\",\"fias_code\":\"77000000000000002230009\",\"fias_level\":\"8\",\"fias_actuality_state\":\"0\",\"kladr_id\":\"7700000000002230009\",\"geoname_id\":\"524901\",\"capital_marker\":\"0\",\"okato\":\"45290582000\",\"oktmo\":\"45393000\",\"tax_office\":\"7723\",\"tax_office_legal\":\"7723\",\"timezone\":null,\"geo_lat\":\"55.7110452\",\"geo_lon\":\"37.6840653\",\"beltway_hit\":null,\"beltway_distance\":null,\"metro\":null,\"qc_geo\":\"0\",\"qc_complete\":null,\"qc_house\":null,\"history_values\":null,\"unparsed_parts\":null,\"source\":null,\"qc\":null}}', '2021-07-29 07:53:58', '02fd4c17-a8b7-4840-968b-9e417957f0d3', 8, 0),
(497, 'г Москва, ул Угрешская, д 2 стр 2, кв 2', '{\"value\":\"г Москва, ул Угрешская, д 2 стр 2, кв 2\",\"unrestricted_value\":\"115088, г Москва, р-н Печатники, ул Угрешская, д 2 стр 2, кв 2\",\"data\":{\"postal_code\":\"115088\",\"country\":\"Россия\",\"country_iso_code\":\"RU\",\"federal_district\":\"Центральный\",\"region_fias_id\":\"0c5b2444-70a0-4932-980c-b4dc0d3f02b5\",\"region_kladr_id\":\"7700000000000\",\"region_iso_code\":\"RU-MOW\",\"region_with_type\":\"г Москва\",\"region_type\":\"г\",\"region_type_full\":\"город\",\"region\":\"Москва\",\"area_fias_id\":null,\"area_kladr_id\":null,\"area_with_type\":null,\"area_type\":null,\"area_type_full\":null,\"area\":null,\"city_fias_id\":\"0c5b2444-70a0-4932-980c-b4dc0d3f02b5\",\"city_kladr_id\":\"7700000000000\",\"city_with_type\":\"г Москва\",\"city_type\":\"г\",\"city_type_full\":\"город\",\"city\":\"Москва\",\"city_area\":\"Юго-восточный\",\"city_district_fias_id\":null,\"city_district_kladr_id\":null,\"city_district_with_type\":\"р-н Печатники\",\"city_district_type\":\"р-н\",\"city_district_type_full\":\"район\",\"city_district\":\"Печатники\",\"settlement_fias_id\":null,\"settlement_kladr_id\":null,\"settlement_with_type\":null,\"settlement_type\":null,\"settlement_type_full\":null,\"settlement\":null,\"street_fias_id\":\"966e6baf-a2da-4e70-8ac3-ba2c1a2a699a\",\"street_kladr_id\":\"77000000000022300\",\"street_with_type\":\"ул Угрешская\",\"street_type\":\"ул\",\"street_type_full\":\"улица\",\"street\":\"Угрешская\",\"house_fias_id\":\"02fd4c17-a8b7-4840-968b-9e417957f0d3\",\"house_kladr_id\":\"7700000000002230009\",\"house_cadnum\":null,\"house_type\":\"д\",\"house_type_full\":\"дом\",\"house\":\"2\",\"block_type\":\"стр\",\"block_type_full\":\"строение\",\"block\":\"2\",\"entrance\":null,\"floor\":null,\"flat_fias_id\":null,\"flat_cadnum\":null,\"flat_type\":\"кв\",\"flat_type_full\":\"квартира\",\"flat\":\"2\",\"flat_area\":null,\"square_meter_price\":null,\"flat_price\":null,\"postal_box\":null,\"fias_id\":\"02fd4c17-a8b7-4840-968b-9e417957f0d3\",\"fias_code\":\"77000000000000002230009\",\"fias_level\":\"8\",\"fias_actuality_state\":\"0\",\"kladr_id\":\"7700000000002230009\",\"geoname_id\":\"524901\",\"capital_marker\":\"0\",\"okato\":\"45290582000\",\"oktmo\":\"45393000\",\"tax_office\":\"7723\",\"tax_office_legal\":\"7723\",\"timezone\":null,\"geo_lat\":\"55.7110452\",\"geo_lon\":\"37.6840653\",\"beltway_hit\":null,\"beltway_distance\":null,\"metro\":null,\"qc_geo\":\"0\",\"qc_complete\":null,\"qc_house\":null,\"history_values\":null,\"unparsed_parts\":null,\"source\":null,\"qc\":null}}', '2021-08-02 08:26:48', '02fd4c17-a8b7-4840-968b-9e417957f0d3', 8, 0),
(497, 'г Москва, ул Шаболовка, д 37 стр 2, кв 2', '{\"value\":\"г Москва, ул Шаболовка, д 37 стр 2, кв 2\",\"unrestricted_value\":\"115162, г Москва, Донской р-н, ул Шаболовка, д 37 стр 2, кв 2\",\"data\":{\"postal_code\":\"115162\",\"country\":\"Россия\",\"country_iso_code\":\"RU\",\"federal_district\":\"Центральный\",\"region_fias_id\":\"0c5b2444-70a0-4932-980c-b4dc0d3f02b5\",\"region_kladr_id\":\"7700000000000\",\"region_iso_code\":\"RU-MOW\",\"region_with_type\":\"г Москва\",\"region_type\":\"г\",\"region_type_full\":\"город\",\"region\":\"Москва\",\"area_fias_id\":null,\"area_kladr_id\":null,\"area_with_type\":null,\"area_type\":null,\"area_type_full\":null,\"area\":null,\"city_fias_id\":\"0c5b2444-70a0-4932-980c-b4dc0d3f02b5\",\"city_kladr_id\":\"7700000000000\",\"city_with_type\":\"г Москва\",\"city_type\":\"г\",\"city_type_full\":\"город\",\"city\":\"Москва\",\"city_area\":\"Южный\",\"city_district_fias_id\":null,\"city_district_kladr_id\":null,\"city_district_with_type\":\"Донской р-н\",\"city_district_type\":\"р-н\",\"city_district_type_full\":\"район\",\"city_district\":\"Донской\",\"settlement_fias_id\":null,\"settlement_kladr_id\":null,\"settlement_with_type\":null,\"settlement_type\":null,\"settlement_type_full\":null,\"settlement\":null,\"street_fias_id\":\"d1febe9c-11b9-46db-891e-30f3083d5611\",\"street_kladr_id\":\"77000000000313300\",\"street_with_type\":\"ул Шаболовка\",\"street_type\":\"ул\",\"street_type_full\":\"улица\",\"street\":\"Шаболовка\",\"house_fias_id\":\"f9462eb5-216a-4897-934f-bafa832d9c88\",\"house_kladr_id\":\"7700000000031330036\",\"house_cadnum\":null,\"house_type\":\"д\",\"house_type_full\":\"дом\",\"house\":\"37\",\"block_type\":\"стр\",\"block_type_full\":\"строение\",\"block\":\"2\",\"entrance\":null,\"floor\":null,\"flat_fias_id\":null,\"flat_cadnum\":null,\"flat_type\":\"кв\",\"flat_type_full\":\"квартира\",\"flat\":\"2\",\"flat_area\":null,\"square_meter_price\":null,\"flat_price\":null,\"postal_box\":null,\"fias_id\":\"f9462eb5-216a-4897-934f-bafa832d9c88\",\"fias_code\":\"77000000000000031330036\",\"fias_level\":\"8\",\"fias_actuality_state\":\"0\",\"kladr_id\":\"7700000000031330036\",\"geoname_id\":\"524901\",\"capital_marker\":\"0\",\"okato\":\"45296561000\",\"oktmo\":\"45915000\",\"tax_office\":\"7725\",\"tax_office_legal\":\"7725\",\"timezone\":null,\"geo_lat\":\"55.7181023\",\"geo_lon\":\"37.6117459\",\"beltway_hit\":null,\"beltway_distance\":null,\"metro\":null,\"qc_geo\":\"0\",\"qc_complete\":null,\"qc_house\":null,\"history_values\":null,\"unparsed_parts\":null,\"source\":null,\"qc\":null}}', '2021-08-02 05:53:13', 'f9462eb5-216a-4897-934f-bafa832d9c88', 8, 0),
(497, 'г Москва, Ленинский пр-кт, д 81/2 стр 2 ', '{\"value\":\"г Москва, Ленинский пр-кт, д 81/2 стр 2\",\"unrestricted_value\":\"119261, г Москва, Ломоносовский р-н, Ленинский пр-кт, д 81/2 стр 2\",\"data\":{\"postal_code\":\"119261\",\"country\":\"Россия\",\"country_iso_code\":\"RU\",\"federal_district\":\"Центральный\",\"region_fias_id\":\"0c5b2444-70a0-4932-980c-b4dc0d3f02b5\",\"region_kladr_id\":\"7700000000000\",\"region_iso_code\":\"RU-MOW\",\"region_with_type\":\"г Москва\",\"region_type\":\"г\",\"region_type_full\":\"город\",\"region\":\"Москва\",\"area_fias_id\":null,\"area_kladr_id\":null,\"area_with_type\":null,\"area_type\":null,\"area_type_full\":null,\"area\":null,\"city_fias_id\":\"0c5b2444-70a0-4932-980c-b4dc0d3f02b5\",\"city_kladr_id\":\"7700000000000\",\"city_with_type\":\"г Москва\",\"city_type\":\"г\",\"city_type_full\":\"город\",\"city\":\"Москва\",\"city_area\":\"Юго-западный\",\"city_district_fias_id\":null,\"city_district_kladr_id\":null,\"city_district_with_type\":\"Ломоносовский р-н\",\"city_district_type\":\"р-н\",\"city_district_type_full\":\"район\",\"city_district\":\"Ломоносовский\",\"settlement_fias_id\":null,\"settlement_kladr_id\":null,\"settlement_with_type\":null,\"settlement_type\":null,\"settlement_type_full\":null,\"settlement\":null,\"street_fias_id\":\"5f2a1243-a57b-418e-baee-ff76f4993b45\",\"street_kladr_id\":\"77000000000168900\",\"street_with_type\":\"Ленинский пр-кт\",\"street_type\":\"пр-кт\",\"street_type_full\":\"проспект\",\"street\":\"Ленинский\",\"house_fias_id\":\"41f60881-73ca-476f-b194-773aceec8336\",\"house_kladr_id\":\"7700000000016890310\",\"house_cadnum\":null,\"house_type\":\"д\",\"house_type_full\":\"дом\",\"house\":\"81/2\",\"block_type\":\"стр\",\"block_type_full\":\"строение\",\"block\":\"2\",\"entrance\":null,\"floor\":null,\"flat_fias_id\":null,\"flat_cadnum\":null,\"flat_type\":null,\"flat_type_full\":null,\"flat\":null,\"flat_area\":null,\"square_meter_price\":null,\"flat_price\":null,\"postal_box\":null,\"fias_id\":\"41f60881-73ca-476f-b194-773aceec8336\",\"fias_code\":\"77000000000000016890310\",\"fias_level\":\"8\",\"fias_actuality_state\":\"0\",\"kladr_id\":\"7700000000016890310\",\"geoname_id\":\"524901\",\"capital_marker\":\"0\",\"okato\":\"45293574000\",\"oktmo\":\"45904000\",\"tax_office\":\"7736\",\"tax_office_legal\":\"7736\",\"timezone\":null,\"geo_lat\":\"55.683227\",\"geo_lon\":\"37.5402482\",\"beltway_hit\":null,\"beltway_distance\":null,\"metro\":null,\"qc_geo\":\"0\",\"qc_complete\":null,\"qc_house\":null,\"history_values\":null,\"unparsed_parts\":null,\"source\":null,\"qc\":null}}', '2021-07-29 15:01:40', '41f60881-73ca-476f-b194-773aceec8336', 8, 0),
(506, 'г Москва, ул Угрешская, д 2 стр 34 ', '{\"value\":\"г Москва, ул Угрешская, д 2 стр 34\",\"unrestricted_value\":\"115088, г Москва, р-н Печатники, ул Угрешская, д 2 стр 34\",\"data\":{\"postal_code\":\"115088\",\"country\":\"Россия\",\"country_iso_code\":\"RU\",\"federal_district\":\"Центральный\",\"region_fias_id\":\"0c5b2444-70a0-4932-980c-b4dc0d3f02b5\",\"region_kladr_id\":\"7700000000000\",\"region_iso_code\":\"RU-MOW\",\"region_with_type\":\"г Москва\",\"region_type\":\"г\",\"region_type_full\":\"город\",\"region\":\"Москва\",\"area_fias_id\":null,\"area_kladr_id\":null,\"area_with_type\":null,\"area_type\":null,\"area_type_full\":null,\"area\":null,\"city_fias_id\":\"0c5b2444-70a0-4932-980c-b4dc0d3f02b5\",\"city_kladr_id\":\"7700000000000\",\"city_with_type\":\"г Москва\",\"city_type\":\"г\",\"city_type_full\":\"город\",\"city\":\"Москва\",\"city_area\":\"Юго-восточный\",\"city_district_fias_id\":null,\"city_district_kladr_id\":null,\"city_district_with_type\":\"р-н Печатники\",\"city_district_type\":\"р-н\",\"city_district_type_full\":\"район\",\"city_district\":\"Печатники\",\"settlement_fias_id\":null,\"settlement_kladr_id\":null,\"settlement_with_type\":null,\"settlement_type\":null,\"settlement_type_full\":null,\"settlement\":null,\"street_fias_id\":\"966e6baf-a2da-4e70-8ac3-ba2c1a2a699a\",\"street_kladr_id\":\"77000000000022300\",\"street_with_type\":\"ул Угрешская\",\"street_type\":\"ул\",\"street_type_full\":\"улица\",\"street\":\"Угрешская\",\"house_fias_id\":\"3835b879-f9d9-4966-bfc4-cc721293703b\",\"house_kladr_id\":\"7700000000002230251\",\"house_cadnum\":null,\"house_type\":\"д\",\"house_type_full\":\"дом\",\"house\":\"2\",\"block_type\":\"стр\",\"block_type_full\":\"строение\",\"block\":\"34\",\"entrance\":null,\"floor\":null,\"flat_fias_id\":null,\"flat_cadnum\":null,\"flat_type\":null,\"flat_type_full\":null,\"flat\":null,\"flat_area\":null,\"square_meter_price\":null,\"flat_price\":null,\"postal_box\":null,\"fias_id\":\"3835b879-f9d9-4966-bfc4-cc721293703b\",\"fias_code\":\"77000000000000002230251\",\"fias_level\":\"8\",\"fias_actuality_state\":\"0\",\"kladr_id\":\"7700000000002230251\",\"geoname_id\":\"524901\",\"capital_marker\":\"0\",\"okato\":\"45290582000\",\"oktmo\":\"45393000\",\"tax_office\":\"7723\",\"tax_office_legal\":\"7723\",\"timezone\":null,\"geo_lat\":\"55.7106213\",\"geo_lon\":\"37.6862019\",\"beltway_hit\":null,\"beltway_distance\":null,\"metro\":null,\"qc_geo\":\"0\",\"qc_complete\":null,\"qc_house\":null,\"history_values\":null,\"unparsed_parts\":null,\"source\":null,\"qc\":null}}', '2021-07-29 08:11:04', '3835b879-f9d9-4966-bfc4-cc721293703b', 8, 0),
(510, 'г Москва, ул Угрешская, д 2 ', '{\"value\":\"г Москва, ул Угрешская, д 2\",\"unrestricted_value\":\"115088, г Москва, р-н Печатники, ул Угрешская, д 2\",\"data\":{\"postal_code\":\"115088\",\"country\":\"Россия\",\"country_iso_code\":\"RU\",\"federal_district\":\"Центральный\",\"region_fias_id\":\"0c5b2444-70a0-4932-980c-b4dc0d3f02b5\",\"region_kladr_id\":\"7700000000000\",\"region_iso_code\":\"RU-MOW\",\"region_with_type\":\"г Москва\",\"region_type\":\"г\",\"region_type_full\":\"город\",\"region\":\"Москва\",\"area_fias_id\":null,\"area_kladr_id\":null,\"area_with_type\":null,\"area_type\":null,\"area_type_full\":null,\"area\":null,\"city_fias_id\":\"0c5b2444-70a0-4932-980c-b4dc0d3f02b5\",\"city_kladr_id\":\"7700000000000\",\"city_with_type\":\"г Москва\",\"city_type\":\"г\",\"city_type_full\":\"город\",\"city\":\"Москва\",\"city_area\":\"Юго-восточный\",\"city_district_fias_id\":null,\"city_district_kladr_id\":null,\"city_district_with_type\":\"р-н Печатники\",\"city_district_type\":\"р-н\",\"city_district_type_full\":\"район\",\"city_district\":\"Печатники\",\"settlement_fias_id\":null,\"settlement_kladr_id\":null,\"settlement_with_type\":null,\"settlement_type\":null,\"settlement_type_full\":null,\"settlement\":null,\"street_fias_id\":\"966e6baf-a2da-4e70-8ac3-ba2c1a2a699a\",\"street_kladr_id\":\"77000000000022300\",\"street_with_type\":\"ул Угрешская\",\"street_type\":\"ул\",\"street_type_full\":\"улица\",\"street\":\"Угрешская\",\"house_fias_id\":null,\"house_kladr_id\":null,\"house_cadnum\":null,\"house_type\":\"д\",\"house_type_full\":\"дом\",\"house\":\"2\",\"block_type\":null,\"block_type_full\":null,\"block\":null,\"entrance\":null,\"floor\":null,\"flat_fias_id\":null,\"flat_cadnum\":null,\"flat_type\":null,\"flat_type_full\":null,\"flat\":null,\"flat_area\":null,\"square_meter_price\":null,\"flat_price\":null,\"postal_box\":null,\"fias_id\":\"966e6baf-a2da-4e70-8ac3-ba2c1a2a699a\",\"fias_code\":\"77000000000000002230000\",\"fias_level\":\"7\",\"fias_actuality_state\":\"0\",\"kladr_id\":\"77000000000022300\",\"geoname_id\":\"524901\",\"capital_marker\":\"0\",\"okato\":\"45290582000\",\"oktmo\":\"45393000\",\"tax_office\":\"7723\",\"tax_office_legal\":\"7723\",\"timezone\":null,\"geo_lat\":\"55.7112789\",\"geo_lon\":\"37.6835843\",\"beltway_hit\":null,\"beltway_distance\":null,\"metro\":null,\"qc_geo\":\"0\",\"qc_complete\":null,\"qc_house\":null,\"history_values\":null,\"unparsed_parts\":null,\"source\":null,\"qc\":null}}', '2021-08-01 12:56:09', '966e6baf-a2da-4e70-8ac3-ba2c1a2a699a', 7, 0);
INSERT INTO `user_data` (`user_id`, `address`, `geodata`, `timestamp`, `fias_id`, `fias_level`, `time`) VALUES
(511, 'г Москва, ул Люблинская, д 1А ', '{\"value\":\"г Москва, ул Люблинская, д 1А\",\"unrestricted_value\":\"109518, г Москва, р-н Текстильщики, ул Люблинская, д 1А\",\"data\":{\"postal_code\":\"109518\",\"country\":\"Россия\",\"country_iso_code\":\"RU\",\"federal_district\":\"Центральный\",\"region_fias_id\":\"0c5b2444-70a0-4932-980c-b4dc0d3f02b5\",\"region_kladr_id\":\"7700000000000\",\"region_iso_code\":\"RU-MOW\",\"region_with_type\":\"г Москва\",\"region_type\":\"г\",\"region_type_full\":\"город\",\"region\":\"Москва\",\"area_fias_id\":null,\"area_kladr_id\":null,\"area_with_type\":null,\"area_type\":null,\"area_type_full\":null,\"area\":null,\"city_fias_id\":\"0c5b2444-70a0-4932-980c-b4dc0d3f02b5\",\"city_kladr_id\":\"7700000000000\",\"city_with_type\":\"г Москва\",\"city_type\":\"г\",\"city_type_full\":\"город\",\"city\":\"Москва\",\"city_area\":\"Юго-восточный\",\"city_district_fias_id\":null,\"city_district_kladr_id\":null,\"city_district_with_type\":\"р-н Текстильщики\",\"city_district_type\":\"р-н\",\"city_district_type_full\":\"район\",\"city_district\":\"Текстильщики\",\"settlement_fias_id\":null,\"settlement_kladr_id\":null,\"settlement_with_type\":null,\"settlement_type\":null,\"settlement_type_full\":null,\"settlement\":null,\"street_fias_id\":\"ced5dbf3-e4ec-4ed3-bf2a-9d70e33269fd\",\"street_kladr_id\":\"77000000000008200\",\"street_with_type\":\"ул Люблинская\",\"street_type\":\"ул\",\"street_type_full\":\"улица\",\"street\":\"Люблинская\",\"house_fias_id\":null,\"house_kladr_id\":null,\"house_cadnum\":null,\"house_type\":\"д\",\"house_type_full\":\"дом\",\"house\":\"1А\",\"block_type\":null,\"block_type_full\":null,\"block\":null,\"entrance\":null,\"floor\":null,\"flat_fias_id\":null,\"flat_cadnum\":null,\"flat_type\":null,\"flat_type_full\":null,\"flat\":null,\"flat_area\":null,\"square_meter_price\":null,\"flat_price\":null,\"postal_box\":null,\"fias_id\":\"ced5dbf3-e4ec-4ed3-bf2a-9d70e33269fd\",\"fias_code\":\"77000000000000000820000\",\"fias_level\":\"7\",\"fias_actuality_state\":\"0\",\"kladr_id\":\"77000000000008200\",\"geoname_id\":\"524901\",\"capital_marker\":\"0\",\"okato\":\"45290590000\",\"oktmo\":\"45395000\",\"tax_office\":\"7722\",\"tax_office_legal\":\"7722\",\"timezone\":null,\"geo_lat\":\"55.716549\",\"geo_lon\":\"37.724463\",\"beltway_hit\":null,\"beltway_distance\":null,\"metro\":null,\"qc_geo\":\"0\",\"qc_complete\":null,\"qc_house\":null,\"history_values\":null,\"unparsed_parts\":null,\"source\":null,\"qc\":null}}', '2021-08-02 11:21:21', 'ced5dbf3-e4ec-4ed3-bf2a-9d70e33269fd', 7, 0),
(50, 'г Москва, ул Люблинская, д 1А ', '{\"value\":\"г Москва, ул Люблинская, д 1А\",\"unrestricted_value\":\"109518, г Москва, р-н Текстильщики, ул Люблинская, д 1А\",\"data\":{\"postal_code\":\"109518\",\"country\":\"Россия\",\"country_iso_code\":\"RU\",\"federal_district\":\"Центральный\",\"region_fias_id\":\"0c5b2444-70a0-4932-980c-b4dc0d3f02b5\",\"region_kladr_id\":\"7700000000000\",\"region_iso_code\":\"RU-MOW\",\"region_with_type\":\"г Москва\",\"region_type\":\"г\",\"region_type_full\":\"город\",\"region\":\"Москва\",\"area_fias_id\":null,\"area_kladr_id\":null,\"area_with_type\":null,\"area_type\":null,\"area_type_full\":null,\"area\":null,\"city_fias_id\":\"0c5b2444-70a0-4932-980c-b4dc0d3f02b5\",\"city_kladr_id\":\"7700000000000\",\"city_with_type\":\"г Москва\",\"city_type\":\"г\",\"city_type_full\":\"город\",\"city\":\"Москва\",\"city_area\":\"Юго-восточный\",\"city_district_fias_id\":null,\"city_district_kladr_id\":null,\"city_district_with_type\":\"р-н Текстильщики\",\"city_district_type\":\"р-н\",\"city_district_type_full\":\"район\",\"city_district\":\"Текстильщики\",\"settlement_fias_id\":null,\"settlement_kladr_id\":null,\"settlement_with_type\":null,\"settlement_type\":null,\"settlement_type_full\":null,\"settlement\":null,\"street_fias_id\":\"ced5dbf3-e4ec-4ed3-bf2a-9d70e33269fd\",\"street_kladr_id\":\"77000000000008200\",\"street_with_type\":\"ул Люблинская\",\"street_type\":\"ул\",\"street_type_full\":\"улица\",\"street\":\"Люблинская\",\"house_fias_id\":null,\"house_kladr_id\":null,\"house_cadnum\":null,\"house_type\":\"д\",\"house_type_full\":\"дом\",\"house\":\"1А\",\"block_type\":null,\"block_type_full\":null,\"block\":null,\"entrance\":null,\"floor\":null,\"flat_fias_id\":null,\"flat_cadnum\":null,\"flat_type\":null,\"flat_type_full\":null,\"flat\":null,\"flat_area\":null,\"square_meter_price\":null,\"flat_price\":null,\"postal_box\":null,\"fias_id\":\"ced5dbf3-e4ec-4ed3-bf2a-9d70e33269fd\",\"fias_code\":\"77000000000000000820000\",\"fias_level\":\"7\",\"fias_actuality_state\":\"0\",\"kladr_id\":\"77000000000008200\",\"geoname_id\":\"524901\",\"capital_marker\":\"0\",\"okato\":\"45290590000\",\"oktmo\":\"45395000\",\"tax_office\":\"7722\",\"tax_office_legal\":\"7722\",\"timezone\":null,\"geo_lat\":\"55.716549\",\"geo_lon\":\"37.724463\",\"beltway_hit\":null,\"beltway_distance\":null,\"metro\":null,\"qc_geo\":\"0\",\"qc_complete\":null,\"qc_house\":null,\"history_values\":null,\"unparsed_parts\":null,\"source\":null,\"qc\":null}}', '2021-08-02 11:21:21', 'ced5dbf3-e4ec-4ed3-bf2a-9d70e33269fd', 7, 0),
(515, 'г Москва, ул Угрешская, д 2 стр 34 ', '{\"value\":\"г Москва, ул Угрешская, д 2 стр 34\",\"unrestricted_value\":\"115088, г Москва, р-н Печатники, ул Угрешская, д 2 стр 34\",\"data\":{\"postal_code\":\"115088\",\"country\":\"Россия\",\"country_iso_code\":\"RU\",\"federal_district\":\"Центральный\",\"region_fias_id\":\"0c5b2444-70a0-4932-980c-b4dc0d3f02b5\",\"region_kladr_id\":\"7700000000000\",\"region_iso_code\":\"RU-MOW\",\"region_with_type\":\"г Москва\",\"region_type\":\"г\",\"region_type_full\":\"город\",\"region\":\"Москва\",\"area_fias_id\":null,\"area_kladr_id\":null,\"area_with_type\":null,\"area_type\":null,\"area_type_full\":null,\"area\":null,\"city_fias_id\":\"0c5b2444-70a0-4932-980c-b4dc0d3f02b5\",\"city_kladr_id\":\"7700000000000\",\"city_with_type\":\"г Москва\",\"city_type\":\"г\",\"city_type_full\":\"город\",\"city\":\"Москва\",\"city_area\":\"Юго-восточный\",\"city_district_fias_id\":null,\"city_district_kladr_id\":null,\"city_district_with_type\":\"р-н Печатники\",\"city_district_type\":\"р-н\",\"city_district_type_full\":\"район\",\"city_district\":\"Печатники\",\"settlement_fias_id\":null,\"settlement_kladr_id\":null,\"settlement_with_type\":null,\"settlement_type\":null,\"settlement_type_full\":null,\"settlement\":null,\"street_fias_id\":\"966e6baf-a2da-4e70-8ac3-ba2c1a2a699a\",\"street_kladr_id\":\"77000000000022300\",\"street_with_type\":\"ул Угрешская\",\"street_type\":\"ул\",\"street_type_full\":\"улица\",\"street\":\"Угрешская\",\"house_fias_id\":\"3835b879-f9d9-4966-bfc4-cc721293703b\",\"house_kladr_id\":\"7700000000002230251\",\"house_cadnum\":null,\"house_type\":\"д\",\"house_type_full\":\"дом\",\"house\":\"2\",\"block_type\":\"стр\",\"block_type_full\":\"строение\",\"block\":\"34\",\"entrance\":null,\"floor\":null,\"flat_fias_id\":null,\"flat_cadnum\":null,\"flat_type\":null,\"flat_type_full\":null,\"flat\":null,\"flat_area\":null,\"square_meter_price\":null,\"flat_price\":null,\"postal_box\":null,\"fias_id\":\"3835b879-f9d9-4966-bfc4-cc721293703b\",\"fias_code\":\"77000000000000002230251\",\"fias_level\":\"8\",\"fias_actuality_state\":\"0\",\"kladr_id\":\"7700000000002230251\",\"geoname_id\":\"524901\",\"capital_marker\":\"0\",\"okato\":\"45290582000\",\"oktmo\":\"45393000\",\"tax_office\":\"7723\",\"tax_office_legal\":\"7723\",\"timezone\":null,\"geo_lat\":\"55.7106213\",\"geo_lon\":\"37.6862019\",\"beltway_hit\":null,\"beltway_distance\":null,\"metro\":null,\"qc_geo\":\"0\",\"qc_complete\":null,\"qc_house\":null,\"history_values\":null,\"unparsed_parts\":null,\"source\":null,\"qc\":null}}', '2021-08-02 16:39:57', '3835b879-f9d9-4966-bfc4-cc721293703b', 8, 0),
(520, 'г Москва, ул Угрешская, д 2 стр 34 ', '{\"value\":\"г Москва, ул Угрешская, д 2 стр 34\",\"unrestricted_value\":\"115088, г Москва, р-н Печатники, ул Угрешская, д 2 стр 34\",\"data\":{\"postal_code\":\"115088\",\"country\":\"Россия\",\"country_iso_code\":\"RU\",\"federal_district\":\"Центральный\",\"region_fias_id\":\"0c5b2444-70a0-4932-980c-b4dc0d3f02b5\",\"region_kladr_id\":\"7700000000000\",\"region_iso_code\":\"RU-MOW\",\"region_with_type\":\"г Москва\",\"region_type\":\"г\",\"region_type_full\":\"город\",\"region\":\"Москва\",\"area_fias_id\":null,\"area_kladr_id\":null,\"area_with_type\":null,\"area_type\":null,\"area_type_full\":null,\"area\":null,\"city_fias_id\":\"0c5b2444-70a0-4932-980c-b4dc0d3f02b5\",\"city_kladr_id\":\"7700000000000\",\"city_with_type\":\"г Москва\",\"city_type\":\"г\",\"city_type_full\":\"город\",\"city\":\"Москва\",\"city_area\":\"Юго-восточный\",\"city_district_fias_id\":null,\"city_district_kladr_id\":null,\"city_district_with_type\":\"р-н Печатники\",\"city_district_type\":\"р-н\",\"city_district_type_full\":\"район\",\"city_district\":\"Печатники\",\"settlement_fias_id\":null,\"settlement_kladr_id\":null,\"settlement_with_type\":null,\"settlement_type\":null,\"settlement_type_full\":null,\"settlement\":null,\"street_fias_id\":\"966e6baf-a2da-4e70-8ac3-ba2c1a2a699a\",\"street_kladr_id\":\"77000000000022300\",\"street_with_type\":\"ул Угрешская\",\"street_type\":\"ул\",\"street_type_full\":\"улица\",\"street\":\"Угрешская\",\"house_fias_id\":\"3835b879-f9d9-4966-bfc4-cc721293703b\",\"house_kladr_id\":\"7700000000002230251\",\"house_cadnum\":null,\"house_type\":\"д\",\"house_type_full\":\"дом\",\"house\":\"2\",\"block_type\":\"стр\",\"block_type_full\":\"строение\",\"block\":\"34\",\"entrance\":null,\"floor\":null,\"flat_fias_id\":null,\"flat_cadnum\":null,\"flat_type\":null,\"flat_type_full\":null,\"flat\":null,\"flat_area\":null,\"square_meter_price\":null,\"flat_price\":null,\"postal_box\":null,\"fias_id\":\"3835b879-f9d9-4966-bfc4-cc721293703b\",\"fias_code\":\"77000000000000002230251\",\"fias_level\":\"8\",\"fias_actuality_state\":\"0\",\"kladr_id\":\"7700000000002230251\",\"geoname_id\":\"524901\",\"capital_marker\":\"0\",\"okato\":\"45290582000\",\"oktmo\":\"45393000\",\"tax_office\":\"7723\",\"tax_office_legal\":\"7723\",\"timezone\":null,\"geo_lat\":\"55.7106213\",\"geo_lon\":\"37.6862019\",\"beltway_hit\":null,\"beltway_distance\":null,\"metro\":null,\"qc_geo\":\"0\",\"qc_complete\":null,\"qc_house\":null,\"history_values\":null,\"unparsed_parts\":null,\"source\":null,\"qc\":null}}', '2021-08-02 06:58:34', '3835b879-f9d9-4966-bfc4-cc721293703b', 8, 0),
(520, 'г Москва, ул Люблинская, д 1А ', '{\"value\":\"г Москва, ул Люблинская, д 1А\",\"unrestricted_value\":\"109518, г Москва, р-н Текстильщики, ул Люблинская, д 1А\",\"data\":{\"postal_code\":\"109518\",\"country\":\"Россия\",\"country_iso_code\":\"RU\",\"federal_district\":\"Центральный\",\"region_fias_id\":\"0c5b2444-70a0-4932-980c-b4dc0d3f02b5\",\"region_kladr_id\":\"7700000000000\",\"region_iso_code\":\"RU-MOW\",\"region_with_type\":\"г Москва\",\"region_type\":\"г\",\"region_type_full\":\"город\",\"region\":\"Москва\",\"area_fias_id\":null,\"area_kladr_id\":null,\"area_with_type\":null,\"area_type\":null,\"area_type_full\":null,\"area\":null,\"city_fias_id\":\"0c5b2444-70a0-4932-980c-b4dc0d3f02b5\",\"city_kladr_id\":\"7700000000000\",\"city_with_type\":\"г Москва\",\"city_type\":\"г\",\"city_type_full\":\"город\",\"city\":\"Москва\",\"city_area\":\"Юго-восточный\",\"city_district_fias_id\":null,\"city_district_kladr_id\":null,\"city_district_with_type\":\"р-н Текстильщики\",\"city_district_type\":\"р-н\",\"city_district_type_full\":\"район\",\"city_district\":\"Текстильщики\",\"settlement_fias_id\":null,\"settlement_kladr_id\":null,\"settlement_with_type\":null,\"settlement_type\":null,\"settlement_type_full\":null,\"settlement\":null,\"street_fias_id\":\"ced5dbf3-e4ec-4ed3-bf2a-9d70e33269fd\",\"street_kladr_id\":\"77000000000008200\",\"street_with_type\":\"ул Люблинская\",\"street_type\":\"ул\",\"street_type_full\":\"улица\",\"street\":\"Люблинская\",\"house_fias_id\":null,\"house_kladr_id\":null,\"house_cadnum\":null,\"house_type\":\"д\",\"house_type_full\":\"дом\",\"house\":\"1А\",\"block_type\":null,\"block_type_full\":null,\"block\":null,\"entrance\":null,\"floor\":null,\"flat_fias_id\":null,\"flat_cadnum\":null,\"flat_type\":null,\"flat_type_full\":null,\"flat\":null,\"flat_area\":null,\"square_meter_price\":null,\"flat_price\":null,\"postal_box\":null,\"fias_id\":\"ced5dbf3-e4ec-4ed3-bf2a-9d70e33269fd\",\"fias_code\":\"77000000000000000820000\",\"fias_level\":\"7\",\"fias_actuality_state\":\"0\",\"kladr_id\":\"77000000000008200\",\"geoname_id\":\"524901\",\"capital_marker\":\"0\",\"okato\":\"45290590000\",\"oktmo\":\"45395000\",\"tax_office\":\"7722\",\"tax_office_legal\":\"7722\",\"timezone\":null,\"geo_lat\":\"55.716549\",\"geo_lon\":\"37.724463\",\"beltway_hit\":null,\"beltway_distance\":null,\"metro\":null,\"qc_geo\":\"0\",\"qc_complete\":null,\"qc_house\":null,\"history_values\":null,\"unparsed_parts\":null,\"source\":null,\"qc\":null}}', '2021-08-02 05:49:18', 'ced5dbf3-e4ec-4ed3-bf2a-9d70e33269fd', 7, 0),
(50, 'г Москва, ул Угрешская, д 2 стр 1 ', '{\"value\":\"г Москва, ул Угрешская, д 2 стр 1\",\"unrestricted_value\":\"115088, г Москва, р-н Печатники, ул Угрешская, д 2 стр 1\",\"data\":{\"postal_code\":\"115088\",\"country\":\"Россия\",\"country_iso_code\":\"RU\",\"federal_district\":\"Центральный\",\"region_fias_id\":\"0c5b2444-70a0-4932-980c-b4dc0d3f02b5\",\"region_kladr_id\":\"7700000000000\",\"region_iso_code\":\"RU-MOW\",\"region_with_type\":\"г Москва\",\"region_type\":\"г\",\"region_type_full\":\"город\",\"region\":\"Москва\",\"area_fias_id\":null,\"area_kladr_id\":null,\"area_with_type\":null,\"area_type\":null,\"area_type_full\":null,\"area\":null,\"city_fias_id\":\"0c5b2444-70a0-4932-980c-b4dc0d3f02b5\",\"city_kladr_id\":\"7700000000000\",\"city_with_type\":\"г Москва\",\"city_type\":\"г\",\"city_type_full\":\"город\",\"city\":\"Москва\",\"city_area\":\"Юго-восточный\",\"city_district_fias_id\":null,\"city_district_kladr_id\":null,\"city_district_with_type\":\"р-н Печатники\",\"city_district_type\":\"р-н\",\"city_district_type_full\":\"район\",\"city_district\":\"Печатники\",\"settlement_fias_id\":null,\"settlement_kladr_id\":null,\"settlement_with_type\":null,\"settlement_type\":null,\"settlement_type_full\":null,\"settlement\":null,\"street_fias_id\":\"966e6baf-a2da-4e70-8ac3-ba2c1a2a699a\",\"street_kladr_id\":\"77000000000022300\",\"street_with_type\":\"ул Угрешская\",\"street_type\":\"ул\",\"street_type_full\":\"улица\",\"street\":\"Угрешская\",\"house_fias_id\":\"853a074f-0e8d-48da-aec9-cdd55ef0e3d7\",\"house_kladr_id\":\"7700000000002230008\",\"house_cadnum\":null,\"house_type\":\"д\",\"house_type_full\":\"дом\",\"house\":\"2\",\"block_type\":\"стр\",\"block_type_full\":\"строение\",\"block\":\"1\",\"entrance\":null,\"floor\":null,\"flat_fias_id\":null,\"flat_cadnum\":null,\"flat_type\":null,\"flat_type_full\":null,\"flat\":null,\"flat_area\":null,\"square_meter_price\":null,\"flat_price\":null,\"postal_box\":null,\"fias_id\":\"853a074f-0e8d-48da-aec9-cdd55ef0e3d7\",\"fias_code\":\"77000000000000002230008\",\"fias_level\":\"8\",\"fias_actuality_state\":\"0\",\"kladr_id\":\"7700000000002230008\",\"geoname_id\":\"524901\",\"capital_marker\":\"0\",\"okato\":\"45290582000\",\"oktmo\":\"45393000\",\"tax_office\":\"7723\",\"tax_office_legal\":\"7723\",\"timezone\":null,\"geo_lat\":\"55.7112789\",\"geo_lon\":\"37.6834755\",\"beltway_hit\":null,\"beltway_distance\":null,\"metro\":null,\"qc_geo\":\"0\",\"qc_complete\":null,\"qc_house\":null,\"history_values\":null,\"unparsed_parts\":null,\"source\":null,\"qc\":null}}', '2021-08-02 06:00:16', '853a074f-0e8d-48da-aec9-cdd55ef0e3d7', 8, 0),
(497, 'г Москва, ул Старая Басманная, д 2, кв 2', '{\"value\":\"г Москва, ул Старая Басманная, д 2, кв 2\",\"unrestricted_value\":\"105066, г Москва, Басманный р-н, ул Старая Басманная, д 2, кв 2\",\"data\":{\"postal_code\":\"105066\",\"country\":\"Россия\",\"country_iso_code\":\"RU\",\"federal_district\":\"Центральный\",\"region_fias_id\":\"0c5b2444-70a0-4932-980c-b4dc0d3f02b5\",\"region_kladr_id\":\"7700000000000\",\"region_iso_code\":\"RU-MOW\",\"region_with_type\":\"г Москва\",\"region_type\":\"г\",\"region_type_full\":\"город\",\"region\":\"Москва\",\"area_fias_id\":null,\"area_kladr_id\":null,\"area_with_type\":null,\"area_type\":null,\"area_type_full\":null,\"area\":null,\"city_fias_id\":\"0c5b2444-70a0-4932-980c-b4dc0d3f02b5\",\"city_kladr_id\":\"7700000000000\",\"city_with_type\":\"г Москва\",\"city_type\":\"г\",\"city_type_full\":\"город\",\"city\":\"Москва\",\"city_area\":\"Центральный\",\"city_district_fias_id\":null,\"city_district_kladr_id\":null,\"city_district_with_type\":\"Басманный р-н\",\"city_district_type\":\"р-н\",\"city_district_type_full\":\"район\",\"city_district\":\"Басманный\",\"settlement_fias_id\":null,\"settlement_kladr_id\":null,\"settlement_with_type\":null,\"settlement_type\":null,\"settlement_type_full\":null,\"settlement\":null,\"street_fias_id\":\"92858a55-9d2c-4129-bffd-f0ea89731b16\",\"street_kladr_id\":\"77000000000702400\",\"street_with_type\":\"ул Старая Басманная\",\"street_type\":\"ул\",\"street_type_full\":\"улица\",\"street\":\"Старая Басманная\",\"house_fias_id\":null,\"house_kladr_id\":null,\"house_cadnum\":null,\"house_type\":\"д\",\"house_type_full\":\"дом\",\"house\":\"2\",\"block_type\":null,\"block_type_full\":null,\"block\":null,\"entrance\":null,\"floor\":null,\"flat_fias_id\":null,\"flat_cadnum\":null,\"flat_type\":\"кв\",\"flat_type_full\":\"квартира\",\"flat\":\"2\",\"flat_area\":null,\"square_meter_price\":null,\"flat_price\":null,\"postal_box\":null,\"fias_id\":\"92858a55-9d2c-4129-bffd-f0ea89731b16\",\"fias_code\":\"77000000000000070240000\",\"fias_level\":\"7\",\"fias_actuality_state\":\"0\",\"kladr_id\":\"77000000000702400\",\"geoname_id\":\"524901\",\"capital_marker\":\"0\",\"okato\":\"45286555000\",\"oktmo\":\"45375000\",\"tax_office\":\"7701\",\"tax_office_legal\":\"7701\",\"timezone\":null,\"geo_lat\":\"55.7663722\",\"geo_lon\":\"37.6630952\",\"beltway_hit\":null,\"beltway_distance\":null,\"metro\":null,\"qc_geo\":\"2\",\"qc_complete\":null,\"qc_house\":null,\"history_values\":null,\"unparsed_parts\":null,\"source\":null,\"qc\":null}}', '2021-08-02 08:33:37', '92858a55-9d2c-4129-bffd-f0ea89731b16', 7, 0),
(50, 'г Москва, ул Угрешская, д 2 стр 5 ', '{\"value\":\"г Москва, ул Угрешская, д 2 стр 5\",\"unrestricted_value\":\"115088, г Москва, р-н Печатники, ул Угрешская, д 2 стр 5\",\"data\":{\"postal_code\":\"115088\",\"country\":\"Россия\",\"country_iso_code\":\"RU\",\"federal_district\":\"Центральный\",\"region_fias_id\":\"0c5b2444-70a0-4932-980c-b4dc0d3f02b5\",\"region_kladr_id\":\"7700000000000\",\"region_iso_code\":\"RU-MOW\",\"region_with_type\":\"г Москва\",\"region_type\":\"г\",\"region_type_full\":\"город\",\"region\":\"Москва\",\"area_fias_id\":null,\"area_kladr_id\":null,\"area_with_type\":null,\"area_type\":null,\"area_type_full\":null,\"area\":null,\"city_fias_id\":\"0c5b2444-70a0-4932-980c-b4dc0d3f02b5\",\"city_kladr_id\":\"7700000000000\",\"city_with_type\":\"г Москва\",\"city_type\":\"г\",\"city_type_full\":\"город\",\"city\":\"Москва\",\"city_area\":\"Юго-восточный\",\"city_district_fias_id\":null,\"city_district_kladr_id\":null,\"city_district_with_type\":\"р-н Печатники\",\"city_district_type\":\"р-н\",\"city_district_type_full\":\"район\",\"city_district\":\"Печатники\",\"settlement_fias_id\":null,\"settlement_kladr_id\":null,\"settlement_with_type\":null,\"settlement_type\":null,\"settlement_type_full\":null,\"settlement\":null,\"street_fias_id\":\"966e6baf-a2da-4e70-8ac3-ba2c1a2a699a\",\"street_kladr_id\":\"77000000000022300\",\"street_with_type\":\"ул Угрешская\",\"street_type\":\"ул\",\"street_type_full\":\"улица\",\"street\":\"Угрешская\",\"house_fias_id\":\"d12f609f-7959-4519-9f4a-47db3b70cf2e\",\"house_kladr_id\":\"7700000000002230011\",\"house_cadnum\":null,\"house_type\":\"д\",\"house_type_full\":\"дом\",\"house\":\"2\",\"block_type\":\"стр\",\"block_type_full\":\"строение\",\"block\":\"5\",\"entrance\":null,\"floor\":null,\"flat_fias_id\":null,\"flat_cadnum\":null,\"flat_type\":null,\"flat_type_full\":null,\"flat\":null,\"flat_area\":null,\"square_meter_price\":null,\"flat_price\":null,\"postal_box\":null,\"fias_id\":\"d12f609f-7959-4519-9f4a-47db3b70cf2e\",\"fias_code\":\"77000000000000002230011\",\"fias_level\":\"8\",\"fias_actuality_state\":\"0\",\"kladr_id\":\"7700000000002230011\",\"geoname_id\":\"524901\",\"capital_marker\":\"0\",\"okato\":\"45290582000\",\"oktmo\":\"45393000\",\"tax_office\":\"7723\",\"tax_office_legal\":\"7723\",\"timezone\":null,\"geo_lat\":\"55.7128778\",\"geo_lon\":\"37.6881108\",\"beltway_hit\":null,\"beltway_distance\":null,\"metro\":null,\"qc_geo\":\"0\",\"qc_complete\":null,\"qc_house\":null,\"history_values\":null,\"unparsed_parts\":null,\"source\":null,\"qc\":null}}', '2021-08-02 05:59:44', 'd12f609f-7959-4519-9f4a-47db3b70cf2e', 8, 0),
(520, 'г Москва, ул Зорге, д 2 ', '{\"value\":\"г Москва, ул Зорге, д 2\",\"unrestricted_value\":\"123308, г Москва, Хорошевский р-н, ул Зорге, д 2\",\"data\":{\"postal_code\":\"123308\",\"country\":\"Россия\",\"country_iso_code\":\"RU\",\"federal_district\":\"Центральный\",\"region_fias_id\":\"0c5b2444-70a0-4932-980c-b4dc0d3f02b5\",\"region_kladr_id\":\"7700000000000\",\"region_iso_code\":\"RU-MOW\",\"region_with_type\":\"г Москва\",\"region_type\":\"г\",\"region_type_full\":\"город\",\"region\":\"Москва\",\"area_fias_id\":null,\"area_kladr_id\":null,\"area_with_type\":null,\"area_type\":null,\"area_type_full\":null,\"area\":null,\"city_fias_id\":\"0c5b2444-70a0-4932-980c-b4dc0d3f02b5\",\"city_kladr_id\":\"7700000000000\",\"city_with_type\":\"г Москва\",\"city_type\":\"г\",\"city_type_full\":\"город\",\"city\":\"Москва\",\"city_area\":\"Северный\",\"city_district_fias_id\":null,\"city_district_kladr_id\":null,\"city_district_with_type\":\"Хорошевский р-н\",\"city_district_type\":\"р-н\",\"city_district_type_full\":\"район\",\"city_district\":\"Хорошевский\",\"settlement_fias_id\":null,\"settlement_kladr_id\":null,\"settlement_with_type\":null,\"settlement_type\":null,\"settlement_type_full\":null,\"settlement\":null,\"street_fias_id\":\"88aadd7a-713d-45b6-a8f5-aa8c9c4993d4\",\"street_kladr_id\":\"77000000000135200\",\"street_with_type\":\"ул Зорге\",\"street_type\":\"ул\",\"street_type_full\":\"улица\",\"street\":\"Зорге\",\"house_fias_id\":\"50ec0ecf-7d18-4796-aea0-c2dd31cf6d99\",\"house_kladr_id\":\"7700000000013520004\",\"house_cadnum\":null,\"house_type\":\"д\",\"house_type_full\":\"дом\",\"house\":\"2\",\"block_type\":null,\"block_type_full\":null,\"block\":null,\"entrance\":null,\"floor\":null,\"flat_fias_id\":null,\"flat_cadnum\":null,\"flat_type\":null,\"flat_type_full\":null,\"flat\":null,\"flat_area\":null,\"square_meter_price\":null,\"flat_price\":null,\"postal_box\":null,\"fias_id\":\"50ec0ecf-7d18-4796-aea0-c2dd31cf6d99\",\"fias_code\":\"77000000000000013520004\",\"fias_level\":\"8\",\"fias_actuality_state\":\"0\",\"kladr_id\":\"7700000000013520004\",\"geoname_id\":\"524901\",\"capital_marker\":\"0\",\"okato\":\"45277598000\",\"oktmo\":\"45348000\",\"tax_office\":\"7714\",\"tax_office_legal\":\"7714\",\"timezone\":null,\"geo_lat\":\"55.7782583\",\"geo_lon\":\"37.5138011\",\"beltway_hit\":null,\"beltway_distance\":null,\"metro\":null,\"qc_geo\":\"0\",\"qc_complete\":null,\"qc_house\":null,\"history_values\":null,\"unparsed_parts\":null,\"source\":null,\"qc\":null}}', '2021-08-02 06:58:19', '50ec0ecf-7d18-4796-aea0-c2dd31cf6d99', 8, 0),
(497, 'г Москва, ул Старая Басманная, д 14/2 стр 2 ', '{\"value\":\"г Москва, ул Старая Басманная, д 14/2 стр 2\",\"unrestricted_value\":\"105064, г Москва, Басманный р-н, ул Старая Басманная, д 14/2 стр 2\",\"data\":{\"postal_code\":\"105064\",\"country\":\"Россия\",\"country_iso_code\":\"RU\",\"federal_district\":\"Центральный\",\"region_fias_id\":\"0c5b2444-70a0-4932-980c-b4dc0d3f02b5\",\"region_kladr_id\":\"7700000000000\",\"region_iso_code\":\"RU-MOW\",\"region_with_type\":\"г Москва\",\"region_type\":\"г\",\"region_type_full\":\"город\",\"region\":\"Москва\",\"area_fias_id\":null,\"area_kladr_id\":null,\"area_with_type\":null,\"area_type\":null,\"area_type_full\":null,\"area\":null,\"city_fias_id\":\"0c5b2444-70a0-4932-980c-b4dc0d3f02b5\",\"city_kladr_id\":\"7700000000000\",\"city_with_type\":\"г Москва\",\"city_type\":\"г\",\"city_type_full\":\"город\",\"city\":\"Москва\",\"city_area\":\"Центральный\",\"city_district_fias_id\":null,\"city_district_kladr_id\":null,\"city_district_with_type\":\"Басманный р-н\",\"city_district_type\":\"р-н\",\"city_district_type_full\":\"район\",\"city_district\":\"Басманный\",\"settlement_fias_id\":null,\"settlement_kladr_id\":null,\"settlement_with_type\":null,\"settlement_type\":null,\"settlement_type_full\":null,\"settlement\":null,\"street_fias_id\":\"92858a55-9d2c-4129-bffd-f0ea89731b16\",\"street_kladr_id\":\"77000000000702400\",\"street_with_type\":\"ул Старая Басманная\",\"street_type\":\"ул\",\"street_type_full\":\"улица\",\"street\":\"Старая Басманная\",\"house_fias_id\":\"ac6d986b-a7b7-4d17-a28f-1c18533263c5\",\"house_kladr_id\":\"7700000000070240020\",\"house_cadnum\":null,\"house_type\":\"д\",\"house_type_full\":\"дом\",\"house\":\"14/2\",\"block_type\":\"стр\",\"block_type_full\":\"строение\",\"block\":\"2\",\"entrance\":null,\"floor\":null,\"flat_fias_id\":null,\"flat_cadnum\":null,\"flat_type\":null,\"flat_type_full\":null,\"flat\":null,\"flat_area\":null,\"square_meter_price\":null,\"flat_price\":null,\"postal_box\":null,\"fias_id\":\"ac6d986b-a7b7-4d17-a28f-1c18533263c5\",\"fias_code\":\"77000000000000070240020\",\"fias_level\":\"8\",\"fias_actuality_state\":\"0\",\"kladr_id\":\"7700000000070240020\",\"geoname_id\":\"524901\",\"capital_marker\":\"0\",\"okato\":\"45286555000\",\"oktmo\":\"45375000\",\"tax_office\":\"7701\",\"tax_office_legal\":\"7701\",\"timezone\":null,\"geo_lat\":\"55.7649803\",\"geo_lon\":\"37.6607582\",\"beltway_hit\":null,\"beltway_distance\":null,\"metro\":null,\"qc_geo\":\"0\",\"qc_complete\":null,\"qc_house\":null,\"history_values\":null,\"unparsed_parts\":null,\"source\":null,\"qc\":null}}', '2021-08-02 08:31:28', 'ac6d986b-a7b7-4d17-a28f-1c18533263c5', 8, 0);

-- --------------------------------------------------------

--
-- Table structure for table `user_data2`
--

DROP TABLE IF EXISTS `user_data2`;
CREATE TABLE `user_data2` (
  `user_id` int DEFAULT NULL,
  `address` text CHARACTER SET utf8 COLLATE utf8_unicode_ci,
  `geodata` text CHARACTER SET utf8 COLLATE utf8_unicode_ci,
  `fias_id` varchar(36) CHARACTER SET utf8 COLLATE utf8_unicode_ci DEFAULT NULL,
  `fias_level` int DEFAULT NULL,
  `timestamp` timestamp NOT NULL DEFAULT CURRENT_TIMESTAMP ON UPDATE CURRENT_TIMESTAMP
) ENGINE=MyISAM DEFAULT CHARSET=utf8mb3 COLLATE=utf8_unicode_ci;

-- --------------------------------------------------------

--
-- Structure for view `filtered_product`
--
DROP TABLE IF EXISTS `filtered_product`;

DROP VIEW IF EXISTS `filtered_product`;
CREATE ALGORITHM=UNDEFINED DEFINER=`saychas_z`@`localhost` SQL SECURITY DEFINER VIEW `filtered_product`  AS  select distinct `s`.`id` AS `id`,`s`.`provider_id` AS `provider_id`,`s`.`title` AS `title`,`pr`.`id` AS `product_id`,`pr`.`title` AS `product_title`,`sb`.`rest` AS `rest`,`pri`.`price` AS `price`,`pr`.`param_value_list` AS `param_value_list`,`pr`.`param_variable_list` AS `param_variable_list` from ((((`store` `s` join `provider` `p` on((`p`.`id` = `s`.`provider_id`))) join `product` `pr` on((`pr`.`provider_id` = `s`.`provider_id`))) left join `stock_balance` `sb` on(((`sb`.`product_id` = `pr`.`id`) and (`sb`.`store_id` = `s`.`id`)))) left join `price` `pri` on(((`pri`.`product_id` = `pr`.`id`) and (`pri`.`provider_id` = `p`.`id`)))) ;

-- --------------------------------------------------------

--
-- Structure for view `role_permissions`
--
DROP TABLE IF EXISTS `role_permissions`;

DROP VIEW IF EXISTS `role_permissions`;
CREATE ALGORITHM=UNDEFINED DEFINER=`saychas_z`@`localhost` SQL SECURITY DEFINER VIEW `role_permissions` (`role_id`, `role`, `role_name`, `permission_name`) AS   select `r`.`id` AS `role_id`,`r`.`role` AS `role`,`r`.`name` AS `role_name`,`p`.`name` AS `permission_name` from (`permission` `p` left join (`role` `r` left join `role_permission` `rp` on((`rp`.`role_id` = `r`.`id`))) on((`rp`.`permission_id` = `p`.`id`))) order by `r`.`id`  ;

--
-- Indexes for dumped tables
--

--
-- Indexes for table `basket`
--
ALTER TABLE `basket`
  ADD PRIMARY KEY (`user_id`,`product_id`);

--
-- Indexes for table `brand`
--
ALTER TABLE `brand`
  ADD PRIMARY KEY (`id`);

--
-- Indexes for table `category`
--
ALTER TABLE `category`
  ADD PRIMARY KEY (`id`);

--
-- Indexes for table `characteristic`
--
ALTER TABLE `characteristic`
  ADD PRIMARY KEY (`id`);

--
-- Indexes for table `characteristic_value`
--
ALTER TABLE `characteristic_value`
  ADD PRIMARY KEY (`id`);

--
-- Indexes for table `client_order`
--
ALTER TABLE `client_order`
  ADD PRIMARY KEY (`id`),
  ADD UNIQUE KEY `order_id` (`order_id`);

--
-- Indexes for table `country`
--
ALTER TABLE `country`
  ADD PRIMARY KEY (`id`);

--
-- Indexes for table `customer`
--
ALTER TABLE `customer`
  ADD PRIMARY KEY (`id`);

--
-- Indexes for table `delivery`
--
ALTER TABLE `delivery`
  ADD PRIMARY KEY (`id`),
  ADD UNIQUE KEY `delevery_id` (`delivery_id`);

--
-- Indexes for table `marker`
--
ALTER TABLE `marker`
  ADD PRIMARY KEY (`id`);

--
-- Indexes for table `permission`
--
ALTER TABLE `permission`
  ADD PRIMARY KEY (`id`),
  ADD UNIQUE KEY `name_idx` (`name`);

--
-- Indexes for table `price`
--
ALTER TABLE `price`
  ADD PRIMARY KEY (`product_id`,`provider_id`);

--
-- Indexes for table `product`
--
ALTER TABLE `product`
  ADD PRIMARY KEY (`id`);

--
-- Indexes for table `product_characteristic`
--
ALTER TABLE `product_characteristic`
  ADD UNIQUE KEY `product_id` (`product_id`,`characteristic_id`,`value`);

--
-- Indexes for table `product_image`
--
ALTER TABLE `product_image`
  ADD PRIMARY KEY (`product_id`,`ftp_url`);

--
-- Indexes for table `provider`
--
ALTER TABLE `provider`
  ADD PRIMARY KEY (`id`);

--
-- Indexes for table `role`
--
ALTER TABLE `role`
  ADD PRIMARY KEY (`id`),
  ADD UNIQUE KEY `name_idx` (`name`);

--
-- Indexes for table `role_hierarchy`
--
ALTER TABLE `role_hierarchy`
  ADD PRIMARY KEY (`id`);

--
-- Indexes for table `role_permission`
--
ALTER TABLE `role_permission`
  ADD PRIMARY KEY (`id`),
  ADD KEY `role_permission_role_id_fk` (`role_id`),
  ADD KEY `role_permission_permission_id_fk` (`permission_id`);

--
-- Indexes for table `size`
--
ALTER TABLE `size`
  ADD PRIMARY KEY (`id`);

--
-- Indexes for table `stock_balance`
--
ALTER TABLE `stock_balance`
  ADD PRIMARY KEY (`product_id`,`size`,`store_id`);

--
-- Indexes for table `store`
--
ALTER TABLE `store`
  ADD PRIMARY KEY (`id`);

--
-- Indexes for table `user`
--
ALTER TABLE `user`
  ADD PRIMARY KEY (`id`),
  ADD UNIQUE KEY `1c_id` (`user_id`);

--
-- AUTO_INCREMENT for dumped tables
--

--
-- AUTO_INCREMENT for table `client_order`
--
ALTER TABLE `client_order`
  MODIFY `id` int NOT NULL AUTO_INCREMENT;

--
-- AUTO_INCREMENT for table `customer`
--
ALTER TABLE `customer`
  MODIFY `id` int NOT NULL AUTO_INCREMENT;

--
-- AUTO_INCREMENT for table `delivery`
--
ALTER TABLE `delivery`
  MODIFY `id` int NOT NULL AUTO_INCREMENT;

--
-- AUTO_INCREMENT for table `permission`
--
ALTER TABLE `permission`
  MODIFY `id` int NOT NULL AUTO_INCREMENT, AUTO_INCREMENT=7;

--
-- AUTO_INCREMENT for table `role`
--
ALTER TABLE `role`
  MODIFY `id` int NOT NULL AUTO_INCREMENT, AUTO_INCREMENT=7;

--
-- AUTO_INCREMENT for table `role_hierarchy`
--
ALTER TABLE `role_hierarchy`
  MODIFY `id` int NOT NULL AUTO_INCREMENT, AUTO_INCREMENT=7;

--
-- AUTO_INCREMENT for table `role_permission`
--
ALTER TABLE `role_permission`
  MODIFY `id` int NOT NULL AUTO_INCREMENT, AUTO_INCREMENT=7;

--
-- AUTO_INCREMENT for table `user`
--
ALTER TABLE `user`
  MODIFY `id` bigint NOT NULL AUTO_INCREMENT, AUTO_INCREMENT=575;

--
-- Constraints for dumped tables
--

--
-- Constraints for table `role_permission`
--
ALTER TABLE `role_permission`
  ADD CONSTRAINT `role_permission_ibfk_1` FOREIGN KEY (`role_id`) REFERENCES `role` (`id`) ON DELETE CASCADE ON UPDATE CASCADE,
  ADD CONSTRAINT `role_permission_ibfk_2` FOREIGN KEY (`permission_id`) REFERENCES `permission` (`id`) ON DELETE CASCADE ON UPDATE CASCADE;
COMMIT;

/*!40101 SET CHARACTER_SET_CLIENT=@OLD_CHARACTER_SET_CLIENT */;
/*!40101 SET CHARACTER_SET_RESULTS=@OLD_CHARACTER_SET_RESULTS */;
/*!40101 SET COLLATION_CONNECTION=@OLD_COLLATION_CONNECTION */;
