-- phpMyAdmin SQL Dump
-- version 5.0.2
-- https://www.phpmyadmin.net/
--
-- Host: localhost
-- Generation Time: May 20, 2021 at 08:00 AM
-- Server version: 8.0.23
-- PHP Version: 7.4.16

SET SQL_MODE = "NO_AUTO_VALUE_ON_ZERO";
START TRANSACTION;
SET time_zone = "+00:00";


/*!40101 SET @OLD_CHARACTER_SET_CLIENT=@@CHARACTER_SET_CLIENT */;
/*!40101 SET @OLD_CHARACTER_SET_RESULTS=@@CHARACTER_SET_RESULTS */;
/*!40101 SET @OLD_COLLATION_CONNECTION=@@COLLATION_CONNECTION */;
/*!40101 SET NAMES utf8mb4 */;

--
-- Database: `saychas_z`
--

-- --------------------------------------------------------

--
-- Table structure for table `brand`
--

DROP TABLE IF EXISTS `brand`;
CREATE TABLE `brand` (
  `id` varchar(6) CHARACTER SET utf8 COLLATE utf8_unicode_ci NOT NULL,
  `title` tinytext CHARACTER SET utf8 COLLATE utf8_unicode_ci NOT NULL,
  `description` text CHARACTER SET utf8 COLLATE utf8_unicode_ci NOT NULL,
  `image` tinytext CHARACTER SET utf8 COLLATE utf8_unicode_ci NOT NULL
) ENGINE=MyISAM DEFAULT CHARSET=utf8 COLLATE=utf8_unicode_ci;

--
-- Dumping data for table `brand`
--

INSERT INTO `brand` (`id`, `title`, `description`, `image`) VALUES
('000005', 'ACER', '', '000005_ACER.png'),
('000007', 'Asus', '', '000007_Asus.png'),
('000001', 'BOSH', '', '000001_BOSH.png'),
('000008', 'Hewlett-Packard', '', '000008_Hewlett-Packard.png'),
('000003', 'HUAWEI', '', '000003_HUAWEI.png'),
('000006', 'Lenovo', '', '000006_Lenovo.png'),
('000009', 'Nokia', '', '000009_Nokia.png'),
('000002', 'SONY', '', '000002_SONY.png'),
('000010', 'Xiaomi', '', '000010_Xiaomi.png'),
('000004', 'Простоквашино', '', '000004_Простоквашино.png');

-- --------------------------------------------------------

--
-- Table structure for table `category`
--

DROP TABLE IF EXISTS `category`;
CREATE TABLE `category` (
  `id` varchar(9) CHARACTER SET utf8 COLLATE utf8_unicode_ci NOT NULL,
  `parent_id` varchar(9) CHARACTER SET utf8 COLLATE utf8_unicode_ci NOT NULL DEFAULT '0',
  `title` text CHARACTER SET utf8 COLLATE utf8_unicode_ci NOT NULL,
  `description` text CHARACTER SET utf8 COLLATE utf8_unicode_ci NOT NULL,
  `icon` varchar(11) CHARACTER SET utf8 COLLATE utf8_unicode_ci NOT NULL DEFAULT '',
  `sort_order` int NOT NULL DEFAULT '0'
) ENGINE=MyISAM DEFAULT CHARSET=utf8 COLLATE=utf8_unicode_ci COMMENT='Категории товаров';

--
-- Dumping data for table `category`
--

INSERT INTO `category` (`id`, `parent_id`, `title`, `description`, `icon`, `sort_order`) VALUES
('000000012', '000000003', 'DECT', '', '', 0),
('000000008', '000000002', 'Аксесуары', '', '', 0),
('000000010', '000000001', 'Бытовая техника', '', '', 0),
('000000025', '000000023', 'Верхная одежда', '', '', 0),
('000000020', '000000019', 'Игровые ноутбуки', '', '', 0),
('000000016', '000000014', 'Кефир', '', '', 0),
('000000007', '000000004', 'Кнопочные', '', '', 0),
('000000017', '000000014', 'Молоко', '', '', 0),
('000000014', '000000013', 'Молочная продукция', '', '', 0),
('000000015', '000000013', 'Мясные продукты', '', '', 0),
('000000009', '000000008', 'Наушники', '', '', 0),
('000000019', '000000002', 'Ноутбуки', '', '', 0),
('000000022', '000000019', 'Ноутбуки', '', '', 0),
('000000024', '000000023', 'Обувь', '', '', 0),
('000000026', '000000025', 'Пальто', '', '', 0),
('000000013', '0', 'Продукты питания', '', '', 0),
('000000018', '000000014', 'Ряженка', '', '', 0),
('000000006', '000000004', 'Смартфоны', '', '', 0),
('000000004', '000000003', 'Сотовые телефоны', '', '', 0),
('000000005', '000000003', 'Стационарные телефоны', '', '', 0),
('000000003', '000000002', 'Телефоны', '', '', 0),
('000000001', '0', 'Техника', '', '', 0),
('000000021', '000000019', 'Ультрабуки', '', '', 0),
('000000023', '0', 'ФЭШН ТОВАРЫ', '', '', 0),
('000000011', '000000010', 'Холодильники', '', '', 0),
('000000002', '000000001', 'Электроника', '', '', 0);

-- --------------------------------------------------------

--
-- Table structure for table `characteristic`
--

DROP TABLE IF EXISTS `characteristic`;
CREATE TABLE `characteristic` (
  `id` varchar(9) CHARACTER SET utf8 COLLATE utf8_unicode_ci NOT NULL DEFAULT '',
  `category_id` varchar(9) CHARACTER SET utf8 COLLATE utf8_unicode_ci NOT NULL DEFAULT '',
  `title` varchar(255) CHARACTER SET utf8 COLLATE utf8_unicode_ci NOT NULL DEFAULT '',
  `type` tinyint(1) NOT NULL DEFAULT '1',
  `filter` tinyint(1) NOT NULL DEFAULT '0',
  `group` tinyint(1) NOT NULL DEFAULT '0',
  `sort_order` int NOT NULL DEFAULT '1',
  `unit` tinytext CHARACTER SET utf8 COLLATE utf8_unicode_ci,
  `description` tinytext CHARACTER SET utf8 COLLATE utf8_unicode_ci
) ENGINE=MyISAM DEFAULT CHARSET=utf8 COLLATE=utf8_unicode_ci;

--
-- Dumping data for table `characteristic`
--

INSERT INTO `characteristic` (`id`, `category_id`, `title`, `type`, `filter`, `group`, `sort_order`, `unit`, `description`) VALUES
('000000015', '000000009', 'Тип подключения', 4, 1, 0, 3, '', ''),
('000000016', '000000009', 'Частотный диапазон', 1, 0, 0, 2, '', ''),
('000000021', '000000009', 'Сопротивление', 1, 0, 0, 1, '', ''),
('000000030', '000000009', 'Система активного подавления', 3, 0, 0, 4, '', ''),
('000000031', '000000009', 'Поддержка AAC', 3, 0, 0, 5, '', ''),
('000000033', '000000019', 'Оперативная память (RAM)', 4, 0, 0, 2, '', ''),
('000000070', '000000011', 'Заголовок', 0, 0, 0, 1, '', ''),
('000000013', '000000014', 'Жирность', 2, 1, 0, 1, '', ''),
('000000007', '000000006', 'Высота', 2, 0, 0, 48, '', ''),
('000000008', '000000006', 'Вес', 2, 0, 0, 47, '', ''),
('000000006', '000000006', 'Ширина', 2, 0, 0, 46, '', ''),
('000000005', '000000006', 'Длина', 2, 0, 0, 45, '', ''),
('000000069', '000000006', 'Габариты, вес', 0, 0, 0, 44, '', ''),
('000000068', '000000006', 'Хрупкость', 3, 0, 0, 43, '', ''),
('000000002', '000000024', 'Поставщик', 5, 0, 0, 4, '', ''),
('000000067', '000000006', 'Транспортировка', 1, 0, 0, 42, '', ''),
('000000066', '000000006', 'Степень пылевлагозащиты', 1, 0, 0, 41, '', ''),
('000000065', '000000006', 'Комплектация', 1, 0, 0, 40, '', ''),
('000000064', '000000006', 'Дополнительная информация', 0, 0, 0, 39, '', ''),
('000000062', '000000006', 'Встроенная вспышка', 3, 0, 0, 37, '', ''),
('000000063', '000000006', 'Дополнительные опции камеры', 1, 0, 0, 38, '', ''),
('000000058', '000000006', 'Количество Мп основной камеры', 2, 0, 0, 33, '', ''),
('000000059', '000000006', 'Количество Мп фронтальной камеры', 2, 0, 0, 34, '', ''),
('000000060', '000000006', 'Особенности объектива', 1, 0, 0, 35, '', ''),
('000000061', '000000006', 'Поддерживаемый формат', 1, 0, 0, 36, '', ''),
('000000057', '000000006', 'Камера', 0, 0, 0, 32, '', ''),
('000000056', '000000006', 'Вид разъема', 4, 0, 0, 31, '', ''),
('000000053', '000000006', 'Питание', 0, 0, 0, 28, '', ''),
('000000054', '000000006', 'Тип аккумулятора', 1, 0, 0, 29, '', ''),
('000000055', '000000006', 'Емкость аккумулятора (мАч)', 2, 0, 0, 30, '', ''),
('000000052', '000000006', 'Тип SIM карты', 1, 0, 0, 27, '', ''),
('000000051', '000000006', 'Количество SIM карт', 4, 0, 0, 26, '', ''),
('000000050', '000000006', 'Навигация', 1, 0, 0, 25, '', ''),
('000000049', '000000006', 'Стандарт связи', 1, 0, 0, 24, '', ''),
('000000048', '000000006', 'Беспроводные интерфейсы', 1, 0, 0, 23, '', ''),
('000000047', '000000006', 'Связь', 0, 0, 0, 22, '', ''),
('000000046', '000000006', 'Тип карты памяти', 4, 0, 0, 21, '', ''),
('000000045', '000000006', 'Тактовая частота процессора (МГц)', 2, 0, 0, 20, '', ''),
('000000044', '000000006', 'Количество ядер процессора', 2, 0, 0, 19, '', ''),
('000000043', '000000006', 'Процессор', 1, 0, 0, 18, '', ''),
('000000042', '000000006', 'Макс. объем карты памяти (ГБ)', 4, 0, 0, 17, '', ''),
('000000041', '000000006', 'Объем оперативной памяти (ГБ)', 4, 0, 0, 16, '', ''),
('000000040', '000000006', 'Объем встроенной памяти (ГБ)', 4, 1, 0, 15, '', ''),
('000000039', '000000006', 'Память и процессор', 0, 0, 0, 14, '', ''),
('000000038', '000000006', 'Защитное покрытие', 3, 0, 0, 13, '', ''),
('000000037', '000000006', 'Тип дисплея', 4, 0, 0, 12, '', ''),
('000000029', '000000006', 'Диагональ (дюйм)', 2, 0, 0, 10, '', ''),
('000000036', '000000006', 'Разрешение', 4, 0, 0, 11, '', ''),
('000000032', '000000006', 'Экран', 0, 0, 0, 9, '', ''),
('000000028', '000000006', 'Дополнительные опции', 1, 0, 0, 8, '', ''),
('000000027', '000000006', 'Гарантийный срок (мес.)', 2, 0, 0, 7, '', ''),
('000000009', '000000024', 'Вес', 2, 0, 0, 2, '', ''),
('000000001', '000000006', 'Страна-производитель', 8, 0, 0, 6, '', ''),
('000000003', '000000006', 'Бренд', 6, 0, 0, 3, '', ''),
('000000025', '000000006', 'Материал корпуса', 4, 0, 0, 4, '', ''),
('000000004', '000000006', 'Цвет', 7, 1, 1, 5, '', ''),
('000000014', '000000006', 'Операционная система', 4, 0, 0, 2, '', ''),
('000000017', '000000006', 'Основные характеристики', 0, 0, 0, 1, '', '');

-- --------------------------------------------------------

--
-- Table structure for table `characteristic_value`
--

DROP TABLE IF EXISTS `characteristic_value`;
CREATE TABLE `characteristic_value` (
  `id` varchar(255) CHARACTER SET utf8 COLLATE utf8_unicode_ci NOT NULL DEFAULT '',
  `title` varchar(255) CHARACTER SET utf8 COLLATE utf8_unicode_ci NOT NULL DEFAULT '',
  `characteristic_id` varchar(9) CHARACTER SET utf8 COLLATE utf8_unicode_ci NOT NULL DEFAULT ''
) ENGINE=MyISAM DEFAULT CHARSET=utf8 COLLATE=utf8_unicode_ci;

--
-- Dumping data for table `characteristic_value`
--

INSERT INTO `characteristic_value` (`id`, `title`, `characteristic_id`) VALUES
('000000002', 'Беспроводной', '000000015'),
('000000001', 'Проводной', '000000015'),
('000000004', '16 ГБ', '000000033'),
('000000013', '2 ГБ', '000000033'),
('000000005', '32 ГБ', '000000033'),
('000000003', '8 ГБ', '000000033'),
('000000007', '128 ГБ', '000000034'),
('000000008', '256 ГБ', '000000034'),
('000000014', '32 ГБ', '000000034'),
('000000009', '512 ГБ', '000000034'),
('000000006', '64 ГБ', '000000034'),
('000000011', 'Android', '000000014'),
('000000012', 'Mac OS', '000000014'),
('000000010', 'MS Windows', '000000014'),
('000000015', 'пластик', '000000025'),
('000000039', '1440x720', '000000036'),
('000000017', 'OLED', '000000037'),
('000000016', 'TFT', '000000037'),
('000000022', '128', '000000040'),
('000000019', '16', '000000040'),
('000000020', '32', '000000040'),
('000000021', '64', '000000040'),
('000000018', '8', '000000040'),
('000000024', '2', '000000041'),
('000000025', '6', '000000041'),
('000000023', '8', '000000041'),
('000000027', '1024', '000000042'),
('000000026', '512', '000000042'),
('000000028', 'microSD', '000000046'),
('000000029', 'microSDHC', '000000046'),
('000000030', 'microSDXC', '000000046'),
('000000031', 'nanoSD', '000000046'),
('000000032', ' Bluetooth', '000000048'),
('000000033', 'Wi-Fi', '000000048'),
('000000034', '1', '000000051'),
('000000035', '2', '000000051'),
('000000037', 'Micro USB', '000000056'),
('000000038', 'mini jack 3.5 мм', '000000056'),
('000000036', 'Type-C', '000000056'),
('9f6967b69a9c02c9245c774576224caa', '29 Ом', '000000021'),
('34dc08d9ebd93805b3a07e3fb4028db4', '29 Ом', '000000021'),
('8093e5f6ab2b71e2627b15ba69238b44', '20 Гц - 20 кГц', '000000016'),
('b6fd43bbeaf35eb46465a87528d99671', '20 Гц - 20 кГц', '000000016'),
('fb1218b5595c2bf2f774afd28879f0bb', '1', '000000030'),
('d345cbab68497533a316193b31e66eff', '1', '000000030'),
('2e722b5f272de42c8b644153610ead25', '1', '000000031'),
('123acfc91197a1743f99e77a870584e9', '1', '000000031'),
('99d175f4f62cc2acd02756569cfccdcb', '29 Ом', '000000021'),
('abd2ea96211c3d97891b50876c33602a', '20 Гц - 20 кГц', '000000016'),
('7bd398db3b6c4c840a96993dcbdf5fd8', '1', '000000030'),
('3a2ea79f419cf2686c8c596f3c496f51', '1', '000000031'),
('b622ceb7499685db8625c3e16b04f4e2', '2.5', '000000013'),
('aef3de87e0636396badc8f466309d980', '2.5', '000000013'),
('0e5ef1bd7362f0b84f7752611f0bb8e4', '2.5', '000000013'),
('9d211a41706582f55d80312629ad33ff', '3.2', '000000013'),
('73b8fa8c557fb4586ba5104fc9c5308e', '3.2', '000000013'),
('f173343b02ec8d82c759542b23a1caac', '3.2', '000000013'),
('2e7abaa851f3ab9c12dbb93292657688', '3.2', '000000013'),
('b02a7ff7b500a66aa93ec7ca2ddb5886', '3.2', '000000013'),
('09d50dd12f03ec818013353c7882b4ce', '3.2', '000000013'),
('1c32b46f227bdfe01f7d882fef32a911', 'Очень удобный', '000000005'),
('f16acc6ff23fe0002d47a60a4bd209bd', 'Очень удобный', '000000005'),
('1f7c7a1eb5dd6cde0651de5e6e2c2a2c', '000009', '000000003'),
('e75b3600be607624422e83b956ae8ebe', '000009', '000000003'),
('22015230397c312c53c23c5804a1b695', '#000000', '000000004'),
('df75b8b509f65946f590fdd2c03ac8a8', '#000000', '000000004'),
('f14bd67ae8e04e56e871b19bf043bc30', '156', '000000001'),
('9de6f0a5bf357dae060b34f1f7012dbe', '156', '000000001'),
('2564561cb462d755b92105f409adf899', '0.1', '000000006'),
('80c961bdd4af4e9b438888db9af6076e', '0.1', '000000006'),
('106329aef01d779bd0fc9c052a399b11', '0.2', '000000007'),
('03a768a2124abc56eeae02aff22203b1', '0.2', '000000007'),
('43cf8eb1986cce61defb302c0911d579', '0.11', '000000008'),
('5f8eaf2f7f57511f650117f8042719d4', '0.11', '000000008'),
('395c2576f2a56816de16d7374576e9e1', '0.17', '000000009'),
('db97459d98f15eb7b59ccee03a0a0265', '0.17', '000000009'),
('ecb5376602ac486f6aa8ff41606c2a07', 'Очень удобный', '000000005'),
('b63efdb9db3dc366f9251f80231e1b29', '000009', '000000003'),
('138f75756214a9b21cbc610cb1b60cd9', '#000000', '000000004'),
('a820a71de8e4426b16b8d70e7ed7e680', '156', '000000001'),
('dd5f2a8af3a97e413b943af984d81bf3', '0.1', '000000006'),
('934c4a52eb6f536bdf35a5fca5edef8b', '0.2', '000000007'),
('7d98bb3af39126ad5dffb9b46230a727', '0.11', '000000008'),
('eea4ff66ed65f173f420be5395fafb36', '0.17', '000000009'),
('ee25bbca5f7560a67885fd7ea6d4526f', 'Huawei Honor 7A - смартфон с современным дизайном. На передней стороне размещается прочное и красиво', '000000005'),
('b87d0afc8e4dea9779f530d63433bb2e', 'Huawei Honor 7A - смартфон с современным дизайном. На передней стороне размещается прочное и красиво', '000000005'),
('5bc6abd82218fed8f5bddcb87f0fe915', '000003', '000000003'),
('956fa39418944c76cdd5ce28686941ae', '000003', '000000003'),
('5d7f6cc71696ea02ce4d74f8df7ccb4c', '#DD9CB3', '000000004'),
('938094c05e151f0097ee8086543b89d2', '#DD9CB3', '000000004'),
('28e2e20f5f69d5088c1fda82b2b922b4', '156', '000000001'),
('0a72eb6106c76f8a0d3d7437c2a9fdc2', '156', '000000001'),
('fd6cd765cf32b5810022ddc22628af0f', '12', '000000027'),
('53cf15fe447bbdc2cc73e305be15d900', '12', '000000027'),
('0c756906d212d7f820b593edc5637173', 'сканер отпечатка пальца; быстрая зарядка; технология распознавания лица', '000000028'),
('287e8ed392403cd5b39018762066424b', 'сканер отпечатка пальца; быстрая зарядка; технология распознавания лица', '000000028'),
('0d7fde6c80d14370ce13160fc2c77a57', '6.5', '000000029'),
('1a84180f11b295066d069249590354a7', '6.5', '000000029'),
('7eed3839c0e4f81f79b665b40a578433', '1', '000000038'),
('1dc1b98ffc0c8d7042f510ea94c44e4d', '1', '000000038'),
('fd14ce21e345d1a6773f3bb67134a218', 'MediaTek Helio G35', '000000043'),
('9e76dd0571c50d25a19ce6f34b11d164', 'MediaTek Helio G35', '000000043'),
('238f00738f824020b4464fa626b9ba02', '8', '000000044'),
('e05c7a73bcea9f7b75f47bb77e3b9b2a', '8', '000000044'),
('422db3060900eb040703d3737f7caf38', '2000', '000000045'),
('0d1187414a8dd0b292323dc79ad279d1', '2000', '000000045'),
('6b5cfd563672da2568c12a0081a3185f', 'Wi-Fi; Bluetooth 5.1; IRDA;  USB;  NFC', '000000048'),
('2ecfd424b9e6b52cd5285fc5e9ac359b', 'Wi-Fi; Bluetooth 5.1; IRDA;  USB;  NFC', '000000048'),
('2a22ddee9e0f1ca6b52baedba8a9ca00', 'GSM 900/1800/1900; 3G; 4G; LTE; VoLTE', '000000049'),
('1f7723eacf81a707f1c4a684b9c681e4', 'GSM 900/1800/1900; 3G; 4G; LTE; VoLTE', '000000049'),
('e7e2b1cfcababa77f59479847f620167', 'ГЛОНАСС; GPS; BeiDou; Galileo; GPS; AGPS', '000000050'),
('1d0aa1a76e686bf18643d5797173ff17', 'ГЛОНАСС; GPS; BeiDou; Galileo; GPS; AGPS', '000000050'),
('4aa02b332510373d6c6a272aa2d6fe96', 'nano SIM', '000000052'),
('a0eb11bfca24e5e502afebe1e54c3f7f', 'nano SIM', '000000052'),
('9429afda66488d6053e8b8b96fa194b4', 'Li-polymer', '000000054'),
('0f22c89b91b3e5ffad1b46e7bfd8cf85', 'Li-polymer', '000000054'),
('238fc5d233a44dc8aac5fedefed54652', '4500', '000000055'),
('704542ed3afa1576b2764067000a6738', '4500', '000000055'),
('53b0d02f9cdb0523d09353c4e667680d', '64', '000000058'),
('1eb8b7152dc928976c824511e583b42c', '64', '000000058'),
('b6711d61391ee7e752742f5d307b7132', '8', '000000059'),
('69fcf05f5df46dc758a5c51ef78f4509', '8', '000000059'),
('9964c140458fad7f986beb7b80747f32', 'макро-объектив; автоматическая фокусировка; цифровой зум', '000000060'),
('2b3eb2b5f5f59a76c05d07b6f8f75fbe', 'макро-объектив; автоматическая фокусировка; цифровой зум', '000000060'),
('5f272c3f4cf16b4843debbcfa1470911', 'Full HD 1080p; AAC; AMR; APE; FLAC; M4V; MKV; MP3; MP4; WAV; XviD; AVI; WMA; WAVE, FLAC; BMP; GIF; J', '000000061'),
('52b237838e417fdca7707960a79d5ce0', 'Full HD 1080p; AAC; AMR; APE; FLAC; M4V; MKV; MP3; MP4; WAV; XviD; AVI; WMA; WAVE, FLAC; BMP; GIF; J', '000000061'),
('4c5fdb2718bd23b0c3786a58566e23c5', '1', '000000062'),
('329bc039e17f6f5fbd378497e0adcab9', '1', '000000062'),
('6574d85abaea8bd1f18ee350eeeca9c8', 'автоматическая фокусировка; ночная  съемка', '000000063'),
('d0b5a4110ba2d53a890a52c5fb7c8c9b', 'автоматическая фокусировка; ночная  съемка', '000000063'),
('01111219a8dc1b201747fba61e5ef038', 'зарядное устройство; смартфон; документация; чехол; USB-кабель; адаптер; гарантийный талон', '000000065'),
('f810056fdbe68d889a29f5be1083e24b', 'зарядное устройство; смартфон; документация; чехол; USB-кабель; адаптер; гарантийный талон', '000000065'),
('9b63ed166eb96d11ac559126070d7ebf', 'IP67', '000000066'),
('8b777a662ca09a09fd3efcc93d626b4e', 'IP67', '000000066'),
('20837f14a8cf9c8e4c89d04e63211f0f', 'Хрупкое', '000000067'),
('6951c22613ade95fa434c1191642be5f', 'Хрупкое', '000000067'),
('1c81066546ba6b708889b3a5859412d9', '1', '000000068'),
('af4fd949accef9fd035fc6397dd6cba8', '1', '000000068'),
('4e4128d1c3dfa4f42fa5c9377f28e0e0', '75.7', '000000006'),
('3bc121e07c3b762a50852f311a3fab48', '75.7', '000000006'),
('2e58552d3c7ed291b798ae7136a2b828', '8.3', '000000007'),
('679750f4af65226cd835a99f4e5b98bc', '8.3', '000000007'),
('5446b8a4e8891d60cc9eb92a59274be2', '150.9', '000000008'),
('801ad1b2c26e61ebd34037aaceae8475', '150.9', '000000008'),
('820f4f4fc6be1970b231084ca752925f', '194', '000000009'),
('316a3ff09b43ba1c9223456c15b4715f', '194', '000000009'),
('4a7a85b26fff3852a21d54731f5aa6a9', 'Huawei Honor 7A - смартфон с современным дизайном. На передней стороне размещается прочное и красиво', '000000005'),
('0168fdf137b4dc46a2eb32df7b72acd0', '000003', '000000003'),
('3d656c7fe1923edf8de4ce2b19223fed', '#DD9CB3', '000000004'),
('05055003fed788e27d20a1f81199f010', '156', '000000001'),
('69b9d2ae360136bedfb00bb84f240e14', '12', '000000027'),
('e10c5a7b321526b0e6ffff324c087ad4', 'сканер отпечатка пальца; быстрая зарядка; технология распознавания лица', '000000028'),
('d357bac352ea4e15d6f74773b176c3b7', '6.5', '000000029'),
('ad4cffc8a250e2f35f10dbe2e875d641', '1', '000000038'),
('fe11b8e398d4cc0cbfe2ab473bf96767', 'MediaTek Helio G35', '000000043'),
('e0f152aec5a642c666658fbff33cd28a', '8', '000000044'),
('a0509ef13df8027034a425c169fa5ab3', '2000', '000000045'),
('9fc4278e0ba757001dae379844116466', 'Wi-Fi; Bluetooth 5.1; IRDA;  USB;  NFC', '000000048'),
('7a28ffd61f0edef662cfe122e3665162', 'GSM 900/1800/1900; 3G; 4G; LTE; VoLTE', '000000049'),
('28646a9077d0ccd27f814f90b9dda489', 'ГЛОНАСС; GPS; BeiDou; Galileo; GPS; AGPS', '000000050'),
('3fe141865f7d0727ab2d2345bc45f2e3', 'nano SIM', '000000052'),
('67bea4d6af7a55db5f50af73ca097a8c', 'Li-polymer', '000000054'),
('769359a5a51d9e4f3c709f124a0e3831', '4500', '000000055'),
('981dcde065e4333300118fff71845449', '64', '000000058'),
('3aafbbc1722f5358e8c2de0d6351bb1a', '8', '000000059'),
('187c9c7aaabd73359df0104a61dc278d', 'макро-объектив; автоматическая фокусировка; цифровой зум', '000000060'),
('8d949baa795385d4a8222861ac3be3ed', 'Full HD 1080p; AAC; AMR; APE; FLAC; M4V; MKV; MP3; MP4; WAV; XviD; AVI; WMA; WAVE, FLAC; BMP; GIF; J', '000000061'),
('19d544a5c605f1598391f1792b445236', '1', '000000062'),
('6ec9228c76673ca66ea96c509245caff', 'автоматическая фокусировка; ночная  съемка', '000000063'),
('8289829297da15c4fd0028f416013e5f', 'зарядное устройство; смартфон; документация; чехол; USB-кабель; адаптер; гарантийный талон', '000000065'),
('02509b13d79f5b1d955581fbeafe1a74', 'IP67', '000000066'),
('370b6e75eda74d4611b913699d6b85af', 'Хрупкое', '000000067'),
('382839ac66eecf494463cfc9b61d9bc5', '1', '000000068'),
('04c46b33320f44d0c2ed57a94d97678f', '75.7', '000000006'),
('2117f8b9ce62c20f9da72490aa392b27', '8.3', '000000007'),
('a674002c0696603b66364212ef4977a8', '150.9', '000000008'),
('4a6452abffb2fa66053c13a111574a8e', '194', '000000009'),
('352532e9510d4d2bf70434d676e0c540', 'Huawei Honor 7A - смартфон с современным дизайном. На передней стороне размещается прочное и красиво', '000000005'),
('249ff000426aa2e5a7f910665444cb54', 'Huawei Honor 7A - смартфон с современным дизайном. На передней стороне размещается прочное и красиво', '000000005'),
('01341a106895443a0707ba3d90a52561', '000003', '000000003'),
('80ed229404ecb3c479078444b89954f7', '000003', '000000003'),
('a68d10eb95a335f89eb0eba31e2f5680', '#000000', '000000004'),
('d7e43d6abbf844eb7dcab39da942136a', '#000000', '000000004'),
('322577e5ce98a1612997af658f944bc2', '156', '000000001'),
('6a269db04c28e8b6720e5e023b0e22b9', '156', '000000001'),
('192785364a6d48e81f5ded0c2b317a25', '12', '000000027'),
('ac592fdf335482e9e55b9b3785d82c76', '12', '000000027'),
('6cfb83dd8dad98a3dafc81729f431092', 'сканер отпечатка пальца; быстрая зарядка; технология распознавания лица', '000000028'),
('f9969a62c977abbcf44b8c5442e346f6', 'сканер отпечатка пальца; быстрая зарядка; технология распознавания лица', '000000028'),
('0819d937db8c2123e4d1e34656080d2f', '6.5', '000000029'),
('06a7f7561415e41b61d55bc4bfcfbf23', '6.5', '000000029'),
('6eae3050626f12d35608f9245503f375', '1', '000000038'),
('300750cb5270887d14838b459b538ee3', '1', '000000038'),
('15f60bba9fc46b12a63dd1dd1c42b8d3', 'MediaTek Helio G35', '000000043'),
('3394cbaf09d3ccbc12fead793b26ea68', 'MediaTek Helio G35', '000000043'),
('7f7852e1d149b88ac4a5c156f5530e78', '8', '000000044'),
('889fa75718689a5f20c28c784a2391e5', '8', '000000044'),
('ccc630ba69252ce73dec5409131b4813', '2000', '000000045'),
('cf31c9cb418d14542dd069bad9bd3dc7', '2000', '000000045'),
('77d59a3b4389dccfde7550c114e18dcc', 'Wi-Fi; Bluetooth 5.1; IRDA;  USB;  NFC', '000000048'),
('1292583554d03b1cd278cfc38dce6a76', 'Wi-Fi; Bluetooth 5.1; IRDA;  USB;  NFC', '000000048'),
('e6fe53974db7faee50ff5c03508ac005', 'GSM 900/1800/1900; 3G; 4G; LTE; VoLTE', '000000049'),
('513032e1f73b1844699625233c7e91cd', 'GSM 900/1800/1900; 3G; 4G; LTE; VoLTE', '000000049'),
('49b656de068f7bfc92a16ac77690ef29', 'ГЛОНАСС; GPS; BeiDou; Galileo; GPS; AGPS', '000000050'),
('ea431fad622e6c3dd4ccc943ce1e5ab7', 'ГЛОНАСС; GPS; BeiDou; Galileo; GPS; AGPS', '000000050'),
('fa1f34353384ad499b05d1e13a92060e', 'nano SIM', '000000052'),
('4c6a53256a5c5505d28776a1e0df75b7', 'nano SIM', '000000052'),
('9b6f983fc0aa284c9c45e95d5569fc77', 'Li-polymer', '000000054'),
('a14f9df460b560fde4b61eededfc3030', 'Li-polymer', '000000054'),
('cf4cb4c67fce3abd1b7401ef6d3d51a5', '4500', '000000055'),
('057eeb909c543e1d7633b6ae98b5967b', '4500', '000000055'),
('c2c6c07cbcba92721c709164b1855daa', '64', '000000058'),
('0a403d39ae5c96663c4e18d088d66dc3', '64', '000000058'),
('0ab6a367490c8a7c0e2650786ce2cd83', '8', '000000059'),
('7eecc445807c62bf2ba3b09986241f4c', '8', '000000059'),
('d4c10875296cdf283c9e056e9d7c1ba5', 'макро-объектив; автоматическая фокусировка; цифровой зум', '000000060'),
('688e32396e6f0ba57b3f27758203faf3', 'макро-объектив; автоматическая фокусировка; цифровой зум', '000000060'),
('2555aa0f68df1f27caa4aa99e7a70224', 'Full HD 1080p; AAC; AMR; APE; FLAC; M4V; MKV; MP3; MP4; WAV; XviD; AVI; WMA; WAVE, FLAC; BMP; GIF; J', '000000061'),
('282599c15d7fa9029a3f0b7602260686', 'Full HD 1080p; AAC; AMR; APE; FLAC; M4V; MKV; MP3; MP4; WAV; XviD; AVI; WMA; WAVE, FLAC; BMP; GIF; J', '000000061'),
('47826d17815fe4c8987ff6f6fd94ff17', '1', '000000062'),
('1b0ebfbe8d8b8d150ebe6fce5d926880', '1', '000000062'),
('3ea7eaa46220a2ed9c325509b4e8d53c', 'автоматическая фокусировка; ночная  съемка', '000000063'),
('4ad6380758be28feb88c567bfd3e3162', 'автоматическая фокусировка; ночная  съемка', '000000063'),
('c959976ea2d1cf46f1adc35b78ed55e1', 'зарядное устройство; смартфон; документация; чехол; USB-кабель; адаптер; гарантийный талон', '000000065'),
('983bc202925ff95f84b08ada51fec757', 'зарядное устройство; смартфон; документация; чехол; USB-кабель; адаптер; гарантийный талон', '000000065'),
('3aa10e6b30119cc6c88d79d8b424f52f', 'IP67', '000000066'),
('d5b695f64c530ef8281a516dc8ed4ce5', 'IP67', '000000066'),
('ba6616ff415ba60037ab228b7137c1ed', 'Хрупкое', '000000067'),
('02c150f6c27d28c539794c7c82cac1b5', 'Хрупкое', '000000067'),
('cc9d2c230bdced810e2820b5bb866513', '1', '000000068'),
('a96a9d00e71f2f94c5649e936c2ad62d', '1', '000000068'),
('40e0c33cfe8ab026215c563c7ec21d90', '75.7', '000000006'),
('8651402881751330986950234b62a4d6', '75.7', '000000006'),
('8a1af1a4d0e9c41d719c399ccb73b7e5', '8.3', '000000007'),
('1c7ed05a9f9fb284da38436d774f0856', '8.3', '000000007'),
('0b3a7f83b600771c3ef44968ec0525c7', '150.9', '000000008'),
('ad887a5118a1b0d7ef77efac1caa0a0f', '150.9', '000000008'),
('1901811dec14b062e8166d69a22ac570', '194', '000000009'),
('ab3d746fc6a04e17daae417190a161d0', '194', '000000009'),
('073b65a85fb15a257405145bbf382791', 'Huawei Honor 7A - смартфон с современным дизайном. На передней стороне размещается прочное и красиво', '000000005'),
('1a16adaa7b8d05c9af2a2a05b9cfd112', '000003', '000000003'),
('de6a101fd7042c8e1a323979fdf6c60b', '#000000', '000000004'),
('d589b5b8f3d3536bcd1f51baca1b593c', '156', '000000001'),
('07eb02414f0cd90d664986ed5b388378', '12', '000000027'),
('954d8b5ed1944fdcc81709434395ea88', 'сканер отпечатка пальца; быстрая зарядка; технология распознавания лица', '000000028'),
('6b9279b5fff91a1c4d42a2d77e4c6503', '6.5', '000000029'),
('8dfdbcc830706d32302e5e283593af1f', '1', '000000038'),
('1e7acceca1783f8c36a2d74fd5a98e7d', 'MediaTek Helio G35', '000000043'),
('e12e0540d8409121300956c0d11c406d', '8', '000000044'),
('0e9dc52eab75fd09d03d8045c66b6451', '2000', '000000045'),
('788d2ed696d88254056fe05527678629', 'Wi-Fi; Bluetooth 5.1; IRDA;  USB;  NFC', '000000048'),
('baff3d5059979632b15a1a65ebf2612b', 'GSM 900/1800/1900; 3G; 4G; LTE; VoLTE', '000000049'),
('8dd658a690ee8a8652d34bc1d5cb39a8', 'ГЛОНАСС; GPS; BeiDou; Galileo; GPS; AGPS', '000000050'),
('c21d6786f0026370b8a84c08e03f4d31', 'nano SIM', '000000052'),
('212b747ab29e9d2827c1845e89e8a487', 'Li-polymer', '000000054'),
('21fa2d295b7d2547c9bb9ede28af09cb', '4500', '000000055'),
('2892dfb373c3ff9dabc535b0c5ed9ed1', '64', '000000058'),
('aafabc3761bfe5328ff9dc057e342ee1', '8', '000000059'),
('dc6a6e990d01f1fc0b0498a39fa15155', 'макро-объектив; автоматическая фокусировка; цифровой зум', '000000060'),
('739a35f384dae3feb374319d8ce21ae2', 'Full HD 1080p; AAC; AMR; APE; FLAC; M4V; MKV; MP3; MP4; WAV; XviD; AVI; WMA; WAVE, FLAC; BMP; GIF; J', '000000061'),
('d37d96d350eb745e5e764b462aa59426', '1', '000000062'),
('969d1753aee5620bee7ab797f43d8ac5', 'автоматическая фокусировка; ночная  съемка', '000000063'),
('bd6dba82b40fcd62352982cfccc9e2c9', 'зарядное устройство; смартфон; документация; чехол; USB-кабель; адаптер; гарантийный талон', '000000065'),
('9fba2fdef71e553f054f762eee8832c4', 'IP67', '000000066'),
('2082db24f58e85cfe287439dbfeb92f4', 'Хрупкое', '000000067'),
('b23196780278b90228ecbdcb94aa66cb', '1', '000000068'),
('17b9ae92506d37075a543633d1fcfa31', '75.7', '000000006'),
('27ad5226537e4397c59561d4728b2afd', '8.3', '000000007'),
('c4c3a08172e663c555f89beca0b35d52', '150.9', '000000008'),
('448e725dcb6412f50cc2a8f101ee22a1', '194', '000000009'),
('2ad84851d0b2dec5f17e1652efa494ba', 'Huawei Honor 7A - смартфон с современным дизайном. На передней стороне размещается прочное и красиво', '000000005'),
('871079c7941f5997ab176c56671d16f6', 'Huawei Honor 7A - смартфон с современным дизайном. На передней стороне размещается прочное и красиво', '000000005'),
('95e183d66d3b311380d59e41adbf8d60', '000010', '000000003'),
('d286ab333dcd849f9a472cffa2e4f10d', '000010', '000000003'),
('13051cb4544ecc6eafab98db440b9ed6', '#A6CAF0', '000000004'),
('861a88cd9f90e1812957d46d439ad5d1', '#A6CAF0', '000000004'),
('e903cbc6bf668d8ee46a80bf657bb7b0', '156', '000000001'),
('9468d7b6e96e3e7bc6fd1da471654cd3', '156', '000000001'),
('7bc02d1f644f11b35373d0a50dcc6e6d', '12', '000000027'),
('87c8cda219c8cabd2f0ae1dbe138a21c', '12', '000000027'),
('b91d9d9be3eade59006c461750854edc', 'сканер отпечатка пальца; быстрая зарядка; технология распознавания лица', '000000028'),
('5f9be114aff7b21e97f2b6aa926f6c77', 'сканер отпечатка пальца; быстрая зарядка; технология распознавания лица', '000000028'),
('fd7342413d9e9a00a9161d7591320c76', '6.5', '000000029'),
('833a10b17a203049a3040fc7bfa51c1f', '6.5', '000000029'),
('3f949707ce0d63f2459ab552aa0cbfe2', '1', '000000038'),
('896cab94ac014f986b256c2071a2711b', '1', '000000038'),
('f0d40ce1d355b2485eeeb7dabd0c2138', 'MediaTek Helio G35', '000000043'),
('2586c1e921b02307115f8ee034e34645', 'MediaTek Helio G35', '000000043'),
('fae45cbdc55bda52f2487e51a16999c4', '8', '000000044'),
('f20ebfcba3967f494ff712492f2d4793', '8', '000000044'),
('74f0ddc814c115a957d9b5974931578e', '2000', '000000045'),
('408b7406265cf76254706f8b37f835be', '2000', '000000045'),
('bd0593742713ea7746ff9f91b4ea3692', 'Wi-Fi; Bluetooth 5.1; IRDA;  USB;  NFC', '000000048'),
('7eb0cad9e36e5e6415adae804b499060', 'Wi-Fi; Bluetooth 5.1; IRDA;  USB;  NFC', '000000048'),
('4730cfd9aa8d8661b7940728c8d0c084', 'GSM 900/1800/1900; 3G; 4G; LTE; VoLTE', '000000049'),
('c66a67bef95f08dd27cdcad699c75c87', 'GSM 900/1800/1900; 3G; 4G; LTE; VoLTE', '000000049'),
('4be2144656e385ac10bf75c66d6fc063', 'ГЛОНАСС; GPS; BeiDou; Galileo; GPS; AGPS', '000000050'),
('d88131d60592c731495957028adcfcb9', 'ГЛОНАСС; GPS; BeiDou; Galileo; GPS; AGPS', '000000050'),
('28eb4099058516cfdf88e3649cc61cd8', 'nano SIM', '000000052'),
('40701682af4fdd5a502277616f709b9b', 'nano SIM', '000000052'),
('90e6324b709807b78c10bc99d4d0f8d2', 'Li-polymer', '000000054'),
('4488c9d08844fd4b3cb0452c4c10b916', 'Li-polymer', '000000054'),
('f0b2d57de6970265b325ad05d95eea39', '4500', '000000055'),
('ec7e9f95c251a5219b233d1010cbe129', '4500', '000000055'),
('ec9bff5b49bae39761266d31e2dd66aa', '64', '000000058'),
('4619557cbf5a18e57d82d4e29c805852', '64', '000000058'),
('04ece2b90c2ce9a35e447d09d927b591', '8', '000000059'),
('140fc2f2091d1cd03ae1eb6e5b15ea6a', '8', '000000059'),
('7bcff2e90b96fe2999304d9aef01f561', 'макро-объектив; автоматическая фокусировка; цифровой зум', '000000060'),
('e96a1c87277cd8e9b61d1fde5e6af29f', 'макро-объектив; автоматическая фокусировка; цифровой зум', '000000060'),
('71e4c06b340be2b6239a863cbcc6c52e', 'Full HD 1080p; AAC; AMR; APE; FLAC; M4V; MKV; MP3; MP4; WAV; XviD; AVI; WMA; WAVE, FLAC; BMP; GIF; J', '000000061'),
('4af53b302237ee946adfd2cb7e11a4e3', 'Full HD 1080p; AAC; AMR; APE; FLAC; M4V; MKV; MP3; MP4; WAV; XviD; AVI; WMA; WAVE, FLAC; BMP; GIF; J', '000000061'),
('ebe55c719e771af6df678f171c0a0035', '1', '000000062'),
('e1cb04cc5c0a9f3fc1e31b6a31b5260d', '1', '000000062'),
('d81909f7294632959fe3c4d1e5d15b0a', 'автоматическая фокусировка; ночная  съемка', '000000063'),
('9f3286b7a7c1e13d8c06fbb22ce5ab03', 'автоматическая фокусировка; ночная  съемка', '000000063'),
('5fcb09c6577a2d1e54835fad20985068', 'зарядное устройство; смартфон; документация; чехол; USB-кабель; адаптер; гарантийный талон', '000000065'),
('e922598bdf0ec586e99449bb96053797', 'зарядное устройство; смартфон; документация; чехол; USB-кабель; адаптер; гарантийный талон', '000000065'),
('dcacc059eb7d784d768ce92031ed6b88', 'IP67', '000000066'),
('67d2b02a24d2eeaf539d107a96170862', 'IP67', '000000066'),
('7d3bf930ea92926fba0b99be7e994b47', 'Хрупкое', '000000067'),
('473a20deb7f628af1c09e49f108ff18f', 'Хрупкое', '000000067'),
('35aa735f98f68d61257017fa69bb66a8', '1', '000000068'),
('3c9237fc58644e51a685ac577301c3f6', '1', '000000068'),
('af47fea4f993f8a05404761c1b30baa5', '75.7', '000000006'),
('73e9eef016b2c3b9afe20b87926ab31e', '75.7', '000000006'),
('707d87890155ec17740e357ce54fe768', '8.3', '000000007'),
('8643e367508f92fc71960efc0a2827c1', '8.3', '000000007'),
('26a41b23cef4222083868f74fa25c604', '150.9', '000000008'),
('d5d0a1311b3884673aaef7d89dcc925c', '150.9', '000000008'),
('39d152915952d10846c6def914c60c6f', '194', '000000009'),
('35ffc102eceb95085929622d01554855', '194', '000000009'),
('f41a0946cae6efe86662f9a48a110325', 'Huawei Honor 7A - смартфон с современным дизайном. На передней стороне размещается прочное и красиво', '000000005'),
('e54f89d4cb9fb1cbb44bd0a6bf9d8abc', '000010', '000000003'),
('22ac0e565418b27039829a5472f921b1', '#A6CAF0', '000000004'),
('f43f247f8ad7ceae3fd948ffbf6bc516', '156', '000000001'),
('9e842cc8c93945b1cfb14f5eb38a6963', '12', '000000027'),
('372b60ee752ec254f9ae679f3976725f', 'сканер отпечатка пальца; быстрая зарядка; технология распознавания лица', '000000028'),
('f85f57745cdae3a2293ee38c468b7487', '6.5', '000000029'),
('4d6aaa9ed56f544b39624f41803ca704', '1', '000000038'),
('c45182a5e04bd3818535d48d5e9f506f', 'MediaTek Helio G35', '000000043'),
('093c1b51cd98d1425a5a491b2ebb731e', '8', '000000044'),
('5e1c34108afe55f81938ee8acfbf3225', '2000', '000000045'),
('21872181d578291c0cff0d8f064ca38e', 'Wi-Fi; Bluetooth 5.1; IRDA;  USB;  NFC', '000000048'),
('abb2a834d4cbc986662ff3103cfc5484', 'GSM 900/1800/1900; 3G; 4G; LTE; VoLTE', '000000049'),
('c24c6868f61106478b940fa1e5f39180', 'ГЛОНАСС; GPS; BeiDou; Galileo; GPS; AGPS', '000000050'),
('41ce95bfc42bf89c2535b4b121a394ad', 'nano SIM', '000000052'),
('a8f14e2f3be8cdb0f91a996de3a1ad88', 'Li-polymer', '000000054'),
('4458aee14e8c0a60706f83330665f1c8', '4500', '000000055'),
('916dd3bfba0bb6b288e2ff3b6bcd80d5', '64', '000000058'),
('daa2d53345147214b9b4933e8418cef1', '8', '000000059'),
('b37c024156eb2becc76faa55e37d5a40', 'макро-объектив; автоматическая фокусировка; цифровой зум', '000000060'),
('5ec81d19e897fa5d2093c4d0485dd25c', 'Full HD 1080p; AAC; AMR; APE; FLAC; M4V; MKV; MP3; MP4; WAV; XviD; AVI; WMA; WAVE, FLAC; BMP; GIF; J', '000000061'),
('5c93079b1573ca3aafaa347b22d8d6f7', '1', '000000062'),
('34ae75a7a90e52b8553ebff7531c8efe', 'автоматическая фокусировка; ночная  съемка', '000000063'),
('bc3fed0bf70a60f168a871c1ee944ca4', 'зарядное устройство; смартфон; документация; чехол; USB-кабель; адаптер; гарантийный талон', '000000065'),
('c73e94239c8a3a1382f328ca9bc8d334', 'IP67', '000000066'),
('1dacefcc69c6f17a7e321c348e53cc1b', 'Хрупкое', '000000067'),
('28c0c172cb7c5c189478ae79617d4bb1', '1', '000000068'),
('da293507be5beda6f222a1311136aec8', '75.7', '000000006'),
('c9e1940792e5a8f0fb4a918ec67b91a1', '8.3', '000000007'),
('720682f84ac65cc772395025e74f7f53', '150.9', '000000008'),
('827856debeeb3aad24b3df5ac7ece347', '194', '000000009'),
('cfc82207843eaa402c16e1ea68f9cc9b', 'Huawei Honor 7A - смартфон с современным дизайном. На передней стороне размещается прочное и красиво', '000000005'),
('c496acbd1669a7eb990196444e801cd9', 'Huawei Honor 7A - смартфон с современным дизайном. На передней стороне размещается прочное и красиво', '000000005'),
('e78aa6f1590bc3d7f08bddb05aa46395', '000010', '000000003'),
('71d44e30339abdf4f828dd4af92c118f', '000010', '000000003'),
('56e2292ab587b08746f4e06234d13d16', '#FFFFFF', '000000004'),
('3e01de1150c4bf0255490b5d0041539a', '#FFFFFF', '000000004'),
('7ad872262c1bc577c8431c2a91f19d25', '156', '000000001'),
('18604312d1ae2019e79fdfcf58c56f93', '156', '000000001'),
('4456f3fa9d73a297b50818c5218722b5', '12', '000000027'),
('4f530d0f76025f624a9d4f77bddd2871', '12', '000000027'),
('6ebca0ee284ad326eab07ce5cb3a3a2b', 'сканер отпечатка пальца; быстрая зарядка; технология распознавания лица', '000000028'),
('416a65e0d6c333784f4d8973204e449b', 'сканер отпечатка пальца; быстрая зарядка; технология распознавания лица', '000000028'),
('faabf6b2ea67eed4c28b062e92449acd', '6.5', '000000029'),
('75eb7b4962d038799d4d9be05e519fb2', '6.5', '000000029'),
('4a2f40d359b61e19cbf5ff52a3c4f967', '1', '000000038'),
('6ede80b1fc19dd5bc4ae863242c2f6be', '1', '000000038'),
('213e7e1285a1a193babc3da2b40c6814', 'MediaTek Helio G35', '000000043'),
('85519f3529a42492f7e355f6bea700fb', 'MediaTek Helio G35', '000000043'),
('ccfee2506f50e8dd7a945dde1f6f9fb6', '8', '000000044'),
('e080f474eb9c67be17408edebafb2d5d', '8', '000000044'),
('9b12fd15e88960184f440e5e126c2e2e', '2000', '000000045'),
('5ababa8cf082b869885d29410852cb5f', '2000', '000000045'),
('db5f3b95e7e5be861c514f8f1477930a', 'Wi-Fi; Bluetooth 5.1; IRDA;  USB;  NFC', '000000048'),
('8ba912fef20b31c97b4ff374e4a58825', 'Wi-Fi; Bluetooth 5.1; IRDA;  USB;  NFC', '000000048'),
('354eb04dde8b83769967d5116d7d7e0c', 'GSM 900/1800/1900; 3G; 4G; LTE; VoLTE', '000000049'),
('5db36d9aab6feb5fb802955150f35ec5', 'GSM 900/1800/1900; 3G; 4G; LTE; VoLTE', '000000049'),
('409f8f709222ef47388ba2be3decb3cd', 'ГЛОНАСС; GPS; BeiDou; Galileo; GPS; AGPS', '000000050'),
('8f351d1f0c6e057a9f85d08bd27cca9d', 'ГЛОНАСС; GPS; BeiDou; Galileo; GPS; AGPS', '000000050'),
('8d600ce86dc126407be5f91c25767bbc', 'nano SIM', '000000052'),
('b2320c30f35e51ac2d3d9a5ee96d3dc5', 'nano SIM', '000000052'),
('e8a4aae4f1dff818b164f88ae3191790', 'Li-polymer', '000000054'),
('95b1ff76adc6ebc8db1a3a2b0f0c1967', 'Li-polymer', '000000054'),
('99468d779620d3f0fe5010c3d7b5987b', '4500', '000000055'),
('6aa7c4f40102c82641c4c81c7a196486', '4500', '000000055'),
('39ca0e7dc6df04192969a805cb0d4c03', '64', '000000058'),
('89fed8161dc316ef44c44a9bcfcdcc56', '64', '000000058'),
('703163fae70df27f17f94734bb6357d7', '8', '000000059'),
('b55ada7d824bdbcacd4a0c3d3aa997a1', '8', '000000059'),
('fe3e4848b09653854af87fdab608f0fe', 'макро-объектив; автоматическая фокусировка; цифровой зум', '000000060'),
('8a9205d70f31bf5ecc6d59434c1a90e8', 'макро-объектив; автоматическая фокусировка; цифровой зум', '000000060'),
('7e9464d9b8efc20189d50295ae5e31ee', 'Full HD 1080p; AAC; AMR; APE; FLAC; M4V; MKV; MP3; MP4; WAV; XviD; AVI; WMA; WAVE, FLAC; BMP; GIF; J', '000000061'),
('885a7ce3c4ac53e16fe44fcdf0e40383', 'Full HD 1080p; AAC; AMR; APE; FLAC; M4V; MKV; MP3; MP4; WAV; XviD; AVI; WMA; WAVE, FLAC; BMP; GIF; J', '000000061'),
('bd72f9dfabe22dbd5209b8c798ab4151', '1', '000000062'),
('0aa409775ac47b6a9cafaa7c1a6d8776', '1', '000000062'),
('b16c490da1cb25a0bfb6a5448e1aeb9d', 'автоматическая фокусировка; ночная  съемка', '000000063'),
('5fa061802708e51cf07944b9a4ccdf67', 'автоматическая фокусировка; ночная  съемка', '000000063'),
('f8ddc850096b7f8831e245550acabe38', 'зарядное устройство; смартфон; документация; чехол; USB-кабель; адаптер; гарантийный талон', '000000065'),
('620e19f2522c21e3ce073feb5b23680c', 'зарядное устройство; смартфон; документация; чехол; USB-кабель; адаптер; гарантийный талон', '000000065'),
('3a9656a4bdc7a882f3576a95344111bc', 'IP67', '000000066'),
('b5e35d2326cefb673fe94fb528e28bd9', 'IP67', '000000066'),
('82007dd51df6d30ce6f9533d6e3d384e', 'Хрупкое', '000000067'),
('cc30d371acc29cba17a5b771c8b213b1', 'Хрупкое', '000000067'),
('f9aa0d735afbecd255bdcb9557b6e4fb', '1', '000000068'),
('fad4b95ea1bb35069082259e7fe28952', '1', '000000068'),
('2c9344a34c8f0babaf336e8a168d5bee', '75.7', '000000006'),
('ff4797ee4177b9fcd5f13cf4c2c22986', '75.7', '000000006'),
('6b5d545c7844a2f7b1fb8673da42a581', '8.3', '000000007'),
('f633f010a2e71d1471a8373c922a1828', '8.3', '000000007'),
('5684eeaca3a9d2706d1c3f378eb2e454', '150.9', '000000008'),
('716b667250499bfddbc8bfe6cbba28e3', '150.9', '000000008'),
('5c84a3e92f81b84996e0cf5fa39209be', '194', '000000009'),
('4126845bdc3da7128891e73a57c644ce', '194', '000000009'),
('3792e6723f21c7e622f7b822ae63a8de', 'Huawei Honor 7A - смартфон с современным дизайном. На передней стороне размещается прочное и красиво', '000000005'),
('f538d202c5f6ed88d8e5125a5599e5b3', '000010', '000000003'),
('c472a0a8d60f9b4cae29aa3c8d0529c8', '#FFFFFF', '000000004'),
('f9170a786ab62a9595da2e7ae9fb6dda', '156', '000000001'),
('fd59679905d86235b7adbc0ce8072699', '12', '000000027'),
('b65f5da00458ac42f6bc033cce0aef18', 'сканер отпечатка пальца; быстрая зарядка; технология распознавания лица', '000000028'),
('a6052e79852e9aba9be1ef1c7308cc7c', '6.5', '000000029'),
('54b077a75ed4cf2b71aca6ec475513b2', '1', '000000038'),
('2d32108f5bea68f1846f9926610cad8f', 'MediaTek Helio G35', '000000043'),
('3af8f66128e186f766d9b32a6614f746', '8', '000000044'),
('2202cca71cba9eaeaa10e3bc56e221ee', '2000', '000000045'),
('cc077f6e59750c612265ef230a50ea57', 'Wi-Fi; Bluetooth 5.1; IRDA;  USB;  NFC', '000000048'),
('1bc14626fc4827980223f596db009b41', 'GSM 900/1800/1900; 3G; 4G; LTE; VoLTE', '000000049'),
('55a3610910fd94d405fdffd320830d87', 'ГЛОНАСС; GPS; BeiDou; Galileo; GPS; AGPS', '000000050'),
('9c371f2e006223792f65b20b8db6e404', 'nano SIM', '000000052'),
('93022afa73630c3d2cf351f698bf84b7', 'Li-polymer', '000000054'),
('5ee080f48d2b1b152fbf87eef0d7b906', '4500', '000000055'),
('2567171f9fc4b670a1ab6c297ee64356', '64', '000000058'),
('d6df59336b154e915994f7873d7465c4', '8', '000000059'),
('13ab5bff0aa24872731b3cb271bcc36d', 'макро-объектив; автоматическая фокусировка; цифровой зум', '000000060'),
('7d5dcb153b96d638bba503c4d58c9698', 'Full HD 1080p; AAC; AMR; APE; FLAC; M4V; MKV; MP3; MP4; WAV; XviD; AVI; WMA; WAVE, FLAC; BMP; GIF; J', '000000061'),
('3870b96ee8e852d0164e03e0b7727c88', '1', '000000062'),
('7af1c02b4ad63c385390cf02a7ff176b', 'автоматическая фокусировка; ночная  съемка', '000000063'),
('163b74dd6d5bb2564b3620914fe1d4ff', 'зарядное устройство; смартфон; документация; чехол; USB-кабель; адаптер; гарантийный талон', '000000065'),
('59703ba71211ed4d28cc1ab2cde56878', 'IP67', '000000066'),
('e71575ab5191af9b2f31f4168b9848a8', 'Хрупкое', '000000067'),
('f812d42697548200e6c11091396e77ae', '1', '000000068'),
('45f982fcfc404e2ed818bbbc21f1b0c7', '75.7', '000000006'),
('673480403172e49b12b9bd322397b6b3', '8.3', '000000007'),
('16a433d3fe11c432f2a9c6b96b7d11c6', '150.9', '000000008'),
('800abdabf1828c35b1c02471b52f3790', '194', '000000009'),
('52db738c36884b8b97cfb1e13d5b1342', '000010', '000000003'),
('e52a195aff08e5997ff7cba9916406a1', '000010', '000000003'),
('be8dffc6f5d75d059085d46eae3b7c15', '#A6CAF0', '000000004'),
('8af0e51cd1a822e2a51e73beb450c8ab', '#A6CAF0', '000000004'),
('ab28f8eb10eca799b5d076b040b84601', '156', '000000001'),
('efc0791f5fa8604402afa7aae2fe09ca', '156', '000000001'),
('f61201a3a2c6f961dfe6486b62fbfc38', '12', '000000027'),
('d9ebd9073f5943731e923af3b03b6404', '12', '000000027'),
('17ce5f2066aa73a88859d709e4ab3517', 'сканер отпечатка пальца; быстрая зарядка; технология распознавания лица', '000000028'),
('71d8ccb0707d2f6a41f3e77683654009', 'сканер отпечатка пальца; быстрая зарядка; технология распознавания лица', '000000028'),
('4bcf996317386ca21389883fa16633a4', '6.5', '000000029'),
('406cd635d731e392865a933e096228d0', '6.5', '000000029'),
('a070fe2530cec8ab3347dc9726179c68', '1', '000000038'),
('27a04bcc62977dfd37934f0563436c02', '1', '000000038'),
('16f4b861fd36b68adfe3540db8e4789a', 'MediaTek Helio G35', '000000043'),
('a9b8c8fa283006f6f39d83535bc2354d', 'MediaTek Helio G35', '000000043'),
('2d090dbe8b740769502bd45bd6de8bae', '8', '000000044'),
('463c0afc06f3d13edc0cba608f4e1688', '8', '000000044'),
('cfcab4fddd13b275f50a655d1b725c47', '2000', '000000045'),
('1a9819949e1e430396bd5a93b290b0dc', '2000', '000000045'),
('e7dde121dce597cb6d6cdb48f495a7c3', 'Wi-Fi; Bluetooth 5.1; IRDA;  USB;  NFC', '000000048'),
('8c01bae62bd36d910643e38a93ed14f5', 'Wi-Fi; Bluetooth 5.1; IRDA;  USB;  NFC', '000000048'),
('56a4f7eaba9e15a371309ef38ac9a1a6', 'GSM 900/1800/1900; 3G; 4G; LTE; VoLTE', '000000049'),
('1b1108b1049e9d3d4b03d4d198100672', 'GSM 900/1800/1900; 3G; 4G; LTE; VoLTE', '000000049'),
('0ff9d6dd5ecede18c1f1ae8b27f3d757', 'ГЛОНАСС; GPS; BeiDou; Galileo; GPS; AGPS', '000000050'),
('5b852913fe1ec2d362d247e98f783cd0', 'ГЛОНАСС; GPS; BeiDou; Galileo; GPS; AGPS', '000000050'),
('4754f1cb74cca4f676f99f6108ef08ac', 'nano SIM', '000000052'),
('a3005a50ef47a5cd2b193c17c6a71a97', 'nano SIM', '000000052'),
('96f085771fe454ac8c60a62fb5460dfc', 'Li-polymer', '000000054'),
('62ea4c4ea5f87ec43b73d99a13394192', 'Li-polymer', '000000054'),
('9b94b61dfa2948d5081b765f6966ecfd', '4500', '000000055'),
('72a36c842b395cb95dabf503d66a54d0', '4500', '000000055'),
('7e28b8acab3f0584f93ca62d887f5480', '64', '000000058'),
('73ddbbc3e49bacd586b9a42d03b82295', '64', '000000058'),
('3832bc86855c86e1edc1b1ab9b4ddff2', '8', '000000059'),
('670392323f17128d46399e3993bb19d7', '8', '000000059'),
('e408dfc51b7e04a61751977791e722c8', 'макро-объектив; автоматическая фокусировка; цифровой зум', '000000060'),
('aacb8a91208f534b39e5efaf5d893190', 'макро-объектив; автоматическая фокусировка; цифровой зум', '000000060'),
('5b7a7301afd8dfb33ac7ca22e938a465', 'Full HD 1080p; AAC; AMR; APE; FLAC; M4V; MKV; MP3; MP4; WAV; XviD; AVI; WMA; WAVE, FLAC; BMP; GIF; J', '000000061'),
('e8da566333c1c00354b7ec9817f94423', 'Full HD 1080p; AAC; AMR; APE; FLAC; M4V; MKV; MP3; MP4; WAV; XviD; AVI; WMA; WAVE, FLAC; BMP; GIF; J', '000000061'),
('e2c3a6208dd42f6eb131f4a362cbd4fb', '1', '000000062'),
('1c66b0dd01271d48a95157e088b23889', '1', '000000062'),
('5f64075cd8c9328f6cbed1ff2065dce3', 'автоматическая фокусировка; ночная  съемка', '000000063'),
('57ca939f10b977f53ea0c0108a5dd1b6', 'автоматическая фокусировка; ночная  съемка', '000000063'),
('21d09af9faf4bcb8e24f1cb20c533858', 'зарядное устройство; смартфон; документация; чехол; USB-кабель; адаптер; гарантийный талон', '000000065'),
('aa12f17fc649ac04656de82b31902e8d', 'зарядное устройство; смартфон; документация; чехол; USB-кабель; адаптер; гарантийный талон', '000000065'),
('b1f6d26d6696a7aaab1b6803a96008d6', 'IP67', '000000066'),
('48ba6cd5e527c3316a6925bae5bd8517', 'IP67', '000000066'),
('27cd156bf7b32828f63fef69197a7314', 'Хрупкое', '000000067'),
('05c857e9735a462661799210a7c2a9d2', 'Хрупкое', '000000067'),
('81cb637983798ba671b2cef2d094c122', '1', '000000068'),
('ec01bc9579ca71078fa917478ed2d40e', '1', '000000068'),
('b45f0e108424947be66d1bd262659e59', '75.7', '000000006'),
('0782202d6778b5ed20e93085e90aef13', '75.7', '000000006'),
('bb9c935a6ec84985422079922ae7c35f', '8.3', '000000007'),
('76d330180b7e503137c731c48d908bf6', '8.3', '000000007'),
('5721981994d64a03127491c466f93f8e', '150.9', '000000008'),
('85c56b34e41f347b99ed81b6440c4146', '150.9', '000000008'),
('6cb0f54dc96a81aa2df4d2480c16a9c6', '194', '000000009'),
('d0a7c2858892e2d03bc90320b6516b28', '194', '000000009'),
('9a811946090a75c1f6f0ecab673c6e5b', '000010', '000000003'),
('d4a25b9e4683f27c61e98c4e49f3b49f', '#A6CAF0', '000000004'),
('e35fc528691f85e3f9283654e35eadaf', '156', '000000001'),
('fd08b2b6fc0e0c99a022e3abe507a712', '12', '000000027'),
('90d4a7e7841f6440681fd1979e62e757', 'сканер отпечатка пальца; быстрая зарядка; технология распознавания лица', '000000028'),
('84f54cdb23aaa4619d60b92bc9086ed5', '6.5', '000000029'),
('9392506db20b449be7545456ad164e8e', '1', '000000038'),
('3d3dfe26cac53ec7d7f911f2a5bb1c99', 'MediaTek Helio G35', '000000043'),
('6af0372b5911b728be3cdb0632903e9c', '8', '000000044'),
('aaeea927c3381507d885416fa192675a', '2000', '000000045'),
('97d090b2d129760d14b44277a0bcb683', 'Wi-Fi; Bluetooth 5.1; IRDA;  USB;  NFC', '000000048'),
('de20d4ed040cdeed1924d9a0b320a19f', 'GSM 900/1800/1900; 3G; 4G; LTE; VoLTE', '000000049'),
('e7a38d71a0fd25c989e564ad59692777', 'ГЛОНАСС; GPS; BeiDou; Galileo; GPS; AGPS', '000000050'),
('3719e684b5496b84d518ef3f12b89ede', 'nano SIM', '000000052'),
('3de30a3fd2f424f0bb43a17fbf48a7cf', 'Li-polymer', '000000054'),
('752244ed788cea57eb01fea11b00f1c3', '4500', '000000055'),
('ddfccfa19040fc66cd42a37edb635b5a', '64', '000000058'),
('bac2a505ad51d0bbba45947fc129eb69', '8', '000000059'),
('ff5794a30e70c65a502929ff36081e3a', 'макро-объектив; автоматическая фокусировка; цифровой зум', '000000060'),
('00bddf9113a52f2882ff5e0538655a99', 'Full HD 1080p; AAC; AMR; APE; FLAC; M4V; MKV; MP3; MP4; WAV; XviD; AVI; WMA; WAVE, FLAC; BMP; GIF; J', '000000061'),
('dde282dca8327223b794da4e93caa206', '1', '000000062'),
('8c91fd4dff89528c8ffaaf70dd7cf265', 'автоматическая фокусировка; ночная  съемка', '000000063'),
('b44ebff693cccf132eb6019c5420c48e', 'зарядное устройство; смартфон; документация; чехол; USB-кабель; адаптер; гарантийный талон', '000000065'),
('e2291bee94cd5d1b2a319a792a75a198', 'IP67', '000000066'),
('b4f759f3e839564a24011e1f179c487f', 'Хрупкое', '000000067'),
('9d1141b245c2551f69dfef0ce78735fb', '1', '000000068'),
('6354a8841658c9ed3be8672173858bca', '75.7', '000000006'),
('8ba0e47a404d6ca6f128b20451e5d0d0', '8.3', '000000007'),
('a8f23e64c1d6e5b83573fc9a1efbe777', '150.9', '000000008'),
('5edc906194a568752d6ef5d413fc9d02', '194', '000000009'),
('48ab717baddc8cd0751da4f9a3a73fd3', '000010', '000000003'),
('207838034eb2a1d32254fddb4d9b487f', '000010', '000000003'),
('d6a2ab25131a5767acb87392b37e3041', '#A6CAF0', '000000004'),
('e432eab3947b35416b2a198f34e377fe', '#A6CAF0', '000000004'),
('a60862ec09ef9027db73fd1836b7b954', '156', '000000001'),
('3dea16bcac670f91dbcef72661e82c04', '156', '000000001'),
('45a84cd3a3ec00493e1543ad767c4f3f', '12', '000000027'),
('1450f12f07761ab87a36b4c4b3eb25df', '12', '000000027'),
('2fdb816e9c0bb177b223aff8d286d598', 'сканер отпечатка пальца; быстрая зарядка; технология распознавания лица', '000000028'),
('a1f78a660bd3d180d2ffdc59dbfc8a32', 'сканер отпечатка пальца; быстрая зарядка; технология распознавания лица', '000000028'),
('6e7fe0c64b737a7ec76e61c3808cfcb3', '6.5', '000000029'),
('e4c3aff188daa20e13e1126b414c868c', '6.5', '000000029'),
('0539b005a2efe85e4ad0c64a8224e737', '1', '000000038'),
('a846e2e83c97ad16fc9c1c8fecee77ad', '1', '000000038'),
('1250b8c82da8818e698a47fc721a5334', 'MediaTek Helio G35', '000000043'),
('f4b2b3ab1ffb6723d1db7cc6710be92e', 'MediaTek Helio G35', '000000043'),
('8ecf7d4995e94f317aaba706688360fc', '8', '000000044'),
('e128a1283e7a889dc921a5352fcccf6a', '8', '000000044'),
('16a90c56ab3afd5e11ec7b63c37fd584', '2000', '000000045'),
('a25bd7760a07ef50c0e412fa9b6d83eb', '2000', '000000045'),
('9fc5e6d49866c83dba8b833e28a46696', 'Wi-Fi; Bluetooth 5.1; IRDA;  USB;  NFC', '000000048'),
('2fa9c21244882607e1cd316eb4ec13e9', 'Wi-Fi; Bluetooth 5.1; IRDA;  USB;  NFC', '000000048'),
('e42227f8f687cc5989a4a12bf6213710', 'GSM 900/1800/1900; 3G; 4G; LTE; VoLTE', '000000049'),
('88f393c58ab8aca50e30364d90c9d91c', 'GSM 900/1800/1900; 3G; 4G; LTE; VoLTE', '000000049'),
('ca9a579ad9cdc0ba35a9eebed885c3ff', 'ГЛОНАСС; GPS; BeiDou; Galileo; GPS; AGPS', '000000050'),
('6d98017d9ffb14204602a8fa35b8528d', 'ГЛОНАСС; GPS; BeiDou; Galileo; GPS; AGPS', '000000050'),
('29ae14b9dc41d3b68615dc4d6913a0c7', 'nano SIM', '000000052'),
('2c75bfcca714eef54191fe37b4f7e1be', 'nano SIM', '000000052'),
('a78df86ac7e9983e993734aaced953f3', 'Li-polymer', '000000054'),
('d381af61cb6847ded5db89cbd56997c3', 'Li-polymer', '000000054'),
('8fb2f5cb11d2cb7fb36004b981282ea6', '4500', '000000055'),
('b4721f922c85594256cdf42594808210', '4500', '000000055'),
('b02cc6dd05e8e6d9bb617440b9754eec', '64', '000000058'),
('91ea615491a0308a93ccafad56cc01ba', '64', '000000058'),
('5d428ad71f171c63f0d0b87a40b103ab', '8', '000000059'),
('b704494c854b4c83bb9168a53172083a', '8', '000000059'),
('95c52798a375d268c2e6a35d4b36dd2c', 'макро-объектив; автоматическая фокусировка; цифровой зум', '000000060'),
('190435c08e14e0f7482922f49a7e4c9e', 'макро-объектив; автоматическая фокусировка; цифровой зум', '000000060'),
('23766b3d174cbd8041184c8aeaefc8dd', 'Full HD 1080p; AAC; AMR; APE; FLAC; M4V; MKV; MP3; MP4; WAV; XviD; AVI; WMA; WAVE, FLAC; BMP; GIF; J', '000000061'),
('ba7c305d3ddc913b67b2156d428f86df', 'Full HD 1080p; AAC; AMR; APE; FLAC; M4V; MKV; MP3; MP4; WAV; XviD; AVI; WMA; WAVE, FLAC; BMP; GIF; J', '000000061'),
('983c9c60934829d8ac8d0538633596ea', '1', '000000062'),
('7fc604533ecd5e22fe27dc12dd9936d4', '1', '000000062'),
('c24b60d32555c7a7e3ad0b26506c845b', 'автоматическая фокусировка; ночная  съемка', '000000063'),
('e180406029693b441addf2799cbf9875', 'автоматическая фокусировка; ночная  съемка', '000000063'),
('b6e85f2e22706f7f4d5bb0ac133b58db', 'зарядное устройство; смартфон; документация; чехол; USB-кабель; адаптер; гарантийный талон', '000000065'),
('f89f478cb5a9d156baee90946a6ad2b8', 'зарядное устройство; смартфон; документация; чехол; USB-кабель; адаптер; гарантийный талон', '000000065'),
('82da763382162b3231e3de6a78729aed', 'IP67', '000000066'),
('b5708048eaf26dff359c5c47a60655e8', 'IP67', '000000066'),
('2d2e64a21962ee19d997003c38918024', 'Хрупкое', '000000067'),
('7668910eac15cd3a82a49a6e62a91b0c', 'Хрупкое', '000000067'),
('02b912c1ea4295107ea1366e1355628e', '1', '000000068'),
('a9af862aeaf578ff0cfd21871dadb2b7', '1', '000000068'),
('6d648a3d5f68bc32b8f2b2d297daccf2', '75.7', '000000006'),
('65b1e3c1ada7ba413ad54208d0b4303a', '75.7', '000000006'),
('cf411450938ebd7d6ffd6004a4778bfd', '8.3', '000000007'),
('b914d53b27e7cbd4c30cceb7fa64ae53', '8.3', '000000007'),
('a2bf15baf4b046237ffc2e26cbc8cd43', '150.9', '000000008'),
('9190833f8ce1d745608f6e07d556bed9', '150.9', '000000008'),
('58463d8e428d18581015d1bb87a2ccf4', '194', '000000009'),
('1a80bf4f3c27f1225278ebe49568c366', '194', '000000009'),
('a3bd1fc7c63fbc01c7bc7e3b4fa92f36', '000010', '000000003'),
('be402f3bebc4811802fae9f698b45876', '#A6CAF0', '000000004'),
('416af378e16e2f1ac85247d98dd8d59e', '156', '000000001'),
('60d22b351b872dfc92b171645a446dc4', '12', '000000027'),
('6f577fb0bde4a25b1aed7051ba71cb81', 'сканер отпечатка пальца; быстрая зарядка; технология распознавания лица', '000000028'),
('137a8ff659f65892e8d36211f2f38a06', '6.5', '000000029'),
('6e77867c685491b0363b8c862761e07e', '1', '000000038'),
('f97fceccb373c1600469de38c5277189', 'MediaTek Helio G35', '000000043'),
('34ac475be700dafbdbce6cb323fafa14', '8', '000000044'),
('bc9c681a2d52547c423784d4febfd87e', '2000', '000000045'),
('3c97e3b21c43249d3aed109aadd1f1f5', 'Wi-Fi; Bluetooth 5.1; IRDA;  USB;  NFC', '000000048'),
('edabacd0c5b5ea0487d90b7dc8ff0f2f', 'GSM 900/1800/1900; 3G; 4G; LTE; VoLTE', '000000049'),
('5f7f68eb0b6aa863309e7bcb3556c803', 'ГЛОНАСС; GPS; BeiDou; Galileo; GPS; AGPS', '000000050'),
('78078a12710727d34895197f78f6edf1', 'nano SIM', '000000052'),
('8197ae52adee00b45a93e1519c78604f', 'Li-polymer', '000000054'),
('36947e12cc6c53f20e1614794f1bc714', '4500', '000000055'),
('534db0dd113f41769a3380c7a18b5b3b', '64', '000000058'),
('6970ad3f4ffcd273f6e5d22e0aeadbeb', '8', '000000059'),
('e1d69d2471db64871f4af18c7625b35c', 'макро-объектив; автоматическая фокусировка; цифровой зум', '000000060'),
('bb438dc1c3c8435237518b9ec0c165ad', 'Full HD 1080p; AAC; AMR; APE; FLAC; M4V; MKV; MP3; MP4; WAV; XviD; AVI; WMA; WAVE, FLAC; BMP; GIF; J', '000000061'),
('54e5dc03118ff83b1c1d5d3bb82dad6b', '1', '000000062'),
('3bed957d4bf9c75505f2c61f3cfdbf39', 'автоматическая фокусировка; ночная  съемка', '000000063'),
('7c69f4257f7c9dd1283cfe490f86f2d2', 'зарядное устройство; смартфон; документация; чехол; USB-кабель; адаптер; гарантийный талон', '000000065'),
('d1d1b74efb1638422692c118d71ed3dc', 'IP67', '000000066'),
('bfd582ef8fec271205da8d8a590814f6', 'Хрупкое', '000000067'),
('aae24255d71632e16df081debb1b168f', '1', '000000068'),
('74b59b443ed0fc88994b43acb8cd45f7', '75.7', '000000006'),
('0aeff57c92b19de741e75570f6f1faa2', '8.3', '000000007'),
('630e475654edf7e4df9c1c7e4857143b', '150.9', '000000008'),
('bb27e938515b7787841df6158dc6bf9f', '194', '000000009'),
('81baa0604d18dee64c47a012bc1a7ec3', '', '000000070'),
('c88a35afa20463cc59126978251c50f7', '', '000000070'),
('501cf7688a840920d8f17c945988b498', '', '000000070'),
('6e9d8f2c60ccb5ea68b15bb3d0601444', '', '000000008'),
('ed5357b58f6b4903144f6ff64f419272', '', '000000008'),
('371cfe75fabda82cf6e473031288aebe', '', '000000017'),
('1712c58391377fce81167296a351fd80', '', '000000017'),
('0ded85ced321a53b3ca7f6dbc6f27370', '', '000000014'),
('607843443f0737a6c1e577a2b3b58d52', '', '000000014'),
('f53e03d8fa0a78ce49c12a753ad935e5', '', '000000003'),
('7743f977086c55e04486c1300459a74c', '', '000000003'),
('3e6752e4d9f85be65db3a40025fec3c1', '', '000000025'),
('0edc973f5cbc252865aa6e5f7bb2f033', '', '000000025'),
('b4f009f4a8ae59575a4077cab65cc48c', '', '000000004'),
('efeab4868d8b9ca4a7e4c0969a96b868', '', '000000004'),
('2ae6d126ebdeaf06db4dac6844d30a35', '', '000000001'),
('43f8db55186d02ab8a5030259604d68e', '', '000000001'),
('2362102952d4dcc2f364dcc0d9ebad56', '', '000000027'),
('d40818b8f8c131189f0ba2359b035425', '', '000000027'),
('2832c35512ccfb17837dc98e879720af', '', '000000028'),
('a27a973d89a2de70f23dc7661c369cb0', '', '000000028'),
('1444ca3ae9a8fac3673f10ec3616429e', '', '000000029'),
('2f2b53885d50fe432a84e70e31ffeb51', '', '000000029'),
('0cd9114c20fc3d7063e48a9a025cffec', '', '000000036'),
('24456739f3a19ec0599478fd327c522e', '', '000000036'),
('6d18fe9b620f7a9002dc9abd57d00ae9', '', '000000037'),
('69e711a6ce6498190ab823022013c034', '', '000000037'),
('202815c1a640fba507a4c699bc84350f', '', '000000038'),
('c1de84f5e0c9a9cc7fb0665be392adc6', '', '000000038'),
('16ce5fd80d5a9964ed3ac9d8bbe44c27', '', '000000039'),
('151c2a462425c00b95ef093e135c253a', '', '000000039'),
('e018d14e9a6b4e6781afd93c92024c4b', '', '000000040'),
('13f9c5b5b8a565f5ff31eccaa8cacdc3', '', '000000040'),
('31652a962bdd6749a878e93776f2518a', '', '000000041'),
('ce829db6946ab3f09a220e2357606ad4', '', '000000041'),
('f864fca3b0080fdeb6c20b36af512b6a', '', '000000042'),
('9e1de8280b09fec6d2e6547505b69611', '', '000000042'),
('05b9fca63f42609524a7a754802bc225', '', '000000043'),
('f01307a5da283c0adf38cfb343c895d0', '', '000000043'),
('1a0156f49490074eaf3635689cf5d4f3', '', '000000044'),
('a7d78ec2d74c6cce11d254b4ff006d67', '', '000000044'),
('223196a1334c5086336fe81a7afcf364', '', '000000045'),
('cf9e9d09d539bc353c26dec1415f81e4', '', '000000045'),
('2c8ca3cda22f713524be3feb016faff2', '', '000000046'),
('3eb8865b76f5aac37515056b5194b928', '', '000000046'),
('0444d59422db77549769a3475b42ff68', '', '000000047'),
('96239412531c698d20241d7c5409f6cf', '', '000000047'),
('f00a92b9e240d9f715a77aac3b217ec1', '', '000000048'),
('80dde3d61348ba25c6038086ab445af7', '', '000000048'),
('80d1026bf967c7e252691c93d3a30d22', '', '000000049'),
('cd439e3620f168efb13784a060ed449f', '', '000000049'),
('d9b6b51ae190a1a3f31407a5a92ed416', '', '000000050'),
('beda972ecf7184f5a60a2b8702f42f08', '', '000000050'),
('0451b0f40b5847c51ebf0a30f7569e90', '', '000000051'),
('c310c4836c12c3aff6d2037baa3e38c4', '', '000000051'),
('c0764591147bcdbfb7026c204aed2e5f', '', '000000052'),
('3cb08d967dfc561570c0d093a1b721dc', '', '000000052'),
('263596b334bbfb28f10c27049fe919ae', '', '000000053'),
('d69bec567a45c58bd7cebdf1200e0faa', '', '000000053'),
('4b2f97196eb399300f12f3f9eaad0c86', '', '000000054'),
('9273b2d6220a375d89b8692fedfbe2dc', '', '000000054'),
('b612134022a926a16dd10f460cc51eb3', '', '000000055'),
('4b7867eddeb14e7abca790ffe56ed496', '', '000000055'),
('b4df0d7f511c27f69a147ca82c1fcf1e', '', '000000056'),
('4f822a1a991022a662f6728496778d8e', '', '000000056'),
('3c447ebf89da8094329a4845eaba92ff', '', '000000057'),
('6d10ed703a27d14a2de6e81d387e5d49', '', '000000057'),
('13ca93e4790113d8db5cbf55e2a1f1ae', '', '000000058'),
('ef3b85be3dfd751b87d8914844985fea', '', '000000058'),
('84b730ef9f51af679c1a9d25f8596cd4', '', '000000059'),
('4beab9dd0189fa41bdac278e7d726f7b', '', '000000059'),
('c6a76760eceea6a5e1f72e87549f697a', '', '000000060'),
('8b7c5a3baba9358e5a9014850322f613', '', '000000060'),
('4edcc3b18ed4b0636c7555e72dae6f75', '', '000000061'),
('a71f53d390462f23ef0b2b51edbfdaf1', '', '000000061'),
('0c5d485f85fe4544a80b4c35570342ca', '', '000000062'),
('f9e3d75c54ee1bf4591deed0440537ae', '', '000000062'),
('9d0ed54b107cf82953fec8d04f47587b', '', '000000063'),
('c3531ef8a7388c0c8487b49c019e8561', '', '000000063'),
('7e7632cf829115fc2ffbdbff3a92fbca', '', '000000064'),
('2cd9ba3a505669a989f280ed43fae581', '', '000000064'),
('20984cec758e7660cc43858cd629512a', '', '000000065'),
('294892cf497237e96d8d60a92c398595', '', '000000065'),
('d14891752536b12653a95edcb2019bd0', '', '000000066'),
('e7e2c9d62d1ce1ea83c157463cc65565', '', '000000066'),
('d261a82ceaebba60708f4771d6b3833c', '', '000000067'),
('c4648b3330d6ad0d366397b847e166d1', '', '000000067'),
('fa4b2b862d4885b7ba3ddfe8567c3ae2', '', '000000068'),
('ed090117a1942ac67caba5955e01a270', '', '000000068'),
('7d42b81e7fb7c5a914b873e9093d0805', '', '000000069'),
('c7c9246bea260e4a06aa097f447f144b', '', '000000069'),
('661249d06f0521e2246ec3f439e18058', '', '000000005'),
('a17c8bc3ca268ca518c1ad32961f5190', '', '000000005'),
('ef9c6a8447ecd8246434f99858ac932b', '', '000000006'),
('a3aec5746340d5c7a6749e859ca6c224', '', '000000006'),
('25c4b613bb0b9b93ae778627ee6f2933', '', '000000007'),
('e6d2dc0620f0e650845a74e5ebbadf8a', '', '000000007');
INSERT INTO `characteristic_value` (`id`, `title`, `characteristic_id`) VALUES
('c31b9bab3a12eab5160e61c79b94f258', '', '000000008'),
('df56e8f7c40c1bd0ccbe66f770b74c90', '', '000000017'),
('ef1ce71aba399243252ed6dea111b542', '', '000000014'),
('d4a56f88fdd0597e2f05c9cb211e21a5', '', '000000003'),
('f61cad21b789c1b231878d739935003c', '', '000000025'),
('7885c0257c425a8bc9fd508b54f65e17', '', '000000004'),
('388dbb65cb9b3b5a66d871eb8d4f8707', '', '000000001'),
('576c1f9e54b6bd221467bcf5bf199e3d', '', '000000027'),
('b5f1ef8196931906fc05f45a24b6577d', '', '000000028'),
('6db0721c1301827e350d9f6d643bed3f', '', '000000029'),
('955aa2c41f191ee7d70680256a3043ff', '', '000000036'),
('a827cfa0d99140fcae7db647e7f02210', '', '000000037'),
('9e51af3914e103b478df332828ff642d', '', '000000038'),
('badf46f01fd12984d6aba00e77b7a6f2', '', '000000039'),
('743361f29a37388adeebdb1ebe81ed41', '', '000000040'),
('8387e24cde81cec95b013bdb58eaac37', '', '000000041'),
('da2247d12ed7f9720ed73c2c45b829ae', '', '000000042'),
('57937afb35c0823d85dc4637deeb2283', '', '000000043'),
('4a439e0006d227b9063210c60ab4d5e9', '', '000000044'),
('0c6fbe285bb5fdad9b997a68b84e70b3', '', '000000045'),
('6a84e2d56b9228aede5123b14e7e89e0', '', '000000046'),
('6222e686dd08d729707d546021ddeffa', '', '000000047'),
('75882b60e253828e99109bf822677d9b', '', '000000048'),
('e291e6f32c9d5066e956e33a8b0bbfcd', '', '000000049'),
('b39b5ead1484371427254f72d145cb4b', '', '000000050'),
('2f1ff9907fd9328724c5e91d8e575349', '', '000000051'),
('2dabe8d51013af4d7b5d2ee26a09bf9b', '', '000000052'),
('85498582be99496b58bd920134383281', '', '000000053'),
('b486455d6e3d13342abc7cd6a8593527', '', '000000054'),
('ef64914cb744bfd59db3ffcb1fbbaac8', '', '000000055'),
('b53a05dd9ad79ce7f92bb4051732ac60', '', '000000056'),
('9e10f97f445d7e0c67c50efe138c76eb', '', '000000057'),
('a3ded6de5bf29b5b423c966ff7d78232', '', '000000058'),
('6771e8171c59a79eb0a0387f6e9ecfb6', '', '000000059'),
('202446ef90e5c9f954ad5089b47772ab', '', '000000060'),
('58a3c7d87d15cc57a520b8b9c75d2626', '', '000000061'),
('a13876ee3f5df7795ec0d5e6b462236c', '', '000000062'),
('776263d1629c6c48af995d28ca3e1e33', '', '000000063'),
('f7afbd2c195b94313be32b17e8655d28', '', '000000064'),
('d394046c0f4a886372922da22c61f111', '', '000000065'),
('5120600c19ea6762f2497bbbde502dda', '', '000000066'),
('6068911b5a1bda765dab78dc3a815b4a', '', '000000067'),
('41b5315dfde5ac98692e08aea17838e9', '', '000000068'),
('863c87f8c3cd177dfd14a74b6a9e1ae2', '', '000000069'),
('9b8fc848ac80d9fef51e45d288ae2dca', '', '000000005'),
('6e3aa09512151fbe771f92260e277768', '', '000000006'),
('1cf1da92e93312afac2c2c263e5eebf1', '', '000000007'),
('51f4f530bcb3b9a4c244d10ac2bf2f94', '29 Ом', '000000021'),
('21f0d1d3f8f632be1b89e671af1b57cf', '29 Ом', '000000021'),
('d65183d6e5105096211fd5c288076a42', '20 Гц - 20 кГц', '000000016'),
('0f40c39aa0ef4f1de6c0b708d3d17a96', '20 Гц - 20 кГц', '000000016'),
('e26dc7587755ff3a17120f196e308518', '1', '000000030'),
('a4df2f8367a7ac0b85c933db99040463', '1', '000000030'),
('975570a71dc462d7d97472b275cdd1f4', '1', '000000031'),
('246eaf99b73ef94b027f092e9da1f48e', '1', '000000031'),
('cfc1fae2af6fc232a605a67a49494366', '29 Ом', '000000021'),
('5218e9290d92999b0e7041043c2835a7', '20 Гц - 20 кГц', '000000016'),
('6c9bc2c6de0c945fed92771c87d1fa05', '1', '000000030'),
('23caa416d18be2d207ee12091dda6548', '1', '000000031'),
('ac6d69aeea86cf8c26351cd0218ef05c', '2.5', '000000013'),
('5170766ceea9d35e4e4dab9cc60e4e9a', '2.5', '000000013'),
('258b8f891b8dc8d93cc9d42a5cc10a54', '2.5', '000000013'),
('702ff09ae60a88aa6f25094b7c580fa5', '3.2', '000000013'),
('85f9a9740e2b294afbc7d7ba3c56b9b5', '3.2', '000000013'),
('fd278afc61e3b264266405e3c18d98fa', '3.2', '000000013'),
('bcb1432376ad8e61681d876b9f942e44', '3.2', '000000013'),
('6f7786eff98b0677a449bbb380e77a02', '3.2', '000000013'),
('ec15a80fdf41d630176792ce83088d40', '3.2', '000000013'),
('94ef608461817244553e9f0e7c212578', '', '000000070'),
('f17a6cacc4bfe9510f538040a3a52851', '', '000000070'),
('be53e23c3a765f1a0107dc2ce2d7b099', '', '000000070'),
('49e39093158a44110ca37f1f6e8398db', '', '000000014'),
('deeec2a285eb6aee1d645c7c2af5bb60', '', '000000014'),
('2ebddba024164bc8a7d8c5cfab2ff7c2', '', '000000033'),
('4bcc2ad81c7d81722c2291836cbb6c89', '', '000000033'),
('32850ee4b2848db9d06a6a71fa1c81e7', '', '000000014'),
('b4dd7222a970a448f5ae9de99e876c16', '', '000000033'),
('d09a89ad0db8ddd0c8bb743d909ecd48', '', '000000014'),
('a05cb8055103b349c640d7421d2f4c1e', '', '000000014'),
('4c77d748a4a7c8244b8deb0850decdd3', '', '000000033'),
('1aa055d55e504eb1cf7219d16f7fa955', '', '000000033'),
('c2f4d0dd2b0a6af109a9bd6f9e90bfeb', '', '000000014'),
('2771e85fed341ef79d08fde38dead780', '', '000000033'),
('3f2ea3ef79c2c757865f624b69312572', '', '000000014'),
('a0e4077c4cfb151171fa6ddb7372c3ac', '', '000000014'),
('21c042ed3fa94ba9ccd6edfde4ed75fc', '', '000000033'),
('69e4a0f551b30ae66f0c7bc728712cfb', '', '000000033'),
('d8eac64d970ddad86cc129280fd94ba9', '', '000000014'),
('f97d880cbd43341ba7cc5ca32018bb42', '', '000000033'),
('ff576261ebd1404f20ca08eeca67f0ba', '', '000000014'),
('4095f6b50e8a2fed2365248649eae5e5', '', '000000014'),
('d8932b10ee3281f61970c7448fdf849e', '', '000000033'),
('ff14c370df8065a3a0a8e85f1c091e70', '', '000000033'),
('e74915bd62acff4cce9403522a3eeef2', '', '000000014'),
('aded472c3d4c62abd00aaa3ef646953e', '', '000000033'),
('21da04ffff4f1f57ff9997c22624241c', '0.17', '000000008'),
('132a82b0b80d8b5dabd418a12cbd09b1', '0.17', '000000008'),
('47288118bc26dea2befe2da62f6ab18a', '', '000000017'),
('c358fdc1b61ede1e5763b009a09352ff', '', '000000017'),
('27773cabba39055e695d4c53ffba08bd', '', '000000014'),
('5ee82f2d775fb8b43885b0de96766545', '', '000000014'),
('a9dacb43b7af90a93a89d7e93b205581', '000009', '000000003'),
('c7ebc8ba321d2dd0500686fa2f5555bc', '000009', '000000003'),
('e646a7ebbbe1c59dcbd1b06c1bb1e305', '', '000000025'),
('a076a8847e28bcee7dc8a970a605b18a', '', '000000025'),
('5fc5baa20f95aa2a970216beeaa151cc', '#000000', '000000004'),
('c463a625461a70df94ccfb456356e8e7', '#000000', '000000004'),
('d31e63141f06f5601d73f6203658435b', '156', '000000001'),
('06f3d2beb674a4c8d32b828cc98a8b96', '156', '000000001'),
('fd8ff21ce3bf3fa3744efee79fa1581b', '', '000000027'),
('41a3097e12000a471e96d7323a2757d3', '', '000000027'),
('5ec0b1be8748a7d1d8d090903e46f39b', '', '000000028'),
('96751d4b2fb5d9f5a68662ca8e49ba27', '', '000000028'),
('1f6c5ba1eb8ab16daf214dbf18e845a1', '', '000000032'),
('24f4b1ac8b2a0da5733c263d596b8325', '', '000000032'),
('a035f6247ad4f49d770f8a74d9a201d1', '', '000000029'),
('3608231f20163fc762e5b191c947f204', '', '000000029'),
('4f7994cc4e1b916d6f75150184940952', '', '000000036'),
('ef6f90ca0a1d2f73aa43ac3c6ca2328e', '', '000000036'),
('259947e6e1256ef935d84714a2417746', '', '000000037'),
('190fed3d000c5582a68fa197e88d3c84', '', '000000037'),
('dff344e6772468bd201f4881bbd79114', '', '000000038'),
('54de57df8c4be03c0eeebb68cbc86cf6', '', '000000038'),
('d37a186270ea2bf8e1d79ef9808c8a12', '', '000000039'),
('ac6d2b425dbbd5ea56a00d42b69fdb6f', '', '000000039'),
('317d1bb72db1da2a3ffbb9bf79175463', '', '000000040'),
('36d57e199898ae15e902fc6c86019967', '', '000000040'),
('e11f0da9ce974fa43cc68811e0cc24d6', '', '000000041'),
('9a4ddc7da752d66692a9c3772bc6501d', '', '000000041'),
('1367b087e1c16ddba26957488cd1ada7', '', '000000042'),
('a389dae5320b404cf57452902591f043', '', '000000042'),
('63ab9f5eb68876f0c70968728bf7e172', '', '000000043'),
('fcb8bdec4774ff717da2b144835c1cbf', '', '000000043'),
('dc7e2438f9c038c63463cbddafc2810e', '', '000000044'),
('43edc573f1ad2149847eb63182e6bc3c', '', '000000044'),
('0edb93229b5ba6b5d0666adddd93a2bf', '', '000000045'),
('bdabe2bc642706c69750dd6dd8db52d5', '', '000000045'),
('ee2264ad812ebb4376e56277445c7902', '', '000000046'),
('f52bef50fde1f119bc8fc689f0cea49a', '', '000000046'),
('e5d3deae124b90e96867e388f08550eb', '', '000000047'),
('b61e8fcbd45be6766d215cce5724d6b6', '', '000000047'),
('cc18ee30f75eb6b94b264cb191e0ba98', '', '000000048'),
('adc755a95ee583f51cbcab68012964b2', '', '000000048'),
('a6eea711b74864ef9bf9ed8b95cc57be', '', '000000049'),
('f787ed65aea4f75912a8124a87359183', '', '000000049'),
('49ee86b66ded5f4671cb70f75a001122', '', '000000050'),
('67fc7e3c340d36aa34c405469873f0cb', '', '000000050'),
('1cb5d662abf404cac48f68dc76fb3a87', '', '000000051'),
('6010e0eb6bbb4e31872e544a204a4374', '', '000000051'),
('036241e68a4c190a9aaa0be852159eec', '', '000000052'),
('032aa9e85096a6a88eb81f39d566169a', '', '000000052'),
('a26ee712c7d038ab20d2b27c3a90aa30', '', '000000053'),
('198f216b0de37e0bfa590fb314e4d444', '', '000000053'),
('7e9141a93e2e0531d075040c7fe0c0d8', '', '000000054'),
('06545d941342f3fd916285e2a0bbb715', '', '000000054'),
('0010f2fa3db7eb8a99e6b78f7cc85e60', '', '000000055'),
('b6fbcc1c00f1ea6d3ea7925e58e4bdcf', '', '000000055'),
('1723d5a41b7c18a687df9d8fd2fcc01c', '', '000000056'),
('c592263145b146d3cb12e659b18e0326', '', '000000056'),
('015c23db7fff37e387138fdfcefb06a0', '', '000000057'),
('5ed9fa13689b32b0d455782500d5859e', '', '000000057'),
('7271f14f24b4351f4bfcc91d6aed6126', '', '000000058'),
('6ed0e49edc18e3eb83cc7660de24e793', '', '000000058'),
('6c7f85b05a99afd78354b403b1b9edad', '', '000000059'),
('bb237925da3560992fab786dfed348eb', '', '000000059'),
('fdfaed04c35bf459282b44cc0d937b86', '', '000000060'),
('86ee23f69960759395c5ef84e134c193', '', '000000060'),
('530cf33a5e8773d91036d961618b2615', '', '000000061'),
('59a2b9d80e608cf04b72de53dda19a6d', '', '000000061'),
('1e0d19cb6e55ae31710dec75600beb90', '', '000000062'),
('d89699440e3c445ae783e68d37ff4543', '', '000000062'),
('05537c09fd0a856bf1a8e178a32f037e', '', '000000063'),
('e91ea491fdb94e0722acc3f938cbdeb7', '', '000000063'),
('64cd3dd5fca2c215e8a5d529faf365ff', '', '000000064'),
('fc46cce4ae3f96d35f47fc3b7c00e14b', '', '000000064'),
('a27e26a339c2e7500f1d05d0f790bdd3', '', '000000065'),
('a4771985ce7d45eea79e9069902901a5', '', '000000065'),
('4ab9b826fdf36024c7388401b41ad236', '', '000000066'),
('ef3ad0e85c0f2f5761a817810c4628ec', '', '000000066'),
('df0cbe8a348f1916d4120af938e98511', '', '000000067'),
('2fac4379fed991a974ff324881a9c16d', '', '000000067'),
('0e783a442c78d6234b4a074be5304472', '', '000000068'),
('f41a9d0a65e6360444aab737b4d23395', '', '000000068'),
('bc6a97f89ce43ed7582d43fcf79580cf', '', '000000069'),
('24c0926eed03234ece47cfa7f2a8db8f', '', '000000069'),
('f1f66e5151b4254255565e4ccac0c248', '0.1', '000000005'),
('d5a18aa46de92e86e70de2c3dbdbfca6', '0.1', '000000005'),
('5a0996bcf4dbf6dbe276ed24ea51e728', '0.2', '000000006'),
('23927d07daf0b24fc429e445a8309541', '0.2', '000000006'),
('f112cee1ff4f5ce16cd9dbc203674ceb', '0.11', '000000007'),
('b24476ce1cd76afe86be60cd1c1ebd93', '0.11', '000000007'),
('0ac76310589980e1bd2eb94c5614e6a3', '0.17', '000000008'),
('484170ee88e8ead15c1e8516f89e3491', '', '000000017'),
('cbbc163565482ae29553bcab4726a42d', '', '000000014'),
('4c4b8904c48157c135e11a65bf9b4c7c', '000009', '000000003'),
('03350c96c0e78ff0293237787dac8128', '', '000000025'),
('f9a9d2aa149ebeff6ec580da98844a4f', '#000000', '000000004'),
('9bafbf1556ca5dc26657a4dd5772bab9', '156', '000000001'),
('dabfecda311aa050ca5a93ce6dfb8046', '', '000000027'),
('67ce96684a166bc33ccbdd050ef95113', '', '000000028'),
('958f4bdb97f6b7e2cced750244cac23c', '', '000000032'),
('e6f73a0158d5319d53de20ba66bb0b8e', '', '000000029'),
('607ec50cb8d1480d82aa1004783ed211', '', '000000036'),
('8955f4168497b22abad8bb806445dee8', '', '000000037'),
('267d57dd0c8e09b66d3a5cc226f179a2', '', '000000038'),
('de1dbd57e7c2e3fea45ca95680546f93', '', '000000039'),
('77970fe8372dd93f2b31c801cba8a5de', '', '000000040'),
('22dd9148896a731a6a93b6464e279663', '', '000000041'),
('469bdf154eb6faa0955c8044d585878b', '', '000000042'),
('ee4cdb7cb2ba270c713f3d85f961f734', '', '000000043'),
('947d85c0f6f8b1783ca43e16328b19b7', '', '000000044'),
('860c9d18b98922fd4c8e88e73517fb6f', '', '000000045'),
('edb0f1edcfd35a56cbb405ec65d81aba', '', '000000046'),
('4f494f62073539b4bcbda5e7c5f8bc9d', '', '000000047'),
('d8586f93617205fb6708c291d43a423c', '', '000000048'),
('839559c0887efe07e7f2ec87c2470dad', '', '000000049'),
('3520e7d3b1d36ed7a034146ddd2d835b', '', '000000050'),
('01d9e75064408964ac7f8991dc79ec28', '', '000000051'),
('6215148598e32eaf80c40c7b2a4f248a', '', '000000052'),
('8bce47f94cf527c5d59caaa394471078', '', '000000053'),
('b9a75821e128227e63765aa6ffe8ea9f', '', '000000054'),
('9e081632c71056683b607390ecdad295', '', '000000055'),
('13a286558eac300fcf251c99011fa846', '', '000000056'),
('cc7248baf11f7004ffeed401a8456c9f', '', '000000057'),
('906f7a89cc834c04f272f74fbd45a13a', '', '000000058'),
('7a4c3c367082ef747e5efa628573daf9', '', '000000059'),
('625d7153fbdf63aab1dddd7367e8f87a', '', '000000060'),
('6d094ec64604d52671faf76791edae1c', '', '000000061'),
('75e40b2dd2663af247415acd859ddc45', '', '000000062'),
('7957e65656eba6e4ff18685774ea0a6a', '', '000000063'),
('391a3439c38f7c38868c285200b4890f', '', '000000064'),
('26e070166f532bbb27b78abb723eb169', '', '000000065'),
('d2f2e61b8ac619b3cd6e72b96b2807b8', '', '000000066'),
('ee6849db5fc3a0a46fef8d9485f24654', '', '000000067'),
('66503ee16eaa9a1d17c88d0dd65410d3', '', '000000068'),
('bb9a31591fdbd1b99594cb1a386cb041', '', '000000069'),
('39cd55bfcd367e8b999f3ee868247bb1', '0.1', '000000005'),
('5def70ee71375ec0ee793c1fb03e7867', '0.2', '000000006'),
('bc25520ebff9eaee87b58cbe4d0de827', '0.11', '000000007'),
('d2a1641f4eb1b678b99e1872b4a5580b', '194', '000000008'),
('969869a520099391665d0d18049b17d4', '194', '000000008'),
('d556f2d4bfa4fbf58134e1d009b1dcd5', '', '000000017'),
('92504af82c38f1254d96d17df25b99f0', '', '000000017'),
('ab9429900cc95d0b5e73c47d5daa3b81', '000003', '000000003'),
('404ae3e017096ab3c7260ca3dce39a7a', '000003', '000000003'),
('5544bcc9fc3b89f94ff0794de2b47c67', '#DD9CB3', '000000004'),
('602700bb99f08b519d2a844bd21419e7', '#DD9CB3', '000000004'),
('99286acf10fd2fb484712d80e6b4ef06', '156', '000000001'),
('f567cfecabea081e74ea52ea15971dff', '156', '000000001'),
('597837b5a6db9f47bce50d2de3f6200a', '12', '000000027'),
('9a17acf246e95bc78e9009b1454cf626', '12', '000000027'),
('7d985d363f7938803cb103acbb2cc0f6', 'сканер отпечатка пальца; быстрая зарядка; технология распознавания лица', '000000028'),
('7d04d717d991dc6fdb90adc3b07c20bf', 'сканер отпечатка пальца; быстрая зарядка; технология распознавания лица', '000000028'),
('40b4d5e07b97c6d5537522fa06f75cc4', '', '000000032'),
('da4ddc048dd4fa313626bd0ca23ef33f', '', '000000032'),
('5171a5bbad91469c16c19e341408b8a6', '6.5', '000000029'),
('8d9a0757bef701d20e16a58f2c44b028', '6.5', '000000029'),
('a61e19ef040af38e019007d0476e5e6d', '1', '000000038'),
('a14b0d0e481302d2a2d804819cdf63d6', '1', '000000038'),
('b4a82390ce763fc634caab8ddc99293a', '', '000000039'),
('ff343b786724f224d2cc4a544b472968', '', '000000039'),
('01b6026e9f1f3fad8d7253f14992e945', 'MediaTek Helio G35', '000000043'),
('334d869b0e48bfc54a8c32a50c135b82', 'MediaTek Helio G35', '000000043'),
('2a4f6aa4ae888345a03d7a21b31d848c', '8', '000000044'),
('db313d5ec22842895220ec79d08fd7cd', '8', '000000044'),
('aa7e7202c6d315661308f798058e0f27', '2000', '000000045'),
('34b76d9ff30e75fd1fb5067adfffee19', '2000', '000000045'),
('ad0d78d35966add8ae3b8559cfbaced5', '', '000000047'),
('9e2d979c4c0beece3597f950a29999da', '', '000000047'),
('ec3e2184966d26b8ad9948c02f70086f', 'Wi-Fi; Bluetooth 5.1; IRDA;  USB;  NFC', '000000048'),
('002482e5f82178c493d1f6639bc3de64', 'Wi-Fi; Bluetooth 5.1; IRDA;  USB;  NFC', '000000048'),
('0841682c5a0d5966f94474eced63b63d', 'GSM 900/1800/1900; 3G; 4G; LTE; VoLTE', '000000049'),
('d6098daa1cd775372210d708dafd7be5', 'GSM 900/1800/1900; 3G; 4G; LTE; VoLTE', '000000049'),
('f1284015a776539ecdd8422f85cd9f30', 'ГЛОНАСС; GPS; BeiDou; Galileo; GPS; AGPS', '000000050'),
('9567c0734f9fd7e6a12a8116528fb26d', 'ГЛОНАСС; GPS; BeiDou; Galileo; GPS; AGPS', '000000050'),
('17ff65e9aceb8d909bfbb3444c0d6324', 'nano SIM', '000000052'),
('1d0a1ffb2554b3e1f8dc7a416087ddee', 'nano SIM', '000000052'),
('8efdf859b032b9efcf60c028f2bdf3c7', '', '000000053'),
('6be6113c99080284c3b0a7826fd3abfa', '', '000000053'),
('2c0b30659cae7a884540a402f26b1ada', 'Li-polymer', '000000054'),
('2400afdf049d0ba62c40cb8ab71d8024', 'Li-polymer', '000000054'),
('58ca381f7653fb7b4eb7e5287f3fb3ef', '4500', '000000055'),
('d0f221f0f06b1090bbcd95a18d7ff991', '4500', '000000055'),
('6a57719f149756982d0ccba7b2b5e1eb', '', '000000057'),
('ea3082e766f84efee20447d687d6db2c', '', '000000057'),
('170e7996d5ad8ea5c79ea4a24275a394', '64', '000000058'),
('4f0137fceb3f14dd9553896cdbd606f5', '64', '000000058'),
('cfa804971d70e969fb7a1cfb448fb9f0', '8', '000000059'),
('f2a3e8bef55b578f5e9309f04dfbde3f', '8', '000000059'),
('41b68af36b3a8fc428e66cc50a687d42', 'макро-объектив; автоматическая фокусировка; цифровой зум', '000000060'),
('102f007b21de61639e2b54b06a07474b', 'макро-объектив; автоматическая фокусировка; цифровой зум', '000000060'),
('78decaab4418e609cfc5909125ceaa0b', 'Full HD 1080p; AAC; AMR; APE; FLAC; M4V; MKV; MP3; MP4; WAV; XviD; AVI; WMA; WAVE, FLAC; BMP; GIF; J', '000000061'),
('302593dec07d5b60a3c648234f56e558', 'Full HD 1080p; AAC; AMR; APE; FLAC; M4V; MKV; MP3; MP4; WAV; XviD; AVI; WMA; WAVE, FLAC; BMP; GIF; J', '000000061'),
('e3d2b912c261a983e3e13ec843374cde', '1', '000000062'),
('e44288bc9cff66e08a63415bb5251615', '1', '000000062'),
('86b5b9658be5b97c4363f4a8b9108e2c', 'автоматическая фокусировка; ночная  съемка', '000000063'),
('f470bdc2de46886b88f44e2325300c50', 'автоматическая фокусировка; ночная  съемка', '000000063'),
('0417ec5e7fbefc4cbd814960e8c22009', '', '000000064'),
('ebe5acfbf9f50cbc0e86b35ee9a4409c', '', '000000064'),
('6b65515e0f2e45f714e27d5216dd0759', 'зарядное устройство; смартфон; документация; чехол; USB-кабель; адаптер; гарантийный талон', '000000065'),
('1d7b3b4d5339a268631107429feb112a', 'зарядное устройство; смартфон; документация; чехол; USB-кабель; адаптер; гарантийный талон', '000000065'),
('43c57fc4de61eebcc9b4855d2b27c296', 'IP67', '000000066'),
('aa1e0d7accbcf8396e02f33984cb79f5', 'IP67', '000000066'),
('edef82ea37cd8b5c4f0facd363ab60e1', 'Хрупкое', '000000067'),
('becfb8c1acd04d78bc1f389ec0a12f6d', 'Хрупкое', '000000067'),
('49e663a1b7389ac055c1378387873dc7', '1', '000000068'),
('4d970e9f645dc6d7769901cc4901e3af', '1', '000000068'),
('81b757253dbe24d6dce9c3bb23b266c6', '', '000000069'),
('070feef4162fdfa09789408a32b129d6', '', '000000069'),
('0130f978611bdc38b2faa2199629d504', '75.7', '000000005'),
('fb31566118ce5f3b15d55148f8127912', '75.7', '000000005'),
('30ee0509ca890f76a1e4368311aea1c2', '8.3', '000000006'),
('f1a29101748fa63d87e16a1d1be11d99', '8.3', '000000006'),
('c989c996d052522ba380d72cfcf1dd31', '150.9', '000000007'),
('46e648cec50020bb941dd0443b0ba330', '150.9', '000000007'),
('650692327c8fff6135be8a96869a8b66', '194', '000000008'),
('097aa13ccbffe7f1e0e5e668692075e4', '', '000000017'),
('cf1e38a37409b17485431eab2614471c', '000003', '000000003'),
('e8966a4181dc80ec6837de5ecbec2f4f', '#DD9CB3', '000000004'),
('fe6df568f0484e9fa88603f53cbc2bf4', '156', '000000001'),
('72d3916a2ad3334756a5e57de7afbba3', '12', '000000027'),
('4260d818004c183794d793d02c9b07b2', 'сканер отпечатка пальца; быстрая зарядка; технология распознавания лица', '000000028'),
('eac019ce0cca100a7463ebc2ac0d9e3b', '', '000000032'),
('c7ba26c82ad30fcdec730eacccc2a29b', '6.5', '000000029'),
('68d2305ffb1c72029e0eca39fd3aa27b', '1', '000000038'),
('857ec5811e2444fa4e71f85eb54d50b7', '', '000000039'),
('1e9348fa900256bd02858c6ca989bcd9', 'MediaTek Helio G35', '000000043'),
('8bc98d52c391570198692eefe72cb9dd', '8', '000000044'),
('98f2caceaf8df54f87330cbc42143aa9', '2000', '000000045'),
('a3f8fdbdb3470d552808b642704d4226', '', '000000047'),
('fa65d909952e7807ae2913aae1a7a809', 'Wi-Fi; Bluetooth 5.1; IRDA;  USB;  NFC', '000000048'),
('371c95ecbc80c8b091c9093f5f2d15bc', 'GSM 900/1800/1900; 3G; 4G; LTE; VoLTE', '000000049'),
('20618240afc88edd73bc6cd4eecc91fa', 'ГЛОНАСС; GPS; BeiDou; Galileo; GPS; AGPS', '000000050'),
('679b70b4ed6012dd6bf5581c61769a1f', 'nano SIM', '000000052'),
('c308551135c5675e1555b71b8e32779c', '', '000000053'),
('38c2eb996f1ae6b6510fc0c2401761d0', 'Li-polymer', '000000054'),
('7df58da77bb80fd0832df285f200f3df', '4500', '000000055'),
('ec62e2627e2b0503719249637db41b10', '', '000000057'),
('6b42aed93c3c88ee38f51ab1fa369752', '64', '000000058'),
('1e11bf7623ff0551dbb74faa048a711a', '8', '000000059'),
('56627be5ac51e54843ef957f769e5334', 'макро-объектив; автоматическая фокусировка; цифровой зум', '000000060'),
('d0e53b2d91669d4f9c6f5e0a539fb8be', 'Full HD 1080p; AAC; AMR; APE; FLAC; M4V; MKV; MP3; MP4; WAV; XviD; AVI; WMA; WAVE, FLAC; BMP; GIF; J', '000000061'),
('c0539e3e80eaf583ed4510621150cd2a', '1', '000000062'),
('a0ccb490dcac7baf0d717936daf4c0f3', 'автоматическая фокусировка; ночная  съемка', '000000063'),
('73cc561b18c52c00c30697225bdd6eb1', '', '000000064'),
('456aa093a903f250e5ef6064da597f09', 'зарядное устройство; смартфон; документация; чехол; USB-кабель; адаптер; гарантийный талон', '000000065'),
('1eb0f40b7ccac5f8c577b9bb84c20c43', 'IP67', '000000066'),
('72d4445c9c07f8831590d3cafcf1fa20', 'Хрупкое', '000000067'),
('f7c3e0efa3c020cda4463d9d86700305', '1', '000000068'),
('2c4b8117ebc01764b520baa4dc2017cb', '', '000000069'),
('034ca8a0dcfd1f8bcd8dd778a6c5ff00', '75.7', '000000005'),
('67cd65063a2b84734c1cdd2849808987', '8.3', '000000006'),
('d2c578bbca1b4c6683c9c75d5078191e', '150.9', '000000007'),
('33b5fc93187b68291c01778261d65fca', '194', '000000008'),
('6904934d2be3742c1be86c4f913054af', '194', '000000008'),
('b5d690c462c813e62c570369365d9935', '', '000000017'),
('b9f2a4dcfdeceb0b383916d721c30404', '', '000000017'),
('8883bee67ed0745df197251159ed14db', '000003', '000000003'),
('5c46394b2221d3a701b97ef97051d8a7', '000003', '000000003'),
('640bf69c7af13b910fc9c7ccc836c4d8', '#000000', '000000004'),
('854ca1211dc9b9d40b5c48b180c9b481', '#000000', '000000004'),
('63f7c817cc95a49ef02a9cf879a36f37', '156', '000000001'),
('bf3e4cff3d767da5d803a12f0e729cb7', '156', '000000001'),
('55fa7ca2a938ee58df7b165a9fac6101', '12', '000000027'),
('791317388cf7015c503684ee1954b6b9', '12', '000000027'),
('0859ae474f61df704e903aae974fc2ef', 'сканер отпечатка пальца; быстрая зарядка; технология распознавания лица', '000000028'),
('9094deb2e087917a2712f92885d37bf3', 'сканер отпечатка пальца; быстрая зарядка; технология распознавания лица', '000000028'),
('394c453eb53bf2a4ff7c0031e09478a7', '', '000000032'),
('209fff35bac4a7e0e73d02d29c81cc17', '', '000000032'),
('551cb80016f4506c4fc3146d80aab676', '6.5', '000000029'),
('62d17784d94cb496ca8c798e9ae03d79', '6.5', '000000029'),
('884c76f7c7c65598c554f7c0ee4de894', '1', '000000038'),
('32c92d00f64bd0f0993bf9ae8842dcec', '1', '000000038'),
('adbb5d32d88a7275eabb01db2c0f9948', '', '000000039'),
('c85e54156d30adf310e1438b73eaa408', '', '000000039'),
('a9fae4c7f5c8b1fd53b734bd741f6380', 'MediaTek Helio G35', '000000043'),
('64d9a947a077c87b59cf7cf313ffd962', 'MediaTek Helio G35', '000000043'),
('7dea6e9865c54257a94b43282567a30e', '8', '000000044'),
('4db9afae2edd0984046bee9a5164a1d0', '8', '000000044'),
('dd24bfb18a901b3f0aa950d5164e3442', '2000', '000000045'),
('58607ef3084614646cd0d0302ff0b938', '2000', '000000045'),
('ad4146a3e30ead931f53b90026195d80', '', '000000047'),
('b28c85050a21a4581e5d240b338e75bb', '', '000000047'),
('1db38e04350ae5272c308e24ef60575d', 'Wi-Fi; Bluetooth 5.1; IRDA;  USB;  NFC', '000000048'),
('7fa15171eb21bb1cf4bbb839c85387eb', 'Wi-Fi; Bluetooth 5.1; IRDA;  USB;  NFC', '000000048'),
('90aa52bbe984a2de493f5a6c3d0f5dbf', 'GSM 900/1800/1900; 3G; 4G; LTE; VoLTE', '000000049'),
('bc7693fe0aaafc6d2e1faa36f7425c3b', 'GSM 900/1800/1900; 3G; 4G; LTE; VoLTE', '000000049'),
('9e97247f8cf0046578a09129b3fbff94', 'ГЛОНАСС; GPS; BeiDou; Galileo; GPS; AGPS', '000000050'),
('a2be64306b471b88b1dbf943d60467de', 'ГЛОНАСС; GPS; BeiDou; Galileo; GPS; AGPS', '000000050'),
('3ba8f33065b1211acf6f7e5313dc4b23', 'nano SIM', '000000052'),
('e7795e3278a1c5877b994d51a834649a', 'nano SIM', '000000052'),
('5f5b16b544b53140bcdfd0eb94b2c68d', '', '000000053'),
('624c779cbcc17e3f816c87bc28b16995', '', '000000053'),
('64ae8dd1a27fd1bf7ea5e3ac83f34657', 'Li-polymer', '000000054'),
('dc96122e3f0ca6860879b216874bd896', 'Li-polymer', '000000054'),
('485b8ee5e7cdf4fc5187900b1a5e72b7', '4500', '000000055'),
('21d74a62d51a5ed0374e72e193ca777a', '4500', '000000055'),
('cc1da0bfb2a7915226d30b5cf7cd3c4e', '', '000000057'),
('4567cfb142f23ca56a9dd8430c7b8fae', '', '000000057'),
('107a2dcb63a9b8f8dfda22d7f05154ad', '64', '000000058'),
('2821bbbcbda170b490f579692ac41b12', '64', '000000058'),
('c37ac8cffb1b771fa45f7195713edddc', '8', '000000059'),
('9c34d021dcd1629740714332a47e31c6', '8', '000000059'),
('9e3a8569a53218bda57ee073a0fee56b', 'макро-объектив; автоматическая фокусировка; цифровой зум', '000000060'),
('4401e774638555761a8fe03659589005', 'макро-объектив; автоматическая фокусировка; цифровой зум', '000000060'),
('b8f411bc9a8a61104f8ef2b79ac5e89a', 'Full HD 1080p; AAC; AMR; APE; FLAC; M4V; MKV; MP3; MP4; WAV; XviD; AVI; WMA; WAVE, FLAC; BMP; GIF; J', '000000061'),
('545f1981a83319b98165f1d90913cd8e', 'Full HD 1080p; AAC; AMR; APE; FLAC; M4V; MKV; MP3; MP4; WAV; XviD; AVI; WMA; WAVE, FLAC; BMP; GIF; J', '000000061'),
('4e3a7747863bdb01ba44949c8dfdb6bb', '1', '000000062'),
('1fc24dafb846744f66abd47339fc75be', '1', '000000062'),
('d29610ef9d8a57b267083a883601f193', 'автоматическая фокусировка; ночная  съемка', '000000063'),
('1034c1b2714455207a361173143a8105', 'автоматическая фокусировка; ночная  съемка', '000000063'),
('fba1b376af7d45daace33da0c58c4d71', '', '000000064'),
('5a7e028db24733a92c386785d5ba4c55', '', '000000064'),
('2d1866f2d1de1e255bc0270909dec001', 'зарядное устройство; смартфон; документация; чехол; USB-кабель; адаптер; гарантийный талон', '000000065'),
('5155817f6bb953ae0027af7dd95f6238', 'зарядное устройство; смартфон; документация; чехол; USB-кабель; адаптер; гарантийный талон', '000000065'),
('7f98025393f134dde718a8eb503abdbe', 'IP67', '000000066'),
('8d137681ddf9231e52fcca52da89f286', 'IP67', '000000066'),
('16b1a6af4ade85f1741a2a5932df5e26', 'Хрупкое', '000000067'),
('dc59a4351b20026064f22e32beb78823', 'Хрупкое', '000000067'),
('552e5cc0a60486c4ab91ac493bafcdfb', '1', '000000068'),
('3b92cb71e0649027897ea25e1227c673', '1', '000000068'),
('2321e140309373e82b577a98adb6d5e1', '', '000000069'),
('c4e6c5d694d646002a0c6c0497acb0c3', '', '000000069'),
('ad46cfe502e71d12de700e3b6f054f62', '75.7', '000000005'),
('9a955f7e27b837517886ab514fea47ad', '75.7', '000000005'),
('1300d5532eb34db5e25abcaea9339a19', '8.3', '000000006'),
('660437525fe6ed573a853f5d74ba7ebe', '8.3', '000000006'),
('85417e39fde84fab47923983080b8675', '150.9', '000000007'),
('127cdfa6e58c35e31e7651c98ddfc333', '150.9', '000000007'),
('56576d08a6f573c4a9f4e143190165a7', '194', '000000008'),
('c4390d60316a8295a56193f2184309b6', '', '000000017'),
('a4d780e641371475650589312c59b145', '000003', '000000003'),
('75078fb92f64f80877bdda038a7f1c3b', '#000000', '000000004'),
('998cb699e2c5b3a8367cc33ff530b820', '156', '000000001'),
('3c002e1ec5c0c6597a96f11701d6aa8d', '12', '000000027'),
('042f880fee24547284940d455cd1a9ca', 'сканер отпечатка пальца; быстрая зарядка; технология распознавания лица', '000000028'),
('73f4ddd439a551c32eaa77ae0c7855b7', '', '000000032'),
('5b52ae1fc8bddc6d261abe2cf9e051e9', '6.5', '000000029'),
('e659031650fa46a76812c75f4b537fd2', '1', '000000038'),
('fc1bc77ffb4dd0bd6eeeed7036564405', '', '000000039'),
('7815ee8fc662eb484c0129c62bf5fc31', 'MediaTek Helio G35', '000000043'),
('1f7ca30b84c2096a0a36ceb3e1e18c60', '8', '000000044'),
('e699c6090cd848e8cecbddc8871fde26', '2000', '000000045'),
('7eaf333eb35074e80485829a8c055415', '', '000000047'),
('2be83b25fe0cec710e8aee1b6dd09ad1', 'Wi-Fi; Bluetooth 5.1; IRDA;  USB;  NFC', '000000048'),
('dc9b9c44606f11494bf9e4663c6d245b', 'GSM 900/1800/1900; 3G; 4G; LTE; VoLTE', '000000049'),
('73f093d994765769c5e6a408d86ee293', 'ГЛОНАСС; GPS; BeiDou; Galileo; GPS; AGPS', '000000050'),
('4bd746ece16fdcac9cf432684c6cd7ef', 'nano SIM', '000000052'),
('3f50649f59712549d9322cb072081ec5', '', '000000053'),
('fc2c72c36126da01002f56f5371c308f', 'Li-polymer', '000000054'),
('9e4c487959dbc5b03d3b9423e602892f', '4500', '000000055'),
('24866d6f8d7034a1242ed84a90ca0fdc', '', '000000057'),
('8c951e10343dfeea38bc0c98648dba83', '64', '000000058'),
('e123b238f6df284465eb2629f7563bb2', '8', '000000059'),
('44469952fed6aab74fc06beec5b4b1c1', 'макро-объектив; автоматическая фокусировка; цифровой зум', '000000060'),
('91dd1108a13a3adb2dedaea796d7d9f9', 'Full HD 1080p; AAC; AMR; APE; FLAC; M4V; MKV; MP3; MP4; WAV; XviD; AVI; WMA; WAVE, FLAC; BMP; GIF; J', '000000061'),
('df6b97208ac4360c8fb797d3caa3fd4c', '1', '000000062'),
('697b10729400207fd85ac0639440a661', 'автоматическая фокусировка; ночная  съемка', '000000063'),
('a66c4f928862fd8460207a94f566355e', '', '000000064'),
('63f7acd5d47734df89c2611ce3abb543', 'зарядное устройство; смартфон; документация; чехол; USB-кабель; адаптер; гарантийный талон', '000000065'),
('3c9f028f3a028f70948c85b463cc222a', 'IP67', '000000066'),
('261b96abf57221599fc4a74521cf42d4', 'Хрупкое', '000000067'),
('39a2150ee113cbb5b79c4dd3272eb31d', '1', '000000068'),
('2a58c034f5b61a6501a502bf6e999637', '', '000000069'),
('077595215c60ea82b58fe997d0b21545', '75.7', '000000005'),
('8b27a64485ac1cc755cb4fd2d5bd927c', '8.3', '000000006'),
('5489a14d527ac3fc8d9708534194bd92', '150.9', '000000007'),
('5b143b37e29b0e596391171019860299', '194', '000000008'),
('50cbc789c39a4b666e9abf6a82edab23', '194', '000000008'),
('8fcbcf66613afef6ffc93981f36fb356', '', '000000017'),
('0d0cc23aea80e972db1fc859078d1973', '', '000000017'),
('8c0e2cfd0ddd1dbb6daec40c22705ee0', '000010', '000000003'),
('516caae6361666c26469110a3a7c3ed3', '000010', '000000003'),
('1098e59a19789a6ebec20b0b786d7615', '#A6CAF0', '000000004'),
('f84fc9adc1f3ead22cd74eef64a56931', '#A6CAF0', '000000004'),
('b7dc0151262382431209fe5747727166', '156', '000000001'),
('8dd3d21fc27752bf28e8d821442d181c', '156', '000000001'),
('ff720014b79b6debbb871a2f8ceb80fa', '12', '000000027'),
('2587270fe301dd8237153a6a801e98da', '12', '000000027'),
('97c81f602167d3d447fa4c7ced1b2390', 'сканер отпечатка пальца; быстрая зарядка; технология распознавания лица', '000000028'),
('b01d7e8664d590d599b44bf51dca7f6e', 'сканер отпечатка пальца; быстрая зарядка; технология распознавания лица', '000000028'),
('7a0502b5b729f6ea3605678240307519', '', '000000032'),
('faea342c4596f3532b1fc4bb0c843a7f', '', '000000032'),
('ea3bf784e44c1552624ff9e54f5d9c50', '6.5', '000000029'),
('a178f91f8cb897d040c38cb6a4a0a818', '6.5', '000000029'),
('a43dc46cbaa4834bd2e71cc607b99b5e', '1', '000000038'),
('4f69e31e151ccf11639d6fda16467e94', '1', '000000038'),
('eda0f10f8f3a03d40d5d0ff5bdbbf24f', '', '000000039'),
('a9ccd15e7aa882b4fce7d6e434e1e6a3', '', '000000039'),
('4dca64e06ee3e1d0dfaaa48234c4bcdb', 'MediaTek Helio G35', '000000043'),
('d866c8a8977ff42199022355d7ed1851', 'MediaTek Helio G35', '000000043'),
('23674cd710ff8253c81a1c109d00279d', '8', '000000044'),
('bd073bef85aeb81195ffdcdd002f21a8', '8', '000000044'),
('0f66db0f6680bf82891a0e2232e4a3e2', '2000', '000000045'),
('8e658ba482eaae3965f84f1450ee77a4', '2000', '000000045'),
('ea592968fc1558ad795d86aff7593046', '', '000000047'),
('3b87461dcf92e1a0c00b085d1df9732b', '', '000000047'),
('e94389f93c5472392434e0cb3380239c', 'Wi-Fi; Bluetooth 5.1; IRDA;  USB;  NFC', '000000048'),
('74ad00c60f386942e3ba262b3eb7afff', 'Wi-Fi; Bluetooth 5.1; IRDA;  USB;  NFC', '000000048'),
('a3b05814e29b4fb82ecc4619fe41e3dc', 'GSM 900/1800/1900; 3G; 4G; LTE; VoLTE', '000000049'),
('87ddb247ecfcd73b47658ffc4b6f2231', 'GSM 900/1800/1900; 3G; 4G; LTE; VoLTE', '000000049'),
('7b853f0fc9356af933d781ff18576bc4', 'ГЛОНАСС; GPS; BeiDou; Galileo; GPS; AGPS', '000000050'),
('6d86c248f655fea42dbf5ea6e4de20e3', 'ГЛОНАСС; GPS; BeiDou; Galileo; GPS; AGPS', '000000050'),
('680f705b91a2da6259a7be9ecb8cccd2', 'nano SIM', '000000052'),
('65758fac5f9f02cfdf2cd61fb8b9edd7', 'nano SIM', '000000052'),
('1ec3a7b22a2714709ed4ea70b71f7551', '', '000000053'),
('50b7f1047190e1a159201a725f5eca0f', '', '000000053'),
('c9bc689f93dabb7b12ff42b60d2b31d4', 'Li-polymer', '000000054'),
('098d5835c561b5bf8556b26c878b3ec8', 'Li-polymer', '000000054'),
('b8bcaf6f6030f25bb7b7381d9aaa1f38', '4500', '000000055'),
('e777adb6e5f4d0ac4fabf300ddd8c0f0', '4500', '000000055'),
('7a2519efed8590d94cddaf2d66e82d29', '', '000000057'),
('d5cf4d78530d124b9b83712ba08bb1db', '', '000000057'),
('68ab3404e4c2c2e64783dc9244250d16', '64', '000000058'),
('de504376d68497927e17478dc9c7ba20', '64', '000000058'),
('91452e042031cfc5006bef69453dcc78', '8', '000000059'),
('38b252d8b8df85a79e5b817258145d7d', '8', '000000059'),
('abb626e30a2b32f62ed1522b8e0f1bef', 'макро-объектив; автоматическая фокусировка; цифровой зум', '000000060'),
('e9cf67a519a866d205f943b463937316', 'макро-объектив; автоматическая фокусировка; цифровой зум', '000000060'),
('f4a41fa5b195e4bdc9d0c8faa20c1ae9', 'Full HD 1080p; AAC; AMR; APE; FLAC; M4V; MKV; MP3; MP4; WAV; XviD; AVI; WMA; WAVE, FLAC; BMP; GIF; J', '000000061'),
('950411dfb2e4662f13a313b4450a35ef', 'Full HD 1080p; AAC; AMR; APE; FLAC; M4V; MKV; MP3; MP4; WAV; XviD; AVI; WMA; WAVE, FLAC; BMP; GIF; J', '000000061'),
('0ccf060cb5c9b88cb8d348d35251b337', '1', '000000062'),
('99ddb8f13b975a9c2d5b4db9d6536b5a', '1', '000000062'),
('21cf979865202efbb6cc836300c4c8ca', 'автоматическая фокусировка; ночная  съемка', '000000063'),
('64f81d2f65f89a4ab570cc15eaf0c2ea', 'автоматическая фокусировка; ночная  съемка', '000000063'),
('b7713204fe369ecf43a8e6e843d2e49f', '', '000000064'),
('960fccf7dc2ae2144516e499f9ce6734', '', '000000064'),
('7a1e08b0554ac57ad799e734212da3df', 'зарядное устройство; смартфон; документация; чехол; USB-кабель; адаптер; гарантийный талон', '000000065'),
('492aff1e31b78755e5f1427d63953db9', 'зарядное устройство; смартфон; документация; чехол; USB-кабель; адаптер; гарантийный талон', '000000065'),
('eed778c2768cac02f99d82af3c8b73d9', 'IP67', '000000066'),
('25de1b7a6f032e4f0e058b92251f6583', 'IP67', '000000066'),
('81ace7351d6b533ef2f4214a366d5a05', 'Хрупкое', '000000067'),
('2823d49a26b207c8ca99ecd1151c8dfa', 'Хрупкое', '000000067'),
('1b07be2a4914aaa0c85384ed0ec9875b', '1', '000000068'),
('72d460ac0b82228bce22ccc2ca5f8605', '1', '000000068'),
('5110e631b24b4809509117bf23e16a65', '', '000000069'),
('ec1d5652dcbf8aa0d5b9c7ddf24d1fe6', '', '000000069'),
('847d25e0b3ffffa0fbb90b469dbfc084', '75.7', '000000005'),
('29e39ea0a677a8c1d21c6998b41bcbfe', '75.7', '000000005'),
('017d3a8689ae690bd489b01ce61c1cc4', '8.3', '000000006'),
('4fd705dfe368406432ad099c67910f94', '8.3', '000000006'),
('c4fd1677ce82e6b6d8db033a7edd65bb', '150.9', '000000007'),
('6184820de64b3861113be2f15dad549a', '150.9', '000000007'),
('13de9d28fd14b8a3ebf0f54f639de4df', '194', '000000008'),
('6ec30fae9d45cd2735f9514e751b4729', '', '000000017'),
('7db1b628440e72f94cde1995484a7207', '000010', '000000003'),
('d4df9ef699b0280094afe4d3be50ce2d', '#A6CAF0', '000000004'),
('30c9a201ecd039fc503ba443377cb6dd', '156', '000000001'),
('a92cbe7b80b06485db1b549dc95e743b', '12', '000000027'),
('0d9e46850af7fdbf40b267d0b84dfdf7', 'сканер отпечатка пальца; быстрая зарядка; технология распознавания лица', '000000028'),
('62359129394d50b51267915f26aebc63', '', '000000032'),
('5cdb802df015b8e4cacbb0cdad3586cb', '6.5', '000000029'),
('437a9dea9cf62694ae91f52d3711ecf7', '1', '000000038'),
('36f7b207f1d0e2f3bbfba0746d4fa74b', '', '000000039'),
('43c3e028a6805e611ffb0b60909b4937', 'MediaTek Helio G35', '000000043'),
('4d08b7d2e4cdaa8a71b0d6299677f572', '8', '000000044'),
('0c3da108263187912edb0c865fbec53f', '2000', '000000045'),
('3a5a9e604f178bdb55d9349ea7330b82', '', '000000047'),
('c19ade07a0c5e7675e02f2f86bb93f48', 'Wi-Fi; Bluetooth 5.1; IRDA;  USB;  NFC', '000000048'),
('d2170a4798803ff6db29a37469c1e0b0', 'GSM 900/1800/1900; 3G; 4G; LTE; VoLTE', '000000049'),
('84cbf1357b9a65145d25c5d6fe0453a9', 'ГЛОНАСС; GPS; BeiDou; Galileo; GPS; AGPS', '000000050'),
('a9773ab0981eab0d4fc2a9a3e9b0dcc1', 'nano SIM', '000000052'),
('72c4cb1e9a1d2bddcc75bc24d4a8a91e', '', '000000053'),
('918b12793000ed52f55b0b60af75fc7b', 'Li-polymer', '000000054'),
('09adf968cdf0e1eb9313385a089e8265', '4500', '000000055'),
('e2780fd62939732a23a565755dca5c9d', '', '000000057'),
('fb929cca6c06138ad22f338bc9a974ac', '64', '000000058'),
('f933c47dbc2b35d3c89527ed06059de0', '8', '000000059'),
('95119739ba94034dae28a6384a209b01', 'макро-объектив; автоматическая фокусировка; цифровой зум', '000000060'),
('e415eac76a4f043cc11ed559c1db1750', 'Full HD 1080p; AAC; AMR; APE; FLAC; M4V; MKV; MP3; MP4; WAV; XviD; AVI; WMA; WAVE, FLAC; BMP; GIF; J', '000000061'),
('8a27fbc2ab9f3307f7f8eb3da25fcae7', '1', '000000062'),
('fd5a9429f3abb911326314e75c338434', 'автоматическая фокусировка; ночная  съемка', '000000063'),
('1d2ad56aae20ce0413f361dc7c6c436d', '', '000000064'),
('3ad30a8037791300a0bab5ec34029546', 'зарядное устройство; смартфон; документация; чехол; USB-кабель; адаптер; гарантийный талон', '000000065'),
('49864fbf83aa91b88db63ba058d45c16', 'IP67', '000000066'),
('576f43273187374f0af02e28f4b03b36', 'Хрупкое', '000000067'),
('c097538ae7dcb5379c6f89835d493587', '1', '000000068'),
('e8f6df424272a5b9fae1e3c8482484d6', '', '000000069'),
('f6ce60e5082d24771af1ae153f36698b', '75.7', '000000005'),
('745822c1053098b9ea829e8c4c08618b', '8.3', '000000006'),
('50e47175211227d4432ae89a271a4215', '150.9', '000000007'),
('4aa97133f93aa2bf346ddc70737652d4', '194', '000000008'),
('63e19456006072b6d542b88bf41a2ed5', '194', '000000008'),
('e2d6e593711618a232efaeeccd94cf6f', '', '000000017'),
('dda4c8f9a97efa40545bcdcdf058659f', '', '000000017'),
('3faf42bc70b435b314ece2dcb58054d6', '000010', '000000003'),
('b33e028908762bb9c7c962c21dd0ef52', '000010', '000000003'),
('733843786994bccea12e2ea836dc57a7', '#FFFFFF', '000000004'),
('1c2e6a8f999dfc62f284805b3e2e8b26', '#FFFFFF', '000000004'),
('f53a9cd279a7efe5b6408a24740c5517', '156', '000000001'),
('405a1047671a36ab147211fa35cf9b0e', '156', '000000001'),
('52fc854ad3ae9c51cf01f307c412ece3', '12', '000000027'),
('cab6c9d05e862ad415765e0c13f7a33a', '12', '000000027'),
('93a4056ecdbcb900b467580b8a8fead9', 'сканер отпечатка пальца; быстрая зарядка; технология распознавания лица', '000000028'),
('eb3bef524d7e06be4d1064f756851e22', 'сканер отпечатка пальца; быстрая зарядка; технология распознавания лица', '000000028'),
('7444c8b76395c4819505b34fe0f215d3', '', '000000032'),
('27e1d59ab814cc11f0a7f5ac46da5096', '', '000000032'),
('74927e2557b82f9cd5d19bcd3dc45db4', '6.5', '000000029'),
('a6de49fc67bc3631bd9993278b67e5c7', '6.5', '000000029'),
('13ea725d4bcbe2f8df22eee0bdf404ad', '1', '000000038'),
('09c0d5445599244b44cfe49022271962', '1', '000000038'),
('cbc03d3ed5e235459c1e1a71fd9fa0c6', '', '000000039'),
('f278d97abbc1e8851bde4fbc4d0beaf2', '', '000000039'),
('6ae51cf3b50ffbf34662f3db464cc525', 'MediaTek Helio G35', '000000043'),
('c4e48fab2bf0e4f45e037e1cad3b9e44', 'MediaTek Helio G35', '000000043'),
('270ecdf0270165389f52b3b81a462bba', '8', '000000044'),
('19390b6fc90edbd7649e4c5223ded80e', '8', '000000044'),
('6f935a548f9706799015eeeeb73200a2', '2000', '000000045'),
('9bbd86c7ad5b61e3ded79328c1d32192', '2000', '000000045'),
('ce0e6d7632e4d42c91d95f16afb00b82', '', '000000047'),
('447a74763aa45666f98fa0ca2c32eff6', '', '000000047'),
('25f5866eab46a55e86da4dd548b90cd3', 'Wi-Fi; Bluetooth 5.1; IRDA;  USB;  NFC', '000000048'),
('23ef1682a2a4cc716a30c5d9f0822c3f', 'Wi-Fi; Bluetooth 5.1; IRDA;  USB;  NFC', '000000048'),
('bad4f3108c385ccdcd5a7a69c1f78206', 'GSM 900/1800/1900; 3G; 4G; LTE; VoLTE', '000000049'),
('be528d8ece33a3df32f50d236a7e40c9', 'GSM 900/1800/1900; 3G; 4G; LTE; VoLTE', '000000049'),
('e44793c019c4717c83d28b54e3709b90', 'ГЛОНАСС; GPS; BeiDou; Galileo; GPS; AGPS', '000000050'),
('2100aaef60a568015e766ff1227e55a5', 'ГЛОНАСС; GPS; BeiDou; Galileo; GPS; AGPS', '000000050'),
('8282e0f20e3c74044f164bf59d47d8bc', 'nano SIM', '000000052'),
('2b3d2f13b4c22c4eaccd8ff6ea76d67d', 'nano SIM', '000000052'),
('5881a5907e2816057f291bbcf45f9555', '', '000000053'),
('0be04259fd0075384b51470728c1d579', '', '000000053'),
('5f72124d2c1eeb53c23373842a73b015', 'Li-polymer', '000000054'),
('596bee18d168a65340f8f7eae7515e58', 'Li-polymer', '000000054'),
('d9e81592d551b61884eb732cde1f5cc5', '4500', '000000055'),
('c3184e0450917f0c645938eb664d2434', '4500', '000000055'),
('b262d0fe0eacb79c2f81066697455a2b', '', '000000057'),
('39b29987b7736722287357a81bd0e982', '', '000000057'),
('bb325dbe4643aed9659a2c33b9eb6523', '64', '000000058'),
('1bc4013dc5c17ecaf9a9c020050017f5', '64', '000000058'),
('107fb384702da923a13ed16de9f0c0e6', '8', '000000059'),
('4e975108f3cf546cdd18194e20fc108f', '8', '000000059'),
('be1e4ae845d379bd31d49689b8ccbd8f', 'макро-объектив; автоматическая фокусировка; цифровой зум', '000000060'),
('f8331ab22e999c3148293949a18c4780', 'макро-объектив; автоматическая фокусировка; цифровой зум', '000000060'),
('46e64c9bbbd33d7f955c21481f76b588', 'Full HD 1080p; AAC; AMR; APE; FLAC; M4V; MKV; MP3; MP4; WAV; XviD; AVI; WMA; WAVE, FLAC; BMP; GIF; J', '000000061'),
('6ce709a3af54fa767ece418233101ecc', 'Full HD 1080p; AAC; AMR; APE; FLAC; M4V; MKV; MP3; MP4; WAV; XviD; AVI; WMA; WAVE, FLAC; BMP; GIF; J', '000000061'),
('8e3f6c4e896ca1a5e8748ab4440aa862', '1', '000000062'),
('89c779d153854b8ffe3fc262b7296530', '1', '000000062'),
('b7ec5d6bf4350ec2514be8989de6bda7', 'автоматическая фокусировка; ночная  съемка', '000000063'),
('10f923e773012b10b022db73329da980', 'автоматическая фокусировка; ночная  съемка', '000000063'),
('1ca93f6ba10f70c0cfecd78311de5a6c', '', '000000064'),
('5aba0019b4598e35b1e51d2737be38fc', '', '000000064'),
('52169b0fb9b402382866138f0e96a655', 'зарядное устройство; смартфон; документация; чехол; USB-кабель; адаптер; гарантийный талон', '000000065'),
('2f7c8d0083d5b7f74d47cbe2edae2f8c', 'зарядное устройство; смартфон; документация; чехол; USB-кабель; адаптер; гарантийный талон', '000000065'),
('fcd3b9f299b129c87f4087641d9495df', 'IP67', '000000066'),
('8de52dbabea833f419cbaf2b5c490666', 'IP67', '000000066'),
('6538d8a5b9cb93df53213ccbc3dfc388', 'Хрупкое', '000000067'),
('54de47e7a7bf78aabd90c28f9e97328b', 'Хрупкое', '000000067'),
('5ffd763c07223bbfe7717f4463b3c3a5', '1', '000000068'),
('b21af0bdb71158e45719007e820bc96e', '1', '000000068'),
('651e855ba9ed3b4c1268f53d3da87bb8', '', '000000069'),
('5127319bf59f994fb5f2b6c0edb97b04', '', '000000069'),
('bb7705596e80c8992c7af6ed04829d92', '75.7', '000000005'),
('6b7b9e5ac406bcb8b395611bfa8b9b06', '75.7', '000000005'),
('3441d77279b2f018cfa63a77e75235a6', '8.3', '000000006'),
('b7efb199c9a2cd5e1ad7593c7beb42a3', '8.3', '000000006'),
('b24fcf16efb0e01f655cf9c4b75580ef', '150.9', '000000007'),
('2be9a5035fad4dc0f8beaa7184515d1e', '150.9', '000000007'),
('6d4e8e49893546e5b47e6da44558fe8c', '194', '000000008'),
('7c44ab09789dd2255e0f1f72c80fea03', '', '000000017'),
('b3b9f4783ff3c6442112012e56ef1437', '000010', '000000003'),
('63cc94195a3ede9713a62fa812224f2d', '#FFFFFF', '000000004'),
('2240fd8aef59c3789809388abf7697b6', '156', '000000001'),
('6dce7389f2b28585fec89966d3437747', '12', '000000027'),
('787363865d95a9459bbfe6741c39b795', 'сканер отпечатка пальца; быстрая зарядка; технология распознавания лица', '000000028'),
('413a7aebe1842539dafa53f1c4f7173b', '', '000000032'),
('becb443d233c703ee3fd977ce6588c5a', '6.5', '000000029'),
('2f9f01117040f86c2c8965ef50ee4ddd', '1', '000000038'),
('2f702a52e553594ddc13ff5d09b40496', '', '000000039'),
('c43dc6826042f8846b989c1b113f6e1a', 'MediaTek Helio G35', '000000043'),
('8b5da161d52c994f77e43aa099ed532f', '8', '000000044'),
('79946aeeeed5552e7d6676a9f5d4d38d', '2000', '000000045'),
('51b73b6b95c5964fadf0d0f05e2e60a6', '', '000000047'),
('a84a2900f0ddfb525c60db0f5a164c1a', 'Wi-Fi; Bluetooth 5.1; IRDA;  USB;  NFC', '000000048'),
('bbe76b122589a848a8f4f83d4603ffc3', 'GSM 900/1800/1900; 3G; 4G; LTE; VoLTE', '000000049'),
('83ff2cf4b12869921c3186dea48cdf60', 'ГЛОНАСС; GPS; BeiDou; Galileo; GPS; AGPS', '000000050'),
('9e4e1684ffba109a9014bddfc7c4cbfd', 'nano SIM', '000000052'),
('57908855aef622865fa4191e2ebe3ca7', '', '000000053'),
('c506ea6288e44e800235fd76fc5cd983', 'Li-polymer', '000000054'),
('9346223fc60a0040aabfc90b9016bea4', '4500', '000000055'),
('9f085467d20f8f2b7ae908f1dce08c05', '', '000000057'),
('792d338aa542c1d7d407bce454223882', '64', '000000058'),
('e5d37c360172467d885a542a8090fc14', '8', '000000059'),
('c12281068346aaa88229aaea685dda03', 'макро-объектив; автоматическая фокусировка; цифровой зум', '000000060'),
('e2b226069ccf37eb7195850f7d33ca02', 'Full HD 1080p; AAC; AMR; APE; FLAC; M4V; MKV; MP3; MP4; WAV; XviD; AVI; WMA; WAVE, FLAC; BMP; GIF; J', '000000061'),
('9306684c02a5172fc9df727ad91fa6b0', '1', '000000062'),
('068cc2dc39b7880570f448cf1769408c', 'автоматическая фокусировка; ночная  съемка', '000000063'),
('bd79c9e71470fc5a1ad3d5342bae757b', '', '000000064'),
('1d95bef07f25742d9e4ae85ac1e0d259', 'зарядное устройство; смартфон; документация; чехол; USB-кабель; адаптер; гарантийный талон', '000000065'),
('e8061ea5dcf049b2255986bc94872f6d', 'IP67', '000000066'),
('74f7d320b76ac1ea62655d3dea502221', 'Хрупкое', '000000067'),
('e3ae25290622be774adcac26eb322488', '1', '000000068'),
('564c86def89292b02fa3995b7d491c73', '', '000000069'),
('0465314d613d232b314ab64150e60132', '75.7', '000000005'),
('999ea8f57871ef98bda5d2a55edc155a', '8.3', '000000006'),
('fec35d3e66e63e7c25fc4b3f9b7da747', '150.9', '000000007'),
('2fe1e9ca476d28cd1ba6a14b9bd17ba1', '194', '000000008'),
('e85d5ff0291c9f730d7a7326b32dd939', '194', '000000008'),
('f259590b15d585ea44797d9007a5ecdd', '', '000000017'),
('171eeb11ecbf9d6d6db5c5bfb66a85b7', '', '000000017'),
('5c8e975c70d21ae072efbf904f290c81', '000010', '000000003'),
('3510f38e333e796ef7fd426b9605c43e', '000010', '000000003'),
('a9134bc7bf26be58823a1d6663abbc75', '#FFFFFF', '000000004'),
('d2867f86095994271e911952f591fd3a', '#FFFFFF', '000000004'),
('27301800d8b2d918b4e2e0f657da55d4', '156', '000000001'),
('016b9ff8f2fc578ef715b810abd1302f', '156', '000000001'),
('a3464ce0721b1df453956c4e874c0002', '12', '000000027'),
('df04847eea1ceaf63360529f5b2beb0a', '12', '000000027'),
('927af957bb18dca857e7f9e88498108c', 'сканер отпечатка пальца; быстрая зарядка; технология распознавания лица', '000000028'),
('0e14f0f00dba5df317b3d7786dc4702f', 'сканер отпечатка пальца; быстрая зарядка; технология распознавания лица', '000000028'),
('9e7a9018423615cfb1e23c4cecba3273', '', '000000032'),
('a90275290943b1dfaf2851224bc647bc', '', '000000032'),
('2b46b93f48101c12741f728fe03527a0', '6.5', '000000029'),
('c736a601e4907cea2c9963c8d38599ab', '6.5', '000000029'),
('3ace278778899cc79402dda99475a225', '1', '000000038'),
('c972a301cc6b7dfa08df351c93ce8dc6', '1', '000000038'),
('f7118f276314445c8946c6f90d65faef', '', '000000039'),
('33b5b7e399a742e0f5f3f3d417d3031b', '', '000000039'),
('ffd01a1e74402dd267c5817f384f8db7', 'MediaTek Helio G35', '000000043'),
('813cc1c1a8ba467a462c2f9e2485e26e', 'MediaTek Helio G35', '000000043'),
('c3ef9e9c1b7ce1b0899fb7338c985206', '8', '000000044'),
('b198d82d547912ece1b54d6f9c25b89f', '8', '000000044'),
('bbcacc606bfb73fdf9e8914abe4d48c1', '2000', '000000045'),
('95fae31d0ba5006bf1109a7b42b52cb4', '2000', '000000045'),
('8f4248f8ccaf417fb7743f885baaf1f8', '', '000000047'),
('25ac49ee33c09db583cc61588cbca14a', '', '000000047'),
('10e7bc97554c3d5c8e6b4c50c1ff5a88', 'Wi-Fi; Bluetooth 5.1; IRDA;  USB;  NFC', '000000048'),
('bb4e09c29150f1828545ce69241daf1e', 'Wi-Fi; Bluetooth 5.1; IRDA;  USB;  NFC', '000000048'),
('6644b90f3fd72c0a9485862d91091895', 'GSM 900/1800/1900; 3G; 4G; LTE; VoLTE', '000000049'),
('b88e76428dbb58c3716ba72d43621dd1', 'GSM 900/1800/1900; 3G; 4G; LTE; VoLTE', '000000049'),
('d1d6bf9f65c87cab81dd622cc78fad7e', 'ГЛОНАСС; GPS; BeiDou; Galileo; GPS; AGPS', '000000050'),
('eb1a53249d1839292191e771c7d6ad57', 'ГЛОНАСС; GPS; BeiDou; Galileo; GPS; AGPS', '000000050'),
('912a372dc1ece4901a81abeedbbe8898', 'nano SIM', '000000052'),
('2d5c1e693d9a18db4c13639cb435124a', 'nano SIM', '000000052'),
('7f187cf43b250ba996f70fc4f787dade', '', '000000053'),
('05b16f0970cf0dcde6b351558f740807', '', '000000053'),
('1988887380114e59bbc93f2e798320b2', 'Li-polymer', '000000054'),
('121b1f8e069f0a8c82ef67ab9601d7eb', 'Li-polymer', '000000054'),
('188f0f940898ce1b4162f941758b029c', '4500', '000000055'),
('3676c2ff9055e4e5d32de14d3a80dd9f', '4500', '000000055'),
('dbf8f0e3fea626bd505b51f64c61671a', '', '000000057'),
('e95e4c29b45ef1e4c7417990d7857f0f', '', '000000057'),
('f03d583ed902831127eebf1851f20bec', '64', '000000058'),
('dab5430438601b42822189210e6f48da', '64', '000000058'),
('4031dd3daf382c24dccdd510d6ad0ce1', '8', '000000059'),
('a301d314b69945e0313f6db5245dc44c', '8', '000000059'),
('54a692139bd2a3170d0bcc23c2530d79', 'макро-объектив; автоматическая фокусировка; цифровой зум', '000000060'),
('721e434d35650a24a1248c0e4f5262ad', 'макро-объектив; автоматическая фокусировка; цифровой зум', '000000060'),
('a8be4e1a5a3dee7679b72e2c2a6e1a2e', 'Full HD 1080p; AAC; AMR; APE; FLAC; M4V; MKV; MP3; MP4; WAV; XviD; AVI; WMA; WAVE, FLAC; BMP; GIF; J', '000000061'),
('8684521e970bda745f439ddbd8c88cf6', 'Full HD 1080p; AAC; AMR; APE; FLAC; M4V; MKV; MP3; MP4; WAV; XviD; AVI; WMA; WAVE, FLAC; BMP; GIF; J', '000000061'),
('0680923bb7e1abefd7be4499e4c3de57', '1', '000000062'),
('5d708a03aba33d433027e65f15338da0', '1', '000000062'),
('133399ef70e8f78672b903be137bb1fa', 'автоматическая фокусировка; ночная  съемка', '000000063'),
('12d482687c34102953851ce309d7386b', 'автоматическая фокусировка; ночная  съемка', '000000063'),
('8820a6a8506a284e5bd553cbb7f4e3c4', '', '000000064'),
('46b2eeabe1462ea2caef896d4f92df69', '', '000000064'),
('1ed952ed070f4e5eba30241aa6fc0804', 'зарядное устройство; смартфон; документация; чехол; USB-кабель; адаптер; гарантийный талон', '000000065'),
('c548fc4bcdb69f2caa8f1600900495b4', 'зарядное устройство; смартфон; документация; чехол; USB-кабель; адаптер; гарантийный талон', '000000065'),
('f62579507486f08fadb3c8ff596223cd', 'IP67', '000000066'),
('78f5575e7705a7cb68eaf156d0d61ae7', 'IP67', '000000066'),
('f4ded64133c35ae31a4c01674ce87c63', 'Хрупкое', '000000067'),
('541257e1e65a67f521260f67424f788e', 'Хрупкое', '000000067'),
('22101037907ef9fd7bcb748c88e03c86', '1', '000000068'),
('3583cbb3abeef364c97fc0f7ff253ecc', '1', '000000068'),
('b4ad15fea8e4565146f8a1d6de08bbb2', '', '000000069'),
('a1a5848c6aa09a77aa9968b0cde9b190', '', '000000069'),
('34b31da90e436860747d90df5a703701', '75.7', '000000005'),
('f7b07168d09dbfca6ca8315bbcdc1901', '75.7', '000000005'),
('dccfd7f5c20b64e6fa7f9f8e13b5cf07', '8.3', '000000006'),
('f5ca7a044c4ed75f7bd06e4ca50ed1aa', '8.3', '000000006'),
('9396e28c14e3ee631bccfb2d8124ef0d', '150.9', '000000007'),
('d1ea7e7e169d2166f7720ef44e3bd9e2', '150.9', '000000007'),
('a748e28643c42362b575070546f1b5db', '194', '000000008'),
('e253c69cc478d9974392f63cd30635fc', '', '000000017'),
('5a8798b4da8153b36a0c0618b28d51dc', '000010', '000000003'),
('c799971a8463f85cb110f397b8d409f8', '#FFFFFF', '000000004'),
('328c570f63b389ff160000051959ac6d', '156', '000000001'),
('c352ecf5a7e42d24e67bed19e9c58fa0', '12', '000000027'),
('c71847ad821502d89207304fbb10710f', 'сканер отпечатка пальца; быстрая зарядка; технология распознавания лица', '000000028'),
('f31b496c89fa63dffdf9e6a5b06f3657', '', '000000032'),
('e41ec1f401d6035e32c8cf355f8cc280', '6.5', '000000029'),
('9f175aa136b8aeffe617130be6848019', '1', '000000038'),
('3858c0f8a1c393c2172eadbaffc1d764', '', '000000039'),
('388c6e65905f99df57c9a6176e3cb6d8', 'MediaTek Helio G35', '000000043'),
('9b97207b2ea95b0e682cebd58d230b0f', '8', '000000044'),
('71c84378b8eb17fc047afcf80491877f', '2000', '000000045');
INSERT INTO `characteristic_value` (`id`, `title`, `characteristic_id`) VALUES
('3b13ff40cac921fb8aa2219296d1a38e', '', '000000047'),
('9b67fee3f062169c9d471b9300237105', 'Wi-Fi; Bluetooth 5.1; IRDA;  USB;  NFC', '000000048'),
('89f0074e315704aaac3a973ac5210604', 'GSM 900/1800/1900; 3G; 4G; LTE; VoLTE', '000000049'),
('f86d121c7f0abc181742e772248f0c01', 'ГЛОНАСС; GPS; BeiDou; Galileo; GPS; AGPS', '000000050'),
('6d8c4d35e63c4d0206de6f825dd1e864', 'nano SIM', '000000052'),
('96d120dbd2eb86e1fd2f71c7f157d702', '', '000000053'),
('19d018cae932afa895a4d2ca5aa6f938', 'Li-polymer', '000000054'),
('3d7274dafbaef7a8f4944a9aa08afd18', '4500', '000000055'),
('c7ac9bc4f34d0df0f3993de801d3c65a', '', '000000057'),
('ef16e9d8f3b1b3f4049422aaf41842ac', '64', '000000058'),
('784779af366e7f96529605692402a283', '8', '000000059'),
('eb98934a8c7f5f50c20a300c8d973c74', 'макро-объектив; автоматическая фокусировка; цифровой зум', '000000060'),
('88b4d42f440238a70f5e79d55470c95f', 'Full HD 1080p; AAC; AMR; APE; FLAC; M4V; MKV; MP3; MP4; WAV; XviD; AVI; WMA; WAVE, FLAC; BMP; GIF; J', '000000061'),
('50b029e7f46f8afa3aa6dc58115c06c6', '1', '000000062'),
('54eb7151b0ea9c7523cb5a77867d43b6', 'автоматическая фокусировка; ночная  съемка', '000000063'),
('13d96f2d1171833f7cc7395a3d9e1d55', '', '000000064'),
('791c1044595129b3863c4de6bf04d377', 'зарядное устройство; смартфон; документация; чехол; USB-кабель; адаптер; гарантийный талон', '000000065'),
('0ebe71afda131c3563a5370af316044c', 'IP67', '000000066'),
('84d38ed711505f05d24fb20ce6ebaeff', 'Хрупкое', '000000067'),
('46eb4f09c27368acacdd1265696ebab6', '1', '000000068'),
('83fec824848889deccd3e183271fa04a', '', '000000069'),
('002647f359dbcb41a6cb4a9e8b1ebd06', '75.7', '000000005'),
('adc6fa0759f53e4aeb0bebea5a10b022', '8.3', '000000006'),
('522ba8f4d9a1b947d7f7c348705bd437', '150.9', '000000007'),
('cea5c41efc3099cbb4ad6e135bbe40af', '', '000000017'),
('42ad3073ad55eb2a2ebd66c2d0c95a85', '', '000000017'),
('5e83b9a7d75daf46d5d37f967bbf14db', '000010', '000000003'),
('64d7e26511ee5e231b723b0064784f4e', '000010', '000000003'),
('0a7080405d630b9c061255e2e779b34a', '#FFFFFF', '000000004'),
('1e30abc098e8f42876dfc8cc0951948f', '#FFFFFF', '000000004'),
('dc70c7fab5710c2e553b7afa21501c19', '156', '000000001'),
('ec516cbb8c147d613bdc6fbcb273c23a', '156', '000000001'),
('4491232549caae597cf6546216e434ed', '12', '000000027'),
('f7027842106afa7342bf26d95e09bb03', '12', '000000027'),
('acb3f298d65b80c385a1ead8db764f6a', 'сканер отпечатка пальца; быстрая зарядка; технология распознавания лица', '000000028'),
('2ff22bbfe6cefc2f41df8a23330e4eb5', 'сканер отпечатка пальца; быстрая зарядка; технология распознавания лица', '000000028'),
('ac8f648e19591e51c75d0536492866b5', '', '000000032'),
('68b09cb263b89ee859139d2aad4b30ff', '', '000000032'),
('122bdb2dbf2dcba9dec74c5a64398bb8', '6.5', '000000029'),
('e34154ac59db718655020a9ee5d13b07', '6.5', '000000029'),
('8142ee492a3c97a64c3cf89a731570e8', '1', '000000038'),
('4bed9d0b70545c265146e56dd05b2d0a', '1', '000000038'),
('e00249a6549bdc4b0121972d069857cc', '', '000000039'),
('01e88f9ec1d6cdd514fdb6b38e056c85', '', '000000039'),
('331f366992a016ccdda4a7c3ff44871b', 'MediaTek Helio G35', '000000043'),
('d6a268839fc4c67c62f3ed0b490b87fe', 'MediaTek Helio G35', '000000043'),
('03f25fc5161bd98d1be47b5105ab3e9c', '8', '000000044'),
('bfabd8a55879b2f42a9d74a5ce0e807d', '8', '000000044'),
('73e7554783330eaedb36bca87f853306', '2000', '000000045'),
('23d3d8e22155fd7efaee5de505e0f278', '2000', '000000045'),
('5bbfa9e7dff7201a91e698de15a0f5a6', '', '000000047'),
('3818cf35531acbb72308146945b71a41', '', '000000047'),
('850ad2cbf2fccc3ef17088f38e56be61', 'Wi-Fi; Bluetooth 5.1; IRDA;  USB;  NFC', '000000048'),
('6279d03ca02e7c4dc52aaca0648f479b', 'Wi-Fi; Bluetooth 5.1; IRDA;  USB;  NFC', '000000048'),
('56304df6f4c8b37ed60b405eec3d8fbf', 'GSM 900/1800/1900; 3G; 4G; LTE; VoLTE', '000000049'),
('c0f5eebcc0b1df1accc49f9a802bd60a', 'GSM 900/1800/1900; 3G; 4G; LTE; VoLTE', '000000049'),
('db85ecbcf78ce6c86a42f148a6e14743', 'ГЛОНАСС; GPS; BeiDou; Galileo; GPS; AGPS', '000000050'),
('840a0da9b19eadbb617595cdec8cb9df', 'ГЛОНАСС; GPS; BeiDou; Galileo; GPS; AGPS', '000000050'),
('df3aff97a13d35c5575ce74450018a6a', 'nano SIM', '000000052'),
('42b4ecdfd6b85271a65b9e7b60f88737', 'nano SIM', '000000052'),
('9e869c9b937a809b8e82078c8007637b', '', '000000053'),
('69dea28218907b2c875a9a81e33b375d', '', '000000053'),
('48837264b0f6cd9c1d7e2068a0f50df1', 'Li-polymer', '000000054'),
('5ed91d03c5bcc3717f2e52e546a873fa', 'Li-polymer', '000000054'),
('ed7533c4ac1b5cdacf1cdb5a44f3457a', '4500', '000000055'),
('fb63fe13eb9c4ff33058379a9b71f4c5', '4500', '000000055'),
('f3432583bc5ee4d1ed4abf6ee180f7ee', '', '000000057'),
('923a52f3fceaaba0d8fcabf53dfcda60', '', '000000057'),
('ac0d299a36df3e9c39a21cb215df1837', '64', '000000058'),
('ae8225b0e090da11aa9ced0db4147ba9', '64', '000000058'),
('8f0ab61241ecedc62295cccd136dd298', '8', '000000059'),
('125cc6e8faf8ca4a3e7421cf8bb1af7c', '8', '000000059'),
('6e2d096bb4611974e8ee4c3a00c4bd21', 'макро-объектив; автоматическая фокусировка; цифровой зум', '000000060'),
('46fc3671a9d189085b3f360cd5ce3c7b', 'макро-объектив; автоматическая фокусировка; цифровой зум', '000000060'),
('c06adf3cd6d895a16bc59abf7f21aa9f', 'Full HD 1080p; AAC; AMR; APE; FLAC; M4V; MKV; MP3; MP4; WAV; XviD; AVI; WMA; WAVE, FLAC; BMP; GIF; J', '000000061'),
('617b8279b428d9eebd29dd758363a4d6', 'Full HD 1080p; AAC; AMR; APE; FLAC; M4V; MKV; MP3; MP4; WAV; XviD; AVI; WMA; WAVE, FLAC; BMP; GIF; J', '000000061'),
('85b1c8712cb46d96005b09d56a6e1005', '1', '000000062'),
('bfcf122cb59bf7a0d30942677a5e81b4', '1', '000000062'),
('36f6d1ef2d0239d7b732d2624428466a', 'автоматическая фокусировка; ночная  съемка', '000000063'),
('1f317d5dbfc257a284ea7b43fe8cc8bf', 'автоматическая фокусировка; ночная  съемка', '000000063'),
('9282f45b83b58c8c95ac4a3b17c8d194', '', '000000064'),
('482977a75f3ab448baf4acb0daa5e7f3', '', '000000064'),
('cbc5658eec5229626095b93c56a87f5c', 'зарядное устройство; смартфон; документация; чехол; USB-кабель; адаптер; гарантийный талон', '000000065'),
('e64c47e484d267066f1cc66cb0ac6415', 'зарядное устройство; смартфон; документация; чехол; USB-кабель; адаптер; гарантийный талон', '000000065'),
('9ffe0f4fc8ef85bb94ee1c9a44822387', '194', '000000008'),
('e0b3e7a401eee53b476eb2a04c72a909', '194', '000000008'),
('efb7666c457a9276060adaf2fa7568fa', 'IP67', '000000066'),
('e69aff2bd74c33ccc89a0062e4ad02db', 'IP67', '000000066'),
('f5108a8c0d261c43e7080d37e2b124d4', 'Хрупкое', '000000067'),
('35ad98faea3642e25c1c3db45d6915e9', 'Хрупкое', '000000067'),
('edec6ba5410d810d581622282cc47816', '1', '000000068'),
('68a4a9998e0b1923975118071bfacf27', '1', '000000068'),
('8d8a4b4c0c5fa50e474834fe6adafea4', '', '000000069'),
('e5a4446cbe301861991ea0a9d0aa476c', '', '000000069'),
('862bd5f171db1c078387f8c689b70ddf', '75.7', '000000005'),
('ad50565dd90eefc4f50a96f5f865aa89', '75.7', '000000005'),
('995b99b070d2d199de56dcfa6f6ea114', '8.3', '000000006'),
('beeffa2c7f7c80440a2b3e1c71241ae3', '8.3', '000000006'),
('50dc3a70adc12afab8c4e77fca6dcd6d', '150.9', '000000007'),
('a79473b590980d3e82835841bb8f562d', '150.9', '000000007'),
('037556e6cf224ea06ca272fc6116099a', '', '000000017'),
('82b9956b69dcb73977f04a81521bf16b', '000010', '000000003'),
('c287583c5b08a1fb8d5e26708347d500', '#FFFFFF', '000000004'),
('19fcb0b240978e852732668cce28d024', '156', '000000001'),
('23334411b4bfd31032f3f3ef27c59e14', '12', '000000027'),
('e5d74e76a0ab97d632a771cb7fdb21d7', 'сканер отпечатка пальца; быстрая зарядка; технология распознавания лица', '000000028'),
('6dd40ce2034e40ba1ae1197dc9db7c60', '', '000000032'),
('d8eaa63d24fd0b89323950164409a3d1', '6.5', '000000029'),
('65d1ebe301dab77a3573ef9c03d41dc3', '1', '000000038'),
('e6531e11ecd5a1ae8951af1fc633c728', '', '000000039'),
('7d01c49738101caf6e241e8bb0a91c0e', 'MediaTek Helio G35', '000000043'),
('bc65a3627a14c0d677993a6c6c36e949', '8', '000000044'),
('67b699a8cc4af059065deb080729c801', '2000', '000000045'),
('10461b193fa0ee4875d9c37d8f081349', '', '000000047'),
('666ba27afde72bfb56f52047a9759b85', 'Wi-Fi; Bluetooth 5.1; IRDA;  USB;  NFC', '000000048'),
('06a52b4032024177b2469319fb620f64', 'GSM 900/1800/1900; 3G; 4G; LTE; VoLTE', '000000049'),
('b549633e7b8db254755b1c8a1f9b44b5', 'ГЛОНАСС; GPS; BeiDou; Galileo; GPS; AGPS', '000000050'),
('14e56e4097d5d9d223c32a5e6627939f', 'nano SIM', '000000052'),
('a50bb288ea85d737532258a551da03cf', '', '000000053'),
('cb7c9380b2e5e006b389be21fc38c5c2', 'Li-polymer', '000000054'),
('e7267a45135667023d20a9626ddb2d65', '4500', '000000055'),
('bb46beb2c5e1583d7ceab5b11c1b3a34', '', '000000057'),
('3d4826bb02fc68249dfae4aed37772ab', '64', '000000058'),
('ba1fcc4ee475502c746a3a56daf755ac', '8', '000000059'),
('eda32fe9fa60d7444c812be02a2e6603', 'макро-объектив; автоматическая фокусировка; цифровой зум', '000000060'),
('c4093d742fb63676cd9d50f495fa69f6', 'Full HD 1080p; AAC; AMR; APE; FLAC; M4V; MKV; MP3; MP4; WAV; XviD; AVI; WMA; WAVE, FLAC; BMP; GIF; J', '000000061'),
('5bcf143ab585b112ef5fa381f9279347', '1', '000000062'),
('d9ac3ab58c05477863f4961491bd0c2c', 'автоматическая фокусировка; ночная  съемка', '000000063'),
('e1b71994b61ad803471a9906ef99eecd', '', '000000064'),
('0272f1cf8aff5414e8509e8869e35400', 'зарядное устройство; смартфон; документация; чехол; USB-кабель; адаптер; гарантийный талон', '000000065'),
('ca737f45102664df2357fed6e6c14407', '194', '000000008'),
('e67fc3e3d7bd41140286f4146cc7c842', 'IP67', '000000066'),
('4c13106a50f4e476f0123fd6c6c346e1', 'Хрупкое', '000000067'),
('dbe66bb1bb108ef86e4ea75aaddbf934', '1', '000000068'),
('e178cab9f90d57aeb7081a0708e40c58', '', '000000069'),
('cd6a96b6427180f970d8f2f83c497384', '75.7', '000000005'),
('12d1ca111e45af45b2697a4f99b06e05', '8.3', '000000006'),
('7de0289c38cb100671a068f786268e12', '150.9', '000000007');

-- --------------------------------------------------------

--
-- Table structure for table `characteristic_value2`
--

DROP TABLE IF EXISTS `characteristic_value2`;
CREATE TABLE `characteristic_value2` (
  `id` varchar(32) CHARACTER SET utf8 COLLATE utf8_unicode_ci NOT NULL DEFAULT '',
  `title` varchar(255) CHARACTER SET utf8 COLLATE utf8_unicode_ci NOT NULL DEFAULT '',
  `characteristic_id` varchar(9) CHARACTER SET utf8 COLLATE utf8_unicode_ci NOT NULL DEFAULT ''
) ENGINE=MyISAM DEFAULT CHARSET=utf8 COLLATE=utf8_unicode_ci;

-- --------------------------------------------------------

--
-- Table structure for table `country`
--

DROP TABLE IF EXISTS `country`;
CREATE TABLE `country` (
  `id` varchar(5) COLLATE utf8_unicode_ci NOT NULL,
  `title` tinytext CHARACTER SET utf8 COLLATE utf8_unicode_ci NOT NULL,
  `code` tinytext CHARACTER SET utf8 COLLATE utf8_unicode_ci NOT NULL
) ENGINE=MyISAM DEFAULT CHARSET=utf8 COLLATE=utf8_unicode_ci;

--
-- Dumping data for table `country`
--

INSERT INTO `country` (`id`, `title`, `code`) VALUES
('895', 'АБХАЗИЯ', 'AB'),
('036', 'АВСТРАЛИЯ', 'AU'),
('040', 'АВСТРИЯ', 'AT'),
('031', 'АЗЕРБАЙДЖАН', 'AZ'),
('008', 'АЛБАНИЯ', 'AL'),
('012', 'АЛЖИР', 'DZ'),
('016', 'АМЕРИКАНСКОЕ САМОА', 'AS'),
('660', 'АНГИЛЬЯ', 'AI'),
('024', 'АНГОЛА', 'AO'),
('020', 'АНДОРРА', 'AD'),
('010', 'АНТАРКТИДА', 'AQ'),
('028', 'АНТИГУА И БАРБУДА', 'AG'),
('032', 'АРГЕНТИНА', 'AR'),
('051', 'АРМЕНИЯ', 'AM'),
('533', 'АРУБА', 'AW'),
('004', 'АФГАНИСТАН', 'AF'),
('044', 'БАГАМЫ', 'BS'),
('050', 'БАНГЛАДЕШ', 'BD'),
('052', 'БАРБАДОС', 'BB'),
('048', 'БАХРЕЙН', 'BH'),
('112', 'БЕЛАРУСЬ', 'BY'),
('084', 'БЕЛИЗ', 'BZ'),
('056', 'БЕЛЬГИЯ', 'BE'),
('204', 'БЕНИН', 'BJ'),
('060', 'БЕРМУДЫ', 'BM'),
('100', 'БОЛГАРИЯ', 'BG'),
('068', 'БОЛИВИЯ, МНОГОНАЦИОНАЛЬНОЕ ГОСУДАРСТВО', 'BO'),
('535', 'БОНЭЙР, СИНТ-ЭСТАТИУС И САБА', 'BQ'),
('070', 'БОСНИЯ И ГЕРЦЕГОВИНА', 'BA'),
('072', 'БОТСВАНА', 'BW'),
('076', 'БРАЗИЛИЯ', 'BR'),
('086', 'БРИТАНСКАЯ ТЕРРИТОРИЯ В ИНДИЙСКОМ ОКЕАНЕ', 'IO'),
('096', 'БРУНЕЙ-ДАРУССАЛАМ', 'BN'),
('854', 'БУРКИНА-ФАСО', 'BF'),
('108', 'БУРУНДИ', 'BI'),
('064', 'БУТАН', 'BT'),
('548', 'ВАНУАТУ', 'VU'),
('348', 'ВЕНГРИЯ', 'HU'),
('862', 'ВЕНЕСУЭЛА БОЛИВАРИАНСКАЯ РЕСПУБЛИКА', 'VE'),
('092', 'ВИРГИНСКИЕ ОСТРОВА, БРИТАНСКИЕ', 'VG'),
('850', 'ВИРГИНСКИЕ ОСТРОВА, США', 'VI'),
('626', 'ТИМОР-ЛЕСТЕ', 'TL'),
('704', 'ВЬЕТНАМ', 'VN'),
('266', 'ГАБОН', 'GA'),
('332', 'ГАИТИ', 'HT'),
('328', 'ГАЙАНА', 'GY'),
('270', 'ГАМБИЯ', 'GM'),
('288', 'ГАНА', 'GH'),
('312', 'ГВАДЕЛУПА', 'GP'),
('320', 'ГВАТЕМАЛА', 'GT'),
('324', 'ГВИНЕЯ', 'GN'),
('624', 'ГВИНЕЯ-БИСАУ', 'GW'),
('276', 'ГЕРМАНИЯ', 'DE'),
('831', 'ГЕРНСИ', 'GG'),
('292', 'ГИБРАЛТАР', 'GI'),
('340', 'ГОНДУРАС', 'HN'),
('344', 'ГОНКОНГ', 'HK'),
('308', 'ГРЕНАДА', 'GD'),
('304', 'ГРЕНЛАНДИЯ', 'GL'),
('300', 'ГРЕЦИЯ', 'GR'),
('268', 'ГРУЗИЯ', 'GE'),
('316', 'ГУАМ', 'GU'),
('208', 'ДАНИЯ', 'DK'),
('832', 'ДЖЕРСИ', 'JE'),
('262', 'ДЖИБУТИ', 'DJ'),
('212', 'ДОМИНИКА', 'DM'),
('214', 'ДОМИНИКАНСКАЯ РЕСПУБЛИКА', 'DO'),
('818', 'ЕГИПЕТ', 'EG'),
('894', 'ЗАМБИЯ', 'ZM'),
('732', 'ЗАПАДНАЯ САХАРА', 'EH'),
('716', 'ЗИМБАБВЕ', 'ZW'),
('376', 'ИЗРАИЛЬ', 'IL'),
('356', 'ИНДИЯ', 'IN'),
('360', 'ИНДОНЕЗИЯ', 'ID'),
('400', 'ИОРДАНИЯ', 'JO'),
('368', 'ИРАК', 'IQ'),
('364', 'ИРАН, ИСЛАМСКАЯ РЕСПУБЛИКА', 'IR'),
('372', 'ИРЛАНДИЯ', 'IE'),
('352', 'ИСЛАНДИЯ', 'IS'),
('724', 'ИСПАНИЯ', 'ES'),
('380', 'ИТАЛИЯ', 'IT'),
('887', 'ЙЕМЕН', 'YE'),
('132', 'КАБО-ВЕРДЕ', 'CV'),
('398', 'КАЗАХСТАН', 'KZ'),
('116', 'КАМБОДЖА', 'KH'),
('120', 'КАМЕРУН', 'CM'),
('124', 'КАНАДА', 'CA'),
('634', 'КАТАР', 'QA'),
('404', 'КЕНИЯ', 'KE'),
('196', 'КИПР', 'CY'),
('417', 'КИРГИЗИЯ', 'KG'),
('296', 'КИРИБАТИ', 'KI'),
('156', 'КИТАЙ', 'CN'),
('166', 'КОКОСОВЫЕ (КИЛИНГ) ОСТРОВА', 'CC'),
('170', 'КОЛУМБИЯ', 'CO'),
('174', 'КОМОРЫ', 'KM'),
('178', 'КОНГО', 'CG'),
('180', 'КОНГО, ДЕМОКРАТИЧЕСКАЯ РЕСПУБЛИКА', 'CD'),
('408', 'КОРЕЯ, НАРОДНО-ДЕМОКРАТИЧЕСКАЯ РЕСПУБЛИКА', 'KP'),
('410', 'КОРЕЯ, РЕСПУБЛИКА', 'KR'),
('188', 'КОСТА-РИКА', 'CR'),
('384', 'КОТ Д\'ИВУАР', 'CI'),
('192', 'КУБА', 'CU'),
('414', 'КУВЕЙТ', 'KW'),
('531', 'КЮРАСАО', 'CW'),
('418', 'ЛАОССКАЯ НАРОДНО-ДЕМОКРАТИЧЕСКАЯ РЕСПУБЛИКА', 'LA'),
('428', 'ЛАТВИЯ', 'LV'),
('426', 'ЛЕСОТО', 'LS'),
('430', 'ЛИБЕРИЯ', 'LR'),
('422', 'ЛИВАН', 'LB'),
('434', 'ЛИВИЯ', 'LY'),
('440', 'ЛИТВА', 'LT'),
('438', 'ЛИХТЕНШТЕЙН', 'LI'),
('442', 'ЛЮКСЕМБУРГ', 'LU'),
('480', 'МАВРИКИЙ', 'MU'),
('478', 'МАВРИТАНИЯ', 'MR'),
('450', 'МАДАГАСКАР', 'MG'),
('175', 'МАЙОТТА', 'YT'),
('446', 'МАКАО', 'MO'),
('807', 'СЕВЕРНАЯ МАКЕДОНИЯ', 'MK'),
('454', 'МАЛАВИ', 'MW'),
('458', 'МАЛАЙЗИЯ', 'MY'),
('466', 'МАЛИ', 'ML'),
('581', 'МАЛЫЕ ТИХООКЕАНСКИЕ ОТДАЛЕННЫЕ ОСТРОВА СОЕДИНЕННЫХ ШТАТОВ', 'UM'),
('462', 'МАЛЬДИВЫ', 'MV'),
('470', 'МАЛЬТА', 'MT'),
('504', 'МАРОККО', 'MA'),
('474', 'МАРТИНИКА', 'MQ'),
('584', 'МАРШАЛЛОВЫ ОСТРОВА', 'MH'),
('484', 'МЕКСИКА', 'MX'),
('583', 'МИКРОНЕЗИЯ, ФЕДЕРАТИВНЫЕ ШТАТЫ', 'FM'),
('508', 'МОЗАМБИК', 'MZ'),
('498', 'МОЛДОВА, РЕСПУБЛИКА', 'MD'),
('492', 'МОНАКО', 'MC'),
('496', 'МОНГОЛИЯ', 'MN'),
('500', 'МОНТСЕРРАТ', 'MS'),
('104', 'МЬЯНМА', 'MM'),
('516', 'НАМИБИЯ', 'NA'),
('520', 'НАУРУ', 'NR'),
('524', 'НЕПАЛ', 'NP'),
('562', 'НИГЕР', 'NE'),
('566', 'НИГЕРИЯ', 'NG'),
('528', 'НИДЕРЛАНДЫ', 'NL'),
('558', 'НИКАРАГУА', 'NI'),
('570', 'НИУЭ', 'NU'),
('554', 'НОВАЯ ЗЕЛАНДИЯ', 'NZ'),
('540', 'НОВАЯ КАЛЕДОНИЯ', 'NC'),
('578', 'НОРВЕГИЯ', 'NO'),
('784', 'ОБЪЕДИНЕННЫЕ АРАБСКИЕ ЭМИРАТЫ', 'AE'),
('512', 'ОМАН', 'OM'),
('136', 'ОСТРОВА КАЙМАН', 'KY'),
('184', 'ОСТРОВА КУКА', 'CK'),
('796', 'ОСТРОВА ТЕРКС И КАЙКОС', 'TC'),
('074', 'ОСТРОВ БУВЕ', 'BV'),
('833', 'ОСТРОВ МЭН', 'IM'),
('574', 'ОСТРОВ НОРФОЛК', 'NF'),
('162', 'ОСТРОВ РОЖДЕСТВА', 'CX'),
('334', 'ОСТРОВ ХЕРД И ОСТРОВА МАКДОНАЛЬД', 'HM'),
('586', 'ПАКИСТАН', 'PK'),
('585', 'ПАЛАУ', 'PW'),
('275', 'ПАЛЕСТИНА, ГОСУДАРСТВО', 'PS'),
('591', 'ПАНАМА', 'PA'),
('336', 'ПАПСКИЙ ПРЕСТОЛ (ГОСУДАРСТВО - ГОРОД ВАТИКАН)', 'VA'),
('598', 'ПАПУА НОВАЯ ГВИНЕЯ', 'PG'),
('600', 'ПАРАГВАЙ', 'PY'),
('604', 'ПЕРУ', 'PE'),
('612', 'ПИТКЕРН', 'PN'),
('616', 'ПОЛЬША', 'PL'),
('620', 'ПОРТУГАЛИЯ', 'PT'),
('630', 'ПУЭРТО-РИКО', 'PR'),
('638', 'РЕЮНЬОН', 'RE'),
('643', 'РОССИЯ', 'RU'),
('646', 'РУАНДА', 'RW'),
('642', 'РУМЫНИЯ', 'RO'),
('882', 'САМОА', 'WS'),
('674', 'САН-МАРИНО', 'SM'),
('678', 'САН-ТОМЕ И ПРИНСИПИ', 'ST'),
('682', 'САУДОВСКАЯ АРАВИЯ', 'SA'),
('748', 'ЭСВАТИНИ', 'SZ'),
('654', 'СВЯТАЯ ЕЛЕНА, ОСТРОВ ВОЗНЕСЕНИЯ, ТРИСТАН-ДА-КУНЬЯ', 'SH'),
('580', 'СЕВЕРНЫЕ МАРИАНСКИЕ ОСТРОВА', 'MP'),
('690', 'СЕЙШЕЛЫ', 'SC'),
('652', 'СЕН-БАРТЕЛЕМИ', 'BL'),
('663', 'СЕН-МАРТЕН', 'MF'),
('534', 'СЕН-МАРТЕН (нидерландская часть)', 'SX'),
('686', 'СЕНЕГАЛ', 'SN'),
('670', 'СЕНТ-ВИНСЕНТ И ГРЕНАДИНЫ', 'VC'),
('659', 'СЕНТ-КИТС И НЕВИС', 'KN'),
('662', 'СЕНТ-ЛЮСИЯ', 'LC'),
('666', 'СЕНТ-ПЬЕР И МИКЕЛОН', 'PM'),
('688', 'СЕРБИЯ', 'RS'),
('702', 'СИНГАПУР', 'SG'),
('760', 'СИРИЙСКАЯ АРАБСКАЯ РЕСПУБЛИКА', 'SY'),
('703', 'СЛОВАКИЯ', 'SK'),
('705', 'СЛОВЕНИЯ', 'SI'),
('826', 'СОЕДИНЕННОЕ КОРОЛЕВСТВО', 'GB'),
('840', 'СОЕДИНЕННЫЕ ШТАТЫ', 'US'),
('090', 'СОЛОМОНОВЫ ОСТРОВА', 'SB'),
('706', 'СОМАЛИ', 'SO'),
('729', 'СУДАН', 'SD'),
('740', 'СУРИНАМ', 'SR'),
('694', 'СЬЕРРА-ЛЕОНЕ', 'SL'),
('762', 'ТАДЖИКИСТАН', 'TJ'),
('764', 'ТАИЛАНД', 'TH'),
('158', 'ТАЙВАНЬ (КИТАЙ)', 'TW'),
('834', 'ТАНЗАНИЯ, ОБЪЕДИНЕННАЯ РЕСПУБЛИКА', 'TZ'),
('768', 'ТОГО', 'TG'),
('772', 'ТОКЕЛАУ', 'TK'),
('776', 'ТОНГА', 'TO'),
('780', 'ТРИНИДАД И ТОБАГО', 'TT'),
('798', 'ТУВАЛУ', 'TV'),
('788', 'ТУНИС', 'TN'),
('795', 'ТУРКМЕНИЯ', 'TM'),
('792', 'ТУРЦИЯ', 'TR'),
('800', 'УГАНДА', 'UG'),
('860', 'УЗБЕКИСТАН', 'UZ'),
('804', 'УКРАИНА', 'UA'),
('876', 'УОЛЛИС И ФУТУНА', 'WF'),
('858', 'УРУГВАЙ', 'UY'),
('234', 'ФАРЕРСКИЕ ОСТРОВА', 'FO'),
('242', 'ФИДЖИ', 'FJ'),
('608', 'ФИЛИППИНЫ', 'PH'),
('246', 'ФИНЛЯНДИЯ', 'FI'),
('238', 'ФОЛКЛЕНДСКИЕ ОСТРОВА (МАЛЬВИНСКИЕ)', 'FK'),
('250', 'ФРАНЦИЯ', 'FR'),
('254', 'ФРАНЦУЗСКАЯ ГВИАНА', 'GF'),
('258', 'ФРАНЦУЗСКАЯ ПОЛИНЕЗИЯ', 'PF'),
('260', 'ФРАНЦУЗСКИЕ ЮЖНЫЕ ТЕРРИТОРИИ', 'TF'),
('191', 'ХОРВАТИЯ', 'HR'),
('140', 'ЦЕНТРАЛЬНО-АФРИКАНСКАЯ РЕСПУБЛИКА', 'CF'),
('148', 'ЧАД', 'TD'),
('499', 'ЧЕРНОГОРИЯ', 'ME'),
('203', 'ЧЕХИЯ', 'CZ'),
('152', 'ЧИЛИ', 'CL'),
('756', 'ШВЕЙЦАРИЯ', 'CH'),
('752', 'ШВЕЦИЯ', 'SE'),
('744', 'ШПИЦБЕРГЕН И ЯН МАЙЕН', 'SJ'),
('144', 'ШРИ-ЛАНКА', 'LK'),
('218', 'ЭКВАДОР', 'EC'),
('226', 'ЭКВАТОРИАЛЬНАЯ ГВИНЕЯ', 'GQ'),
('248', 'ЭЛАНДСКИЕ ОСТРОВА', 'АХ'),
('222', 'ЭЛЬ-САЛЬВАДОР', 'SV'),
('232', 'ЭРИТРЕЯ', 'ER'),
('233', 'ЭСТОНИЯ', 'EE'),
('231', 'ЭФИОПИЯ', 'ET'),
('710', 'ЮЖНАЯ АФРИКА', 'ZA'),
('239', 'ЮЖНАЯ ДЖОРДЖИЯ И ЮЖНЫЕ САНДВИЧЕВЫ ОСТРОВА', 'GS'),
('896', 'ЮЖНАЯ ОСЕТИЯ', 'OS'),
('728', 'ЮЖНЫЙ СУДАН', 'SS'),
('388', 'ЯМАЙКА', 'JM'),
('392', 'ЯПОНИЯ', 'JP');

-- --------------------------------------------------------

--
-- Table structure for table `customer`
--

DROP TABLE IF EXISTS `customer`;
CREATE TABLE `customer` (
  `id` int NOT NULL,
  `name` tinytext CHARACTER SET utf8 COLLATE utf8_unicode_ci NOT NULL,
  `phone` int NOT NULL,
  `email` tinytext CHARACTER SET utf8 COLLATE utf8_unicode_ci NOT NULL,
  `password` tinytext CHARACTER SET utf8 COLLATE utf8_unicode_ci NOT NULL
) ENGINE=MyISAM DEFAULT CHARSET=utf8 COLLATE=utf8_unicode_ci;

-- --------------------------------------------------------

--
-- Stand-in structure for view `filtered_product`
-- (See below for the actual view)
--
DROP VIEW IF EXISTS `filtered_product`;
CREATE TABLE `filtered_product` (
`id` varchar(9)
,`param_value_list` text
,`param_variable_list` text
,`price` int
,`product_id` varchar(12)
,`product_title` text
,`provider_id` varchar(6)
,`rest` int
,`title` text
);

-- --------------------------------------------------------

--
-- Table structure for table `param_title`
--

DROP TABLE IF EXISTS `param_title`;
CREATE TABLE `param_title` (
  `id` int NOT NULL,
  `title` tinytext CHARACTER SET utf8 COLLATE utf8_unicode_ci NOT NULL,
  `sort_order` int NOT NULL DEFAULT '0',
  `filter` int NOT NULL DEFAULT '0',
  `category_id` int NOT NULL,
  `type` tinyint NOT NULL DEFAULT '1'
) ENGINE=MyISAM DEFAULT CHARSET=utf8 COLLATE=utf8_unicode_ci;

-- --------------------------------------------------------

--
-- Table structure for table `param_value`
--

DROP TABLE IF EXISTS `param_value`;
CREATE TABLE `param_value` (
  `id` int NOT NULL,
  `parent_id` int NOT NULL,
  `type` int NOT NULL DEFAULT '0',
  `sort_order` int NOT NULL DEFAULT '0',
  `value` text CHARACTER SET utf8 COLLATE utf8_unicode_ci NOT NULL
) ENGINE=MyISAM DEFAULT CHARSET=utf8 COLLATE=utf8_unicode_ci;

-- --------------------------------------------------------

--
-- Table structure for table `post`
--

DROP TABLE IF EXISTS `post`;
CREATE TABLE `post` (
  `id` varchar(255) CHARACTER SET utf8 COLLATE utf8_unicode_ci DEFAULT NULL,
  `email` varchar(255) CHARACTER SET utf8 COLLATE utf8_unicode_ci DEFAULT NULL,
  `blog` varchar(255) CHARACTER SET utf8 COLLATE utf8_unicode_ci DEFAULT NULL
) ENGINE=MyISAM DEFAULT CHARSET=utf8 COLLATE=utf8_unicode_ci;

--
-- Dumping data for table `post`
--

INSERT INTO `post` (`id`, `email`, `blog`) VALUES
('001', 'asdf@b.com', 'blog 1'),
('002', 'aaa@bbb.com', 'blog2'),
('003', 'a@c.com', 'blog 3');

-- --------------------------------------------------------

--
-- Table structure for table `predef_char_value`
--

DROP TABLE IF EXISTS `predef_char_value`;
CREATE TABLE `predef_char_value` (
  `id` varchar(9) CHARACTER SET utf8 COLLATE utf8_unicode_ci NOT NULL DEFAULT '',
  `title` varchar(255) CHARACTER SET utf8 COLLATE utf8_unicode_ci NOT NULL DEFAULT '',
  `characteristic_id` varchar(9) CHARACTER SET utf8 COLLATE utf8_unicode_ci NOT NULL DEFAULT ''
) ENGINE=MyISAM DEFAULT CHARSET=utf8 COLLATE=utf8_unicode_ci;

--
-- Dumping data for table `predef_char_value`
--

INSERT INTO `predef_char_value` (`id`, `title`, `characteristic_id`) VALUES
('000000002', 'Беспроводной', '000000001'),
('000000001', 'Проводной', '000000001'),
('000000004', '16 ГБ', '000000007'),
('000000005', '32 ГБ', '000000007'),
('000000003', '8 ГБ', '000000007'),
('000000007', '128 ГБ', '000000008'),
('000000008', '256 ГБ', '000000008'),
('000000009', '512 ГБ', '000000008'),
('000000006', '64 ГБ', '000000008');

-- --------------------------------------------------------

--
-- Table structure for table `price`
--

DROP TABLE IF EXISTS `price`;
CREATE TABLE `price` (
  `product_id` varchar(12) CHARACTER SET utf8 COLLATE utf8_unicode_ci NOT NULL,
  `reserve` int NOT NULL,
  `store_id` varchar(9) CHARACTER SET utf8 COLLATE utf8_unicode_ci NOT NULL,
  `unit` tinytext CHARACTER SET utf8 COLLATE utf8_unicode_ci NOT NULL,
  `price` int NOT NULL,
  `old_price` int NOT NULL DEFAULT '0',
  `provider_id` varchar(6) CHARACTER SET utf8 COLLATE utf8_unicode_ci NOT NULL
) ENGINE=MyISAM DEFAULT CHARSET=utf8 COLLATE=utf8_unicode_ci;

--
-- Dumping data for table `price`
--

INSERT INTO `price` (`product_id`, `reserve`, `store_id`, `unit`, `price`, `old_price`, `provider_id`) VALUES
('000000000006', 0, '', '', 8300, 0, '00003'),
('000000000005', 0, '', '', 7800, 0, '00003'),
('000000000004', 0, '', '', 7400, 6500, '00003'),
('000000000002', 0, '', '', 800000, 470100, '00003'),
('000000000001', 0, '', '', 580000, 0, '00003'),
('000000000003', 0, '', '', 5699000, 0, '00004'),
('000000000007', 0, '', '', 5400000, 0, '00005'),
('000000000009', 0, '', '', 5100000, 0, '00005'),
('000000000010', 0, '', '', 4500000, 0, '00005'),
('000000000012', 0, '', '', 1500000, 0, '00005'),
('000000000013', 0, '', '', 1600000, 0, '00005'),
('000000000014', 0, '', '', 2000000, 0, '00005'),
('000000000015', 0, '', '', 2200000, 0, '00005'),
('000000000011', 0, '', '', 1250000, 0, '00005'),
('000000000008', 0, '', '', 4730000, 0, '00005');

-- --------------------------------------------------------

--
-- Table structure for table `product`
--

DROP TABLE IF EXISTS `product`;
CREATE TABLE `product` (
  `id` varchar(12) CHARACTER SET utf8 COLLATE utf8_unicode_ci NOT NULL,
  `provider_id` varchar(6) CHARACTER SET utf8 COLLATE utf8_unicode_ci NOT NULL,
  `category_id` varchar(9) CHARACTER SET utf8 COLLATE utf8_unicode_ci NOT NULL,
  `title` text CHARACTER SET utf8 COLLATE utf8_unicode_ci NOT NULL,
  `description` text CHARACTER SET utf8 COLLATE utf8_unicode_ci NOT NULL,
  `vendor_code` varchar(100) CHARACTER SET utf8 COLLATE utf8_unicode_ci NOT NULL,
  `param_value_list` text CHARACTER SET utf8 COLLATE utf8_unicode_ci NOT NULL,
  `param_variable_list` text CHARACTER SET utf8 COLLATE utf8_unicode_ci NOT NULL,
  `brand_id` varchar(8) CHARACTER SET utf8 COLLATE utf8_unicode_ci NOT NULL
) ENGINE=MyISAM DEFAULT CHARSET=utf8 COLLATE=utf8_unicode_ci;

--
-- Dumping data for table `product`
--

INSERT INTO `product` (`id`, `provider_id`, `category_id`, `title`, `description`, `vendor_code`, `param_value_list`, `param_variable_list`, `brand_id`) VALUES
('000000000016', '00001', '000000011', 'тестовый товар', '', '987987', '501cf7688a840920d8f17c945988b498', '[{\"id\":\"000000070\",\"is_title\":true,\"value\":\"\"}]', '000002'),
('000000000001', '00003', '000000006', 'Смартфон vivo Y31, голубой океан', '', 'PL_08/17', '6.76,c31b9bab3a12eab5160e61c79b94f258,df56e8f7c40c1bd0ccbe66f770b74c90,ef1ce71aba399243252ed6dea111b542,d4a56f88fdd0597e2f05c9cb211e21a5,f61cad21b789c1b231878d739935003c,7885c0257c425a8bc9fd508b54f65e17,388dbb65cb9b3b5a66d871eb8d4f8707,576c1f9e54b6bd221467bcf5bf199e3d,b5f1ef8196931906fc05f45a24b6577d,6db0721c1301827e350d9f6d643bed3f,955aa2c41f191ee7d70680256a3043ff,a827cfa0d99140fcae7db647e7f02210,9e51af3914e103b478df332828ff642d,badf46f01fd12984d6aba00e77b7a6f2,743361f29a37388adeebdb1ebe81ed41,8387e24cde81cec95b013bdb58eaac37,da2247d12ed7f9720ed73c2c45b829ae,57937afb35c0823d85dc4637deeb2283,4a439e0006d227b9063210c60ab4d5e9,0c6fbe285bb5fdad9b997a68b84e70b3,6a84e2d56b9228aede5123b14e7e89e0,6222e686dd08d729707d546021ddeffa,75882b60e253828e99109bf822677d9b,e291e6f32c9d5066e956e33a8b0bbfcd,b39b5ead1484371427254f72d145cb4b,2f1ff9907fd9328724c5e91d8e575349,2dabe8d51013af4d7b5d2ee26a09bf9b,85498582be99496b58bd920134383281,b486455d6e3d13342abc7cd6a8593527,ef64914cb744bfd59db3ffcb1fbbaac8,b53a05dd9ad79ce7f92bb4051732ac60,9e10f97f445d7e0c67c50efe138c76eb,a3ded6de5bf29b5b423c966ff7d78232,6771e8171c59a79eb0a0387f6e9ecfb6,202446ef90e5c9f954ad5089b47772ab,58a3c7d87d15cc57a520b8b9c75d2626,a13876ee3f5df7795ec0d5e6b462236c,776263d1629c6c48af995d28ca3e1e33,f7afbd2c195b94313be32b17e8655d28,d394046c0f4a886372922da22c61f111,5120600c19ea6762f2497bbbde502dda,6068911b5a1bda765dab78dc3a815b4a,41b5315dfde5ac98692e08aea17838e9,863c87f8c3cd177dfd14a74b6a9e1ae2,9b8fc848ac80d9fef51e45d288ae2dca,6e3aa09512151fbe771f92260e277768,1cf1da92e93312afac2c2c263e5eebf1', '[{\"id\":\"000000008\",\"is_title\":false,\"value\":\"\"},{\"id\":\"000000017\",\"is_title\":true,\"value\":\"\"},{\"id\":\"000000014\",\"is_title\":false,\"value\":\"\"},{\"id\":\"000000003\",\"is_title\":false,\"value\":\"\"},{\"id\":\"000000025\",\"is_title\":false,\"value\":\"\"},{\"id\":\"000000004\",\"is_title\":false,\"value\":\"\"},{\"id\":\"000000001\",\"is_title\":false,\"value\":\"\"},{\"id\":\"000000027\",\"is_title\":false,\"value\":\"\"},{\"id\":\"000000028\",\"is_title\":false,\"value\":\"\"},{\"id\":\"000000029\",\"is_title\":false,\"value\":\"\"},{\"id\":\"000000036\",\"is_title\":false,\"value\":\"\"},{\"id\":\"000000037\",\"is_title\":false,\"value\":\"\"},{\"id\":\"000000038\",\"is_title\":false,\"value\":\"\"},{\"id\":\"000000039\",\"is_title\":true,\"value\":\"\"},{\"id\":\"000000040\",\"is_title\":false,\"value\":\"\"},{\"id\":\"000000041\",\"is_title\":false,\"value\":\"\"},{\"id\":\"000000042\",\"is_title\":false,\"value\":\"\"},{\"id\":\"000000043\",\"is_title\":false,\"value\":\"\"},{\"id\":\"000000044\",\"is_title\":false,\"value\":\"\"},{\"id\":\"000000045\",\"is_title\":false,\"value\":\"\"},{\"id\":\"000000046\",\"is_title\":false,\"value\":\"\"},{\"id\":\"000000047\",\"is_title\":true,\"value\":\"\"},{\"id\":\"000000048\",\"is_title\":false,\"value\":\"\"},{\"id\":\"000000049\",\"is_title\":false,\"value\":\"\"},{\"id\":\"000000050\",\"is_title\":false,\"value\":\"\"},{\"id\":\"000000051\",\"is_title\":false,\"value\":\"\"},{\"id\":\"000000052\",\"is_title\":false,\"value\":\"\"},{\"id\":\"000000053\",\"is_title\":true,\"value\":\"\"},{\"id\":\"000000054\",\"is_title\":false,\"value\":\"\"},{\"id\":\"000000055\",\"is_title\":false,\"value\":\"\"},{\"id\":\"000000056\",\"is_title\":false,\"value\":\"\"},{\"id\":\"000000057\",\"is_title\":true,\"value\":\"\"},{\"id\":\"000000058\",\"is_title\":false,\"value\":\"\"},{\"id\":\"000000059\",\"is_title\":false,\"value\":\"\"},{\"id\":\"000000060\",\"is_title\":false,\"value\":\"\"},{\"id\":\"000000061\",\"is_title\":false,\"value\":\"\"},{\"id\":\"000000062\",\"is_title\":false,\"value\":\"\"},{\"id\":\"000000063\",\"is_title\":false,\"value\":\"\"},{\"id\":\"000000064\",\"is_title\":true,\"value\":\"\"},{\"id\":\"000000065\",\"is_title\":false,\"value\":\"\"},{\"id\":\"000000066\",\"is_title\":false,\"value\":\"\"},{\"id\":\"000000067\",\"is_title\":false,\"value\":\"\"},{\"id\":\"000000068\",\"is_title\":false,\"value\":\"\"},{\"id\":\"000000069\",\"is_title\":true,\"value\":\"\"},{\"id\":\"000000005\",\"is_title\":false,\"value\":\"\"},{\"id\":\"000000006\",\"is_title\":false,\"value\":\"\"},{\"id\":\"000000007\",\"is_title\":false,\"value\":\"\"}]', '000002'),
('000000000002', '00003', '000000009', 'Наушники True Wireless Huawei Freebuds Pro угольный черный', '', '50141256', '000000002,cfc1fae2af6fc232a605a67a49494366,5218e9290d92999b0e7041043c2835a7,6c9bc2c6de0c945fed92771c87d1fa05,23caa416d18be2d207ee12091dda6548', '[{\"id\":\"000000021\",\"is_title\":false,\"value\":\"29 u041eu043c\"},{\"id\":\"000000016\",\"is_title\":false,\"value\":\"20 u0413u0446 - 20 u043au0413u0446\"},{\"id\":\"000000030\",\"is_title\":false,\"value\":true},{\"id\":\"000000031\",\"is_title\":false,\"value\":true}]', '000003'),
('000000000004', '00003', '000000017', 'Молоко', '', 'М-0011', '258b8f891b8dc8d93cc9d42a5cc10a54', '[{\"id\":\"000000013\",\"is_title\":false,\"value\":2.5}]', '000004'),
('000000000005', '00003', '000000016', 'Кефир', '', 'К-0012', 'fd278afc61e3b264266405e3c18d98fa', '[{\"id\":\"000000013\",\"is_title\":false,\"value\":3.2}]', '000004'),
('000000000006', '00003', '000000018', 'Ряженка', '', 'Р-00123', 'ec15a80fdf41d630176792ce83088d40', '[{\"id\":\"000000013\",\"is_title\":false,\"value\":3.2}]', '000004'),
('000000000003', '00004', '000000011', 'Холодильник Bosch Serie | 4 VitaFresh KGN39XW27R', '', '20068499', 'be53e23c3a765f1a0107dc2ce2d7b099', '[{\"id\":\"000000070\",\"is_title\":true,\"value\":\"\"}]', '000001'),
('000000000007', '00005', '000000020', 'Ноутбук Acer Nitro 5 AN515-43-R45P черный', '', '1645276', '32850ee4b2848db9d06a6a71fa1c81e7,b4dd7222a970a448f5ae9de99e876c16', '[{\"id\":\"000000014\",\"is_title\":false,\"value\":\"\"},{\"id\":\"000000033\",\"is_title\":false,\"value\":\"\"}]', '000005'),
('000000000008', '00005', '000000020', 'Ноутбук Lenovo IdeaPad 3 Gaming 15IMH05 черный', '', '1655081', 'c2f4d0dd2b0a6af109a9bd6f9e90bfeb,2771e85fed341ef79d08fde38dead780', '[{\"id\":\"000000014\",\"is_title\":false,\"value\":\"\"},{\"id\":\"000000033\",\"is_title\":false,\"value\":\"\"}]', '000006'),
('000000000009', '00005', '000000020', 'Ноутбук ASUS TUF Gaming FX505DT-HN564T черный', '', '1655299', 'd8eac64d970ddad86cc129280fd94ba9,f97d880cbd43341ba7cc5ca32018bb42', '[{\"id\":\"000000014\",\"is_title\":false,\"value\":\"\"},{\"id\":\"000000033\",\"is_title\":false,\"value\":\"\"}]', '000007'),
('000000000010', '00005', '000000020', 'Ноутбук HP Pavilion Gaming 15-ec1086ur черный', '', '4721670', 'e74915bd62acff4cce9403522a3eeef2,aded472c3d4c62abd00aaa3ef646953e', '[{\"id\":\"000000014\",\"is_title\":false,\"value\":\"\"},{\"id\":\"000000033\",\"is_title\":false,\"value\":\"\"}]', '000008'),
('000000000011', '00005', '000000006', 'Смартфон Nokia 2.4', 'Очень удобный', '4717711', '0ac76310589980e1bd2eb94c5614e6a3,484170ee88e8ead15c1e8516f89e3491,cbbc163565482ae29553bcab4726a42d,4c4b8904c48157c135e11a65bf9b4c7c,03350c96c0e78ff0293237787dac8128,f9a9d2aa149ebeff6ec580da98844a4f,9bafbf1556ca5dc26657a4dd5772bab9,dabfecda311aa050ca5a93ce6dfb8046,67ce96684a166bc33ccbdd050ef95113,958f4bdb97f6b7e2cced750244cac23c,e6f73a0158d5319d53de20ba66bb0b8e,607ec50cb8d1480d82aa1004783ed211,8955f4168497b22abad8bb806445dee8,267d57dd0c8e09b66d3a5cc226f179a2,de1dbd57e7c2e3fea45ca95680546f93,77970fe8372dd93f2b31c801cba8a5de,22dd9148896a731a6a93b6464e279663,469bdf154eb6faa0955c8044d585878b,ee4cdb7cb2ba270c713f3d85f961f734,947d85c0f6f8b1783ca43e16328b19b7,860c9d18b98922fd4c8e88e73517fb6f,edb0f1edcfd35a56cbb405ec65d81aba,4f494f62073539b4bcbda5e7c5f8bc9d,d8586f93617205fb6708c291d43a423c,839559c0887efe07e7f2ec87c2470dad,3520e7d3b1d36ed7a034146ddd2d835b,01d9e75064408964ac7f8991dc79ec28,6215148598e32eaf80c40c7b2a4f248a,8bce47f94cf527c5d59caaa394471078,b9a75821e128227e63765aa6ffe8ea9f,9e081632c71056683b607390ecdad295,13a286558eac300fcf251c99011fa846,cc7248baf11f7004ffeed401a8456c9f,906f7a89cc834c04f272f74fbd45a13a,7a4c3c367082ef747e5efa628573daf9,625d7153fbdf63aab1dddd7367e8f87a,6d094ec64604d52671faf76791edae1c,75e40b2dd2663af247415acd859ddc45,7957e65656eba6e4ff18685774ea0a6a,391a3439c38f7c38868c285200b4890f,26e070166f532bbb27b78abb723eb169,d2f2e61b8ac619b3cd6e72b96b2807b8,ee6849db5fc3a0a46fef8d9485f24654,66503ee16eaa9a1d17c88d0dd65410d3,bb9a31591fdbd1b99594cb1a386cb041,39cd55bfcd367e8b999f3ee868247bb1,5def70ee71375ec0ee793c1fb03e7867,bc25520ebff9eaee87b58cbe4d0de827', '[{\"id\":\"000000008\",\"is_title\":false,\"value\":0.17},{\"id\":\"000000017\",\"is_title\":true,\"value\":\"\"},{\"id\":\"000000014\",\"is_title\":false,\"value\":\"\"},{\"id\":\"000000003\",\"is_title\":false,\"value\":\"000009\"},{\"id\":\"000000025\",\"is_title\":false,\"value\":\"\"},{\"id\":\"000000004\",\"is_title\":false,\"value\":\"#000000\"},{\"id\":\"000000001\",\"is_title\":false,\"value\":\"156\"},{\"id\":\"000000027\",\"is_title\":false,\"value\":\"\"},{\"id\":\"000000028\",\"is_title\":false,\"value\":\"\"},{\"id\":\"000000032\",\"is_title\":true,\"value\":\"\"},{\"id\":\"000000029\",\"is_title\":false,\"value\":\"\"},{\"id\":\"000000036\",\"is_title\":false,\"value\":\"\"},{\"id\":\"000000037\",\"is_title\":false,\"value\":\"\"},{\"id\":\"000000038\",\"is_title\":false,\"value\":\"\"},{\"id\":\"000000039\",\"is_title\":true,\"value\":\"\"},{\"id\":\"000000040\",\"is_title\":false,\"value\":\"\"},{\"id\":\"000000041\",\"is_title\":false,\"value\":\"\"},{\"id\":\"000000042\",\"is_title\":false,\"value\":\"\"},{\"id\":\"000000043\",\"is_title\":false,\"value\":\"\"},{\"id\":\"000000044\",\"is_title\":false,\"value\":\"\"},{\"id\":\"000000045\",\"is_title\":false,\"value\":\"\"},{\"id\":\"000000046\",\"is_title\":false,\"value\":\"\"},{\"id\":\"000000047\",\"is_title\":true,\"value\":\"\"},{\"id\":\"000000048\",\"is_title\":false,\"value\":\"\"},{\"id\":\"000000049\",\"is_title\":false,\"value\":\"\"},{\"id\":\"000000050\",\"is_title\":false,\"value\":\"\"},{\"id\":\"000000051\",\"is_title\":false,\"value\":\"\"},{\"id\":\"000000052\",\"is_title\":false,\"value\":\"\"},{\"id\":\"000000053\",\"is_title\":true,\"value\":\"\"},{\"id\":\"000000054\",\"is_title\":false,\"value\":\"\"},{\"id\":\"000000055\",\"is_title\":false,\"value\":\"\"},{\"id\":\"000000056\",\"is_title\":false,\"value\":\"\"},{\"id\":\"000000057\",\"is_title\":true,\"value\":\"\"},{\"id\":\"000000058\",\"is_title\":false,\"value\":\"\"},{\"id\":\"000000059\",\"is_title\":false,\"value\":\"\"},{\"id\":\"000000060\",\"is_title\":false,\"value\":\"\"},{\"id\":\"000000061\",\"is_title\":false,\"value\":\"\"},{\"id\":\"000000062\",\"is_title\":false,\"value\":\"\"},{\"id\":\"000000063\",\"is_title\":false,\"value\":\"\"},{\"id\":\"000000064\",\"is_title\":true,\"value\":\"\"},{\"id\":\"000000065\",\"is_title\":false,\"value\":\"\"},{\"id\":\"000000066\",\"is_title\":false,\"value\":\"\"},{\"id\":\"000000067\",\"is_title\":false,\"value\":\"\"},{\"id\":\"000000068\",\"is_title\":false,\"value\":\"\"},{\"id\":\"000000069\",\"is_title\":true,\"value\":\"\"},{\"id\":\"000000005\",\"is_title\":false,\"value\":0.1},{\"id\":\"000000006\",\"is_title\":false,\"value\":0.2},{\"id\":\"000000007\",\"is_title\":false,\"value\":0.11}]', '000009'),
('000000000012', '00005', '000000006', 'Huawei Honor 7A (розовый)', 'Huawei Honor 7A - смартфон с современным дизайном. На передней стороне размещается прочное и красивое 2,5D-стекло.\nТыльная сторона является матовой, а реализована она из высококачественного алюминия.\n\nДисплей в Honor 7A установлен 5,45-дюймовый FullView-дисплей с разрешением 1440x720.\n\nСмартфон Honor 7A оснащен 4-х ядерным процессором Mediatek MT6739. Здесь используются ядра Cortex-A53, которые работают на максимальной частоте 1500 МГц. В устройстве располагается ускоритель графики PowerVR GE8100.\n\nВстроенная память 16 Гб и 2 Гб оперативной памяти, а расширить внутреннее хранилище можно с помощью карт памяти до 256 Гб.\n\nAndroid 8.1 выступает в качестве операционной системы. При этом интерфейс модернизирован благодаря фирменной оболочке EMUI 8.1.\n\nВнутри аппарата находится несъемный аккумулятор с емкостью 3020 мАч.\n\nHuawei Honor 7A поддерживает две Nano-SIM одновременно. При этом карта памяти может быть установлена отдельно.\n\nИмеется встроенное FM-радио, а также модуль LTE.\n\nКамера\nВ Hu', '1678780', '000000011,000000015,000000039,000000017,000000021,000000023,000000026,000000028,000000035,000000037,650692327c8fff6135be8a96869a8b66,097aa13ccbffe7f1e0e5e668692075e4,cf1e38a37409b17485431eab2614471c,e8966a4181dc80ec6837de5ecbec2f4f,fe6df568f0484e9fa88603f53cbc2bf4,72d3916a2ad3334756a5e57de7afbba3,4260d818004c183794d793d02c9b07b2,eac019ce0cca100a7463ebc2ac0d9e3b,c7ba26c82ad30fcdec730eacccc2a29b,68d2305ffb1c72029e0eca39fd3aa27b,857ec5811e2444fa4e71f85eb54d50b7,1e9348fa900256bd02858c6ca989bcd9,8bc98d52c391570198692eefe72cb9dd,98f2caceaf8df54f87330cbc42143aa9,a3f8fdbdb3470d552808b642704d4226,fa65d909952e7807ae2913aae1a7a809,371c95ecbc80c8b091c9093f5f2d15bc,20618240afc88edd73bc6cd4eecc91fa,679b70b4ed6012dd6bf5581c61769a1f,c308551135c5675e1555b71b8e32779c,38c2eb996f1ae6b6510fc0c2401761d0,7df58da77bb80fd0832df285f200f3df,ec62e2627e2b0503719249637db41b10,6b42aed93c3c88ee38f51ab1fa369752,1e11bf7623ff0551dbb74faa048a711a,56627be5ac51e54843ef957f769e5334,d0e53b2d91669d4f9c6f5e0a539fb8be,c0539e3e80eaf583ed4510621150cd2a,a0ccb490dcac7baf0d717936daf4c0f3,73cc561b18c52c00c30697225bdd6eb1,456aa093a903f250e5ef6064da597f09,1eb0f40b7ccac5f8c577b9bb84c20c43,72d4445c9c07f8831590d3cafcf1fa20,f7c3e0efa3c020cda4463d9d86700305,2c4b8117ebc01764b520baa4dc2017cb,034ca8a0dcfd1f8bcd8dd778a6c5ff00,67cd65063a2b84734c1cdd2849808987,d2c578bbca1b4c6683c9c75d5078191e', '[{\"id\":\"000000008\",\"is_title\":false,\"value\":194},{\"id\":\"000000017\",\"is_title\":true,\"value\":\"\"},{\"id\":\"000000003\",\"is_title\":false,\"value\":\"000003\"},{\"id\":\"000000004\",\"is_title\":false,\"value\":\"#DD9CB3\"},{\"id\":\"000000001\",\"is_title\":false,\"value\":\"156\"},{\"id\":\"000000027\",\"is_title\":false,\"value\":12},{\"id\":\"000000028\",\"is_title\":false,\"value\":\"u0441u043au0430u043du0435u0440 u043eu0442u043fu0435u0447u0430u0442u043au0430 u043fu0430u043bu044cu0446u0430; u0431u044bu0441u0442u0440u0430u044f u0437u0430u0440u044fu0434u043au0430; u0442u0435u0445u043du043eu043bu043eu0433u0438u044f u0440u0430u0441u043fu043eu0437u043du0430u0432u0430u043du0438u044f u043bu0438u0446u0430\"},{\"id\":\"000000032\",\"is_title\":true,\"value\":\"\"},{\"id\":\"000000029\",\"is_title\":false,\"value\":6.5},{\"id\":\"000000038\",\"is_title\":false,\"value\":true},{\"id\":\"000000039\",\"is_title\":true,\"value\":\"\"},{\"id\":\"000000043\",\"is_title\":false,\"value\":\"MediaTek Helio G35\"},{\"id\":\"000000044\",\"is_title\":false,\"value\":8},{\"id\":\"000000045\",\"is_title\":false,\"value\":2000},{\"id\":\"000000047\",\"is_title\":true,\"value\":\"\"},{\"id\":\"000000048\",\"is_title\":false,\"value\":\"Wi-Fi; Bluetooth 5.1; IRDA;  USB;  NFC\"},{\"id\":\"000000049\",\"is_title\":false,\"value\":\"GSM 900/1800/1900; 3G; 4G; LTE; VoLTE\"},{\"id\":\"000000050\",\"is_title\":false,\"value\":\"u0413u041bu041eu041du0410u0421u0421; GPS; BeiDou; Galileo; GPS; AGPS\"},{\"id\":\"000000052\",\"is_title\":false,\"value\":\"nano SIM\"},{\"id\":\"000000053\",\"is_title\":true,\"value\":\"\"},{\"id\":\"000000054\",\"is_title\":false,\"value\":\"Li-polymer\"},{\"id\":\"000000055\",\"is_title\":false,\"value\":4500},{\"id\":\"000000057\",\"is_title\":true,\"value\":\"\"},{\"id\":\"000000058\",\"is_title\":false,\"value\":64},{\"id\":\"000000059\",\"is_title\":false,\"value\":8},{\"id\":\"000000060\",\"is_title\":false,\"value\":\"u043cu0430u043au0440u043e-u043eu0431u044au0435u043au0442u0438u0432; u0430u0432u0442u043eu043cu0430u0442u0438u0447u0435u0441u043au0430u044f u0444u043eu043au0443u0441u0438u0440u043eu0432u043au0430; u0446u0438u0444u0440u043eu0432u043eu0439 u0437u0443u043c\"},{\"id\":\"000000061\",\"is_title\":false,\"value\":\"Full HD 1080p; AAC; AMR; APE; FLAC; M4V; MKV; MP3; MP4; WAV; XviD; AVI; WMA; WAVE, FLAC; BMP; GIF; J\"},{\"id\":\"000000062\",\"is_title\":false,\"value\":true},{\"id\":\"000000063\",\"is_title\":false,\"value\":\"u0430u0432u0442u043eu043cu0430u0442u0438u0447u0435u0441u043au0430u044f u0444u043eu043au0443u0441u0438u0440u043eu0432u043au0430; u043du043eu0447u043du0430u044f  u0441u044au0435u043cu043au0430\"},{\"id\":\"000000064\",\"is_title\":true,\"value\":\"\"},{\"id\":\"000000065\",\"is_title\":false,\"value\":\"u0437u0430u0440u044fu0434u043du043eu0435 u0443u0441u0442u0440u043eu0439u0441u0442u0432u043e; u0441u043cu0430u0440u0442u0444u043eu043d; u0434u043eu043au0443u043cu0435u043du0442u0430u0446u0438u044f; u0447u0435u0445u043eu043b; USB-u043au0430u0431u0435u043bu044c; u0430u0434u0430u043fu0442u0435u0440; u0433u0430u0440u0430u043du0442u0438u0439u043du044bu0439 u0442u0430u043bu043eu043d\"},{\"id\":\"000000066\",\"is_title\":false,\"value\":\"IP67\"},{\"id\":\"000000067\",\"is_title\":false,\"value\":\"u0425u0440u0443u043fu043au043eu0435\"},{\"id\":\"000000068\",\"is_title\":false,\"value\":true},{\"id\":\"000000069\",\"is_title\":true,\"value\":\"\"},{\"id\":\"000000005\",\"is_title\":false,\"value\":75.7},{\"id\":\"000000006\",\"is_title\":false,\"value\":8.3},{\"id\":\"000000007\",\"is_title\":false,\"value\":150.9}]', '000003'),
('000000000013', '00005', '000000006', 'Huawei Honor 7A (черный)', 'Huawei Honor 7A - смартфон с современным дизайном. На передней стороне размещается прочное и красивое 2,5D-стекло.\nТыльная сторона является матовой, а реализована она из высококачественного алюминия.\n\nДисплей в Honor 7A установлен 5,45-дюймовый FullView-дисплей с разрешением 1440x720.\n\nСмартфон Honor 7A оснащен 4-х ядерным процессором Mediatek MT6739. Здесь используются ядра Cortex-A53, которые работают на максимальной частоте 1500 МГц. В устройстве располагается ускоритель графики PowerVR GE8100.\n\nВстроенная память 16 Гб и 2 Гб оперативной памяти, а расширить внутреннее хранилище можно с помощью карт памяти до 256 Гб.\n\nAndroid 8.1 выступает в качестве операционной системы. При этом интерфейс модернизирован благодаря фирменной оболочке EMUI 8.1.\n\nВнутри аппарата находится несъемный аккумулятор с емкостью 3020 мАч.\n\nHuawei Honor 7A поддерживает две Nano-SIM одновременно. При этом карта памяти может быть установлена отдельно.\n\nИмеется встроенное FM-радио, а также модуль LTE.\n\nКамера\nВ Hu', '16787448', '000000011,000000015,000000039,000000017,000000021,000000023,000000026,000000028,000000035,000000037,56576d08a6f573c4a9f4e143190165a7,c4390d60316a8295a56193f2184309b6,a4d780e641371475650589312c59b145,75078fb92f64f80877bdda038a7f1c3b,998cb699e2c5b3a8367cc33ff530b820,3c002e1ec5c0c6597a96f11701d6aa8d,042f880fee24547284940d455cd1a9ca,73f4ddd439a551c32eaa77ae0c7855b7,5b52ae1fc8bddc6d261abe2cf9e051e9,e659031650fa46a76812c75f4b537fd2,fc1bc77ffb4dd0bd6eeeed7036564405,7815ee8fc662eb484c0129c62bf5fc31,1f7ca30b84c2096a0a36ceb3e1e18c60,e699c6090cd848e8cecbddc8871fde26,7eaf333eb35074e80485829a8c055415,2be83b25fe0cec710e8aee1b6dd09ad1,dc9b9c44606f11494bf9e4663c6d245b,73f093d994765769c5e6a408d86ee293,4bd746ece16fdcac9cf432684c6cd7ef,3f50649f59712549d9322cb072081ec5,fc2c72c36126da01002f56f5371c308f,9e4c487959dbc5b03d3b9423e602892f,24866d6f8d7034a1242ed84a90ca0fdc,8c951e10343dfeea38bc0c98648dba83,e123b238f6df284465eb2629f7563bb2,44469952fed6aab74fc06beec5b4b1c1,91dd1108a13a3adb2dedaea796d7d9f9,df6b97208ac4360c8fb797d3caa3fd4c,697b10729400207fd85ac0639440a661,a66c4f928862fd8460207a94f566355e,63f7acd5d47734df89c2611ce3abb543,3c9f028f3a028f70948c85b463cc222a,261b96abf57221599fc4a74521cf42d4,39a2150ee113cbb5b79c4dd3272eb31d,2a58c034f5b61a6501a502bf6e999637,077595215c60ea82b58fe997d0b21545,8b27a64485ac1cc755cb4fd2d5bd927c,5489a14d527ac3fc8d9708534194bd92', '[{\"id\":\"000000008\",\"is_title\":false,\"value\":194},{\"id\":\"000000017\",\"is_title\":true,\"value\":\"\"},{\"id\":\"000000003\",\"is_title\":false,\"value\":\"000003\"},{\"id\":\"000000004\",\"is_title\":false,\"value\":\"#000000\"},{\"id\":\"000000001\",\"is_title\":false,\"value\":\"156\"},{\"id\":\"000000027\",\"is_title\":false,\"value\":12},{\"id\":\"000000028\",\"is_title\":false,\"value\":\"u0441u043au0430u043du0435u0440 u043eu0442u043fu0435u0447u0430u0442u043au0430 u043fu0430u043bu044cu0446u0430; u0431u044bu0441u0442u0440u0430u044f u0437u0430u0440u044fu0434u043au0430; u0442u0435u0445u043du043eu043bu043eu0433u0438u044f u0440u0430u0441u043fu043eu0437u043du0430u0432u0430u043du0438u044f u043bu0438u0446u0430\"},{\"id\":\"000000032\",\"is_title\":true,\"value\":\"\"},{\"id\":\"000000029\",\"is_title\":false,\"value\":6.5},{\"id\":\"000000038\",\"is_title\":false,\"value\":true},{\"id\":\"000000039\",\"is_title\":true,\"value\":\"\"},{\"id\":\"000000043\",\"is_title\":false,\"value\":\"MediaTek Helio G35\"},{\"id\":\"000000044\",\"is_title\":false,\"value\":8},{\"id\":\"000000045\",\"is_title\":false,\"value\":2000},{\"id\":\"000000047\",\"is_title\":true,\"value\":\"\"},{\"id\":\"000000048\",\"is_title\":false,\"value\":\"Wi-Fi; Bluetooth 5.1; IRDA;  USB;  NFC\"},{\"id\":\"000000049\",\"is_title\":false,\"value\":\"GSM 900/1800/1900; 3G; 4G; LTE; VoLTE\"},{\"id\":\"000000050\",\"is_title\":false,\"value\":\"u0413u041bu041eu041du0410u0421u0421; GPS; BeiDou; Galileo; GPS; AGPS\"},{\"id\":\"000000052\",\"is_title\":false,\"value\":\"nano SIM\"},{\"id\":\"000000053\",\"is_title\":true,\"value\":\"\"},{\"id\":\"000000054\",\"is_title\":false,\"value\":\"Li-polymer\"},{\"id\":\"000000055\",\"is_title\":false,\"value\":4500},{\"id\":\"000000057\",\"is_title\":true,\"value\":\"\"},{\"id\":\"000000058\",\"is_title\":false,\"value\":64},{\"id\":\"000000059\",\"is_title\":false,\"value\":8},{\"id\":\"000000060\",\"is_title\":false,\"value\":\"u043cu0430u043au0440u043e-u043eu0431u044au0435u043au0442u0438u0432; u0430u0432u0442u043eu043cu0430u0442u0438u0447u0435u0441u043au0430u044f u0444u043eu043au0443u0441u0438u0440u043eu0432u043au0430; u0446u0438u0444u0440u043eu0432u043eu0439 u0437u0443u043c\"},{\"id\":\"000000061\",\"is_title\":false,\"value\":\"Full HD 1080p; AAC; AMR; APE; FLAC; M4V; MKV; MP3; MP4; WAV; XviD; AVI; WMA; WAVE, FLAC; BMP; GIF; J\"},{\"id\":\"000000062\",\"is_title\":false,\"value\":true},{\"id\":\"000000063\",\"is_title\":false,\"value\":\"u0430u0432u0442u043eu043cu0430u0442u0438u0447u0435u0441u043au0430u044f u0444u043eu043au0443u0441u0438u0440u043eu0432u043au0430; u043du043eu0447u043du0430u044f  u0441u044au0435u043cu043au0430\"},{\"id\":\"000000064\",\"is_title\":true,\"value\":\"\"},{\"id\":\"000000065\",\"is_title\":false,\"value\":\"u0437u0430u0440u044fu0434u043du043eu0435 u0443u0441u0442u0440u043eu0439u0441u0442u0432u043e; u0441u043cu0430u0440u0442u0444u043eu043d; u0434u043eu043au0443u043cu0435u043du0442u0430u0446u0438u044f; u0447u0435u0445u043eu043b; USB-u043au0430u0431u0435u043bu044c; u0430u0434u0430u043fu0442u0435u0440; u0433u0430u0440u0430u043du0442u0438u0439u043du044bu0439 u0442u0430u043bu043eu043d\"},{\"id\":\"000000066\",\"is_title\":false,\"value\":\"IP67\"},{\"id\":\"000000067\",\"is_title\":false,\"value\":\"u0425u0440u0443u043fu043au043eu0435\"},{\"id\":\"000000068\",\"is_title\":false,\"value\":true},{\"id\":\"000000069\",\"is_title\":true,\"value\":\"\"},{\"id\":\"000000005\",\"is_title\":false,\"value\":75.7},{\"id\":\"000000006\",\"is_title\":false,\"value\":8.3},{\"id\":\"000000007\",\"is_title\":false,\"value\":150.9}]', '000003'),
('000000000014', '00005', '000000006', 'Xiaomi Redmi Note 10 (голубой)', 'Huawei Honor 7A - смартфон с современным дизайном. На передней стороне размещается прочное и красивое 2,5D-стекло.\nТыльная сторона является матовой, а реализована она из высококачественного алюминия.\n\nДисплей в Honor 7A установлен 5,45-дюймовый FullView-дисплей с разрешением 1440x720.\n\nСмартфон Honor 7A оснащен 4-х ядерным процессором Mediatek MT6739. Здесь используются ядра Cortex-A53, которые работают на максимальной частоте 1500 МГц. В устройстве располагается ускоритель графики PowerVR GE8100.\n\nВстроенная память 16 Гб и 2 Гб оперативной памяти, а расширить внутреннее хранилище можно с помощью карт памяти до 256 Гб.\n\nAndroid 8.1 выступает в качестве операционной системы. При этом интерфейс модернизирован благодаря фирменной оболочке EMUI 8.1.\n\nВнутри аппарата находится несъемный аккумулятор с емкостью 3020 мАч.\n\nHuawei Honor 7A поддерживает две Nano-SIM одновременно. При этом карта памяти может быть установлена отдельно.\n\nИмеется встроенное FM-радио, а также модуль LTE.\n\nКамера\nВ Hu', '4722618', '000000011,000000015,000000039,000000017,000000022,000000023,000000026,000000028,000000035,000000037,13de9d28fd14b8a3ebf0f54f639de4df,6ec30fae9d45cd2735f9514e751b4729,7db1b628440e72f94cde1995484a7207,d4df9ef699b0280094afe4d3be50ce2d,30c9a201ecd039fc503ba443377cb6dd,a92cbe7b80b06485db1b549dc95e743b,0d9e46850af7fdbf40b267d0b84dfdf7,62359129394d50b51267915f26aebc63,5cdb802df015b8e4cacbb0cdad3586cb,437a9dea9cf62694ae91f52d3711ecf7,36f7b207f1d0e2f3bbfba0746d4fa74b,43c3e028a6805e611ffb0b60909b4937,4d08b7d2e4cdaa8a71b0d6299677f572,0c3da108263187912edb0c865fbec53f,3a5a9e604f178bdb55d9349ea7330b82,c19ade07a0c5e7675e02f2f86bb93f48,d2170a4798803ff6db29a37469c1e0b0,84cbf1357b9a65145d25c5d6fe0453a9,a9773ab0981eab0d4fc2a9a3e9b0dcc1,72c4cb1e9a1d2bddcc75bc24d4a8a91e,918b12793000ed52f55b0b60af75fc7b,09adf968cdf0e1eb9313385a089e8265,e2780fd62939732a23a565755dca5c9d,fb929cca6c06138ad22f338bc9a974ac,f933c47dbc2b35d3c89527ed06059de0,95119739ba94034dae28a6384a209b01,e415eac76a4f043cc11ed559c1db1750,8a27fbc2ab9f3307f7f8eb3da25fcae7,fd5a9429f3abb911326314e75c338434,1d2ad56aae20ce0413f361dc7c6c436d,3ad30a8037791300a0bab5ec34029546,49864fbf83aa91b88db63ba058d45c16,576f43273187374f0af02e28f4b03b36,c097538ae7dcb5379c6f89835d493587,e8f6df424272a5b9fae1e3c8482484d6,f6ce60e5082d24771af1ae153f36698b,745822c1053098b9ea829e8c4c08618b,50e47175211227d4432ae89a271a4215', '[{\"id\":\"000000008\",\"is_title\":false,\"value\":194},{\"id\":\"000000017\",\"is_title\":true,\"value\":\"\"},{\"id\":\"000000003\",\"is_title\":false,\"value\":\"000010\"},{\"id\":\"000000004\",\"is_title\":false,\"value\":\"#A6CAF0\"},{\"id\":\"000000001\",\"is_title\":false,\"value\":\"156\"},{\"id\":\"000000027\",\"is_title\":false,\"value\":12},{\"id\":\"000000028\",\"is_title\":false,\"value\":\"u0441u043au0430u043du0435u0440 u043eu0442u043fu0435u0447u0430u0442u043au0430 u043fu0430u043bu044cu0446u0430; u0431u044bu0441u0442u0440u0430u044f u0437u0430u0440u044fu0434u043au0430; u0442u0435u0445u043du043eu043bu043eu0433u0438u044f u0440u0430u0441u043fu043eu0437u043du0430u0432u0430u043du0438u044f u043bu0438u0446u0430\"},{\"id\":\"000000032\",\"is_title\":true,\"value\":\"\"},{\"id\":\"000000029\",\"is_title\":false,\"value\":6.5},{\"id\":\"000000038\",\"is_title\":false,\"value\":true},{\"id\":\"000000039\",\"is_title\":true,\"value\":\"\"},{\"id\":\"000000043\",\"is_title\":false,\"value\":\"MediaTek Helio G35\"},{\"id\":\"000000044\",\"is_title\":false,\"value\":8},{\"id\":\"000000045\",\"is_title\":false,\"value\":2000},{\"id\":\"000000047\",\"is_title\":true,\"value\":\"\"},{\"id\":\"000000048\",\"is_title\":false,\"value\":\"Wi-Fi; Bluetooth 5.1; IRDA;  USB;  NFC\"},{\"id\":\"000000049\",\"is_title\":false,\"value\":\"GSM 900/1800/1900; 3G; 4G; LTE; VoLTE\"},{\"id\":\"000000050\",\"is_title\":false,\"value\":\"u0413u041bu041eu041du0410u0421u0421; GPS; BeiDou; Galileo; GPS; AGPS\"},{\"id\":\"000000052\",\"is_title\":false,\"value\":\"nano SIM\"},{\"id\":\"000000053\",\"is_title\":true,\"value\":\"\"},{\"id\":\"000000054\",\"is_title\":false,\"value\":\"Li-polymer\"},{\"id\":\"000000055\",\"is_title\":false,\"value\":4500},{\"id\":\"000000057\",\"is_title\":true,\"value\":\"\"},{\"id\":\"000000058\",\"is_title\":false,\"value\":64},{\"id\":\"000000059\",\"is_title\":false,\"value\":8},{\"id\":\"000000060\",\"is_title\":false,\"value\":\"u043cu0430u043au0440u043e-u043eu0431u044au0435u043au0442u0438u0432; u0430u0432u0442u043eu043cu0430u0442u0438u0447u0435u0441u043au0430u044f u0444u043eu043au0443u0441u0438u0440u043eu0432u043au0430; u0446u0438u0444u0440u043eu0432u043eu0439 u0437u0443u043c\"},{\"id\":\"000000061\",\"is_title\":false,\"value\":\"Full HD 1080p; AAC; AMR; APE; FLAC; M4V; MKV; MP3; MP4; WAV; XviD; AVI; WMA; WAVE, FLAC; BMP; GIF; J\"},{\"id\":\"000000062\",\"is_title\":false,\"value\":true},{\"id\":\"000000063\",\"is_title\":false,\"value\":\"u0430u0432u0442u043eu043cu0430u0442u0438u0447u0435u0441u043au0430u044f u0444u043eu043au0443u0441u0438u0440u043eu0432u043au0430; u043du043eu0447u043du0430u044f  u0441u044au0435u043cu043au0430\"},{\"id\":\"000000064\",\"is_title\":true,\"value\":\"\"},{\"id\":\"000000065\",\"is_title\":false,\"value\":\"u0437u0430u0440u044fu0434u043du043eu0435 u0443u0441u0442u0440u043eu0439u0441u0442u0432u043e; u0441u043cu0430u0440u0442u0444u043eu043d; u0434u043eu043au0443u043cu0435u043du0442u0430u0446u0438u044f; u0447u0435u0445u043eu043b; USB-u043au0430u0431u0435u043bu044c; u0430u0434u0430u043fu0442u0435u0440; u0433u0430u0440u0430u043du0442u0438u0439u043du044bu0439 u0442u0430u043bu043eu043d\"},{\"id\":\"000000066\",\"is_title\":false,\"value\":\"IP67\"},{\"id\":\"000000067\",\"is_title\":false,\"value\":\"u0425u0440u0443u043fu043au043eu0435\"},{\"id\":\"000000068\",\"is_title\":false,\"value\":true},{\"id\":\"000000069\",\"is_title\":true,\"value\":\"\"},{\"id\":\"000000005\",\"is_title\":false,\"value\":75.7},{\"id\":\"000000006\",\"is_title\":false,\"value\":8.3},{\"id\":\"000000007\",\"is_title\":false,\"value\":150.9}]', '000010'),
('000000000015', '00005', '000000006', 'Смартфон Xiaomi Redmi 9 (белый)', 'Huawei Honor 7A - смартфон с современным дизайном. На передней стороне размещается прочное и красивое 2,5D-стекло.\nТыльная сторона является матовой, а реализована она из высококачественного алюминия.\n\nДисплей в Honor 7A установлен 5,45-дюймовый FullView-дисплей с разрешением 1440x720.\n\nСмартфон Honor 7A оснащен 4-х ядерным процессором Mediatek MT6739. Здесь используются ядра Cortex-A53, которые работают на максимальной частоте 1500 МГц. В устройстве располагается ускоритель графики PowerVR GE8100.\n\nВстроенная память 16 Гб и 2 Гб оперативной памяти, а расширить внутреннее хранилище можно с помощью карт памяти до 256 Гб.\n\nAndroid 8.1 выступает в качестве операционной системы. При этом интерфейс модернизирован благодаря фирменной оболочке EMUI 8.1.\n\nВнутри аппарата находится несъемный аккумулятор с емкостью 3020 мАч.\n\nHuawei Honor 7A поддерживает две Nano-SIM одновременно. При этом карта памяти может быть установлена отдельно.\n\nИмеется встроенное FM-радио, а также модуль LTE.\n\nКамера\nВ Hu', '1670750', '000000011,000000015,000000039,000000017,000000019,000000023,000000026,000000028,000000035,000000037,037556e6cf224ea06ca272fc6116099a,82b9956b69dcb73977f04a81521bf16b,c287583c5b08a1fb8d5e26708347d500,19fcb0b240978e852732668cce28d024,23334411b4bfd31032f3f3ef27c59e14,e5d74e76a0ab97d632a771cb7fdb21d7,6dd40ce2034e40ba1ae1197dc9db7c60,d8eaa63d24fd0b89323950164409a3d1,65d1ebe301dab77a3573ef9c03d41dc3,e6531e11ecd5a1ae8951af1fc633c728,7d01c49738101caf6e241e8bb0a91c0e,bc65a3627a14c0d677993a6c6c36e949,67b699a8cc4af059065deb080729c801,10461b193fa0ee4875d9c37d8f081349,666ba27afde72bfb56f52047a9759b85,06a52b4032024177b2469319fb620f64,b549633e7b8db254755b1c8a1f9b44b5,14e56e4097d5d9d223c32a5e6627939f,a50bb288ea85d737532258a551da03cf,cb7c9380b2e5e006b389be21fc38c5c2,e7267a45135667023d20a9626ddb2d65,bb46beb2c5e1583d7ceab5b11c1b3a34,3d4826bb02fc68249dfae4aed37772ab,ba1fcc4ee475502c746a3a56daf755ac,eda32fe9fa60d7444c812be02a2e6603,c4093d742fb63676cd9d50f495fa69f6,5bcf143ab585b112ef5fa381f9279347,d9ac3ab58c05477863f4961491bd0c2c,e1b71994b61ad803471a9906ef99eecd,0272f1cf8aff5414e8509e8869e35400,ca737f45102664df2357fed6e6c14407,e67fc3e3d7bd41140286f4146cc7c842,4c13106a50f4e476f0123fd6c6c346e1,dbe66bb1bb108ef86e4ea75aaddbf934,e178cab9f90d57aeb7081a0708e40c58,cd6a96b6427180f970d8f2f83c497384,12d1ca111e45af45b2697a4f99b06e05,7de0289c38cb100671a068f786268e12', '[{\"id\":\"000000017\",\"is_title\":true,\"value\":\"\"},{\"id\":\"000000003\",\"is_title\":false,\"value\":\"000010\"},{\"id\":\"000000004\",\"is_title\":false,\"value\":\"#FFFFFF\"},{\"id\":\"000000001\",\"is_title\":false,\"value\":\"156\"},{\"id\":\"000000027\",\"is_title\":false,\"value\":12},{\"id\":\"000000028\",\"is_title\":false,\"value\":\"u0441u043au0430u043du0435u0440 u043eu0442u043fu0435u0447u0430u0442u043au0430 u043fu0430u043bu044cu0446u0430; u0431u044bu0441u0442u0440u0430u044f u0437u0430u0440u044fu0434u043au0430; u0442u0435u0445u043du043eu043bu043eu0433u0438u044f u0440u0430u0441u043fu043eu0437u043du0430u0432u0430u043du0438u044f u043bu0438u0446u0430\"},{\"id\":\"000000032\",\"is_title\":true,\"value\":\"\"},{\"id\":\"000000029\",\"is_title\":false,\"value\":6.5},{\"id\":\"000000038\",\"is_title\":false,\"value\":true},{\"id\":\"000000039\",\"is_title\":true,\"value\":\"\"},{\"id\":\"000000043\",\"is_title\":false,\"value\":\"MediaTek Helio G35\"},{\"id\":\"000000044\",\"is_title\":false,\"value\":8},{\"id\":\"000000045\",\"is_title\":false,\"value\":2000},{\"id\":\"000000047\",\"is_title\":true,\"value\":\"\"},{\"id\":\"000000048\",\"is_title\":false,\"value\":\"Wi-Fi; Bluetooth 5.1; IRDA;  USB;  NFC\"},{\"id\":\"000000049\",\"is_title\":false,\"value\":\"GSM 900/1800/1900; 3G; 4G; LTE; VoLTE\"},{\"id\":\"000000050\",\"is_title\":false,\"value\":\"u0413u041bu041eu041du0410u0421u0421; GPS; BeiDou; Galileo; GPS; AGPS\"},{\"id\":\"000000052\",\"is_title\":false,\"value\":\"nano SIM\"},{\"id\":\"000000053\",\"is_title\":true,\"value\":\"\"},{\"id\":\"000000054\",\"is_title\":false,\"value\":\"Li-polymer\"},{\"id\":\"000000055\",\"is_title\":false,\"value\":4500},{\"id\":\"000000057\",\"is_title\":true,\"value\":\"\"},{\"id\":\"000000058\",\"is_title\":false,\"value\":64},{\"id\":\"000000059\",\"is_title\":false,\"value\":8},{\"id\":\"000000060\",\"is_title\":false,\"value\":\"u043cu0430u043au0440u043e-u043eu0431u044au0435u043au0442u0438u0432; u0430u0432u0442u043eu043cu0430u0442u0438u0447u0435u0441u043au0430u044f u0444u043eu043au0443u0441u0438u0440u043eu0432u043au0430; u0446u0438u0444u0440u043eu0432u043eu0439 u0437u0443u043c\"},{\"id\":\"000000061\",\"is_title\":false,\"value\":\"Full HD 1080p; AAC; AMR; APE; FLAC; M4V; MKV; MP3; MP4; WAV; XviD; AVI; WMA; WAVE, FLAC; BMP; GIF; J\"},{\"id\":\"000000062\",\"is_title\":false,\"value\":true},{\"id\":\"000000063\",\"is_title\":false,\"value\":\"u0430u0432u0442u043eu043cu0430u0442u0438u0447u0435u0441u043au0430u044f u0444u043eu043au0443u0441u0438u0440u043eu0432u043au0430; u043du043eu0447u043du0430u044f  u0441u044au0435u043cu043au0430\"},{\"id\":\"000000064\",\"is_title\":true,\"value\":\"\"},{\"id\":\"000000065\",\"is_title\":false,\"value\":\"u0437u0430u0440u044fu0434u043du043eu0435 u0443u0441u0442u0440u043eu0439u0441u0442u0432u043e; u0441u043cu0430u0440u0442u0444u043eu043d; u0434u043eu043au0443u043cu0435u043du0442u0430u0446u0438u044f; u0447u0435u0445u043eu043b; USB-u043au0430u0431u0435u043bu044c; u0430u0434u0430u043fu0442u0435u0440; u0433u0430u0440u0430u043du0442u0438u0439u043du044bu0439 u0442u0430u043bu043eu043d\"},{\"id\":\"000000008\",\"is_title\":false,\"value\":194},{\"id\":\"000000066\",\"is_title\":false,\"value\":\"IP67\"},{\"id\":\"000000067\",\"is_title\":false,\"value\":\"u0425u0440u0443u043fu043au043eu0435\"},{\"id\":\"000000068\",\"is_title\":false,\"value\":true},{\"id\":\"000000069\",\"is_title\":true,\"value\":\"\"},{\"id\":\"000000005\",\"is_title\":false,\"value\":75.7},{\"id\":\"000000006\",\"is_title\":false,\"value\":8.3},{\"id\":\"000000007\",\"is_title\":false,\"value\":150.9}]', '000010');

-- --------------------------------------------------------

--
-- Table structure for table `product_image`
--

DROP TABLE IF EXISTS `product_image`;
CREATE TABLE `product_image` (
  `product_id` varchar(100) CHARACTER SET utf8 COLLATE utf8_unicode_ci NOT NULL,
  `ftp_url` varchar(200) CHARACTER SET utf8 COLLATE utf8_unicode_ci NOT NULL,
  `http_url` varchar(200) CHARACTER SET utf8 COLLATE utf8_unicode_ci NOT NULL,
  `sort_order` int NOT NULL DEFAULT '0'
) ENGINE=MyISAM DEFAULT CHARSET=utf8 COLLATE=utf8_unicode_ci;

--
-- Dumping data for table `product_image`
--

INSERT INTO `product_image` (`product_id`, `ftp_url`, `http_url`, `sort_order`) VALUES
('000000000001', '30046493b.jpg', '30046493b.jpg', 0),
('000000000001', '30046493b2.jpg', '30046493b2.jpg', 0),
('000000000002', '50141256b.jpg', '50141256b.jpg', 0),
('000000000002', '50141256b2.jpg', '50141256b2.jpg', 0),
('000000000002', '50141256b4.jpg', '50141256b4.jpg', 0),
('000000000004', '40ec61411c92eac07cd543f0cee4ad81.jpg', '40ec61411c92eac07cd543f0cee4ad81.jpg', 0),
('000000000005', '1350x.jpg', '1350x.jpg', 0),
('000000000006', '571756.jpg', '571756.jpg', 0),
('000000000003', '20068499b.jpg', '20068499b.jpg', 0),
('000000000003', '20068499b3.jpg', '20068499b3.jpg', 0),
('000000000003', '20068499b1.jpg', '20068499b1.jpg', 0),
('000000000012', '86d9153895ba98a3a9a8faccce9ff52e8284f4e102d77fc6c5e121f12e4c8f59.jpg', '86d9153895ba98a3a9a8faccce9ff52e8284f4e102d77fc6c5e121f12e4c8f59.jpg', 0),
('000000000012', 'bf02a57f79dd12440b9443ae6de8c0e9909957955900acce183db41c145df138.jpg', 'bf02a57f79dd12440b9443ae6de8c0e9909957955900acce183db41c145df138.jpg', 0),
('000000000011', '74d209fa322b0ea21ae8cd5464fa7524c9dbfac43874a701cc45854495201cd7.jpg', '74d209fa322b0ea21ae8cd5464fa7524c9dbfac43874a701cc45854495201cd7.jpg', 0),
('000000000010', '6a8924e4368922057a4789f35c5045b013680f391a4728b99c8902fd4315536f.jpg', '6a8924e4368922057a4789f35c5045b013680f391a4728b99c8902fd4315536f.jpg', 0),
('000000000010', '95c1e5f9fdc0a8f268d50f22bb5930bb514fabb8a979540bb2e2c485e9e1d5cf.jpg', '95c1e5f9fdc0a8f268d50f22bb5930bb514fabb8a979540bb2e2c485e9e1d5cf.jpg', 0),
('000000000009', '79f9c8d1590e5036d2533c10a6d3030c4c3f37d57d93ce3ddab4d6a8a8586c69.jpg', '79f9c8d1590e5036d2533c10a6d3030c4c3f37d57d93ce3ddab4d6a8a8586c69.jpg', 0),
('000000000008', '2aea360b4ac330436b47f0f3edaae48d3a8bdac9ceb00fb4d1504c28a1c2821d.jpg', '2aea360b4ac330436b47f0f3edaae48d3a8bdac9ceb00fb4d1504c28a1c2821d.jpg', 0),
('000000000007', '1f19bc91ff7262a0d4c4d93e1ee663d403ee7f5888d07a80978c7b81b8c1cb35.jpg', '1f19bc91ff7262a0d4c4d93e1ee663d403ee7f5888d07a80978c7b81b8c1cb35.jpg', 0),
('000000000011', '5f8cd7daad03d1d39f97f6d35b371b8e231f3c74477fe191b589bcda966dbdb1.jpg', '5f8cd7daad03d1d39f97f6d35b371b8e231f3c74477fe191b589bcda966dbdb1.jpg', 0),
('000000000013', 'e0debca5125461d750890b54db6706d7ba8bc2b2bf0e71f706c238a3045b2a5e.jpg', 'e0debca5125461d750890b54db6706d7ba8bc2b2bf0e71f706c238a3045b2a5e.jpg', 0),
('000000000014', '32bf4ce87d3d768c537720d0e4e27d267467927a586e0f7e9a52c864c7e0a5d8.jpg', '32bf4ce87d3d768c537720d0e4e27d267467927a586e0f7e9a52c864c7e0a5d8.jpg', 0),
('000000000015', 'dd5d3d9d22aa3b0b548d4fa56ad38ce9134620d5b69c166a214bce78ec2bd76f.jpg', 'dd5d3d9d22aa3b0b548d4fa56ad38ce9134620d5b69c166a214bce78ec2bd76f.jpg', 0);

-- --------------------------------------------------------

--
-- Table structure for table `provider`
--

DROP TABLE IF EXISTS `provider`;
CREATE TABLE `provider` (
  `id` varchar(6) CHARACTER SET utf8 COLLATE utf8_unicode_ci NOT NULL,
  `title` text CHARACTER SET utf8 COLLATE utf8_unicode_ci NOT NULL,
  `description` text CHARACTER SET utf8 COLLATE utf8_unicode_ci NOT NULL,
  `image` tinytext CHARACTER SET utf8 COLLATE utf8_unicode_ci NOT NULL
) ENGINE=MyISAM DEFAULT CHARSET=utf8 COLLATE=utf8_unicode_ci;

--
-- Dumping data for table `provider`
--

INSERT INTO `provider` (`id`, `title`, `description`, `image`) VALUES
('00002', 'Apple', '', '00002.jpg'),
('00005', 'DNS', '', '00005_DNS.png'),
('00003', 'Барамба', '', ''),
('00004', 'М-Видео', '', ''),
('00001', 'Ситилинк', '', '');

-- --------------------------------------------------------

--
-- Table structure for table `shop`
--

DROP TABLE IF EXISTS `shop`;
CREATE TABLE `shop` (
  `id` int NOT NULL,
  `provider_id` int NOT NULL,
  `title` text CHARACTER SET utf8 COLLATE utf8_unicode_ci NOT NULL,
  `description` text CHARACTER SET utf8 COLLATE utf8_unicode_ci NOT NULL,
  `address` text CHARACTER SET utf8 COLLATE utf8_unicode_ci NOT NULL,
  `geox` text CHARACTER SET utf8 COLLATE utf8_unicode_ci NOT NULL,
  `geoy` text CHARACTER SET utf8 COLLATE utf8_unicode_ci NOT NULL,
  `icon` text CHARACTER SET utf8 COLLATE utf8_unicode_ci NOT NULL
) ENGINE=MyISAM DEFAULT CHARSET=utf8 COLLATE=utf8_unicode_ci;

-- --------------------------------------------------------

--
-- Table structure for table `size`
--

DROP TABLE IF EXISTS `size`;
CREATE TABLE `size` (
  `id` varchar(9) CHARACTER SET utf8 COLLATE utf8_unicode_ci NOT NULL,
  `title` tinytext CHARACTER SET utf8 COLLATE utf8_unicode_ci NOT NULL
) ENGINE=MyISAM DEFAULT CHARSET=utf8 COLLATE=utf8_unicode_ci;

--
-- Dumping data for table `size`
--

INSERT INTO `size` (`id`, `title`) VALUES
('000000002', 'XXL'),
('000000001', 'XXXL');

-- --------------------------------------------------------

--
-- Table structure for table `stock_balance`
--

DROP TABLE IF EXISTS `stock_balance`;
CREATE TABLE `stock_balance` (
  `product_id` varchar(12) CHARACTER SET utf8 COLLATE utf8_unicode_ci NOT NULL,
  `rest` int NOT NULL DEFAULT '0',
  `size` varchar(255) CHARACTER SET utf8 COLLATE utf8_unicode_ci NOT NULL,
  `store_id` varchar(9) CHARACTER SET utf8 COLLATE utf8_unicode_ci NOT NULL
) ENGINE=MyISAM DEFAULT CHARSET=utf8 COLLATE=utf8_unicode_ci ROW_FORMAT=DYNAMIC;

--
-- Dumping data for table `stock_balance`
--

INSERT INTO `stock_balance` (`product_id`, `rest`, `size`, `store_id`) VALUES
('000000000002', 1, '', '000000004'),
('000000000002', 10, '', '000000002'),
('000000000002', 3, '', '000000003'),
('000000000003', 8, '', '000000005'),
('000000000004', 6, '', '000000002'),
('000000000004', 4, '', '000000003'),
('000000000004', 2, '', '000000004'),
('000000000005', 15, '', '000000002'),
('000000000005', 38, '', '000000003'),
('000000000005', 42, '', '000000004'),
('000000000006', 30, '', '000000002'),
('000000000006', 14, '', '000000003'),
('000000000006', 69, '', '000000004'),
('000000000001', 0, '', '000000002'),
('000000000001', 0, '', '000000003'),
('000000000001', 0, '', '000000004'),
('000000000007', 10, '', '000000005'),
('000000000012', 50, '', '000000007'),
('000000000013', 20, '', '000000007'),
('000000000014', 15, '', '000000007'),
('000000000015', 5, '', '000000007');

-- --------------------------------------------------------

--
-- Table structure for table `store`
--

DROP TABLE IF EXISTS `store`;
CREATE TABLE `store` (
  `id` varchar(9) CHARACTER SET utf8 COLLATE utf8_unicode_ci NOT NULL,
  `provider_id` varchar(6) CHARACTER SET utf8 COLLATE utf8_unicode_ci NOT NULL,
  `title` text CHARACTER SET utf8 COLLATE utf8_unicode_ci NOT NULL,
  `description` text CHARACTER SET utf8 COLLATE utf8_unicode_ci NOT NULL,
  `address` text CHARACTER SET utf8 COLLATE utf8_unicode_ci NOT NULL,
  `geox` text CHARACTER SET utf8 COLLATE utf8_unicode_ci NOT NULL,
  `geoy` text CHARACTER SET utf8 COLLATE utf8_unicode_ci NOT NULL,
  `icon` text CHARACTER SET utf8 COLLATE utf8_unicode_ci NOT NULL
) ENGINE=MyISAM DEFAULT CHARSET=utf8 COLLATE=utf8_unicode_ci;

--
-- Dumping data for table `store`
--

INSERT INTO `store` (`id`, `provider_id`, `title`, `description`, `address`, `geox`, `geoy`, `icon`) VALUES
('000000007', '00005', 'DNS Москва «Афимолл Сити»', '', '', '55.748359', '37.539473', ''),
('000000002', '00003', 'Магазин 1 (Барамба)', '', '', '55.657123', '37.739375', ''),
('000000003', '00003', 'Магазин 2 (Барамба)', '', '', '55.895247', '37.57195', ''),
('000000004', '00003', 'Магазин 3 (Барамба)', '', '', '55.72993', '37.496337', ''),
('000000005', '00004', 'На Волгоградке (м-видео)', '', '', '55.721462', '37.697468', ''),
('000000001', '00001', 'Ситилинк(ул. 5-я кожуховская)', '', '', '55.704362', '37.683324', ''),
('000000006', '00001', 'ТестАдреса', '', '', '55.676907', '37.576968', '');

-- --------------------------------------------------------

--
-- Table structure for table `test`
--

DROP TABLE IF EXISTS `test`;
CREATE TABLE `test` (
  `id` int NOT NULL,
  `name` varchar(255) CHARACTER SET utf8 COLLATE utf8_unicode_ci DEFAULT NULL
) ENGINE=InnoDB DEFAULT CHARSET=utf8 COLLATE=utf8_unicode_ci;

-- --------------------------------------------------------

--
-- Table structure for table `user`
--

DROP TABLE IF EXISTS `user`;
CREATE TABLE `user` (
  `id` int NOT NULL,
  `name` tinytext CHARACTER SET utf8 COLLATE utf8_unicode_ci NOT NULL,
  `phone` int DEFAULT NULL,
  `email` varchar(255) CHARACTER SET utf8 COLLATE utf8_unicode_ci DEFAULT NULL,
  `email_confirmed` tinyint(1) NOT NULL DEFAULT '0',
  `timestamp` timestamp NOT NULL DEFAULT CURRENT_TIMESTAMP ON UPDATE CURRENT_TIMESTAMP
) ENGINE=InnoDB DEFAULT CHARSET=utf8 COLLATE=utf8_unicode_ci;

--
-- Dumping data for table `user`
--

INSERT INTO `user` (`id`, `name`, `phone`, `email`, `email_confirmed`) VALUES
(1, '', NULL, NULL, 0),
(2, '', NULL, NULL, 0),
(3, '', NULL, NULL, 0),
(4, '', NULL, NULL, 0),
(5, '', NULL, NULL, 0),
(6, '', NULL, NULL, 0),
(7, '', NULL, NULL, 0),
(8, '', NULL, NULL, 0),
(9, '', NULL, NULL, 0),
(10, '', NULL, NULL, 0),
(11, '', NULL, NULL, 0),
(12, '', NULL, NULL, 0),
(13, '', NULL, NULL, 0);

-- --------------------------------------------------------

--
-- Table structure for table `user_data`
--

DROP TABLE IF EXISTS `user_data`;
CREATE TABLE `user_data` (
  `id` int NOT NULL,
  `user_id` int DEFAULT NULL,
  `address` text CHARACTER SET utf8 COLLATE utf8_unicode_ci,
  `geodata` text CHARACTER SET utf8 COLLATE utf8_unicode_ci,
  `timestamp` timestamp NOT NULL DEFAULT CURRENT_TIMESTAMP
) ENGINE=InnoDB DEFAULT CHARSET=utf8 COLLATE=utf8_unicode_ci;

-- --------------------------------------------------------

--
-- Structure for view `filtered_product`
--
DROP TABLE IF EXISTS `filtered_product`;

DROP VIEW IF EXISTS `filtered_product`;
CREATE ALGORITHM=UNDEFINED DEFINER=`saychas_z`@`localhost` SQL SECURITY DEFINER VIEW `filtered_product`  AS  select distinct `s`.`id` AS `id`,`s`.`provider_id` AS `provider_id`,`s`.`title` AS `title`,`pr`.`id` AS `product_id`,`pr`.`title` AS `product_title`,`sb`.`rest` AS `rest`,`pri`.`price` AS `price`,`pr`.`param_value_list` AS `param_value_list`,`pr`.`param_variable_list` AS `param_variable_list` from ((((`store` `s` join `provider` `p` on((`p`.`id` = `s`.`provider_id`))) join `product` `pr` on((`pr`.`provider_id` = `s`.`provider_id`))) left join `stock_balance` `sb` on(((`sb`.`product_id` = `pr`.`id`) and (`sb`.`store_id` = `s`.`id`)))) left join `price` `pri` on(((`pri`.`product_id` = `pr`.`id`) and (`pri`.`provider_id` = `p`.`id`)))) ;

--
-- Indexes for dumped tables
--

--
-- Indexes for table `brand`
--
ALTER TABLE `brand`
  ADD PRIMARY KEY (`id`);

--
-- Indexes for table `category`
--
ALTER TABLE `category`
  ADD PRIMARY KEY (`id`);

--
-- Indexes for table `characteristic`
--
ALTER TABLE `characteristic`
  ADD PRIMARY KEY (`id`);

--
-- Indexes for table `characteristic_value`
--
ALTER TABLE `characteristic_value`
  ADD PRIMARY KEY (`id`);

--
-- Indexes for table `country`
--
ALTER TABLE `country`
  ADD PRIMARY KEY (`id`);

--
-- Indexes for table `customer`
--
ALTER TABLE `customer`
  ADD PRIMARY KEY (`id`);

--
-- Indexes for table `price`
--
ALTER TABLE `price`
  ADD PRIMARY KEY (`product_id`,`provider_id`);

--
-- Indexes for table `product`
--
ALTER TABLE `product`
  ADD PRIMARY KEY (`id`);

--
-- Indexes for table `product_image`
--
ALTER TABLE `product_image`
  ADD PRIMARY KEY (`product_id`,`ftp_url`);

--
-- Indexes for table `provider`
--
ALTER TABLE `provider`
  ADD PRIMARY KEY (`id`);

--
-- Indexes for table `shop`
--
ALTER TABLE `shop`
  ADD PRIMARY KEY (`id`);

--
-- Indexes for table `size`
--
ALTER TABLE `size`
  ADD PRIMARY KEY (`id`);

--
-- Indexes for table `stock_balance`
--
ALTER TABLE `stock_balance`
  ADD PRIMARY KEY (`product_id`,`size`,`store_id`);

--
-- Indexes for table `store`
--
ALTER TABLE `store`
  ADD PRIMARY KEY (`id`);

--
-- Indexes for table `test`
--
ALTER TABLE `test`
  ADD PRIMARY KEY (`id`);

--
-- Indexes for table `user`
--
ALTER TABLE `user`
  ADD PRIMARY KEY (`id`),
  ADD UNIQUE KEY `phone` (`phone`),
  ADD UNIQUE KEY `email` (`email`);

--
-- Indexes for table `user_data`
--
ALTER TABLE `user_data`
  ADD PRIMARY KEY (`id`);

--
-- AUTO_INCREMENT for dumped tables
--

--
-- AUTO_INCREMENT for table `customer`
--
ALTER TABLE `customer`
  MODIFY `id` int NOT NULL AUTO_INCREMENT;

--
-- AUTO_INCREMENT for table `test`
--
ALTER TABLE `test`
  MODIFY `id` int NOT NULL AUTO_INCREMENT;

--
-- AUTO_INCREMENT for table `user`
--
ALTER TABLE `user`
  MODIFY `id` int NOT NULL AUTO_INCREMENT, AUTO_INCREMENT=14;

--
-- AUTO_INCREMENT for table `user_data`
--
ALTER TABLE `user_data`
  MODIFY `id` int NOT NULL AUTO_INCREMENT;
COMMIT;

/*!40101 SET CHARACTER_SET_CLIENT=@OLD_CHARACTER_SET_CLIENT */;
/*!40101 SET CHARACTER_SET_RESULTS=@OLD_CHARACTER_SET_RESULTS */;
/*!40101 SET COLLATION_CONNECTION=@OLD_COLLATION_CONNECTION */;
