-- phpMyAdmin SQL Dump
-- version 5.0.2
-- https://www.phpmyadmin.net/
--
-- Host: localhost
-- Generation Time: May 20, 2021 at 06:40 AM
-- Server version: 8.0.23
-- PHP Version: 7.4.16

SET SQL_MODE = "NO_AUTO_VALUE_ON_ZERO";
START TRANSACTION;
SET time_zone = "+00:00";


/*!40101 SET @OLD_CHARACTER_SET_CLIENT=@@CHARACTER_SET_CLIENT */;
/*!40101 SET @OLD_CHARACTER_SET_RESULTS=@@CHARACTER_SET_RESULTS */;
/*!40101 SET @OLD_COLLATION_CONNECTION=@@COLLATION_CONNECTION */;
/*!40101 SET NAMES utf8mb4 */;

--
-- Database: `saychas_z`
--

-- --------------------------------------------------------

--
-- Table structure for table `brand`
--

DROP TABLE IF EXISTS `brand`;
CREATE TABLE `brand` (
  `id` varchar(6) CHARACTER SET utf8 COLLATE utf8_unicode_ci NOT NULL,
  `title` tinytext CHARACTER SET utf8 COLLATE utf8_unicode_ci NOT NULL,
  `description` text CHARACTER SET utf8 COLLATE utf8_unicode_ci NOT NULL,
  `image` tinytext CHARACTER SET utf8 COLLATE utf8_unicode_ci NOT NULL
) ENGINE=MyISAM DEFAULT CHARSET=utf8 COLLATE=utf8_unicode_ci;

--
-- Dumping data for table `brand`
--

INSERT INTO `brand` (`id`, `title`, `description`, `image`) VALUES
('000005', 'ACER', '', '000005_ACER.png'),
('000007', 'Asus', '', '000007_Asus.png'),
('000001', 'BOSH', '', '000001_BOSH.png'),
('000008', 'Hewlett-Packard', '', '000008_Hewlett-Packard.png'),
('000003', 'HUAWEI', '', '000003_HUAWEI.png'),
('000006', 'Lenovo', '', '000006_Lenovo.png'),
('000009', 'Nokia', '', '000009_Nokia.png'),
('000002', 'SONY', '', '000002_SONY.png'),
('000010', 'Xiaomi', '', '000010_Xiaomi.png'),
('000004', 'Простоквашино', '', '000004_Простоквашино.png');

-- --------------------------------------------------------

--
-- Table structure for table `category`
--

DROP TABLE IF EXISTS `category`;
CREATE TABLE `category` (
  `id` varchar(9) CHARACTER SET utf8 COLLATE utf8_unicode_ci NOT NULL,
  `parent_id` varchar(9) CHARACTER SET utf8 COLLATE utf8_unicode_ci NOT NULL DEFAULT '0',
  `title` text CHARACTER SET utf8 COLLATE utf8_unicode_ci NOT NULL,
  `description` text CHARACTER SET utf8 COLLATE utf8_unicode_ci NOT NULL,
  `icon` varchar(11) CHARACTER SET utf8 COLLATE utf8_unicode_ci NOT NULL DEFAULT '',
  `sort_order` int NOT NULL DEFAULT '0'
) ENGINE=MyISAM DEFAULT CHARSET=utf8 COLLATE=utf8_unicode_ci COMMENT='Категории товаров';

--
-- Dumping data for table `category`
--

INSERT INTO `category` (`id`, `parent_id`, `title`, `description`, `icon`, `sort_order`) VALUES
('000000012', '000000003', 'DECT', '', '', 0),
('000000008', '000000002', 'Аксесуары', '', '', 0),
('000000010', '000000001', 'Бытовая техника', '', '', 0),
('000000025', '000000023', 'Верхная одежда', '', '', 0),
('000000020', '000000019', 'Игровые ноутбуки', '', '', 0),
('000000016', '000000014', 'Кефир', '', '', 0),
('000000007', '000000004', 'Кнопочные', '', '', 0),
('000000017', '000000014', 'Молоко', '', '', 0),
('000000014', '000000013', 'Молочная продукция', '', '', 0),
('000000015', '000000013', 'Мясные продукты', '', '', 0),
('000000009', '000000008', 'Наушники', '', '', 0),
('000000019', '000000002', 'Ноутбуки', '', '', 0),
('000000022', '000000019', 'Ноутбуки', '', '', 0),
('000000024', '000000023', 'Обувь', '', '', 0),
('000000026', '000000025', 'Пальто', '', '', 0),
('000000013', '0', 'Продукты питания', '', '', 0),
('000000018', '000000014', 'Ряженка', '', '', 0),
('000000006', '000000004', 'Смартфоны', '', '', 0),
('000000004', '000000003', 'Сотовые телефоны', '', '', 0),
('000000005', '000000003', 'Стационарные телефоны', '', '', 0),
('000000003', '000000002', 'Телефоны', '', '', 0),
('000000001', '0', 'Техника', '', '', 0),
('000000021', '000000019', 'Ультрабуки', '', '', 0),
('000000023', '0', 'ФЭШН ТОВАРЫ', '', '', 0),
('000000011', '000000010', 'Холодильники', '', '', 0),
('000000002', '000000001', 'Электроника', '', '', 0);

-- --------------------------------------------------------

--
-- Table structure for table `characteristic`
--

DROP TABLE IF EXISTS `characteristic`;
CREATE TABLE `characteristic` (
  `id` varchar(9) CHARACTER SET utf8 COLLATE utf8_unicode_ci NOT NULL DEFAULT '',
  `category_id` varchar(9) CHARACTER SET utf8 COLLATE utf8_unicode_ci NOT NULL DEFAULT '',
  `title` varchar(255) CHARACTER SET utf8 COLLATE utf8_unicode_ci NOT NULL DEFAULT '',
  `type` tinyint(1) NOT NULL DEFAULT '1',
  `filter` tinyint(1) NOT NULL DEFAULT '0',
  `group` tinyint(1) NOT NULL DEFAULT '0',
  `sort_order` int NOT NULL DEFAULT '1',
  `unit` tinytext CHARACTER SET utf8 COLLATE utf8_unicode_ci,
  `description` tinytext CHARACTER SET utf8 COLLATE utf8_unicode_ci
) ENGINE=MyISAM DEFAULT CHARSET=utf8 COLLATE=utf8_unicode_ci;

--
-- Dumping data for table `characteristic`
--

INSERT INTO `characteristic` (`id`, `category_id`, `title`, `type`, `filter`, `group`, `sort_order`, `unit`, `description`) VALUES
('000000015', '000000009', 'Тип подключения', 4, 1, 0, 3, '', ''),
('000000016', '000000009', 'Частотный диапазон', 1, 0, 0, 2, '', ''),
('000000021', '000000009', 'Сопротивление', 1, 0, 0, 1, '', ''),
('000000030', '000000009', 'Система активного подавления', 3, 0, 0, 4, '', ''),
('000000031', '000000009', 'Поддержка AAC', 3, 0, 0, 5, '', ''),
('000000032', '000000006', 'Экран', 0, 0, 0, 10, '', ''),
('000000033', '000000019', 'Оперативная память (RAM)', 4, 0, 0, 2, '', ''),
('000000070', '000000011', 'Заголовок', 0, 0, 0, 3, '', ''),
('000000013', '000000014', 'Жирность', 2, 1, 0, 1, '', ''),
('000000014', '000000006', 'Операционная система', 4, 0, 0, 3, '', ''),
('000000002', '000000024', 'Поставщик', 5, 0, 0, 4, '', ''),
('000000003', '000000024', 'Бренд', 6, 0, 0, 7, '', ''),
('000000017', '000000006', 'Основные характеристики', 0, 0, 0, 2, '', ''),
('000000004', '000000024', 'Цвет', 7, 0, 0, 8, '', ''),
('000000025', '000000006', 'Материал корпуса', 4, 0, 0, 5, '', ''),
('000000027', '000000006', 'Гарантийный срок (мес.)', 2, 0, 0, 8, '', ''),
('000000028', '000000006', 'Дополнительные опции', 1, 0, 0, 9, '', ''),
('000000029', '000000006', 'Диагональ (дюйм)', 2, 0, 0, 11, '', ''),
('000000008', '000000006', 'Высота', 2, 0, 0, 48, '', ''),
('000000001', '000000006', 'Страна-производитель', 2, 0, 0, 7, '', ''),
('000000006', '000000006', 'Длина', 2, 0, 0, 46, '', ''),
('000000009', '000000006', 'Вес', 2, 0, 0, 49, '', ''),
('000000007', '000000006', 'Ширина', 2, 0, 0, 47, '', ''),
('000000005', '000000019', 'Описание', 1, 0, 0, 3, '', ''),
('000000036', '000000006', 'Разрешение', 4, 0, 0, 12, '', ''),
('000000037', '000000006', 'Тип дисплея', 4, 0, 0, 13, '', ''),
('000000038', '000000006', 'Защитное покрытие', 3, 0, 0, 14, '', ''),
('000000039', '000000006', 'Память и процессор', 0, 0, 0, 15, '', ''),
('000000040', '000000006', 'Объем встроенной памяти (ГБ)', 4, 1, 0, 16, '', ''),
('000000041', '000000006', 'Объем оперативной памяти (ГБ)', 4, 0, 0, 17, '', ''),
('000000042', '000000006', 'Макс. объем карты памяти (ГБ)', 4, 0, 0, 18, '', ''),
('000000043', '000000006', 'Процессор', 1, 0, 0, 19, '', ''),
('000000044', '000000006', 'Количество ядер процессора', 2, 0, 0, 20, '', ''),
('000000045', '000000006', 'Тактовая частота процессора (МГц)', 2, 0, 0, 21, '', ''),
('000000046', '000000006', 'Тип карты памяти', 4, 0, 0, 22, '', ''),
('000000047', '000000006', 'Связь', 0, 0, 0, 23, '', ''),
('000000048', '000000006', 'Беспроводные интерфейсы', 1, 0, 0, 24, '', ''),
('000000049', '000000006', 'Стандарт связи', 1, 0, 0, 25, '', ''),
('000000050', '000000006', 'Навигация', 1, 0, 0, 26, '', ''),
('000000051', '000000006', 'Количество SIM карт', 4, 0, 0, 27, '', ''),
('000000052', '000000006', 'Тип SIM карты', 1, 0, 0, 28, '', ''),
('000000053', '000000006', 'Питание', 0, 0, 0, 29, '', ''),
('000000054', '000000006', 'Тип аккумулятора', 1, 0, 0, 30, '', ''),
('000000055', '000000006', 'Емкость аккумулятора (мАч)', 2, 0, 0, 31, '', ''),
('000000056', '000000006', 'Вид разъема', 4, 0, 0, 32, '', ''),
('000000057', '000000006', 'Камера', 0, 0, 0, 33, '', ''),
('000000058', '000000006', 'Количество Мп основной камеры', 2, 0, 0, 34, '', ''),
('000000059', '000000006', 'Количество Мп фронтальной камеры', 2, 0, 0, 35, '', ''),
('000000060', '000000006', 'Особенности объектива', 1, 0, 0, 36, '', ''),
('000000061', '000000006', 'Поддерживаемый формат', 1, 0, 0, 37, '', ''),
('000000062', '000000006', 'Встроенная вспышка', 3, 0, 0, 38, '', ''),
('000000063', '000000006', 'Дополнительные опции камеры', 1, 0, 0, 39, '', ''),
('000000064', '000000006', 'Дополнительная информация', 0, 0, 0, 40, '', ''),
('000000065', '000000006', 'Комплектация', 1, 0, 0, 41, '', ''),
('000000066', '000000006', 'Степень пылевлагозащиты', 1, 0, 0, 42, '', ''),
('000000067', '000000006', 'Транспортировка', 1, 0, 0, 43, '', ''),
('000000068', '000000006', 'Хрупкость', 3, 0, 0, 44, '', ''),
('000000069', '000000006', 'Габариты, вес', 0, 0, 0, 45, '', '');

-- --------------------------------------------------------

--
-- Table structure for table `characteristic_value`
--

DROP TABLE IF EXISTS `characteristic_value`;
CREATE TABLE `characteristic_value` (
  `id` varchar(255) CHARACTER SET utf8 COLLATE utf8_unicode_ci NOT NULL DEFAULT '',
  `title` varchar(255) CHARACTER SET utf8 COLLATE utf8_unicode_ci NOT NULL DEFAULT '',
  `characteristic_id` varchar(9) CHARACTER SET utf8 COLLATE utf8_unicode_ci NOT NULL DEFAULT ''
) ENGINE=MyISAM DEFAULT CHARSET=utf8 COLLATE=utf8_unicode_ci;

--
-- Dumping data for table `characteristic_value`
--

INSERT INTO `characteristic_value` (`id`, `title`, `characteristic_id`) VALUES
('000000002', 'Беспроводной', '000000015'),
('000000001', 'Проводной', '000000015'),
('000000004', '16 ГБ', '000000033'),
('000000013', '2 ГБ', '000000033'),
('000000005', '32 ГБ', '000000033'),
('000000003', '8 ГБ', '000000033'),
('000000007', '128 ГБ', '000000034'),
('000000008', '256 ГБ', '000000034'),
('000000014', '32 ГБ', '000000034'),
('000000009', '512 ГБ', '000000034'),
('000000006', '64 ГБ', '000000034'),
('000000011', 'Android', '000000014'),
('000000012', 'Mac OS', '000000014'),
('000000010', 'MS Windows', '000000014'),
('000000015', 'пластик', '000000025'),
('000000039', '1440x720', '000000036'),
('000000017', 'OLED', '000000037'),
('000000016', 'TFT', '000000037'),
('000000022', '128', '000000040'),
('000000019', '16', '000000040'),
('000000020', '32', '000000040'),
('000000021', '64', '000000040'),
('000000018', '8', '000000040'),
('000000024', '2', '000000041'),
('000000025', '6', '000000041'),
('000000023', '8', '000000041'),
('000000027', '1024', '000000042'),
('000000026', '512', '000000042'),
('000000028', 'microSD', '000000046'),
('000000029', 'microSDHC', '000000046'),
('000000030', 'microSDXC', '000000046'),
('000000031', 'nanoSD', '000000046'),
('000000032', ' Bluetooth', '000000048'),
('000000033', 'Wi-Fi', '000000048'),
('000000034', '1', '000000051'),
('000000035', '2', '000000051'),
('000000037', 'Micro USB', '000000056'),
('000000038', 'mini jack 3.5 мм', '000000056'),
('000000036', 'Type-C', '000000056'),
('9f6967b69a9c02c9245c774576224caa', '29 Ом', '000000021'),
('34dc08d9ebd93805b3a07e3fb4028db4', '29 Ом', '000000021'),
('8093e5f6ab2b71e2627b15ba69238b44', '20 Гц - 20 кГц', '000000016'),
('b6fd43bbeaf35eb46465a87528d99671', '20 Гц - 20 кГц', '000000016'),
('fb1218b5595c2bf2f774afd28879f0bb', '1', '000000030'),
('d345cbab68497533a316193b31e66eff', '1', '000000030'),
('2e722b5f272de42c8b644153610ead25', '1', '000000031'),
('123acfc91197a1743f99e77a870584e9', '1', '000000031'),
('99d175f4f62cc2acd02756569cfccdcb', '29 Ом', '000000021'),
('abd2ea96211c3d97891b50876c33602a', '20 Гц - 20 кГц', '000000016'),
('7bd398db3b6c4c840a96993dcbdf5fd8', '1', '000000030'),
('3a2ea79f419cf2686c8c596f3c496f51', '1', '000000031'),
('b622ceb7499685db8625c3e16b04f4e2', '2.5', '000000013'),
('aef3de87e0636396badc8f466309d980', '2.5', '000000013'),
('0e5ef1bd7362f0b84f7752611f0bb8e4', '2.5', '000000013'),
('9d211a41706582f55d80312629ad33ff', '3.2', '000000013'),
('73b8fa8c557fb4586ba5104fc9c5308e', '3.2', '000000013'),
('f173343b02ec8d82c759542b23a1caac', '3.2', '000000013'),
('2e7abaa851f3ab9c12dbb93292657688', '3.2', '000000013'),
('b02a7ff7b500a66aa93ec7ca2ddb5886', '3.2', '000000013'),
('09d50dd12f03ec818013353c7882b4ce', '3.2', '000000013'),
('1c32b46f227bdfe01f7d882fef32a911', 'Очень удобный', '000000005'),
('f16acc6ff23fe0002d47a60a4bd209bd', 'Очень удобный', '000000005'),
('1f7c7a1eb5dd6cde0651de5e6e2c2a2c', '000009', '000000003'),
('e75b3600be607624422e83b956ae8ebe', '000009', '000000003'),
('22015230397c312c53c23c5804a1b695', '#000000', '000000004'),
('df75b8b509f65946f590fdd2c03ac8a8', '#000000', '000000004'),
('f14bd67ae8e04e56e871b19bf043bc30', '156', '000000001'),
('9de6f0a5bf357dae060b34f1f7012dbe', '156', '000000001'),
('2564561cb462d755b92105f409adf899', '0.1', '000000006'),
('80c961bdd4af4e9b438888db9af6076e', '0.1', '000000006'),
('106329aef01d779bd0fc9c052a399b11', '0.2', '000000007'),
('03a768a2124abc56eeae02aff22203b1', '0.2', '000000007'),
('43cf8eb1986cce61defb302c0911d579', '0.11', '000000008'),
('5f8eaf2f7f57511f650117f8042719d4', '0.11', '000000008'),
('395c2576f2a56816de16d7374576e9e1', '0.17', '000000009'),
('db97459d98f15eb7b59ccee03a0a0265', '0.17', '000000009'),
('ecb5376602ac486f6aa8ff41606c2a07', 'Очень удобный', '000000005'),
('b63efdb9db3dc366f9251f80231e1b29', '000009', '000000003'),
('138f75756214a9b21cbc610cb1b60cd9', '#000000', '000000004'),
('a820a71de8e4426b16b8d70e7ed7e680', '156', '000000001'),
('dd5f2a8af3a97e413b943af984d81bf3', '0.1', '000000006'),
('934c4a52eb6f536bdf35a5fca5edef8b', '0.2', '000000007'),
('7d98bb3af39126ad5dffb9b46230a727', '0.11', '000000008'),
('eea4ff66ed65f173f420be5395fafb36', '0.17', '000000009'),
('ee25bbca5f7560a67885fd7ea6d4526f', 'Huawei Honor 7A - смартфон с современным дизайном. На передней стороне размещается прочное и красиво', '000000005'),
('b87d0afc8e4dea9779f530d63433bb2e', 'Huawei Honor 7A - смартфон с современным дизайном. На передней стороне размещается прочное и красиво', '000000005'),
('5bc6abd82218fed8f5bddcb87f0fe915', '000003', '000000003'),
('956fa39418944c76cdd5ce28686941ae', '000003', '000000003'),
('5d7f6cc71696ea02ce4d74f8df7ccb4c', '#DD9CB3', '000000004'),
('938094c05e151f0097ee8086543b89d2', '#DD9CB3', '000000004'),
('28e2e20f5f69d5088c1fda82b2b922b4', '156', '000000001'),
('0a72eb6106c76f8a0d3d7437c2a9fdc2', '156', '000000001'),
('fd6cd765cf32b5810022ddc22628af0f', '12', '000000027'),
('53cf15fe447bbdc2cc73e305be15d900', '12', '000000027'),
('0c756906d212d7f820b593edc5637173', 'сканер отпечатка пальца; быстрая зарядка; технология распознавания лица', '000000028'),
('287e8ed392403cd5b39018762066424b', 'сканер отпечатка пальца; быстрая зарядка; технология распознавания лица', '000000028'),
('0d7fde6c80d14370ce13160fc2c77a57', '6.5', '000000029'),
('1a84180f11b295066d069249590354a7', '6.5', '000000029'),
('7eed3839c0e4f81f79b665b40a578433', '1', '000000038'),
('1dc1b98ffc0c8d7042f510ea94c44e4d', '1', '000000038'),
('fd14ce21e345d1a6773f3bb67134a218', 'MediaTek Helio G35', '000000043'),
('9e76dd0571c50d25a19ce6f34b11d164', 'MediaTek Helio G35', '000000043'),
('238f00738f824020b4464fa626b9ba02', '8', '000000044'),
('e05c7a73bcea9f7b75f47bb77e3b9b2a', '8', '000000044'),
('422db3060900eb040703d3737f7caf38', '2000', '000000045'),
('0d1187414a8dd0b292323dc79ad279d1', '2000', '000000045'),
('6b5cfd563672da2568c12a0081a3185f', 'Wi-Fi; Bluetooth 5.1; IRDA;  USB;  NFC', '000000048'),
('2ecfd424b9e6b52cd5285fc5e9ac359b', 'Wi-Fi; Bluetooth 5.1; IRDA;  USB;  NFC', '000000048'),
('2a22ddee9e0f1ca6b52baedba8a9ca00', 'GSM 900/1800/1900; 3G; 4G; LTE; VoLTE', '000000049'),
('1f7723eacf81a707f1c4a684b9c681e4', 'GSM 900/1800/1900; 3G; 4G; LTE; VoLTE', '000000049'),
('e7e2b1cfcababa77f59479847f620167', 'ГЛОНАСС; GPS; BeiDou; Galileo; GPS; AGPS', '000000050'),
('1d0aa1a76e686bf18643d5797173ff17', 'ГЛОНАСС; GPS; BeiDou; Galileo; GPS; AGPS', '000000050'),
('4aa02b332510373d6c6a272aa2d6fe96', 'nano SIM', '000000052'),
('a0eb11bfca24e5e502afebe1e54c3f7f', 'nano SIM', '000000052'),
('9429afda66488d6053e8b8b96fa194b4', 'Li-polymer', '000000054'),
('0f22c89b91b3e5ffad1b46e7bfd8cf85', 'Li-polymer', '000000054'),
('238fc5d233a44dc8aac5fedefed54652', '4500', '000000055'),
('704542ed3afa1576b2764067000a6738', '4500', '000000055'),
('53b0d02f9cdb0523d09353c4e667680d', '64', '000000058'),
('1eb8b7152dc928976c824511e583b42c', '64', '000000058'),
('b6711d61391ee7e752742f5d307b7132', '8', '000000059'),
('69fcf05f5df46dc758a5c51ef78f4509', '8', '000000059'),
('9964c140458fad7f986beb7b80747f32', 'макро-объектив; автоматическая фокусировка; цифровой зум', '000000060'),
('2b3eb2b5f5f59a76c05d07b6f8f75fbe', 'макро-объектив; автоматическая фокусировка; цифровой зум', '000000060'),
('5f272c3f4cf16b4843debbcfa1470911', 'Full HD 1080p; AAC; AMR; APE; FLAC; M4V; MKV; MP3; MP4; WAV; XviD; AVI; WMA; WAVE, FLAC; BMP; GIF; J', '000000061'),
('52b237838e417fdca7707960a79d5ce0', 'Full HD 1080p; AAC; AMR; APE; FLAC; M4V; MKV; MP3; MP4; WAV; XviD; AVI; WMA; WAVE, FLAC; BMP; GIF; J', '000000061'),
('4c5fdb2718bd23b0c3786a58566e23c5', '1', '000000062'),
('329bc039e17f6f5fbd378497e0adcab9', '1', '000000062'),
('6574d85abaea8bd1f18ee350eeeca9c8', 'автоматическая фокусировка; ночная  съемка', '000000063'),
('d0b5a4110ba2d53a890a52c5fb7c8c9b', 'автоматическая фокусировка; ночная  съемка', '000000063'),
('01111219a8dc1b201747fba61e5ef038', 'зарядное устройство; смартфон; документация; чехол; USB-кабель; адаптер; гарантийный талон', '000000065'),
('f810056fdbe68d889a29f5be1083e24b', 'зарядное устройство; смартфон; документация; чехол; USB-кабель; адаптер; гарантийный талон', '000000065'),
('9b63ed166eb96d11ac559126070d7ebf', 'IP67', '000000066'),
('8b777a662ca09a09fd3efcc93d626b4e', 'IP67', '000000066'),
('20837f14a8cf9c8e4c89d04e63211f0f', 'Хрупкое', '000000067'),
('6951c22613ade95fa434c1191642be5f', 'Хрупкое', '000000067'),
('1c81066546ba6b708889b3a5859412d9', '1', '000000068'),
('af4fd949accef9fd035fc6397dd6cba8', '1', '000000068'),
('4e4128d1c3dfa4f42fa5c9377f28e0e0', '75.7', '000000006'),
('3bc121e07c3b762a50852f311a3fab48', '75.7', '000000006'),
('2e58552d3c7ed291b798ae7136a2b828', '8.3', '000000007'),
('679750f4af65226cd835a99f4e5b98bc', '8.3', '000000007'),
('5446b8a4e8891d60cc9eb92a59274be2', '150.9', '000000008'),
('801ad1b2c26e61ebd34037aaceae8475', '150.9', '000000008'),
('820f4f4fc6be1970b231084ca752925f', '194', '000000009'),
('316a3ff09b43ba1c9223456c15b4715f', '194', '000000009'),
('4a7a85b26fff3852a21d54731f5aa6a9', 'Huawei Honor 7A - смартфон с современным дизайном. На передней стороне размещается прочное и красиво', '000000005'),
('0168fdf137b4dc46a2eb32df7b72acd0', '000003', '000000003'),
('3d656c7fe1923edf8de4ce2b19223fed', '#DD9CB3', '000000004'),
('05055003fed788e27d20a1f81199f010', '156', '000000001'),
('69b9d2ae360136bedfb00bb84f240e14', '12', '000000027'),
('e10c5a7b321526b0e6ffff324c087ad4', 'сканер отпечатка пальца; быстрая зарядка; технология распознавания лица', '000000028'),
('d357bac352ea4e15d6f74773b176c3b7', '6.5', '000000029'),
('ad4cffc8a250e2f35f10dbe2e875d641', '1', '000000038'),
('fe11b8e398d4cc0cbfe2ab473bf96767', 'MediaTek Helio G35', '000000043'),
('e0f152aec5a642c666658fbff33cd28a', '8', '000000044'),
('a0509ef13df8027034a425c169fa5ab3', '2000', '000000045'),
('9fc4278e0ba757001dae379844116466', 'Wi-Fi; Bluetooth 5.1; IRDA;  USB;  NFC', '000000048'),
('7a28ffd61f0edef662cfe122e3665162', 'GSM 900/1800/1900; 3G; 4G; LTE; VoLTE', '000000049'),
('28646a9077d0ccd27f814f90b9dda489', 'ГЛОНАСС; GPS; BeiDou; Galileo; GPS; AGPS', '000000050'),
('3fe141865f7d0727ab2d2345bc45f2e3', 'nano SIM', '000000052'),
('67bea4d6af7a55db5f50af73ca097a8c', 'Li-polymer', '000000054'),
('769359a5a51d9e4f3c709f124a0e3831', '4500', '000000055'),
('981dcde065e4333300118fff71845449', '64', '000000058'),
('3aafbbc1722f5358e8c2de0d6351bb1a', '8', '000000059'),
('187c9c7aaabd73359df0104a61dc278d', 'макро-объектив; автоматическая фокусировка; цифровой зум', '000000060'),
('8d949baa795385d4a8222861ac3be3ed', 'Full HD 1080p; AAC; AMR; APE; FLAC; M4V; MKV; MP3; MP4; WAV; XviD; AVI; WMA; WAVE, FLAC; BMP; GIF; J', '000000061'),
('19d544a5c605f1598391f1792b445236', '1', '000000062'),
('6ec9228c76673ca66ea96c509245caff', 'автоматическая фокусировка; ночная  съемка', '000000063'),
('8289829297da15c4fd0028f416013e5f', 'зарядное устройство; смартфон; документация; чехол; USB-кабель; адаптер; гарантийный талон', '000000065'),
('02509b13d79f5b1d955581fbeafe1a74', 'IP67', '000000066'),
('370b6e75eda74d4611b913699d6b85af', 'Хрупкое', '000000067'),
('382839ac66eecf494463cfc9b61d9bc5', '1', '000000068'),
('04c46b33320f44d0c2ed57a94d97678f', '75.7', '000000006'),
('2117f8b9ce62c20f9da72490aa392b27', '8.3', '000000007'),
('a674002c0696603b66364212ef4977a8', '150.9', '000000008'),
('4a6452abffb2fa66053c13a111574a8e', '194', '000000009'),
('352532e9510d4d2bf70434d676e0c540', 'Huawei Honor 7A - смартфон с современным дизайном. На передней стороне размещается прочное и красиво', '000000005'),
('249ff000426aa2e5a7f910665444cb54', 'Huawei Honor 7A - смартфон с современным дизайном. На передней стороне размещается прочное и красиво', '000000005'),
('01341a106895443a0707ba3d90a52561', '000003', '000000003'),
('80ed229404ecb3c479078444b89954f7', '000003', '000000003'),
('a68d10eb95a335f89eb0eba31e2f5680', '#000000', '000000004'),
('d7e43d6abbf844eb7dcab39da942136a', '#000000', '000000004'),
('322577e5ce98a1612997af658f944bc2', '156', '000000001'),
('6a269db04c28e8b6720e5e023b0e22b9', '156', '000000001'),
('192785364a6d48e81f5ded0c2b317a25', '12', '000000027'),
('ac592fdf335482e9e55b9b3785d82c76', '12', '000000027'),
('6cfb83dd8dad98a3dafc81729f431092', 'сканер отпечатка пальца; быстрая зарядка; технология распознавания лица', '000000028'),
('f9969a62c977abbcf44b8c5442e346f6', 'сканер отпечатка пальца; быстрая зарядка; технология распознавания лица', '000000028'),
('0819d937db8c2123e4d1e34656080d2f', '6.5', '000000029'),
('06a7f7561415e41b61d55bc4bfcfbf23', '6.5', '000000029'),
('6eae3050626f12d35608f9245503f375', '1', '000000038'),
('300750cb5270887d14838b459b538ee3', '1', '000000038'),
('15f60bba9fc46b12a63dd1dd1c42b8d3', 'MediaTek Helio G35', '000000043'),
('3394cbaf09d3ccbc12fead793b26ea68', 'MediaTek Helio G35', '000000043'),
('7f7852e1d149b88ac4a5c156f5530e78', '8', '000000044'),
('889fa75718689a5f20c28c784a2391e5', '8', '000000044'),
('ccc630ba69252ce73dec5409131b4813', '2000', '000000045'),
('cf31c9cb418d14542dd069bad9bd3dc7', '2000', '000000045'),
('77d59a3b4389dccfde7550c114e18dcc', 'Wi-Fi; Bluetooth 5.1; IRDA;  USB;  NFC', '000000048'),
('1292583554d03b1cd278cfc38dce6a76', 'Wi-Fi; Bluetooth 5.1; IRDA;  USB;  NFC', '000000048'),
('e6fe53974db7faee50ff5c03508ac005', 'GSM 900/1800/1900; 3G; 4G; LTE; VoLTE', '000000049'),
('513032e1f73b1844699625233c7e91cd', 'GSM 900/1800/1900; 3G; 4G; LTE; VoLTE', '000000049'),
('49b656de068f7bfc92a16ac77690ef29', 'ГЛОНАСС; GPS; BeiDou; Galileo; GPS; AGPS', '000000050'),
('ea431fad622e6c3dd4ccc943ce1e5ab7', 'ГЛОНАСС; GPS; BeiDou; Galileo; GPS; AGPS', '000000050'),
('fa1f34353384ad499b05d1e13a92060e', 'nano SIM', '000000052'),
('4c6a53256a5c5505d28776a1e0df75b7', 'nano SIM', '000000052'),
('9b6f983fc0aa284c9c45e95d5569fc77', 'Li-polymer', '000000054'),
('a14f9df460b560fde4b61eededfc3030', 'Li-polymer', '000000054'),
('cf4cb4c67fce3abd1b7401ef6d3d51a5', '4500', '000000055'),
('057eeb909c543e1d7633b6ae98b5967b', '4500', '000000055'),
('c2c6c07cbcba92721c709164b1855daa', '64', '000000058'),
('0a403d39ae5c96663c4e18d088d66dc3', '64', '000000058'),
('0ab6a367490c8a7c0e2650786ce2cd83', '8', '000000059'),
('7eecc445807c62bf2ba3b09986241f4c', '8', '000000059'),
('d4c10875296cdf283c9e056e9d7c1ba5', 'макро-объектив; автоматическая фокусировка; цифровой зум', '000000060'),
('688e32396e6f0ba57b3f27758203faf3', 'макро-объектив; автоматическая фокусировка; цифровой зум', '000000060'),
('2555aa0f68df1f27caa4aa99e7a70224', 'Full HD 1080p; AAC; AMR; APE; FLAC; M4V; MKV; MP3; MP4; WAV; XviD; AVI; WMA; WAVE, FLAC; BMP; GIF; J', '000000061'),
('282599c15d7fa9029a3f0b7602260686', 'Full HD 1080p; AAC; AMR; APE; FLAC; M4V; MKV; MP3; MP4; WAV; XviD; AVI; WMA; WAVE, FLAC; BMP; GIF; J', '000000061'),
('47826d17815fe4c8987ff6f6fd94ff17', '1', '000000062'),
('1b0ebfbe8d8b8d150ebe6fce5d926880', '1', '000000062'),
('3ea7eaa46220a2ed9c325509b4e8d53c', 'автоматическая фокусировка; ночная  съемка', '000000063'),
('4ad6380758be28feb88c567bfd3e3162', 'автоматическая фокусировка; ночная  съемка', '000000063'),
('c959976ea2d1cf46f1adc35b78ed55e1', 'зарядное устройство; смартфон; документация; чехол; USB-кабель; адаптер; гарантийный талон', '000000065'),
('983bc202925ff95f84b08ada51fec757', 'зарядное устройство; смартфон; документация; чехол; USB-кабель; адаптер; гарантийный талон', '000000065'),
('3aa10e6b30119cc6c88d79d8b424f52f', 'IP67', '000000066'),
('d5b695f64c530ef8281a516dc8ed4ce5', 'IP67', '000000066'),
('ba6616ff415ba60037ab228b7137c1ed', 'Хрупкое', '000000067'),
('02c150f6c27d28c539794c7c82cac1b5', 'Хрупкое', '000000067'),
('cc9d2c230bdced810e2820b5bb866513', '1', '000000068'),
('a96a9d00e71f2f94c5649e936c2ad62d', '1', '000000068'),
('40e0c33cfe8ab026215c563c7ec21d90', '75.7', '000000006'),
('8651402881751330986950234b62a4d6', '75.7', '000000006'),
('8a1af1a4d0e9c41d719c399ccb73b7e5', '8.3', '000000007'),
('1c7ed05a9f9fb284da38436d774f0856', '8.3', '000000007'),
('0b3a7f83b600771c3ef44968ec0525c7', '150.9', '000000008'),
('ad887a5118a1b0d7ef77efac1caa0a0f', '150.9', '000000008'),
('1901811dec14b062e8166d69a22ac570', '194', '000000009'),
('ab3d746fc6a04e17daae417190a161d0', '194', '000000009'),
('073b65a85fb15a257405145bbf382791', 'Huawei Honor 7A - смартфон с современным дизайном. На передней стороне размещается прочное и красиво', '000000005'),
('1a16adaa7b8d05c9af2a2a05b9cfd112', '000003', '000000003'),
('de6a101fd7042c8e1a323979fdf6c60b', '#000000', '000000004'),
('d589b5b8f3d3536bcd1f51baca1b593c', '156', '000000001'),
('07eb02414f0cd90d664986ed5b388378', '12', '000000027'),
('954d8b5ed1944fdcc81709434395ea88', 'сканер отпечатка пальца; быстрая зарядка; технология распознавания лица', '000000028'),
('6b9279b5fff91a1c4d42a2d77e4c6503', '6.5', '000000029'),
('8dfdbcc830706d32302e5e283593af1f', '1', '000000038'),
('1e7acceca1783f8c36a2d74fd5a98e7d', 'MediaTek Helio G35', '000000043'),
('e12e0540d8409121300956c0d11c406d', '8', '000000044'),
('0e9dc52eab75fd09d03d8045c66b6451', '2000', '000000045'),
('788d2ed696d88254056fe05527678629', 'Wi-Fi; Bluetooth 5.1; IRDA;  USB;  NFC', '000000048'),
('baff3d5059979632b15a1a65ebf2612b', 'GSM 900/1800/1900; 3G; 4G; LTE; VoLTE', '000000049'),
('8dd658a690ee8a8652d34bc1d5cb39a8', 'ГЛОНАСС; GPS; BeiDou; Galileo; GPS; AGPS', '000000050'),
('c21d6786f0026370b8a84c08e03f4d31', 'nano SIM', '000000052'),
('212b747ab29e9d2827c1845e89e8a487', 'Li-polymer', '000000054'),
('21fa2d295b7d2547c9bb9ede28af09cb', '4500', '000000055'),
('2892dfb373c3ff9dabc535b0c5ed9ed1', '64', '000000058'),
('aafabc3761bfe5328ff9dc057e342ee1', '8', '000000059'),
('dc6a6e990d01f1fc0b0498a39fa15155', 'макро-объектив; автоматическая фокусировка; цифровой зум', '000000060'),
('739a35f384dae3feb374319d8ce21ae2', 'Full HD 1080p; AAC; AMR; APE; FLAC; M4V; MKV; MP3; MP4; WAV; XviD; AVI; WMA; WAVE, FLAC; BMP; GIF; J', '000000061'),
('d37d96d350eb745e5e764b462aa59426', '1', '000000062'),
('969d1753aee5620bee7ab797f43d8ac5', 'автоматическая фокусировка; ночная  съемка', '000000063'),
('bd6dba82b40fcd62352982cfccc9e2c9', 'зарядное устройство; смартфон; документация; чехол; USB-кабель; адаптер; гарантийный талон', '000000065'),
('9fba2fdef71e553f054f762eee8832c4', 'IP67', '000000066'),
('2082db24f58e85cfe287439dbfeb92f4', 'Хрупкое', '000000067'),
('b23196780278b90228ecbdcb94aa66cb', '1', '000000068'),
('17b9ae92506d37075a543633d1fcfa31', '75.7', '000000006'),
('27ad5226537e4397c59561d4728b2afd', '8.3', '000000007'),
('c4c3a08172e663c555f89beca0b35d52', '150.9', '000000008'),
('448e725dcb6412f50cc2a8f101ee22a1', '194', '000000009'),
('2ad84851d0b2dec5f17e1652efa494ba', 'Huawei Honor 7A - смартфон с современным дизайном. На передней стороне размещается прочное и красиво', '000000005'),
('871079c7941f5997ab176c56671d16f6', 'Huawei Honor 7A - смартфон с современным дизайном. На передней стороне размещается прочное и красиво', '000000005'),
('95e183d66d3b311380d59e41adbf8d60', '000010', '000000003'),
('d286ab333dcd849f9a472cffa2e4f10d', '000010', '000000003'),
('13051cb4544ecc6eafab98db440b9ed6', '#A6CAF0', '000000004'),
('861a88cd9f90e1812957d46d439ad5d1', '#A6CAF0', '000000004'),
('e903cbc6bf668d8ee46a80bf657bb7b0', '156', '000000001'),
('9468d7b6e96e3e7bc6fd1da471654cd3', '156', '000000001'),
('7bc02d1f644f11b35373d0a50dcc6e6d', '12', '000000027'),
('87c8cda219c8cabd2f0ae1dbe138a21c', '12', '000000027'),
('b91d9d9be3eade59006c461750854edc', 'сканер отпечатка пальца; быстрая зарядка; технология распознавания лица', '000000028'),
('5f9be114aff7b21e97f2b6aa926f6c77', 'сканер отпечатка пальца; быстрая зарядка; технология распознавания лица', '000000028'),
('fd7342413d9e9a00a9161d7591320c76', '6.5', '000000029'),
('833a10b17a203049a3040fc7bfa51c1f', '6.5', '000000029'),
('3f949707ce0d63f2459ab552aa0cbfe2', '1', '000000038'),
('896cab94ac014f986b256c2071a2711b', '1', '000000038'),
('f0d40ce1d355b2485eeeb7dabd0c2138', 'MediaTek Helio G35', '000000043'),
('2586c1e921b02307115f8ee034e34645', 'MediaTek Helio G35', '000000043'),
('fae45cbdc55bda52f2487e51a16999c4', '8', '000000044'),
('f20ebfcba3967f494ff712492f2d4793', '8', '000000044'),
('74f0ddc814c115a957d9b5974931578e', '2000', '000000045'),
('408b7406265cf76254706f8b37f835be', '2000', '000000045'),
('bd0593742713ea7746ff9f91b4ea3692', 'Wi-Fi; Bluetooth 5.1; IRDA;  USB;  NFC', '000000048'),
('7eb0cad9e36e5e6415adae804b499060', 'Wi-Fi; Bluetooth 5.1; IRDA;  USB;  NFC', '000000048'),
('4730cfd9aa8d8661b7940728c8d0c084', 'GSM 900/1800/1900; 3G; 4G; LTE; VoLTE', '000000049'),
('c66a67bef95f08dd27cdcad699c75c87', 'GSM 900/1800/1900; 3G; 4G; LTE; VoLTE', '000000049'),
('4be2144656e385ac10bf75c66d6fc063', 'ГЛОНАСС; GPS; BeiDou; Galileo; GPS; AGPS', '000000050'),
('d88131d60592c731495957028adcfcb9', 'ГЛОНАСС; GPS; BeiDou; Galileo; GPS; AGPS', '000000050'),
('28eb4099058516cfdf88e3649cc61cd8', 'nano SIM', '000000052'),
('40701682af4fdd5a502277616f709b9b', 'nano SIM', '000000052'),
('90e6324b709807b78c10bc99d4d0f8d2', 'Li-polymer', '000000054'),
('4488c9d08844fd4b3cb0452c4c10b916', 'Li-polymer', '000000054'),
('f0b2d57de6970265b325ad05d95eea39', '4500', '000000055'),
('ec7e9f95c251a5219b233d1010cbe129', '4500', '000000055'),
('ec9bff5b49bae39761266d31e2dd66aa', '64', '000000058'),
('4619557cbf5a18e57d82d4e29c805852', '64', '000000058'),
('04ece2b90c2ce9a35e447d09d927b591', '8', '000000059'),
('140fc2f2091d1cd03ae1eb6e5b15ea6a', '8', '000000059'),
('7bcff2e90b96fe2999304d9aef01f561', 'макро-объектив; автоматическая фокусировка; цифровой зум', '000000060'),
('e96a1c87277cd8e9b61d1fde5e6af29f', 'макро-объектив; автоматическая фокусировка; цифровой зум', '000000060'),
('71e4c06b340be2b6239a863cbcc6c52e', 'Full HD 1080p; AAC; AMR; APE; FLAC; M4V; MKV; MP3; MP4; WAV; XviD; AVI; WMA; WAVE, FLAC; BMP; GIF; J', '000000061'),
('4af53b302237ee946adfd2cb7e11a4e3', 'Full HD 1080p; AAC; AMR; APE; FLAC; M4V; MKV; MP3; MP4; WAV; XviD; AVI; WMA; WAVE, FLAC; BMP; GIF; J', '000000061'),
('ebe55c719e771af6df678f171c0a0035', '1', '000000062'),
('e1cb04cc5c0a9f3fc1e31b6a31b5260d', '1', '000000062'),
('d81909f7294632959fe3c4d1e5d15b0a', 'автоматическая фокусировка; ночная  съемка', '000000063'),
('9f3286b7a7c1e13d8c06fbb22ce5ab03', 'автоматическая фокусировка; ночная  съемка', '000000063'),
('5fcb09c6577a2d1e54835fad20985068', 'зарядное устройство; смартфон; документация; чехол; USB-кабель; адаптер; гарантийный талон', '000000065'),
('e922598bdf0ec586e99449bb96053797', 'зарядное устройство; смартфон; документация; чехол; USB-кабель; адаптер; гарантийный талон', '000000065'),
('dcacc059eb7d784d768ce92031ed6b88', 'IP67', '000000066'),
('67d2b02a24d2eeaf539d107a96170862', 'IP67', '000000066'),
('7d3bf930ea92926fba0b99be7e994b47', 'Хрупкое', '000000067'),
('473a20deb7f628af1c09e49f108ff18f', 'Хрупкое', '000000067'),
('35aa735f98f68d61257017fa69bb66a8', '1', '000000068'),
('3c9237fc58644e51a685ac577301c3f6', '1', '000000068'),
('af47fea4f993f8a05404761c1b30baa5', '75.7', '000000006'),
('73e9eef016b2c3b9afe20b87926ab31e', '75.7', '000000006'),
('707d87890155ec17740e357ce54fe768', '8.3', '000000007'),
('8643e367508f92fc71960efc0a2827c1', '8.3', '000000007'),
('26a41b23cef4222083868f74fa25c604', '150.9', '000000008'),
('d5d0a1311b3884673aaef7d89dcc925c', '150.9', '000000008'),
('39d152915952d10846c6def914c60c6f', '194', '000000009'),
('35ffc102eceb95085929622d01554855', '194', '000000009'),
('f41a0946cae6efe86662f9a48a110325', 'Huawei Honor 7A - смартфон с современным дизайном. На передней стороне размещается прочное и красиво', '000000005'),
('e54f89d4cb9fb1cbb44bd0a6bf9d8abc', '000010', '000000003'),
('22ac0e565418b27039829a5472f921b1', '#A6CAF0', '000000004'),
('f43f247f8ad7ceae3fd948ffbf6bc516', '156', '000000001'),
('9e842cc8c93945b1cfb14f5eb38a6963', '12', '000000027'),
('372b60ee752ec254f9ae679f3976725f', 'сканер отпечатка пальца; быстрая зарядка; технология распознавания лица', '000000028'),
('f85f57745cdae3a2293ee38c468b7487', '6.5', '000000029'),
('4d6aaa9ed56f544b39624f41803ca704', '1', '000000038'),
('c45182a5e04bd3818535d48d5e9f506f', 'MediaTek Helio G35', '000000043'),
('093c1b51cd98d1425a5a491b2ebb731e', '8', '000000044'),
('5e1c34108afe55f81938ee8acfbf3225', '2000', '000000045'),
('21872181d578291c0cff0d8f064ca38e', 'Wi-Fi; Bluetooth 5.1; IRDA;  USB;  NFC', '000000048'),
('abb2a834d4cbc986662ff3103cfc5484', 'GSM 900/1800/1900; 3G; 4G; LTE; VoLTE', '000000049'),
('c24c6868f61106478b940fa1e5f39180', 'ГЛОНАСС; GPS; BeiDou; Galileo; GPS; AGPS', '000000050'),
('41ce95bfc42bf89c2535b4b121a394ad', 'nano SIM', '000000052'),
('a8f14e2f3be8cdb0f91a996de3a1ad88', 'Li-polymer', '000000054'),
('4458aee14e8c0a60706f83330665f1c8', '4500', '000000055'),
('916dd3bfba0bb6b288e2ff3b6bcd80d5', '64', '000000058'),
('daa2d53345147214b9b4933e8418cef1', '8', '000000059'),
('b37c024156eb2becc76faa55e37d5a40', 'макро-объектив; автоматическая фокусировка; цифровой зум', '000000060'),
('5ec81d19e897fa5d2093c4d0485dd25c', 'Full HD 1080p; AAC; AMR; APE; FLAC; M4V; MKV; MP3; MP4; WAV; XviD; AVI; WMA; WAVE, FLAC; BMP; GIF; J', '000000061'),
('5c93079b1573ca3aafaa347b22d8d6f7', '1', '000000062'),
('34ae75a7a90e52b8553ebff7531c8efe', 'автоматическая фокусировка; ночная  съемка', '000000063'),
('bc3fed0bf70a60f168a871c1ee944ca4', 'зарядное устройство; смартфон; документация; чехол; USB-кабель; адаптер; гарантийный талон', '000000065'),
('c73e94239c8a3a1382f328ca9bc8d334', 'IP67', '000000066'),
('1dacefcc69c6f17a7e321c348e53cc1b', 'Хрупкое', '000000067'),
('28c0c172cb7c5c189478ae79617d4bb1', '1', '000000068'),
('da293507be5beda6f222a1311136aec8', '75.7', '000000006'),
('c9e1940792e5a8f0fb4a918ec67b91a1', '8.3', '000000007'),
('720682f84ac65cc772395025e74f7f53', '150.9', '000000008'),
('827856debeeb3aad24b3df5ac7ece347', '194', '000000009'),
('cfc82207843eaa402c16e1ea68f9cc9b', 'Huawei Honor 7A - смартфон с современным дизайном. На передней стороне размещается прочное и красиво', '000000005'),
('c496acbd1669a7eb990196444e801cd9', 'Huawei Honor 7A - смартфон с современным дизайном. На передней стороне размещается прочное и красиво', '000000005'),
('e78aa6f1590bc3d7f08bddb05aa46395', '000010', '000000003'),
('71d44e30339abdf4f828dd4af92c118f', '000010', '000000003'),
('56e2292ab587b08746f4e06234d13d16', '#FFFFFF', '000000004'),
('3e01de1150c4bf0255490b5d0041539a', '#FFFFFF', '000000004'),
('7ad872262c1bc577c8431c2a91f19d25', '156', '000000001'),
('18604312d1ae2019e79fdfcf58c56f93', '156', '000000001'),
('4456f3fa9d73a297b50818c5218722b5', '12', '000000027'),
('4f530d0f76025f624a9d4f77bddd2871', '12', '000000027'),
('6ebca0ee284ad326eab07ce5cb3a3a2b', 'сканер отпечатка пальца; быстрая зарядка; технология распознавания лица', '000000028'),
('416a65e0d6c333784f4d8973204e449b', 'сканер отпечатка пальца; быстрая зарядка; технология распознавания лица', '000000028'),
('faabf6b2ea67eed4c28b062e92449acd', '6.5', '000000029'),
('75eb7b4962d038799d4d9be05e519fb2', '6.5', '000000029'),
('4a2f40d359b61e19cbf5ff52a3c4f967', '1', '000000038'),
('6ede80b1fc19dd5bc4ae863242c2f6be', '1', '000000038'),
('213e7e1285a1a193babc3da2b40c6814', 'MediaTek Helio G35', '000000043'),
('85519f3529a42492f7e355f6bea700fb', 'MediaTek Helio G35', '000000043'),
('ccfee2506f50e8dd7a945dde1f6f9fb6', '8', '000000044'),
('e080f474eb9c67be17408edebafb2d5d', '8', '000000044'),
('9b12fd15e88960184f440e5e126c2e2e', '2000', '000000045'),
('5ababa8cf082b869885d29410852cb5f', '2000', '000000045'),
('db5f3b95e7e5be861c514f8f1477930a', 'Wi-Fi; Bluetooth 5.1; IRDA;  USB;  NFC', '000000048'),
('8ba912fef20b31c97b4ff374e4a58825', 'Wi-Fi; Bluetooth 5.1; IRDA;  USB;  NFC', '000000048'),
('354eb04dde8b83769967d5116d7d7e0c', 'GSM 900/1800/1900; 3G; 4G; LTE; VoLTE', '000000049'),
('5db36d9aab6feb5fb802955150f35ec5', 'GSM 900/1800/1900; 3G; 4G; LTE; VoLTE', '000000049'),
('409f8f709222ef47388ba2be3decb3cd', 'ГЛОНАСС; GPS; BeiDou; Galileo; GPS; AGPS', '000000050'),
('8f351d1f0c6e057a9f85d08bd27cca9d', 'ГЛОНАСС; GPS; BeiDou; Galileo; GPS; AGPS', '000000050'),
('8d600ce86dc126407be5f91c25767bbc', 'nano SIM', '000000052'),
('b2320c30f35e51ac2d3d9a5ee96d3dc5', 'nano SIM', '000000052'),
('e8a4aae4f1dff818b164f88ae3191790', 'Li-polymer', '000000054'),
('95b1ff76adc6ebc8db1a3a2b0f0c1967', 'Li-polymer', '000000054'),
('99468d779620d3f0fe5010c3d7b5987b', '4500', '000000055'),
('6aa7c4f40102c82641c4c81c7a196486', '4500', '000000055'),
('39ca0e7dc6df04192969a805cb0d4c03', '64', '000000058'),
('89fed8161dc316ef44c44a9bcfcdcc56', '64', '000000058'),
('703163fae70df27f17f94734bb6357d7', '8', '000000059'),
('b55ada7d824bdbcacd4a0c3d3aa997a1', '8', '000000059'),
('fe3e4848b09653854af87fdab608f0fe', 'макро-объектив; автоматическая фокусировка; цифровой зум', '000000060'),
('8a9205d70f31bf5ecc6d59434c1a90e8', 'макро-объектив; автоматическая фокусировка; цифровой зум', '000000060'),
('7e9464d9b8efc20189d50295ae5e31ee', 'Full HD 1080p; AAC; AMR; APE; FLAC; M4V; MKV; MP3; MP4; WAV; XviD; AVI; WMA; WAVE, FLAC; BMP; GIF; J', '000000061'),
('885a7ce3c4ac53e16fe44fcdf0e40383', 'Full HD 1080p; AAC; AMR; APE; FLAC; M4V; MKV; MP3; MP4; WAV; XviD; AVI; WMA; WAVE, FLAC; BMP; GIF; J', '000000061'),
('bd72f9dfabe22dbd5209b8c798ab4151', '1', '000000062'),
('0aa409775ac47b6a9cafaa7c1a6d8776', '1', '000000062'),
('b16c490da1cb25a0bfb6a5448e1aeb9d', 'автоматическая фокусировка; ночная  съемка', '000000063'),
('5fa061802708e51cf07944b9a4ccdf67', 'автоматическая фокусировка; ночная  съемка', '000000063'),
('f8ddc850096b7f8831e245550acabe38', 'зарядное устройство; смартфон; документация; чехол; USB-кабель; адаптер; гарантийный талон', '000000065'),
('620e19f2522c21e3ce073feb5b23680c', 'зарядное устройство; смартфон; документация; чехол; USB-кабель; адаптер; гарантийный талон', '000000065'),
('3a9656a4bdc7a882f3576a95344111bc', 'IP67', '000000066'),
('b5e35d2326cefb673fe94fb528e28bd9', 'IP67', '000000066'),
('82007dd51df6d30ce6f9533d6e3d384e', 'Хрупкое', '000000067'),
('cc30d371acc29cba17a5b771c8b213b1', 'Хрупкое', '000000067'),
('f9aa0d735afbecd255bdcb9557b6e4fb', '1', '000000068'),
('fad4b95ea1bb35069082259e7fe28952', '1', '000000068'),
('2c9344a34c8f0babaf336e8a168d5bee', '75.7', '000000006'),
('ff4797ee4177b9fcd5f13cf4c2c22986', '75.7', '000000006'),
('6b5d545c7844a2f7b1fb8673da42a581', '8.3', '000000007'),
('f633f010a2e71d1471a8373c922a1828', '8.3', '000000007'),
('5684eeaca3a9d2706d1c3f378eb2e454', '150.9', '000000008'),
('716b667250499bfddbc8bfe6cbba28e3', '150.9', '000000008'),
('5c84a3e92f81b84996e0cf5fa39209be', '194', '000000009'),
('4126845bdc3da7128891e73a57c644ce', '194', '000000009'),
('3792e6723f21c7e622f7b822ae63a8de', 'Huawei Honor 7A - смартфон с современным дизайном. На передней стороне размещается прочное и красиво', '000000005'),
('f538d202c5f6ed88d8e5125a5599e5b3', '000010', '000000003'),
('c472a0a8d60f9b4cae29aa3c8d0529c8', '#FFFFFF', '000000004'),
('f9170a786ab62a9595da2e7ae9fb6dda', '156', '000000001'),
('fd59679905d86235b7adbc0ce8072699', '12', '000000027'),
('b65f5da00458ac42f6bc033cce0aef18', 'сканер отпечатка пальца; быстрая зарядка; технология распознавания лица', '000000028'),
('a6052e79852e9aba9be1ef1c7308cc7c', '6.5', '000000029'),
('54b077a75ed4cf2b71aca6ec475513b2', '1', '000000038'),
('2d32108f5bea68f1846f9926610cad8f', 'MediaTek Helio G35', '000000043'),
('3af8f66128e186f766d9b32a6614f746', '8', '000000044'),
('2202cca71cba9eaeaa10e3bc56e221ee', '2000', '000000045'),
('cc077f6e59750c612265ef230a50ea57', 'Wi-Fi; Bluetooth 5.1; IRDA;  USB;  NFC', '000000048'),
('1bc14626fc4827980223f596db009b41', 'GSM 900/1800/1900; 3G; 4G; LTE; VoLTE', '000000049'),
('55a3610910fd94d405fdffd320830d87', 'ГЛОНАСС; GPS; BeiDou; Galileo; GPS; AGPS', '000000050'),
('9c371f2e006223792f65b20b8db6e404', 'nano SIM', '000000052'),
('93022afa73630c3d2cf351f698bf84b7', 'Li-polymer', '000000054'),
('5ee080f48d2b1b152fbf87eef0d7b906', '4500', '000000055'),
('2567171f9fc4b670a1ab6c297ee64356', '64', '000000058'),
('d6df59336b154e915994f7873d7465c4', '8', '000000059'),
('13ab5bff0aa24872731b3cb271bcc36d', 'макро-объектив; автоматическая фокусировка; цифровой зум', '000000060'),
('7d5dcb153b96d638bba503c4d58c9698', 'Full HD 1080p; AAC; AMR; APE; FLAC; M4V; MKV; MP3; MP4; WAV; XviD; AVI; WMA; WAVE, FLAC; BMP; GIF; J', '000000061'),
('3870b96ee8e852d0164e03e0b7727c88', '1', '000000062'),
('7af1c02b4ad63c385390cf02a7ff176b', 'автоматическая фокусировка; ночная  съемка', '000000063'),
('163b74dd6d5bb2564b3620914fe1d4ff', 'зарядное устройство; смартфон; документация; чехол; USB-кабель; адаптер; гарантийный талон', '000000065'),
('59703ba71211ed4d28cc1ab2cde56878', 'IP67', '000000066'),
('e71575ab5191af9b2f31f4168b9848a8', 'Хрупкое', '000000067'),
('f812d42697548200e6c11091396e77ae', '1', '000000068'),
('45f982fcfc404e2ed818bbbc21f1b0c7', '75.7', '000000006'),
('673480403172e49b12b9bd322397b6b3', '8.3', '000000007'),
('16a433d3fe11c432f2a9c6b96b7d11c6', '150.9', '000000008'),
('800abdabf1828c35b1c02471b52f3790', '194', '000000009');

-- --------------------------------------------------------

--
-- Table structure for table `characteristic_value2`
--

DROP TABLE IF EXISTS `characteristic_value2`;
CREATE TABLE `characteristic_value2` (
  `id` varchar(32) CHARACTER SET utf8 COLLATE utf8_unicode_ci NOT NULL DEFAULT '',
  `title` varchar(255) CHARACTER SET utf8 COLLATE utf8_unicode_ci NOT NULL DEFAULT '',
  `characteristic_id` varchar(9) CHARACTER SET utf8 COLLATE utf8_unicode_ci NOT NULL DEFAULT ''
) ENGINE=MyISAM DEFAULT CHARSET=utf8 COLLATE=utf8_unicode_ci;

-- --------------------------------------------------------

--
-- Table structure for table `country`
--

DROP TABLE IF EXISTS `country`;
CREATE TABLE `country` (
  `id` int NOT NULL,
  `title` tinytext CHARACTER SET utf8 COLLATE utf8_unicode_ci NOT NULL,
  `code` tinytext CHARACTER SET utf8 COLLATE utf8_unicode_ci NOT NULL
) ENGINE=MyISAM DEFAULT CHARSET=utf8 COLLATE=utf8_unicode_ci;

-- --------------------------------------------------------

--
-- Table structure for table `customer`
--

DROP TABLE IF EXISTS `customer`;
CREATE TABLE `customer` (
  `id` int NOT NULL,
  `name` tinytext CHARACTER SET utf8 COLLATE utf8_unicode_ci NOT NULL,
  `phone` int NOT NULL,
  `email` tinytext CHARACTER SET utf8 COLLATE utf8_unicode_ci NOT NULL,
  `password` tinytext CHARACTER SET utf8 COLLATE utf8_unicode_ci NOT NULL
) ENGINE=MyISAM DEFAULT CHARSET=utf8 COLLATE=utf8_unicode_ci;

-- --------------------------------------------------------

--
-- Stand-in structure for view `filtered_product`
-- (See below for the actual view)
--
DROP VIEW IF EXISTS `filtered_product`;
CREATE TABLE `filtered_product` (
`id` varchar(9)
,`param_value_list` text
,`param_variable_list` text
,`price` int
,`product_id` varchar(12)
,`product_title` text
,`provider_id` varchar(6)
,`rest` int
,`title` text
);

-- --------------------------------------------------------

--
-- Table structure for table `param_title`
--

DROP TABLE IF EXISTS `param_title`;
CREATE TABLE `param_title` (
  `id` int NOT NULL,
  `title` tinytext CHARACTER SET utf8 COLLATE utf8_unicode_ci NOT NULL,
  `sort_order` int NOT NULL DEFAULT '0',
  `filter` int NOT NULL DEFAULT '0',
  `category_id` int NOT NULL,
  `type` tinyint NOT NULL DEFAULT '1'
) ENGINE=MyISAM DEFAULT CHARSET=utf8 COLLATE=utf8_unicode_ci;

-- --------------------------------------------------------

--
-- Table structure for table `param_value`
--

DROP TABLE IF EXISTS `param_value`;
CREATE TABLE `param_value` (
  `id` int NOT NULL,
  `parent_id` int NOT NULL,
  `type` int NOT NULL DEFAULT '0',
  `sort_order` int NOT NULL DEFAULT '0',
  `value` text CHARACTER SET utf8 COLLATE utf8_unicode_ci NOT NULL
) ENGINE=MyISAM DEFAULT CHARSET=utf8 COLLATE=utf8_unicode_ci;

-- --------------------------------------------------------

--
-- Table structure for table `post`
--

DROP TABLE IF EXISTS `post`;
CREATE TABLE `post` (
  `id` varchar(255) CHARACTER SET utf8 COLLATE utf8_unicode_ci DEFAULT NULL,
  `email` varchar(255) CHARACTER SET utf8 COLLATE utf8_unicode_ci DEFAULT NULL,
  `blog` varchar(255) CHARACTER SET utf8 COLLATE utf8_unicode_ci DEFAULT NULL
) ENGINE=MyISAM DEFAULT CHARSET=utf8 COLLATE=utf8_unicode_ci;

--
-- Dumping data for table `post`
--

INSERT INTO `post` (`id`, `email`, `blog`) VALUES
('001', 'asdf@b.com', 'blog 1'),
('002', 'aaa@bbb.com', 'blog2'),
('003', 'a@c.com', 'blog 3');

-- --------------------------------------------------------

--
-- Table structure for table `predef_char_value`
--

DROP TABLE IF EXISTS `predef_char_value`;
CREATE TABLE `predef_char_value` (
  `id` varchar(9) CHARACTER SET utf8 COLLATE utf8_unicode_ci NOT NULL DEFAULT '',
  `title` varchar(255) CHARACTER SET utf8 COLLATE utf8_unicode_ci NOT NULL DEFAULT '',
  `characteristic_id` varchar(9) CHARACTER SET utf8 COLLATE utf8_unicode_ci NOT NULL DEFAULT ''
) ENGINE=MyISAM DEFAULT CHARSET=utf8 COLLATE=utf8_unicode_ci;

--
-- Dumping data for table `predef_char_value`
--

INSERT INTO `predef_char_value` (`id`, `title`, `characteristic_id`) VALUES
('000000002', 'Беспроводной', '000000001'),
('000000001', 'Проводной', '000000001'),
('000000004', '16 ГБ', '000000007'),
('000000005', '32 ГБ', '000000007'),
('000000003', '8 ГБ', '000000007'),
('000000007', '128 ГБ', '000000008'),
('000000008', '256 ГБ', '000000008'),
('000000009', '512 ГБ', '000000008'),
('000000006', '64 ГБ', '000000008');

-- --------------------------------------------------------

--
-- Table structure for table `price`
--

DROP TABLE IF EXISTS `price`;
CREATE TABLE `price` (
  `product_id` varchar(12) CHARACTER SET utf8 COLLATE utf8_unicode_ci NOT NULL,
  `reserve` int NOT NULL,
  `store_id` varchar(9) CHARACTER SET utf8 COLLATE utf8_unicode_ci NOT NULL,
  `unit` tinytext CHARACTER SET utf8 COLLATE utf8_unicode_ci NOT NULL,
  `price` int NOT NULL,
  `old_price` int NOT NULL DEFAULT '0',
  `provider_id` varchar(6) CHARACTER SET utf8 COLLATE utf8_unicode_ci NOT NULL
) ENGINE=MyISAM DEFAULT CHARSET=utf8 COLLATE=utf8_unicode_ci;

--
-- Dumping data for table `price`
--

INSERT INTO `price` (`product_id`, `reserve`, `store_id`, `unit`, `price`, `old_price`, `provider_id`) VALUES
('000000000006', 0, '', '', 8300, 0, '00003'),
('000000000005', 0, '', '', 7800, 0, '00003'),
('000000000004', 0, '', '', 7400, 6500, '00003'),
('000000000002', 0, '', '', 800000, 470100, '00003'),
('000000000001', 0, '', '', 580000, 0, '00003'),
('000000000003', 0, '', '', 5699000, 0, '00004'),
('000000000007', 0, '', '', 5400000, 0, '00005'),
('000000000009', 0, '', '', 5100000, 0, '00005'),
('000000000010', 0, '', '', 4500000, 0, '00005'),
('000000000012', 0, '', '', 1500000, 0, '00005'),
('000000000013', 0, '', '', 1600000, 0, '00005'),
('000000000014', 0, '', '', 2000000, 0, '00005'),
('000000000015', 0, '', '', 2200000, 0, '00005'),
('000000000011', 0, '', '', 1250000, 0, '00005'),
('000000000008', 0, '', '', 4730000, 0, '00005');

-- --------------------------------------------------------

--
-- Table structure for table `product`
--

DROP TABLE IF EXISTS `product`;
CREATE TABLE `product` (
  `id` varchar(12) CHARACTER SET utf8 COLLATE utf8_unicode_ci NOT NULL,
  `provider_id` varchar(6) CHARACTER SET utf8 COLLATE utf8_unicode_ci NOT NULL,
  `category_id` varchar(9) CHARACTER SET utf8 COLLATE utf8_unicode_ci NOT NULL,
  `title` text CHARACTER SET utf8 COLLATE utf8_unicode_ci NOT NULL,
  `description` text CHARACTER SET utf8 COLLATE utf8_unicode_ci NOT NULL,
  `vendor_code` varchar(100) CHARACTER SET utf8 COLLATE utf8_unicode_ci NOT NULL,
  `param_value_list` text CHARACTER SET utf8 COLLATE utf8_unicode_ci NOT NULL,
  `param_variable_list` text CHARACTER SET utf8 COLLATE utf8_unicode_ci NOT NULL,
  `brand_id` varchar(8) CHARACTER SET utf8 COLLATE utf8_unicode_ci NOT NULL
) ENGINE=MyISAM DEFAULT CHARSET=utf8 COLLATE=utf8_unicode_ci;

--
-- Dumping data for table `product`
--

INSERT INTO `product` (`id`, `provider_id`, `category_id`, `title`, `description`, `vendor_code`, `param_value_list`, `param_variable_list`, `brand_id`) VALUES
('000000000016', '00001', '000000011', 'тестовый товар', '', '987987', '', '[{\"id\":\"000000070\",\"is_title\":true,\"value\":\"\"}]', '000002'),
('000000000001', '00003', '000000006', 'Смартфон vivo Y31, голубой океан', '', 'PL_08/17', '6.76', '[{\"id\":\"000000005\",\"is_title\":false,\"value\":\"\"},{\"id\":\"000000017\",\"is_title\":true,\"value\":\"\"},{\"id\":\"000000014\",\"is_title\":false,\"value\":\"\"},{\"id\":\"000000003\",\"is_title\":false,\"value\":\"\"},{\"id\":\"000000025\",\"is_title\":false,\"value\":\"\"},{\"id\":\"000000004\",\"is_title\":false,\"value\":\"\"},{\"id\":\"000000001\",\"is_title\":false,\"value\":\"\"},{\"id\":\"000000027\",\"is_title\":false,\"value\":\"\"},{\"id\":\"000000028\",\"is_title\":false,\"value\":\"\"},{\"id\":\"000000029\",\"is_title\":false,\"value\":\"\"},{\"id\":\"000000036\",\"is_title\":false,\"value\":\"\"},{\"id\":\"000000037\",\"is_title\":false,\"value\":\"\"},{\"id\":\"000000038\",\"is_title\":false,\"value\":\"\"},{\"id\":\"000000039\",\"is_title\":true,\"value\":\"\"},{\"id\":\"000000040\",\"is_title\":false,\"value\":\"\"},{\"id\":\"000000041\",\"is_title\":false,\"value\":\"\"},{\"id\":\"000000042\",\"is_title\":false,\"value\":\"\"},{\"id\":\"000000043\",\"is_title\":false,\"value\":\"\"},{\"id\":\"000000044\",\"is_title\":false,\"value\":\"\"},{\"id\":\"000000045\",\"is_title\":false,\"value\":\"\"},{\"id\":\"000000046\",\"is_title\":false,\"value\":\"\"},{\"id\":\"000000047\",\"is_title\":true,\"value\":\"\"},{\"id\":\"000000048\",\"is_title\":false,\"value\":\"\"},{\"id\":\"000000049\",\"is_title\":false,\"value\":\"\"},{\"id\":\"000000050\",\"is_title\":false,\"value\":\"\"},{\"id\":\"000000051\",\"is_title\":false,\"value\":\"\"},{\"id\":\"000000052\",\"is_title\":false,\"value\":\"\"},{\"id\":\"000000053\",\"is_title\":true,\"value\":\"\"},{\"id\":\"000000054\",\"is_title\":false,\"value\":\"\"},{\"id\":\"000000055\",\"is_title\":false,\"value\":\"\"},{\"id\":\"000000056\",\"is_title\":false,\"value\":\"\"},{\"id\":\"000000057\",\"is_title\":true,\"value\":\"\"},{\"id\":\"000000058\",\"is_title\":false,\"value\":\"\"},{\"id\":\"000000059\",\"is_title\":false,\"value\":\"\"},{\"id\":\"000000060\",\"is_title\":false,\"value\":\"\"},{\"id\":\"000000061\",\"is_title\":false,\"value\":\"\"},{\"id\":\"000000062\",\"is_title\":false,\"value\":\"\"},{\"id\":\"000000063\",\"is_title\":false,\"value\":\"\"},{\"id\":\"000000064\",\"is_title\":true,\"value\":\"\"},{\"id\":\"000000065\",\"is_title\":false,\"value\":\"\"},{\"id\":\"000000066\",\"is_title\":false,\"value\":\"\"},{\"id\":\"000000067\",\"is_title\":false,\"value\":\"\"},{\"id\":\"000000068\",\"is_title\":false,\"value\":\"\"},{\"id\":\"000000069\",\"is_title\":true,\"value\":\"\"},{\"id\":\"000000006\",\"is_title\":false,\"value\":\"\"},{\"id\":\"000000007\",\"is_title\":false,\"value\":\"\"},{\"id\":\"000000008\",\"is_title\":false,\"value\":\"\"},{\"id\":\"000000009\",\"is_title\":false,\"value\":\"\"}]', '000002'),
('000000000002', '00003', '000000009', 'Наушники True Wireless Huawei Freebuds Pro угольный черный', '', '50141256', '000000002,99d175f4f62cc2acd02756569cfccdcb,abd2ea96211c3d97891b50876c33602a,7bd398db3b6c4c840a96993dcbdf5fd8,3a2ea79f419cf2686c8c596f3c496f51', '[{\"id\":\"000000021\",\"is_title\":false,\"value\":\"29 u041eu043c\"},{\"id\":\"000000016\",\"is_title\":false,\"value\":\"20 u0413u0446 - 20 u043au0413u0446\"},{\"id\":\"000000030\",\"is_title\":false,\"value\":true},{\"id\":\"000000031\",\"is_title\":false,\"value\":true}]', '000003'),
('000000000004', '00003', '000000017', 'Молоко', '', 'М-0011', '0e5ef1bd7362f0b84f7752611f0bb8e4', '[{\"id\":\"000000013\",\"is_title\":false,\"value\":2.5}]', '000004'),
('000000000005', '00003', '000000016', 'Кефир', '', 'К-0012', 'f173343b02ec8d82c759542b23a1caac', '[{\"id\":\"000000013\",\"is_title\":false,\"value\":3.2}]', '000004'),
('000000000006', '00003', '000000018', 'Ряженка', '', 'Р-00123', '09d50dd12f03ec818013353c7882b4ce', '[{\"id\":\"000000013\",\"is_title\":false,\"value\":3.2}]', '000004'),
('000000000003', '00004', '000000011', 'Холодильник Bosch Serie | 4 VitaFresh KGN39XW27R', '', '20068499', '', '[{\"id\":\"000000070\",\"is_title\":true,\"value\":\"\"}]', '000001'),
('000000000007', '00005', '000000020', 'Ноутбук Acer Nitro 5 AN515-43-R45P черный', '', '1645276', '', '[{\"id\":\"000000014\",\"is_title\":false,\"value\":\"\"},{\"id\":\"000000033\",\"is_title\":false,\"value\":\"\"},{\"id\":\"000000005\",\"is_title\":false,\"value\":\"\"}]', '000005'),
('000000000008', '00005', '000000020', 'Ноутбук Lenovo IdeaPad 3 Gaming 15IMH05 черный', '', '1655081', '', '[{\"id\":\"000000014\",\"is_title\":false,\"value\":\"\"},{\"id\":\"000000033\",\"is_title\":false,\"value\":\"\"},{\"id\":\"000000005\",\"is_title\":false,\"value\":\"\"}]', '000006'),
('000000000009', '00005', '000000020', 'Ноутбук ASUS TUF Gaming FX505DT-HN564T черный', '', '1655299', '', '[{\"id\":\"000000014\",\"is_title\":false,\"value\":\"\"},{\"id\":\"000000033\",\"is_title\":false,\"value\":\"\"},{\"id\":\"000000005\",\"is_title\":false,\"value\":\"\"}]', '000007'),
('000000000010', '00005', '000000020', 'Ноутбук HP Pavilion Gaming 15-ec1086ur черный', '', '4721670', '', '[{\"id\":\"000000014\",\"is_title\":false,\"value\":\"\"},{\"id\":\"000000033\",\"is_title\":false,\"value\":\"\"},{\"id\":\"000000005\",\"is_title\":false,\"value\":\"\"}]', '000008'),
('000000000011', '00005', '000000006', 'Смартфон Nokia 2.4', 'Очень удобный', '4717711', 'ecb5376602ac486f6aa8ff41606c2a07,b63efdb9db3dc366f9251f80231e1b29,138f75756214a9b21cbc610cb1b60cd9,a820a71de8e4426b16b8d70e7ed7e680,dd5f2a8af3a97e413b943af984d81bf3,934c4a52eb6f536bdf35a5fca5edef8b,7d98bb3af39126ad5dffb9b46230a727,eea4ff66ed65f173f420be5395fafb36', '[{\"id\":\"000000005\",\"is_title\":false,\"value\":\"u041eu0447u0435u043du044c u0443u0434u043eu0431u043du044bu0439\"},{\"id\":\"000000017\",\"is_title\":true,\"value\":\"\"},{\"id\":\"000000014\",\"is_title\":false,\"value\":\"\"},{\"id\":\"000000003\",\"is_title\":false,\"value\":\"000009\"},{\"id\":\"000000025\",\"is_title\":false,\"value\":\"\"},{\"id\":\"000000004\",\"is_title\":false,\"value\":\"#000000\"},{\"id\":\"000000001\",\"is_title\":false,\"value\":\"156\"},{\"id\":\"000000027\",\"is_title\":false,\"value\":\"\"},{\"id\":\"000000028\",\"is_title\":false,\"value\":\"\"},{\"id\":\"000000032\",\"is_title\":true,\"value\":\"\"},{\"id\":\"000000029\",\"is_title\":false,\"value\":\"\"},{\"id\":\"000000036\",\"is_title\":false,\"value\":\"\"},{\"id\":\"000000037\",\"is_title\":false,\"value\":\"\"},{\"id\":\"000000038\",\"is_title\":false,\"value\":\"\"},{\"id\":\"000000039\",\"is_title\":true,\"value\":\"\"},{\"id\":\"000000040\",\"is_title\":false,\"value\":\"\"},{\"id\":\"000000041\",\"is_title\":false,\"value\":\"\"},{\"id\":\"000000042\",\"is_title\":false,\"value\":\"\"},{\"id\":\"000000043\",\"is_title\":false,\"value\":\"\"},{\"id\":\"000000044\",\"is_title\":false,\"value\":\"\"},{\"id\":\"000000045\",\"is_title\":false,\"value\":\"\"},{\"id\":\"000000046\",\"is_title\":false,\"value\":\"\"},{\"id\":\"000000047\",\"is_title\":true,\"value\":\"\"},{\"id\":\"000000048\",\"is_title\":false,\"value\":\"\"},{\"id\":\"000000049\",\"is_title\":false,\"value\":\"\"},{\"id\":\"000000050\",\"is_title\":false,\"value\":\"\"},{\"id\":\"000000051\",\"is_title\":false,\"value\":\"\"},{\"id\":\"000000052\",\"is_title\":false,\"value\":\"\"},{\"id\":\"000000053\",\"is_title\":true,\"value\":\"\"},{\"id\":\"000000054\",\"is_title\":false,\"value\":\"\"},{\"id\":\"000000055\",\"is_title\":false,\"value\":\"\"},{\"id\":\"000000056\",\"is_title\":false,\"value\":\"\"},{\"id\":\"000000057\",\"is_title\":true,\"value\":\"\"},{\"id\":\"000000058\",\"is_title\":false,\"value\":\"\"},{\"id\":\"000000059\",\"is_title\":false,\"value\":\"\"},{\"id\":\"000000060\",\"is_title\":false,\"value\":\"\"},{\"id\":\"000000061\",\"is_title\":false,\"value\":\"\"},{\"id\":\"000000062\",\"is_title\":false,\"value\":\"\"},{\"id\":\"000000063\",\"is_title\":false,\"value\":\"\"},{\"id\":\"000000064\",\"is_title\":true,\"value\":\"\"},{\"id\":\"000000065\",\"is_title\":false,\"value\":\"\"},{\"id\":\"000000066\",\"is_title\":false,\"value\":\"\"},{\"id\":\"000000067\",\"is_title\":false,\"value\":\"\"},{\"id\":\"000000068\",\"is_title\":false,\"value\":\"\"},{\"id\":\"000000069\",\"is_title\":true,\"value\":\"\"},{\"id\":\"000000006\",\"is_title\":false,\"value\":0.1},{\"id\":\"000000007\",\"is_title\":false,\"value\":0.2},{\"id\":\"000000008\",\"is_title\":false,\"value\":0.11},{\"id\":\"000000009\",\"is_title\":false,\"value\":0.17}]', '000009'),
('000000000012', '00005', '000000006', 'Huawei Honor 7A (розовый)', 'Huawei Honor 7A - смартфон с современным дизайном. На передней стороне размещается прочное и красивое 2,5D-стекло.\nТыльная сторона является матовой, а реализована она из высококачественного алюминия.\n\nДисплей в Honor 7A установлен 5,45-дюймовый FullView-дисплей с разрешением 1440x720.\n\nСмартфон Honor 7A оснащен 4-х ядерным процессором Mediatek MT6739. Здесь используются ядра Cortex-A53, которые работают на максимальной частоте 1500 МГц. В устройстве располагается ускоритель графики PowerVR GE8100.\n\nВстроенная память 16 Гб и 2 Гб оперативной памяти, а расширить внутреннее хранилище можно с помощью карт памяти до 256 Гб.\n\nAndroid 8.1 выступает в качестве операционной системы. При этом интерфейс модернизирован благодаря фирменной оболочке EMUI 8.1.\n\nВнутри аппарата находится несъемный аккумулятор с емкостью 3020 мАч.\n\nHuawei Honor 7A поддерживает две Nano-SIM одновременно. При этом карта памяти может быть установлена отдельно.\n\nИмеется встроенное FM-радио, а также модуль LTE.\n\nКамера\nВ Hu', '1678780', '000000011,000000015,000000039,000000017,000000021,000000023,000000026,000000028,000000035,000000037,4a7a85b26fff3852a21d54731f5aa6a9,0168fdf137b4dc46a2eb32df7b72acd0,3d656c7fe1923edf8de4ce2b19223fed,05055003fed788e27d20a1f81199f010,69b9d2ae360136bedfb00bb84f240e14,e10c5a7b321526b0e6ffff324c087ad4,d357bac352ea4e15d6f74773b176c3b7,ad4cffc8a250e2f35f10dbe2e875d641,fe11b8e398d4cc0cbfe2ab473bf96767,e0f152aec5a642c666658fbff33cd28a,a0509ef13df8027034a425c169fa5ab3,9fc4278e0ba757001dae379844116466,7a28ffd61f0edef662cfe122e3665162,28646a9077d0ccd27f814f90b9dda489,3fe141865f7d0727ab2d2345bc45f2e3,67bea4d6af7a55db5f50af73ca097a8c,769359a5a51d9e4f3c709f124a0e3831,981dcde065e4333300118fff71845449,3aafbbc1722f5358e8c2de0d6351bb1a,187c9c7aaabd73359df0104a61dc278d,8d949baa795385d4a8222861ac3be3ed,19d544a5c605f1598391f1792b445236,6ec9228c76673ca66ea96c509245caff,8289829297da15c4fd0028f416013e5f,02509b13d79f5b1d955581fbeafe1a74,370b6e75eda74d4611b913699d6b85af,382839ac66eecf494463cfc9b61d9bc5,04c46b33320f44d0c2ed57a94d97678f,2117f8b9ce62c20f9da72490aa392b27,a674002c0696603b66364212ef4977a8,4a6452abffb2fa66053c13a111574a8e', '[{\"id\":\"000000005\",\"is_title\":false,\"value\":\"Huawei Honor 7A - u0441u043cu0430u0440u0442u0444u043eu043d u0441 u0441u043eu0432u0440u0435u043cu0435u043du043du044bu043c u0434u0438u0437u0430u0439u043du043eu043c. u041du0430 u043fu0435u0440u0435u0434u043du0435u0439 u0441u0442u043eu0440u043eu043du0435 u0440u0430u0437u043cu0435u0449u0430u0435u0442u0441u044f u043fu0440u043eu0447u043du043eu0435 u0438 u043au0440u0430u0441u0438u0432u043e\"},{\"id\":\"000000017\",\"is_title\":true,\"value\":\"\"},{\"id\":\"000000003\",\"is_title\":false,\"value\":\"000003\"},{\"id\":\"000000004\",\"is_title\":false,\"value\":\"#DD9CB3\"},{\"id\":\"000000001\",\"is_title\":false,\"value\":\"156\"},{\"id\":\"000000027\",\"is_title\":false,\"value\":12},{\"id\":\"000000028\",\"is_title\":false,\"value\":\"u0441u043au0430u043du0435u0440 u043eu0442u043fu0435u0447u0430u0442u043au0430 u043fu0430u043bu044cu0446u0430; u0431u044bu0441u0442u0440u0430u044f u0437u0430u0440u044fu0434u043au0430; u0442u0435u0445u043du043eu043bu043eu0433u0438u044f u0440u0430u0441u043fu043eu0437u043du0430u0432u0430u043du0438u044f u043bu0438u0446u0430\"},{\"id\":\"000000032\",\"is_title\":true,\"value\":\"\"},{\"id\":\"000000029\",\"is_title\":false,\"value\":6.5},{\"id\":\"000000038\",\"is_title\":false,\"value\":true},{\"id\":\"000000039\",\"is_title\":true,\"value\":\"\"},{\"id\":\"000000043\",\"is_title\":false,\"value\":\"MediaTek Helio G35\"},{\"id\":\"000000044\",\"is_title\":false,\"value\":8},{\"id\":\"000000045\",\"is_title\":false,\"value\":2000},{\"id\":\"000000047\",\"is_title\":true,\"value\":\"\"},{\"id\":\"000000048\",\"is_title\":false,\"value\":\"Wi-Fi; Bluetooth 5.1; IRDA;  USB;  NFC\"},{\"id\":\"000000049\",\"is_title\":false,\"value\":\"GSM 900/1800/1900; 3G; 4G; LTE; VoLTE\"},{\"id\":\"000000050\",\"is_title\":false,\"value\":\"u0413u041bu041eu041du0410u0421u0421; GPS; BeiDou; Galileo; GPS; AGPS\"},{\"id\":\"000000052\",\"is_title\":false,\"value\":\"nano SIM\"},{\"id\":\"000000053\",\"is_title\":true,\"value\":\"\"},{\"id\":\"000000054\",\"is_title\":false,\"value\":\"Li-polymer\"},{\"id\":\"000000055\",\"is_title\":false,\"value\":4500},{\"id\":\"000000057\",\"is_title\":true,\"value\":\"\"},{\"id\":\"000000058\",\"is_title\":false,\"value\":64},{\"id\":\"000000059\",\"is_title\":false,\"value\":8},{\"id\":\"000000060\",\"is_title\":false,\"value\":\"u043cu0430u043au0440u043e-u043eu0431u044au0435u043au0442u0438u0432; u0430u0432u0442u043eu043cu0430u0442u0438u0447u0435u0441u043au0430u044f u0444u043eu043au0443u0441u0438u0440u043eu0432u043au0430; u0446u0438u0444u0440u043eu0432u043eu0439 u0437u0443u043c\"},{\"id\":\"000000061\",\"is_title\":false,\"value\":\"Full HD 1080p; AAC; AMR; APE; FLAC; M4V; MKV; MP3; MP4; WAV; XviD; AVI; WMA; WAVE, FLAC; BMP; GIF; J\"},{\"id\":\"000000062\",\"is_title\":false,\"value\":true},{\"id\":\"000000063\",\"is_title\":false,\"value\":\"u0430u0432u0442u043eu043cu0430u0442u0438u0447u0435u0441u043au0430u044f u0444u043eu043au0443u0441u0438u0440u043eu0432u043au0430; u043du043eu0447u043du0430u044f  u0441u044au0435u043cu043au0430\"},{\"id\":\"000000064\",\"is_title\":true,\"value\":\"\"},{\"id\":\"000000065\",\"is_title\":false,\"value\":\"u0437u0430u0440u044fu0434u043du043eu0435 u0443u0441u0442u0440u043eu0439u0441u0442u0432u043e; u0441u043cu0430u0440u0442u0444u043eu043d; u0434u043eu043au0443u043cu0435u043du0442u0430u0446u0438u044f; u0447u0435u0445u043eu043b; USB-u043au0430u0431u0435u043bu044c; u0430u0434u0430u043fu0442u0435u0440; u0433u0430u0440u0430u043du0442u0438u0439u043du044bu0439 u0442u0430u043bu043eu043d\"},{\"id\":\"000000066\",\"is_title\":false,\"value\":\"IP67\"},{\"id\":\"000000067\",\"is_title\":false,\"value\":\"u0425u0440u0443u043fu043au043eu0435\"},{\"id\":\"000000068\",\"is_title\":false,\"value\":true},{\"id\":\"000000069\",\"is_title\":true,\"value\":\"\"},{\"id\":\"000000006\",\"is_title\":false,\"value\":75.7},{\"id\":\"000000007\",\"is_title\":false,\"value\":8.3},{\"id\":\"000000008\",\"is_title\":false,\"value\":150.9},{\"id\":\"000000009\",\"is_title\":false,\"value\":194}]', '000003'),
('000000000013', '00005', '000000006', 'Huawei Honor 7A (черный)', 'Huawei Honor 7A - смартфон с современным дизайном. На передней стороне размещается прочное и красивое 2,5D-стекло.\nТыльная сторона является матовой, а реализована она из высококачественного алюминия.\n\nДисплей в Honor 7A установлен 5,45-дюймовый FullView-дисплей с разрешением 1440x720.\n\nСмартфон Honor 7A оснащен 4-х ядерным процессором Mediatek MT6739. Здесь используются ядра Cortex-A53, которые работают на максимальной частоте 1500 МГц. В устройстве располагается ускоритель графики PowerVR GE8100.\n\nВстроенная память 16 Гб и 2 Гб оперативной памяти, а расширить внутреннее хранилище можно с помощью карт памяти до 256 Гб.\n\nAndroid 8.1 выступает в качестве операционной системы. При этом интерфейс модернизирован благодаря фирменной оболочке EMUI 8.1.\n\nВнутри аппарата находится несъемный аккумулятор с емкостью 3020 мАч.\n\nHuawei Honor 7A поддерживает две Nano-SIM одновременно. При этом карта памяти может быть установлена отдельно.\n\nИмеется встроенное FM-радио, а также модуль LTE.\n\nКамера\nВ Hu', '16787448', '000000011,000000015,000000039,000000017,000000021,000000023,000000026,000000028,000000035,000000037,073b65a85fb15a257405145bbf382791,1a16adaa7b8d05c9af2a2a05b9cfd112,de6a101fd7042c8e1a323979fdf6c60b,d589b5b8f3d3536bcd1f51baca1b593c,07eb02414f0cd90d664986ed5b388378,954d8b5ed1944fdcc81709434395ea88,6b9279b5fff91a1c4d42a2d77e4c6503,8dfdbcc830706d32302e5e283593af1f,1e7acceca1783f8c36a2d74fd5a98e7d,e12e0540d8409121300956c0d11c406d,0e9dc52eab75fd09d03d8045c66b6451,788d2ed696d88254056fe05527678629,baff3d5059979632b15a1a65ebf2612b,8dd658a690ee8a8652d34bc1d5cb39a8,c21d6786f0026370b8a84c08e03f4d31,212b747ab29e9d2827c1845e89e8a487,21fa2d295b7d2547c9bb9ede28af09cb,2892dfb373c3ff9dabc535b0c5ed9ed1,aafabc3761bfe5328ff9dc057e342ee1,dc6a6e990d01f1fc0b0498a39fa15155,739a35f384dae3feb374319d8ce21ae2,d37d96d350eb745e5e764b462aa59426,969d1753aee5620bee7ab797f43d8ac5,bd6dba82b40fcd62352982cfccc9e2c9,9fba2fdef71e553f054f762eee8832c4,2082db24f58e85cfe287439dbfeb92f4,b23196780278b90228ecbdcb94aa66cb,17b9ae92506d37075a543633d1fcfa31,27ad5226537e4397c59561d4728b2afd,c4c3a08172e663c555f89beca0b35d52,448e725dcb6412f50cc2a8f101ee22a1', '[{\"id\":\"000000005\",\"is_title\":false,\"value\":\"Huawei Honor 7A - u0441u043cu0430u0440u0442u0444u043eu043d u0441 u0441u043eu0432u0440u0435u043cu0435u043du043du044bu043c u0434u0438u0437u0430u0439u043du043eu043c. u041du0430 u043fu0435u0440u0435u0434u043du0435u0439 u0441u0442u043eu0440u043eu043du0435 u0440u0430u0437u043cu0435u0449u0430u0435u0442u0441u044f u043fu0440u043eu0447u043du043eu0435 u0438 u043au0440u0430u0441u0438u0432u043e\"},{\"id\":\"000000017\",\"is_title\":true,\"value\":\"\"},{\"id\":\"000000003\",\"is_title\":false,\"value\":\"000003\"},{\"id\":\"000000004\",\"is_title\":false,\"value\":\"#000000\"},{\"id\":\"000000001\",\"is_title\":false,\"value\":\"156\"},{\"id\":\"000000027\",\"is_title\":false,\"value\":12},{\"id\":\"000000028\",\"is_title\":false,\"value\":\"u0441u043au0430u043du0435u0440 u043eu0442u043fu0435u0447u0430u0442u043au0430 u043fu0430u043bu044cu0446u0430; u0431u044bu0441u0442u0440u0430u044f u0437u0430u0440u044fu0434u043au0430; u0442u0435u0445u043du043eu043bu043eu0433u0438u044f u0440u0430u0441u043fu043eu0437u043du0430u0432u0430u043du0438u044f u043bu0438u0446u0430\"},{\"id\":\"000000032\",\"is_title\":true,\"value\":\"\"},{\"id\":\"000000029\",\"is_title\":false,\"value\":6.5},{\"id\":\"000000038\",\"is_title\":false,\"value\":true},{\"id\":\"000000039\",\"is_title\":true,\"value\":\"\"},{\"id\":\"000000043\",\"is_title\":false,\"value\":\"MediaTek Helio G35\"},{\"id\":\"000000044\",\"is_title\":false,\"value\":8},{\"id\":\"000000045\",\"is_title\":false,\"value\":2000},{\"id\":\"000000047\",\"is_title\":true,\"value\":\"\"},{\"id\":\"000000048\",\"is_title\":false,\"value\":\"Wi-Fi; Bluetooth 5.1; IRDA;  USB;  NFC\"},{\"id\":\"000000049\",\"is_title\":false,\"value\":\"GSM 900/1800/1900; 3G; 4G; LTE; VoLTE\"},{\"id\":\"000000050\",\"is_title\":false,\"value\":\"u0413u041bu041eu041du0410u0421u0421; GPS; BeiDou; Galileo; GPS; AGPS\"},{\"id\":\"000000052\",\"is_title\":false,\"value\":\"nano SIM\"},{\"id\":\"000000053\",\"is_title\":true,\"value\":\"\"},{\"id\":\"000000054\",\"is_title\":false,\"value\":\"Li-polymer\"},{\"id\":\"000000055\",\"is_title\":false,\"value\":4500},{\"id\":\"000000057\",\"is_title\":true,\"value\":\"\"},{\"id\":\"000000058\",\"is_title\":false,\"value\":64},{\"id\":\"000000059\",\"is_title\":false,\"value\":8},{\"id\":\"000000060\",\"is_title\":false,\"value\":\"u043cu0430u043au0440u043e-u043eu0431u044au0435u043au0442u0438u0432; u0430u0432u0442u043eu043cu0430u0442u0438u0447u0435u0441u043au0430u044f u0444u043eu043au0443u0441u0438u0440u043eu0432u043au0430; u0446u0438u0444u0440u043eu0432u043eu0439 u0437u0443u043c\"},{\"id\":\"000000061\",\"is_title\":false,\"value\":\"Full HD 1080p; AAC; AMR; APE; FLAC; M4V; MKV; MP3; MP4; WAV; XviD; AVI; WMA; WAVE, FLAC; BMP; GIF; J\"},{\"id\":\"000000062\",\"is_title\":false,\"value\":true},{\"id\":\"000000063\",\"is_title\":false,\"value\":\"u0430u0432u0442u043eu043cu0430u0442u0438u0447u0435u0441u043au0430u044f u0444u043eu043au0443u0441u0438u0440u043eu0432u043au0430; u043du043eu0447u043du0430u044f  u0441u044au0435u043cu043au0430\"},{\"id\":\"000000064\",\"is_title\":true,\"value\":\"\"},{\"id\":\"000000065\",\"is_title\":false,\"value\":\"u0437u0430u0440u044fu0434u043du043eu0435 u0443u0441u0442u0440u043eu0439u0441u0442u0432u043e; u0441u043cu0430u0440u0442u0444u043eu043d; u0434u043eu043au0443u043cu0435u043du0442u0430u0446u0438u044f; u0447u0435u0445u043eu043b; USB-u043au0430u0431u0435u043bu044c; u0430u0434u0430u043fu0442u0435u0440; u0433u0430u0440u0430u043du0442u0438u0439u043du044bu0439 u0442u0430u043bu043eu043d\"},{\"id\":\"000000066\",\"is_title\":false,\"value\":\"IP67\"},{\"id\":\"000000067\",\"is_title\":false,\"value\":\"u0425u0440u0443u043fu043au043eu0435\"},{\"id\":\"000000068\",\"is_title\":false,\"value\":true},{\"id\":\"000000069\",\"is_title\":true,\"value\":\"\"},{\"id\":\"000000006\",\"is_title\":false,\"value\":75.7},{\"id\":\"000000007\",\"is_title\":false,\"value\":8.3},{\"id\":\"000000008\",\"is_title\":false,\"value\":150.9},{\"id\":\"000000009\",\"is_title\":false,\"value\":194}]', '000003'),
('000000000014', '00005', '000000006', 'Xiaomi Redmi Note 10 (голубой)', 'Huawei Honor 7A - смартфон с современным дизайном. На передней стороне размещается прочное и красивое 2,5D-стекло.\nТыльная сторона является матовой, а реализована она из высококачественного алюминия.\n\nДисплей в Honor 7A установлен 5,45-дюймовый FullView-дисплей с разрешением 1440x720.\n\nСмартфон Honor 7A оснащен 4-х ядерным процессором Mediatek MT6739. Здесь используются ядра Cortex-A53, которые работают на максимальной частоте 1500 МГц. В устройстве располагается ускоритель графики PowerVR GE8100.\n\nВстроенная память 16 Гб и 2 Гб оперативной памяти, а расширить внутреннее хранилище можно с помощью карт памяти до 256 Гб.\n\nAndroid 8.1 выступает в качестве операционной системы. При этом интерфейс модернизирован благодаря фирменной оболочке EMUI 8.1.\n\nВнутри аппарата находится несъемный аккумулятор с емкостью 3020 мАч.\n\nHuawei Honor 7A поддерживает две Nano-SIM одновременно. При этом карта памяти может быть установлена отдельно.\n\nИмеется встроенное FM-радио, а также модуль LTE.\n\nКамера\nВ Hu', '4722618', '000000011,000000015,000000039,000000017,000000022,000000023,000000026,000000028,000000035,000000037,f41a0946cae6efe86662f9a48a110325,e54f89d4cb9fb1cbb44bd0a6bf9d8abc,22ac0e565418b27039829a5472f921b1,f43f247f8ad7ceae3fd948ffbf6bc516,9e842cc8c93945b1cfb14f5eb38a6963,372b60ee752ec254f9ae679f3976725f,f85f57745cdae3a2293ee38c468b7487,4d6aaa9ed56f544b39624f41803ca704,c45182a5e04bd3818535d48d5e9f506f,093c1b51cd98d1425a5a491b2ebb731e,5e1c34108afe55f81938ee8acfbf3225,21872181d578291c0cff0d8f064ca38e,abb2a834d4cbc986662ff3103cfc5484,c24c6868f61106478b940fa1e5f39180,41ce95bfc42bf89c2535b4b121a394ad,a8f14e2f3be8cdb0f91a996de3a1ad88,4458aee14e8c0a60706f83330665f1c8,916dd3bfba0bb6b288e2ff3b6bcd80d5,daa2d53345147214b9b4933e8418cef1,b37c024156eb2becc76faa55e37d5a40,5ec81d19e897fa5d2093c4d0485dd25c,5c93079b1573ca3aafaa347b22d8d6f7,34ae75a7a90e52b8553ebff7531c8efe,bc3fed0bf70a60f168a871c1ee944ca4,c73e94239c8a3a1382f328ca9bc8d334,1dacefcc69c6f17a7e321c348e53cc1b,28c0c172cb7c5c189478ae79617d4bb1,da293507be5beda6f222a1311136aec8,c9e1940792e5a8f0fb4a918ec67b91a1,720682f84ac65cc772395025e74f7f53,827856debeeb3aad24b3df5ac7ece347', '[{\"id\":\"000000005\",\"is_title\":false,\"value\":\"Huawei Honor 7A - u0441u043cu0430u0440u0442u0444u043eu043d u0441 u0441u043eu0432u0440u0435u043cu0435u043du043du044bu043c u0434u0438u0437u0430u0439u043du043eu043c. u041du0430 u043fu0435u0440u0435u0434u043du0435u0439 u0441u0442u043eu0440u043eu043du0435 u0440u0430u0437u043cu0435u0449u0430u0435u0442u0441u044f u043fu0440u043eu0447u043du043eu0435 u0438 u043au0440u0430u0441u0438u0432u043e\"},{\"id\":\"000000017\",\"is_title\":true,\"value\":\"\"},{\"id\":\"000000003\",\"is_title\":false,\"value\":\"000010\"},{\"id\":\"000000004\",\"is_title\":false,\"value\":\"#A6CAF0\"},{\"id\":\"000000001\",\"is_title\":false,\"value\":\"156\"},{\"id\":\"000000027\",\"is_title\":false,\"value\":12},{\"id\":\"000000028\",\"is_title\":false,\"value\":\"u0441u043au0430u043du0435u0440 u043eu0442u043fu0435u0447u0430u0442u043au0430 u043fu0430u043bu044cu0446u0430; u0431u044bu0441u0442u0440u0430u044f u0437u0430u0440u044fu0434u043au0430; u0442u0435u0445u043du043eu043bu043eu0433u0438u044f u0440u0430u0441u043fu043eu0437u043du0430u0432u0430u043du0438u044f u043bu0438u0446u0430\"},{\"id\":\"000000032\",\"is_title\":true,\"value\":\"\"},{\"id\":\"000000029\",\"is_title\":false,\"value\":6.5},{\"id\":\"000000038\",\"is_title\":false,\"value\":true},{\"id\":\"000000039\",\"is_title\":true,\"value\":\"\"},{\"id\":\"000000043\",\"is_title\":false,\"value\":\"MediaTek Helio G35\"},{\"id\":\"000000044\",\"is_title\":false,\"value\":8},{\"id\":\"000000045\",\"is_title\":false,\"value\":2000},{\"id\":\"000000047\",\"is_title\":true,\"value\":\"\"},{\"id\":\"000000048\",\"is_title\":false,\"value\":\"Wi-Fi; Bluetooth 5.1; IRDA;  USB;  NFC\"},{\"id\":\"000000049\",\"is_title\":false,\"value\":\"GSM 900/1800/1900; 3G; 4G; LTE; VoLTE\"},{\"id\":\"000000050\",\"is_title\":false,\"value\":\"u0413u041bu041eu041du0410u0421u0421; GPS; BeiDou; Galileo; GPS; AGPS\"},{\"id\":\"000000052\",\"is_title\":false,\"value\":\"nano SIM\"},{\"id\":\"000000053\",\"is_title\":true,\"value\":\"\"},{\"id\":\"000000054\",\"is_title\":false,\"value\":\"Li-polymer\"},{\"id\":\"000000055\",\"is_title\":false,\"value\":4500},{\"id\":\"000000057\",\"is_title\":true,\"value\":\"\"},{\"id\":\"000000058\",\"is_title\":false,\"value\":64},{\"id\":\"000000059\",\"is_title\":false,\"value\":8},{\"id\":\"000000060\",\"is_title\":false,\"value\":\"u043cu0430u043au0440u043e-u043eu0431u044au0435u043au0442u0438u0432; u0430u0432u0442u043eu043cu0430u0442u0438u0447u0435u0441u043au0430u044f u0444u043eu043au0443u0441u0438u0440u043eu0432u043au0430; u0446u0438u0444u0440u043eu0432u043eu0439 u0437u0443u043c\"},{\"id\":\"000000061\",\"is_title\":false,\"value\":\"Full HD 1080p; AAC; AMR; APE; FLAC; M4V; MKV; MP3; MP4; WAV; XviD; AVI; WMA; WAVE, FLAC; BMP; GIF; J\"},{\"id\":\"000000062\",\"is_title\":false,\"value\":true},{\"id\":\"000000063\",\"is_title\":false,\"value\":\"u0430u0432u0442u043eu043cu0430u0442u0438u0447u0435u0441u043au0430u044f u0444u043eu043au0443u0441u0438u0440u043eu0432u043au0430; u043du043eu0447u043du0430u044f  u0441u044au0435u043cu043au0430\"},{\"id\":\"000000064\",\"is_title\":true,\"value\":\"\"},{\"id\":\"000000065\",\"is_title\":false,\"value\":\"u0437u0430u0440u044fu0434u043du043eu0435 u0443u0441u0442u0440u043eu0439u0441u0442u0432u043e; u0441u043cu0430u0440u0442u0444u043eu043d; u0434u043eu043au0443u043cu0435u043du0442u0430u0446u0438u044f; u0447u0435u0445u043eu043b; USB-u043au0430u0431u0435u043bu044c; u0430u0434u0430u043fu0442u0435u0440; u0433u0430u0440u0430u043du0442u0438u0439u043du044bu0439 u0442u0430u043bu043eu043d\"},{\"id\":\"000000066\",\"is_title\":false,\"value\":\"IP67\"},{\"id\":\"000000067\",\"is_title\":false,\"value\":\"u0425u0440u0443u043fu043au043eu0435\"},{\"id\":\"000000068\",\"is_title\":false,\"value\":true},{\"id\":\"000000069\",\"is_title\":true,\"value\":\"\"},{\"id\":\"000000006\",\"is_title\":false,\"value\":75.7},{\"id\":\"000000007\",\"is_title\":false,\"value\":8.3},{\"id\":\"000000008\",\"is_title\":false,\"value\":150.9},{\"id\":\"000000009\",\"is_title\":false,\"value\":194}]', '000010'),
('000000000015', '00005', '000000006', 'Смартфон Xiaomi Redmi 9 (белый)', 'Huawei Honor 7A - смартфон с современным дизайном. На передней стороне размещается прочное и красивое 2,5D-стекло.\nТыльная сторона является матовой, а реализована она из высококачественного алюминия.\n\nДисплей в Honor 7A установлен 5,45-дюймовый FullView-дисплей с разрешением 1440x720.\n\nСмартфон Honor 7A оснащен 4-х ядерным процессором Mediatek MT6739. Здесь используются ядра Cortex-A53, которые работают на максимальной частоте 1500 МГц. В устройстве располагается ускоритель графики PowerVR GE8100.\n\nВстроенная память 16 Гб и 2 Гб оперативной памяти, а расширить внутреннее хранилище можно с помощью карт памяти до 256 Гб.\n\nAndroid 8.1 выступает в качестве операционной системы. При этом интерфейс модернизирован благодаря фирменной оболочке EMUI 8.1.\n\nВнутри аппарата находится несъемный аккумулятор с емкостью 3020 мАч.\n\nHuawei Honor 7A поддерживает две Nano-SIM одновременно. При этом карта памяти может быть установлена отдельно.\n\nИмеется встроенное FM-радио, а также модуль LTE.\n\nКамера\nВ Hu', '1670750', '000000011,000000015,000000039,000000017,000000019,000000023,000000026,000000028,000000035,000000037,3792e6723f21c7e622f7b822ae63a8de,f538d202c5f6ed88d8e5125a5599e5b3,c472a0a8d60f9b4cae29aa3c8d0529c8,f9170a786ab62a9595da2e7ae9fb6dda,fd59679905d86235b7adbc0ce8072699,b65f5da00458ac42f6bc033cce0aef18,a6052e79852e9aba9be1ef1c7308cc7c,54b077a75ed4cf2b71aca6ec475513b2,2d32108f5bea68f1846f9926610cad8f,3af8f66128e186f766d9b32a6614f746,2202cca71cba9eaeaa10e3bc56e221ee,cc077f6e59750c612265ef230a50ea57,1bc14626fc4827980223f596db009b41,55a3610910fd94d405fdffd320830d87,9c371f2e006223792f65b20b8db6e404,93022afa73630c3d2cf351f698bf84b7,5ee080f48d2b1b152fbf87eef0d7b906,2567171f9fc4b670a1ab6c297ee64356,d6df59336b154e915994f7873d7465c4,13ab5bff0aa24872731b3cb271bcc36d,7d5dcb153b96d638bba503c4d58c9698,3870b96ee8e852d0164e03e0b7727c88,7af1c02b4ad63c385390cf02a7ff176b,163b74dd6d5bb2564b3620914fe1d4ff,59703ba71211ed4d28cc1ab2cde56878,e71575ab5191af9b2f31f4168b9848a8,f812d42697548200e6c11091396e77ae,45f982fcfc404e2ed818bbbc21f1b0c7,673480403172e49b12b9bd322397b6b3,16a433d3fe11c432f2a9c6b96b7d11c6,800abdabf1828c35b1c02471b52f3790', '[{\"id\":\"000000005\",\"is_title\":false,\"value\":\"Huawei Honor 7A - u0441u043cu0430u0440u0442u0444u043eu043d u0441 u0441u043eu0432u0440u0435u043cu0435u043du043du044bu043c u0434u0438u0437u0430u0439u043du043eu043c. u041du0430 u043fu0435u0440u0435u0434u043du0435u0439 u0441u0442u043eu0440u043eu043du0435 u0440u0430u0437u043cu0435u0449u0430u0435u0442u0441u044f u043fu0440u043eu0447u043du043eu0435 u0438 u043au0440u0430u0441u0438u0432u043e\"},{\"id\":\"000000017\",\"is_title\":true,\"value\":\"\"},{\"id\":\"000000003\",\"is_title\":false,\"value\":\"000010\"},{\"id\":\"000000004\",\"is_title\":false,\"value\":\"#FFFFFF\"},{\"id\":\"000000001\",\"is_title\":false,\"value\":\"156\"},{\"id\":\"000000027\",\"is_title\":false,\"value\":12},{\"id\":\"000000028\",\"is_title\":false,\"value\":\"u0441u043au0430u043du0435u0440 u043eu0442u043fu0435u0447u0430u0442u043au0430 u043fu0430u043bu044cu0446u0430; u0431u044bu0441u0442u0440u0430u044f u0437u0430u0440u044fu0434u043au0430; u0442u0435u0445u043du043eu043bu043eu0433u0438u044f u0440u0430u0441u043fu043eu0437u043du0430u0432u0430u043du0438u044f u043bu0438u0446u0430\"},{\"id\":\"000000032\",\"is_title\":true,\"value\":\"\"},{\"id\":\"000000029\",\"is_title\":false,\"value\":6.5},{\"id\":\"000000038\",\"is_title\":false,\"value\":true},{\"id\":\"000000039\",\"is_title\":true,\"value\":\"\"},{\"id\":\"000000043\",\"is_title\":false,\"value\":\"MediaTek Helio G35\"},{\"id\":\"000000044\",\"is_title\":false,\"value\":8},{\"id\":\"000000045\",\"is_title\":false,\"value\":2000},{\"id\":\"000000047\",\"is_title\":true,\"value\":\"\"},{\"id\":\"000000048\",\"is_title\":false,\"value\":\"Wi-Fi; Bluetooth 5.1; IRDA;  USB;  NFC\"},{\"id\":\"000000049\",\"is_title\":false,\"value\":\"GSM 900/1800/1900; 3G; 4G; LTE; VoLTE\"},{\"id\":\"000000050\",\"is_title\":false,\"value\":\"u0413u041bu041eu041du0410u0421u0421; GPS; BeiDou; Galileo; GPS; AGPS\"},{\"id\":\"000000052\",\"is_title\":false,\"value\":\"nano SIM\"},{\"id\":\"000000053\",\"is_title\":true,\"value\":\"\"},{\"id\":\"000000054\",\"is_title\":false,\"value\":\"Li-polymer\"},{\"id\":\"000000055\",\"is_title\":false,\"value\":4500},{\"id\":\"000000057\",\"is_title\":true,\"value\":\"\"},{\"id\":\"000000058\",\"is_title\":false,\"value\":64},{\"id\":\"000000059\",\"is_title\":false,\"value\":8},{\"id\":\"000000060\",\"is_title\":false,\"value\":\"u043cu0430u043au0440u043e-u043eu0431u044au0435u043au0442u0438u0432; u0430u0432u0442u043eu043cu0430u0442u0438u0447u0435u0441u043au0430u044f u0444u043eu043au0443u0441u0438u0440u043eu0432u043au0430; u0446u0438u0444u0440u043eu0432u043eu0439 u0437u0443u043c\"},{\"id\":\"000000061\",\"is_title\":false,\"value\":\"Full HD 1080p; AAC; AMR; APE; FLAC; M4V; MKV; MP3; MP4; WAV; XviD; AVI; WMA; WAVE, FLAC; BMP; GIF; J\"},{\"id\":\"000000062\",\"is_title\":false,\"value\":true},{\"id\":\"000000063\",\"is_title\":false,\"value\":\"u0430u0432u0442u043eu043cu0430u0442u0438u0447u0435u0441u043au0430u044f u0444u043eu043au0443u0441u0438u0440u043eu0432u043au0430; u043du043eu0447u043du0430u044f  u0441u044au0435u043cu043au0430\"},{\"id\":\"000000064\",\"is_title\":true,\"value\":\"\"},{\"id\":\"000000065\",\"is_title\":false,\"value\":\"u0437u0430u0440u044fu0434u043du043eu0435 u0443u0441u0442u0440u043eu0439u0441u0442u0432u043e; u0441u043cu0430u0440u0442u0444u043eu043d; u0434u043eu043au0443u043cu0435u043du0442u0430u0446u0438u044f; u0447u0435u0445u043eu043b; USB-u043au0430u0431u0435u043bu044c; u0430u0434u0430u043fu0442u0435u0440; u0433u0430u0440u0430u043du0442u0438u0439u043du044bu0439 u0442u0430u043bu043eu043d\"},{\"id\":\"000000066\",\"is_title\":false,\"value\":\"IP67\"},{\"id\":\"000000067\",\"is_title\":false,\"value\":\"u0425u0440u0443u043fu043au043eu0435\"},{\"id\":\"000000068\",\"is_title\":false,\"value\":true},{\"id\":\"000000069\",\"is_title\":true,\"value\":\"\"},{\"id\":\"000000006\",\"is_title\":false,\"value\":75.7},{\"id\":\"000000007\",\"is_title\":false,\"value\":8.3},{\"id\":\"000000008\",\"is_title\":false,\"value\":150.9},{\"id\":\"000000009\",\"is_title\":false,\"value\":194}]', '000010');

-- --------------------------------------------------------

--
-- Table structure for table `product_image`
--

DROP TABLE IF EXISTS `product_image`;
CREATE TABLE `product_image` (
  `product_id` varchar(100) CHARACTER SET utf8 COLLATE utf8_unicode_ci NOT NULL,
  `ftp_url` varchar(200) CHARACTER SET utf8 COLLATE utf8_unicode_ci NOT NULL,
  `http_url` varchar(200) CHARACTER SET utf8 COLLATE utf8_unicode_ci NOT NULL,
  `sort_order` int NOT NULL DEFAULT '0'
) ENGINE=MyISAM DEFAULT CHARSET=utf8 COLLATE=utf8_unicode_ci;

--
-- Dumping data for table `product_image`
--

INSERT INTO `product_image` (`product_id`, `ftp_url`, `http_url`, `sort_order`) VALUES
('000000000001', '30046493b.jpg', '30046493b.jpg', 0),
('000000000001', '30046493b2.jpg', '30046493b2.jpg', 0),
('000000000002', '50141256b.jpg', '50141256b.jpg', 0),
('000000000002', '50141256b2.jpg', '50141256b2.jpg', 0),
('000000000002', '50141256b4.jpg', '50141256b4.jpg', 0),
('000000000004', '40ec61411c92eac07cd543f0cee4ad81.jpg', '40ec61411c92eac07cd543f0cee4ad81.jpg', 0),
('000000000005', '1350x.jpg', '1350x.jpg', 0),
('000000000006', '571756.jpg', '571756.jpg', 0),
('000000000003', '20068499b.jpg', '20068499b.jpg', 0),
('000000000003', '20068499b3.jpg', '20068499b3.jpg', 0),
('000000000003', '20068499b1.jpg', '20068499b1.jpg', 0),
('000000000012', '86d9153895ba98a3a9a8faccce9ff52e8284f4e102d77fc6c5e121f12e4c8f59.jpg', '86d9153895ba98a3a9a8faccce9ff52e8284f4e102d77fc6c5e121f12e4c8f59.jpg', 0),
('000000000012', 'bf02a57f79dd12440b9443ae6de8c0e9909957955900acce183db41c145df138.jpg', 'bf02a57f79dd12440b9443ae6de8c0e9909957955900acce183db41c145df138.jpg', 0),
('000000000011', '74d209fa322b0ea21ae8cd5464fa7524c9dbfac43874a701cc45854495201cd7.jpg', '74d209fa322b0ea21ae8cd5464fa7524c9dbfac43874a701cc45854495201cd7.jpg', 0),
('000000000010', '6a8924e4368922057a4789f35c5045b013680f391a4728b99c8902fd4315536f.jpg', '6a8924e4368922057a4789f35c5045b013680f391a4728b99c8902fd4315536f.jpg', 0),
('000000000010', '95c1e5f9fdc0a8f268d50f22bb5930bb514fabb8a979540bb2e2c485e9e1d5cf.jpg', '95c1e5f9fdc0a8f268d50f22bb5930bb514fabb8a979540bb2e2c485e9e1d5cf.jpg', 0),
('000000000009', '79f9c8d1590e5036d2533c10a6d3030c4c3f37d57d93ce3ddab4d6a8a8586c69.jpg', '79f9c8d1590e5036d2533c10a6d3030c4c3f37d57d93ce3ddab4d6a8a8586c69.jpg', 0),
('000000000008', '2aea360b4ac330436b47f0f3edaae48d3a8bdac9ceb00fb4d1504c28a1c2821d.jpg', '2aea360b4ac330436b47f0f3edaae48d3a8bdac9ceb00fb4d1504c28a1c2821d.jpg', 0),
('000000000007', '1f19bc91ff7262a0d4c4d93e1ee663d403ee7f5888d07a80978c7b81b8c1cb35.jpg', '1f19bc91ff7262a0d4c4d93e1ee663d403ee7f5888d07a80978c7b81b8c1cb35.jpg', 0),
('000000000011', '5f8cd7daad03d1d39f97f6d35b371b8e231f3c74477fe191b589bcda966dbdb1.jpg', '5f8cd7daad03d1d39f97f6d35b371b8e231f3c74477fe191b589bcda966dbdb1.jpg', 0),
('000000000013', 'e0debca5125461d750890b54db6706d7ba8bc2b2bf0e71f706c238a3045b2a5e.jpg', 'e0debca5125461d750890b54db6706d7ba8bc2b2bf0e71f706c238a3045b2a5e.jpg', 0),
('000000000014', '32bf4ce87d3d768c537720d0e4e27d267467927a586e0f7e9a52c864c7e0a5d8.jpg', '32bf4ce87d3d768c537720d0e4e27d267467927a586e0f7e9a52c864c7e0a5d8.jpg', 0),
('000000000015', 'dd5d3d9d22aa3b0b548d4fa56ad38ce9134620d5b69c166a214bce78ec2bd76f.jpg', 'dd5d3d9d22aa3b0b548d4fa56ad38ce9134620d5b69c166a214bce78ec2bd76f.jpg', 0);

-- --------------------------------------------------------

--
-- Table structure for table `provider`
--

DROP TABLE IF EXISTS `provider`;
CREATE TABLE `provider` (
  `id` varchar(6) CHARACTER SET utf8 COLLATE utf8_unicode_ci NOT NULL,
  `title` text CHARACTER SET utf8 COLLATE utf8_unicode_ci NOT NULL,
  `description` text CHARACTER SET utf8 COLLATE utf8_unicode_ci NOT NULL,
  `image` tinytext CHARACTER SET utf8 COLLATE utf8_unicode_ci NOT NULL
) ENGINE=MyISAM DEFAULT CHARSET=utf8 COLLATE=utf8_unicode_ci;

--
-- Dumping data for table `provider`
--

INSERT INTO `provider` (`id`, `title`, `description`, `image`) VALUES
('00002', 'Apple', '', '00002.jpg'),
('00005', 'DNS', '', '00005_DNS.png'),
('00003', 'Барамба', '', ''),
('00004', 'М-Видео', '', ''),
('00001', 'Ситилинк', '', '');

-- --------------------------------------------------------

--
-- Table structure for table `shop`
--

DROP TABLE IF EXISTS `shop`;
CREATE TABLE `shop` (
  `id` int NOT NULL,
  `provider_id` int NOT NULL,
  `title` text CHARACTER SET utf8 COLLATE utf8_unicode_ci NOT NULL,
  `description` text CHARACTER SET utf8 COLLATE utf8_unicode_ci NOT NULL,
  `address` text CHARACTER SET utf8 COLLATE utf8_unicode_ci NOT NULL,
  `geox` text CHARACTER SET utf8 COLLATE utf8_unicode_ci NOT NULL,
  `geoy` text CHARACTER SET utf8 COLLATE utf8_unicode_ci NOT NULL,
  `icon` text CHARACTER SET utf8 COLLATE utf8_unicode_ci NOT NULL
) ENGINE=MyISAM DEFAULT CHARSET=utf8 COLLATE=utf8_unicode_ci;

-- --------------------------------------------------------

--
-- Table structure for table `size`
--

DROP TABLE IF EXISTS `size`;
CREATE TABLE `size` (
  `id` varchar(9) CHARACTER SET utf8 COLLATE utf8_unicode_ci NOT NULL,
  `title` tinytext CHARACTER SET utf8 COLLATE utf8_unicode_ci NOT NULL
) ENGINE=MyISAM DEFAULT CHARSET=utf8 COLLATE=utf8_unicode_ci;

--
-- Dumping data for table `size`
--

INSERT INTO `size` (`id`, `title`) VALUES
('000000002', 'XXL'),
('000000001', 'XXXL');

-- --------------------------------------------------------

--
-- Table structure for table `stock_balance`
--

DROP TABLE IF EXISTS `stock_balance`;
CREATE TABLE `stock_balance` (
  `product_id` varchar(12) CHARACTER SET utf8 COLLATE utf8_unicode_ci NOT NULL,
  `rest` int NOT NULL DEFAULT '0',
  `size` varchar(255) CHARACTER SET utf8 COLLATE utf8_unicode_ci NOT NULL,
  `store_id` varchar(9) CHARACTER SET utf8 COLLATE utf8_unicode_ci NOT NULL
) ENGINE=MyISAM DEFAULT CHARSET=utf8 COLLATE=utf8_unicode_ci ROW_FORMAT=DYNAMIC;

--
-- Dumping data for table `stock_balance`
--

INSERT INTO `stock_balance` (`product_id`, `rest`, `size`, `store_id`) VALUES
('000000000002', 1, '', '000000004'),
('000000000002', 10, '', '000000002'),
('000000000002', 3, '', '000000003'),
('000000000003', 8, '', '000000005'),
('000000000004', 6, '', '000000002'),
('000000000004', 4, '', '000000003'),
('000000000004', 2, '', '000000004'),
('000000000005', 15, '', '000000002'),
('000000000005', 38, '', '000000003'),
('000000000005', 42, '', '000000004'),
('000000000006', 30, '', '000000002'),
('000000000006', 14, '', '000000003'),
('000000000006', 69, '', '000000004'),
('000000000001', 0, '', '000000002'),
('000000000001', 0, '', '000000003'),
('000000000001', 0, '', '000000004'),
('000000000007', 10, '', '000000005'),
('000000000012', 50, '', '000000007'),
('000000000013', 20, '', '000000007'),
('000000000014', 15, '', '000000007'),
('000000000015', 5, '', '000000007');

-- --------------------------------------------------------

--
-- Table structure for table `store`
--

DROP TABLE IF EXISTS `store`;
CREATE TABLE `store` (
  `id` varchar(9) CHARACTER SET utf8 COLLATE utf8_unicode_ci NOT NULL,
  `provider_id` varchar(6) CHARACTER SET utf8 COLLATE utf8_unicode_ci NOT NULL,
  `title` text CHARACTER SET utf8 COLLATE utf8_unicode_ci NOT NULL,
  `description` text CHARACTER SET utf8 COLLATE utf8_unicode_ci NOT NULL,
  `address` text CHARACTER SET utf8 COLLATE utf8_unicode_ci NOT NULL,
  `geox` text CHARACTER SET utf8 COLLATE utf8_unicode_ci NOT NULL,
  `geoy` text CHARACTER SET utf8 COLLATE utf8_unicode_ci NOT NULL,
  `icon` text CHARACTER SET utf8 COLLATE utf8_unicode_ci NOT NULL
) ENGINE=MyISAM DEFAULT CHARSET=utf8 COLLATE=utf8_unicode_ci;

--
-- Dumping data for table `store`
--

INSERT INTO `store` (`id`, `provider_id`, `title`, `description`, `address`, `geox`, `geoy`, `icon`) VALUES
('000000007', '00005', 'DNS Москва «Афимолл Сити»', '', '', '55.748359', '37.539473', ''),
('000000002', '00003', 'Магазин 1 (Барамба)', '', '', '55.657123', '37.739375', ''),
('000000003', '00003', 'Магазин 2 (Барамба)', '', '', '55.895247', '37.57195', ''),
('000000004', '00003', 'Магазин 3 (Барамба)', '', '', '55.72993', '37.496337', ''),
('000000005', '00004', 'На Волгоградке (м-видео)', '', '', '55.721462', '37.697468', ''),
('000000001', '00001', 'Ситилинк(ул. 5-я кожуховская)', '', '', '55.704362', '37.683324', ''),
('000000006', '00001', 'ТестАдреса', '', '', '55.676907', '37.576968', '');

-- --------------------------------------------------------

--
-- Table structure for table `test`
--

DROP TABLE IF EXISTS `test`;
CREATE TABLE `test` (
  `id` int NOT NULL,
  `name` varchar(255) CHARACTER SET utf8 COLLATE utf8_unicode_ci DEFAULT NULL
) ENGINE=InnoDB DEFAULT CHARSET=utf8 COLLATE=utf8_unicode_ci;

-- --------------------------------------------------------

--
-- Table structure for table `user`
--

DROP TABLE IF EXISTS `user`;
CREATE TABLE `user` (
  `id` int NOT NULL,
  `name` tinytext CHARACTER SET utf8 COLLATE utf8_unicode_ci NOT NULL,
  `phone` int DEFAULT NULL,
  `email` varchar(255) CHARACTER SET utf8 COLLATE utf8_unicode_ci DEFAULT NULL,
  `email_confirmed` tinyint(1) NOT NULL DEFAULT '0',
  `timestamp` timestamp NOT NULL DEFAULT CURRENT_TIMESTAMP ON UPDATE CURRENT_TIMESTAMP
) ENGINE=InnoDB DEFAULT CHARSET=utf8 COLLATE=utf8_unicode_ci;

--
-- Dumping data for table `user`
--

INSERT INTO `user` (`id`, `name`, `phone`, `email`, `email_confirmed`) VALUES
(1, '', NULL, NULL, 0),
(2, '', NULL, NULL, 0),
(3, '', NULL, NULL, 0),
(4, '', NULL, NULL, 0),
(5, '', NULL, NULL, 0),
(6, '', NULL, NULL, 0),
(7, '', NULL, NULL, 0),
(8, '', NULL, NULL, 0),
(9, '', NULL, NULL, 0);

-- --------------------------------------------------------

--
-- Table structure for table `user_data`
--

DROP TABLE IF EXISTS `user_data`;
CREATE TABLE `user_data` (
  `id` int NOT NULL,
  `user_id` int DEFAULT NULL,
  `address` text CHARACTER SET utf8 COLLATE utf8_unicode_ci,
  `geodata` text CHARACTER SET utf8 COLLATE utf8_unicode_ci,
  `timestamp` timestamp NOT NULL DEFAULT CURRENT_TIMESTAMP
) ENGINE=InnoDB DEFAULT CHARSET=utf8 COLLATE=utf8_unicode_ci;

-- --------------------------------------------------------

--
-- Structure for view `filtered_product`
--
DROP TABLE IF EXISTS `filtered_product`;

DROP VIEW IF EXISTS `filtered_product`;
CREATE ALGORITHM=UNDEFINED DEFINER=`saychas_z`@`localhost` SQL SECURITY DEFINER VIEW `filtered_product`  AS  select distinct `s`.`id` AS `id`,`s`.`provider_id` AS `provider_id`,`s`.`title` AS `title`,`pr`.`id` AS `product_id`,`pr`.`title` AS `product_title`,`sb`.`rest` AS `rest`,`pri`.`price` AS `price`,`pr`.`param_value_list` AS `param_value_list`,`pr`.`param_variable_list` AS `param_variable_list` from ((((`store` `s` join `provider` `p` on((`p`.`id` = `s`.`provider_id`))) join `product` `pr` on((`pr`.`provider_id` = `s`.`provider_id`))) left join `stock_balance` `sb` on(((`sb`.`product_id` = `pr`.`id`) and (`sb`.`store_id` = `s`.`id`)))) left join `price` `pri` on(((`pri`.`product_id` = `pr`.`id`) and (`pri`.`provider_id` = `p`.`id`)))) ;

--
-- Indexes for dumped tables
--

--
-- Indexes for table `brand`
--
ALTER TABLE `brand`
  ADD PRIMARY KEY (`id`);

--
-- Indexes for table `category`
--
ALTER TABLE `category`
  ADD PRIMARY KEY (`id`);

--
-- Indexes for table `characteristic`
--
ALTER TABLE `characteristic`
  ADD PRIMARY KEY (`id`);

--
-- Indexes for table `characteristic_value`
--
ALTER TABLE `characteristic_value`
  ADD PRIMARY KEY (`id`);

--
-- Indexes for table `country`
--
ALTER TABLE `country`
  ADD PRIMARY KEY (`id`);

--
-- Indexes for table `customer`
--
ALTER TABLE `customer`
  ADD PRIMARY KEY (`id`);

--
-- Indexes for table `price`
--
ALTER TABLE `price`
  ADD PRIMARY KEY (`product_id`,`provider_id`);

--
-- Indexes for table `product`
--
ALTER TABLE `product`
  ADD PRIMARY KEY (`id`);

--
-- Indexes for table `product_image`
--
ALTER TABLE `product_image`
  ADD PRIMARY KEY (`product_id`,`ftp_url`);

--
-- Indexes for table `provider`
--
ALTER TABLE `provider`
  ADD PRIMARY KEY (`id`);

--
-- Indexes for table `shop`
--
ALTER TABLE `shop`
  ADD PRIMARY KEY (`id`);

--
-- Indexes for table `size`
--
ALTER TABLE `size`
  ADD PRIMARY KEY (`id`);

--
-- Indexes for table `stock_balance`
--
ALTER TABLE `stock_balance`
  ADD PRIMARY KEY (`product_id`,`size`,`store_id`);

--
-- Indexes for table `store`
--
ALTER TABLE `store`
  ADD PRIMARY KEY (`id`);

--
-- Indexes for table `test`
--
ALTER TABLE `test`
  ADD PRIMARY KEY (`id`);

--
-- Indexes for table `user`
--
ALTER TABLE `user`
  ADD PRIMARY KEY (`id`),
  ADD UNIQUE KEY `phone` (`phone`),
  ADD UNIQUE KEY `email` (`email`);

--
-- Indexes for table `user_data`
--
ALTER TABLE `user_data`
  ADD PRIMARY KEY (`id`);

--
-- AUTO_INCREMENT for dumped tables
--

--
-- AUTO_INCREMENT for table `customer`
--
ALTER TABLE `customer`
  MODIFY `id` int NOT NULL AUTO_INCREMENT;

--
-- AUTO_INCREMENT for table `test`
--
ALTER TABLE `test`
  MODIFY `id` int NOT NULL AUTO_INCREMENT;

--
-- AUTO_INCREMENT for table `user`
--
ALTER TABLE `user`
  MODIFY `id` int NOT NULL AUTO_INCREMENT, AUTO_INCREMENT=10;

--
-- AUTO_INCREMENT for table `user_data`
--
ALTER TABLE `user_data`
  MODIFY `id` int NOT NULL AUTO_INCREMENT;
COMMIT;

/*!40101 SET CHARACTER_SET_CLIENT=@OLD_CHARACTER_SET_CLIENT */;
/*!40101 SET CHARACTER_SET_RESULTS=@OLD_CHARACTER_SET_RESULTS */;
/*!40101 SET COLLATION_CONNECTION=@OLD_COLLATION_CONNECTION */;
