-- MySQL dump 10.13  Distrib 5.7.34, for Linux (x86_64)
--
-- Host: localhost    Database: saychas_z
-- ------------------------------------------------------
-- Server version	5.7.34-0ubuntu0.18.04.1

/*!40101 SET @OLD_CHARACTER_SET_CLIENT=@@CHARACTER_SET_CLIENT */;
/*!40101 SET @OLD_CHARACTER_SET_RESULTS=@@CHARACTER_SET_RESULTS */;
/*!40101 SET @OLD_COLLATION_CONNECTION=@@COLLATION_CONNECTION */;
/*!40101 SET NAMES utf8 */;
/*!40103 SET @OLD_TIME_ZONE=@@TIME_ZONE */;
/*!40103 SET TIME_ZONE='+00:00' */;
/*!40014 SET @OLD_UNIQUE_CHECKS=@@UNIQUE_CHECKS, UNIQUE_CHECKS=0 */;
/*!40014 SET @OLD_FOREIGN_KEY_CHECKS=@@FOREIGN_KEY_CHECKS, FOREIGN_KEY_CHECKS=0 */;
/*!40101 SET @OLD_SQL_MODE=@@SQL_MODE, SQL_MODE='NO_AUTO_VALUE_ON_ZERO' */;
/*!40111 SET @OLD_SQL_NOTES=@@SQL_NOTES, SQL_NOTES=0 */;

--
-- Table structure for table `basket`
--

DROP TABLE IF EXISTS `basket`;
/*!40101 SET @saved_cs_client     = @@character_set_client */;
/*!40101 SET character_set_client = utf8 */;
CREATE TABLE `basket` (
  `user_id` int(11) NOT NULL,
  `product_id` varchar(12) COLLATE utf8_unicode_ci NOT NULL,
  `total` int(11) NOT NULL DEFAULT '0',
  `order_id` int(11) NOT NULL,
  `price` int(11) NOT NULL DEFAULT '0',
  `discount` int(11) NOT NULL DEFAULT '0',
  `discount_description` text COLLATE utf8_unicode_ci,
  `timestamp` timestamp NOT NULL DEFAULT CURRENT_TIMESTAMP ON UPDATE CURRENT_TIMESTAMP,
  PRIMARY KEY (`user_id`,`product_id`)
) ENGINE=MyISAM DEFAULT CHARSET=utf8 COLLATE=utf8_unicode_ci;
/*!40101 SET character_set_client = @saved_cs_client */;

--
-- Dumping data for table `basket`
--

LOCK TABLES `basket` WRITE;
/*!40000 ALTER TABLE `basket` DISABLE KEYS */;
INSERT INTO `basket` VALUES (50,'000000000018',1,0,0,0,NULL,'2021-07-08 07:16:12'),(50,'000000000019',1,0,0,0,NULL,'2021-07-08 07:16:12'),(50,'000000000020',1,0,0,0,NULL,'2021-07-08 07:16:12'),(59,'000000000014',1,0,0,0,NULL,'2021-07-08 07:16:12'),(68,'000000000014',1,0,0,0,NULL,'2021-07-08 07:16:12'),(68,'000000000020',1,0,0,0,NULL,'2021-07-08 07:16:12'),(68,'000000000024',1,0,0,0,NULL,'2021-07-08 07:16:12'),(72,'000000000030',1,0,0,0,NULL,'2021-07-08 07:16:12'),(72,'000000000024',1,0,0,0,NULL,'2021-07-08 07:16:12'),(72,'000000000025',1,0,0,0,NULL,'2021-07-08 07:16:12'),(72,'000000000019',1,0,0,0,NULL,'2021-07-08 07:16:12'),(72,'000000000020',1,0,0,0,NULL,'2021-07-08 07:16:12'),(77,'000000000005',1,0,0,0,NULL,'2021-07-08 07:16:12'),(80,'000000000016',1,0,0,0,NULL,'2021-07-08 07:16:12'),(80,'000000000003',1,0,0,0,NULL,'2021-07-08 07:16:12'),(90,'000000000014',1,0,0,0,NULL,'2021-07-08 07:16:12'),(94,'000000000002',1,0,0,0,NULL,'2021-07-08 07:16:12'),(111,'000000000016',1,0,0,0,NULL,'2021-07-08 07:16:12'),(116,'000000000005',1,0,0,0,NULL,'2021-07-08 07:16:12'),(123,'000000000018',1,0,0,0,NULL,'2021-07-08 07:16:12'),(135,'000000000018',1,0,0,0,NULL,'2021-07-08 07:16:12'),(138,'000000000003',1,0,0,0,NULL,'2021-07-08 07:16:12'),(138,'000000000002',1,0,0,0,NULL,'2021-07-08 07:16:12'),(138,'000000000009',1,0,0,0,NULL,'2021-07-08 07:16:12'),(137,'000000000019',1,0,0,0,NULL,'2021-07-08 07:16:12'),(137,'000000000020',1,0,0,0,NULL,'2021-07-08 07:16:12'),(137,'000000000002',1,0,0,0,NULL,'2021-07-08 07:16:12'),(137,'000000000010',1,0,0,0,NULL,'2021-07-08 07:16:12'),(137,'000000000009',1,0,0,0,NULL,'2021-07-08 07:16:12'),(50,'000000000002',1,0,0,0,NULL,'2021-07-08 07:16:12'),(50,'000000000007',1,0,0,0,NULL,'2021-07-08 07:16:12'),(50,'000000000029',1,0,0,0,NULL,'2021-07-08 07:16:12'),(50,'000000000003',1,0,0,0,NULL,'2021-07-08 07:16:12'),(50,'000000000016',1,0,0,0,NULL,'2021-07-08 07:16:12'),(50,'000000000004',1,0,0,0,NULL,'2021-07-08 07:16:12'),(50,'000000000005',1,0,0,0,NULL,'2021-07-08 07:16:12'),(50,'000000000006',1,0,0,0,NULL,'2021-07-08 07:16:12'),(172,'000000000018',1,0,5399100,0,NULL,'2021-07-08 07:16:12');
/*!40000 ALTER TABLE `basket` ENABLE KEYS */;
UNLOCK TABLES;

--
-- Table structure for table `brand`
--

DROP TABLE IF EXISTS `brand`;
/*!40101 SET @saved_cs_client     = @@character_set_client */;
/*!40101 SET character_set_client = utf8 */;
CREATE TABLE `brand` (
  `id` varchar(6) COLLATE utf8_unicode_ci NOT NULL,
  `title` tinytext COLLATE utf8_unicode_ci NOT NULL,
  `description` text COLLATE utf8_unicode_ci NOT NULL,
  `image` tinytext COLLATE utf8_unicode_ci NOT NULL,
  PRIMARY KEY (`id`)
) ENGINE=MyISAM DEFAULT CHARSET=utf8 COLLATE=utf8_unicode_ci;
/*!40101 SET character_set_client = @saved_cs_client */;

--
-- Dumping data for table `brand`
--

LOCK TABLES `brand` WRITE;
/*!40000 ALTER TABLE `brand` DISABLE KEYS */;
INSERT INTO `brand` VALUES ('000005','ACER','','000005_ACER.png'),('000011','Apple','','_Apple.png'),('000007','Asus','','000007_Asus.png'),('000001','BOSH','','000001_BOSH.png'),('000008','Hewlett-Packard','','000008_Hewlett-Packard.png'),('000003','HUAWEI','','000003_HUAWEI.png'),('000006','Lenovo','','000006_Lenovo.png'),('000009','Nokia','','000009_Nokia.png'),('000012','Samsung','',''),('000002','SONY','','000002_SONY.png'),('000010','Xiaomi','','000010_Xiaomi.png'),('000004','Простоквашино','','000004_Простоквашино.png');
/*!40000 ALTER TABLE `brand` ENABLE KEYS */;
UNLOCK TABLES;

--
-- Table structure for table `category`
--

DROP TABLE IF EXISTS `category`;
/*!40101 SET @saved_cs_client     = @@character_set_client */;
/*!40101 SET character_set_client = utf8 */;
CREATE TABLE `category` (
  `id` varchar(9) COLLATE utf8_unicode_ci NOT NULL,
  `parent_id` varchar(9) COLLATE utf8_unicode_ci NOT NULL DEFAULT '0',
  `title` text COLLATE utf8_unicode_ci NOT NULL,
  `description` text COLLATE utf8_unicode_ci NOT NULL,
  `icon` varchar(11) COLLATE utf8_unicode_ci NOT NULL DEFAULT '',
  `sort_order` int(11) NOT NULL DEFAULT '0',
  PRIMARY KEY (`id`)
) ENGINE=MyISAM DEFAULT CHARSET=utf8 COLLATE=utf8_unicode_ci COMMENT='Категории товаров';
/*!40101 SET character_set_client = @saved_cs_client */;

--
-- Dumping data for table `category`
--

LOCK TABLES `category` WRITE;
/*!40000 ALTER TABLE `category` DISABLE KEYS */;
INSERT INTO `category` VALUES ('000000001','0','Техника','','',0),('000000002','0','Электроника','','',0),('000000003','000000002','Смартфоны и телефоны','','',0),('000000004','000000003','Сотовые телефоны','','',0),('000000005','000000003','Стационарные телефоны','','',0),('000000006','000000003','Смартфоны','','',0),('000000007','000000004','Кнопочные','','',0),('000000008','000000002','Аксессуары для съемки','','',0),('000000009','000000008','Линзы для камер','','',0),('000000010','000000001','Бытовая техника','','',0),('000000011','000000010','Холодильники','','',0),('000000013','0','Продукты питания','','',0),('000000014','000000013','Молочная продукция','','',0),('000000015','000000013','Мясные продукты','','',0),('000000016','000000014','Кефир','','',0),('000000017','000000014','Молоко','','',0),('000000018','000000014','Ряженка','','',0),('000000019','000000002','Ноутбуки и компьютеры','','',0),('000000020','000000019','Ноутбуки и ультрабуки','','',0),('000000021','000000019','Мониторы','','',0),('000000022','000000019','Компьютеры и моноблоки','','',0),('000000023','0','ФЭШН ТОВАРЫ','','',0),('000000024','000000023','Обувь','','',0),('000000025','000000023','Верхная одежда','','',0),('000000026','000000025','Пальто','','',0),('000000027','000000002','Запчасти для устройств','','',0),('000000028','000000003','Мобильные телефоны','','',0),('000000029','000000003','SIM-карты','','',0),('000000030','000000003','Карты памяти для телефона','','',0),('000000031','000000003','Стилусы для смартфона','','',0),('000000032','000000002','Стекла и пленки','','',0),('000000033','000000032','Защитные стекла','','',0),('000000034','000000032','Защитные пленки','','',0),('000000035','000000002','Накопители информации','','',0),('000000036','000000035','Flash-накопители','','',0),('000000037','000000035','Внешние SSD- накопители','','',0),('000000038','000000035','SSD- накопители','','',0),('000000039','000000035','Внешние жесткие диски','','',0),('000000040','000000035','Жесткие диски','','',0),('000000041','000000035','Карты памяти','','',0),('000000042','000000002','Чехлы и рюкзаки','','',0),('000000043','000000042','Чехлы для стилуса','','',0),('000000044','000000042','Чехлы для телефонов','','',0),('000000045','000000042','Чехлы на руку','','',0),('000000046','000000042','Чехлы для флешек','','',0),('000000047','000000042','Чехлы для наушников','','',0),('000000048','000000042','Чехлы для смарт-часов','','',0),('000000049','000000042','Чехлы для игровых консолей','','',0),('000000050','000000042','Чехлы для ноутбуков','','',0),('000000051','000000042','Чехлы для камер','','',0),('000000052','000000042','Чехлы для планшетов','','',0),('000000053','000000042','Чехлы для фотоаппаратов','','',0),('000000054','000000042','Футляры для зарядных устройств','','',0),('000000055','000000042','Рюкзаки для фотоаппаратов','','',0),('000000056','000000002','Планшеты','','',0),('000000057','000000027','Скрепки для сим-карт','','',0),('000000058','000000027','Присоски для снятия дисплея','','',0),('000000059','000000027','Дисплеи для смартфонов','','',0),('000000060','000000027','Тачскрины для планшетов','','',0),('000000061','000000027','Тачскрины для смартфонов','','',0),('000000062','000000002','Держатели','','',0),('000000063','000000062','Держатели в авто','','',0),('000000064','000000062','Держатели для микрофонов','','',0),('000000065','000000062','Док-станции','','',0),('000000066','000000062','Подставки для электроники','','',0),('000000067','000000062','Кольцевые лампы','','',0),('000000068','000000062','Держатели проводов','','',0),('000000069','000000062','Стабилизаторы','','',0),('000000070','000000062','Крепление для камеры','','',0),('000000071','000000062','Штативы для сьемки','','',0),('000000072','000000062','Держатели для игровых консолей','','',0),('000000073','000000002','Кронштейны','','',0),('000000074','000000073','Кронштейны для аудиотехники','','',0),('000000075','000000073','Кронштейны для видеокамер','','',0),('000000076','000000073','Кронштейны для видеотехники','','',0),('000000077','000000073','Кронштейны для колонок','','',0),('000000078','000000073','Кронштейны для мониторов','','',0),('000000079','000000073','Кронштейны для телевизоров','','',0),('000000080','000000008','Очки для селфи','','',0),('000000081','000000008','Пульт для селфи','','',0),('000000082','000000002','Гарнитуры и наушники','','',0),('000000083','000000082','Гарнитура','','',0),('000000084','000000082','Наушники','','',0),('000000085','000000002','Кабели и зарядные устройства','','',0),('000000086','000000085','Кабель','','',0),('000000087','000000085','Зарядное устройство','','',0),('000000088','000000085','Адаптер','','',0),('000000089','000000085','Внешний аккумулятор','','',0),('000000090','000000085','Переходник','','',0),('000000091','000000085','Разветвитель,сетевой фильтр','','',0),('000000092','000000085','Элемент питания','','',0),('000000093','000000002','Смарт-часы и аксессуары','','',0),('000000094','000000093','Умные часы и браслеты','','',0),('000000095','000000094','Смарт-часы','','',0),('000000096','000000094','Фитнес-браслеты','','',0),('000000097','000000094','Гибридные умные часы','','',0),('000000098','000000093','Ремешки и браслеты','','',0),('000000099','000000098','NFC-браслеты','','',0),('000000100','000000098','Пульсометры','','',0),('000000101','000000098','Трекеры активности','','',0),('000000102','000000098','Ремешки для умных часов','','',0),('000000103','000000002','Гейминг','','',0),('000000104','000000103','Игровые консоли','','',0),('000000105','000000104','PlayStation','','',0),('000000106','000000104','Xbox','','',0),('000000107','000000104','Приставки 8bit и 16bit','','',0),('000000108','000000104','Nintendo','','',0),('000000109','000000104','Геймпады','','',0),('000000110','000000103','Игры','','',0),('000000111','000000110','Диски с играми','','',0),('000000112','000000110','Игры (цифровой контент)','','',0),('000000113','000000103','Аксессуары','','',0),('000000114','000000113','Игровые напальчники','','',0),('000000115','000000022','Компьютеры','','',0),('000000116','000000022','Моноблоки','','',0),('000000117','000000020','Ноутбуки','','',0),('000000118','000000020','Ультрабуки','','',0),('000000119','000000019','Комплектующие для ПК','','',0),('000000120','000000119','Блок питания','','',0),('000000121','000000119','Видеокарта','','',0),('000000122','000000119','Контроллер для ПК','','',0),('000000123','000000119','Корпус для компьютера','','',0),('000000124','000000119','Материнская плата','','',0),('000000125','000000119','Модуль памяти','','',0),('000000126','000000119','Оптический привод','','',0),('000000127','000000119','Система охлаждения','','',0),('000000128','000000119','Процессор','','',0),('000000129','000000119','Термопаста','','',0),('000000130','000000019','Периферийные аксессуары','','',0),('000000131','000000130','Web-камеры','','',0),('000000132','000000130','Графические планшеты','','',0),('000000133','000000130','Клавиатуры','','',0),('000000134','000000130','Коврики для мыши','','',0),('000000135','000000130','Компьютерные мыши','','',0),('000000136','000000130','Колонки','','',0),('000000137','000000130','Микрофоны','','',0),('000000138','000000130','Аккумуляторы для ноутбуков','','',0),('000000139','000000130','Блоки питания для ноутбуков','','',0),('000000140','000000130','Корпуса для жестких дисков','','',0),('000000141','000000130','Маркеры для кабелей','','',0),('000000142','000000130','Подсветки для ноутбуков','','',0),('000000143','000000130','Подставки для ноутбуков','','',0),('000000144','000000002','ТВ, Аудио, Фото, Видео техника','','',0),('000000145','000000144','Колонки','','',0),('000000146','000000144','Микрофоны','','',0),('000000147','000000144','Виниловые проигрыватели и аксессуары','','',0),('000000148','000000147','Виниловые проигрыватели','','',0),('000000149','000000147','Аксессуары для виниловых проигрывателей','','',0),('000000150','000000149','Кейсы для хранения виниловых пластинок','','',0),('000000151','000000149','Комплекты для очистки винила','','',0),('000000152','000000144','Видеодиски','','',0),('000000153','000000152','Обучающие диски','','',0),('000000154','000000152','Цифровые видеокурсы','','',0),('000000155','000000144','Диски для записи','','',0),('000000156','000000144','DVD и медиаплееры','','',0),('000000157','000000156','DVD-плееры','','',0),('000000158','000000156','Медиаплееры','','',0),('000000159','000000156','Приемники видеосигналов','','',0),('000000160','000000144','Аудиотехника','','',0),('000000161','000000160','AV-ресиверы','','',0),('000000162','000000160','Blu-Ray проигрыватели','','',0),('000000163','000000160','CD проигрыватели','','',0),('000000164','000000160','DJ контроллеры','','',0),('000000165','000000160','Hi-Fi плееры','','',0),('000000166','000000160','MP3 плееры','','',0),('000000167','000000160','Диктофоны','','',0),('000000168','000000160','Музыкальные проигрыватели','','',0),('000000169','000000160','Магнитолы','','',0),('000000170','000000160','Радио','','',0),('000000171','000000160','Радиостанции','','',0),('000000172','000000160','Саундбары','','',0),('000000173','000000160','Усилители Hi-Fi','','',0),('000000174','000000144','Видеокамеры','','',0),('000000175','000000174','Цифровые видеокамеры','','',0),('000000176','000000174','Экшн-камеры','','',0),('000000177','000000144','Студийное оборудование','','',0),('000000178','000000177','Вентиляторы студийные','','',0),('000000179','000000177','Импульсные осветители','','',0),('000000180','000000177','Отражатели для фотовспышки','','',0),('000000181','000000177','Радиосинхронизаторы','','',0),('000000182','000000177','Радиосистемы вокальные','','',0),('000000183','000000177','Рефлекторы','','',0),('000000184','000000177','Столы для предметной съемки','','',0),('000000185','000000177','Фотобоксы','','',0),('000000186','000000177','Фотозонты','','',0),('000000187','000000144','Телевизоры и аксессуары','','',0),('000000188','000000187','Телевизоры','','',0),('000000189','000000187','Аксессуары для телевизоров','','',0),('000000190','000000189','Антенны телевизионные','','',0),('000000191','000000189','Комплекты спутникового ТВ','','',0),('000000192','000000189','Модули доступа ТВ','','',0),('000000193','000000189','Полки для телевизоров','','',0),('000000194','000000189','Ресиверы телевизионные','','',0),('000000195','000000189','Усилители телевизионные','','',0),('000000196','000000144','Подписки на сервис','','',0),('000000197','000000144','Фототехника','','',0),('000000198','000000197','Фотоаппараты','','',0),('000000199','000000197','Фотоаппараты моментальной печати','','',0),('000000200','000000197','Фотовспышки','','',0),('000000201','000000002','Офисная техника','','',0),('000000202','000000002','Автоэлектроника и навигация','','',0),('000000203','000000202','FM-трансмиттеры','','',0),('000000204','000000202','Автомобильные зарядные устройства','','',0),('000000205','000000202','Видеорегистраторы','','',0),('000000206','000000202','Зарядные станция для электромобилей','','',0),('000000207','000000202','Инверторы автомобильные','','',0),('000000208','000000202','Камеры заднего вида','','',0),('000000209','000000202','Колонки автомобильные','','',0),('000000210','000000202','Магнитолы автомобильные','','',0),('000000211','000000202','Навигаторы','','',0),('000000212','000000202','Парктроники','','',0),('000000213','000000202','Подсветки автомобильные','','',0),('000000214','000000202','Пульты управления сигнализацией','','',0),('000000215','000000202','Радар-детекторы','','',0),('000000216','000000202','Сабвуферы автомобильные','','',0),('000000217','000000202','Сигнализации автомобильные','','',0),('000000218','000000202','Телевизоры автомобильные','','',0),('000000219','000000202','Тепловентиляторы автомобильные','','',0),('000000220','000000202','Усилители автомобильные','','',0),('000000221','000000202','Чайники автомобильные','','',0),('000000222','000000202','Эхолоты','','',0);
/*!40000 ALTER TABLE `category` ENABLE KEYS */;
UNLOCK TABLES;

--
-- Table structure for table `characteristic`
--

DROP TABLE IF EXISTS `characteristic`;
/*!40101 SET @saved_cs_client     = @@character_set_client */;
/*!40101 SET character_set_client = utf8 */;
CREATE TABLE `characteristic` (
  `id` varchar(19) COLLATE utf8_unicode_ci NOT NULL DEFAULT '',
  `category_id` varchar(9) COLLATE utf8_unicode_ci NOT NULL DEFAULT '',
  `title` varchar(255) COLLATE utf8_unicode_ci NOT NULL DEFAULT '',
  `type` tinyint(1) NOT NULL DEFAULT '1',
  `filter` tinyint(1) NOT NULL DEFAULT '0',
  `group` tinyint(1) NOT NULL DEFAULT '0',
  `sort_order` int(11) NOT NULL DEFAULT '1',
  `unit` tinytext COLLATE utf8_unicode_ci,
  `description` tinytext COLLATE utf8_unicode_ci,
  `is_main` tinyint(1) NOT NULL DEFAULT '0',
  `is_mandatory` tinyint(1) NOT NULL DEFAULT '0',
  `is_list` tinyint(1) NOT NULL DEFAULT '0',
  PRIMARY KEY (`id`)
) ENGINE=MyISAM DEFAULT CHARSET=utf8 COLLATE=utf8_unicode_ci;
/*!40101 SET character_set_client = @saved_cs_client */;

--
-- Dumping data for table `characteristic`
--

LOCK TABLES `characteristic` WRITE;
/*!40000 ALTER TABLE `characteristic` DISABLE KEYS */;
INSERT INTO `characteristic` VALUES ('000000015-000000009','000000009','Тип подключения',4,1,0,3,'','',0,0,0),('000000016-000000009','000000009','Частотный диапазон',1,0,0,2,'','',0,0,0),('000000021-000000009','000000009','Сопротивление',1,0,0,1,'','',0,0,0),('000000030-000000009','000000009','Система активного подавления',3,0,0,4,'','',0,0,0),('000000031-000000009','000000009','Поддержка AAC',3,0,0,5,'','',0,0,0),('000000032-000000006','000000006','Экран',0,0,0,9,'','',0,0,0),('000000033-000000019','000000019','Оперативная память (RAM)',4,0,0,2,'','',0,0,0),('000000013-000000014','000000014','Жирность',2,1,0,1,'','',0,0,1),('000000014-000000019','000000019','Операционная система',4,1,0,1,'','',0,0,0),('000000014-000000006','000000006','Операционная система',4,1,0,2,'','',1,1,0),('000000002-000000005','000000005','Поставщик',5,0,0,2,'','',0,0,0),('000000002-000000020','000000020','Поставщик',5,0,0,2,'','',0,0,0),('000000002-000000021','000000021','Поставщик',5,0,0,2,'','',0,0,0),('000000002-000000022','000000022','Поставщик',5,0,0,2,'','',0,0,0),('000000002-000000028','000000028','Поставщик',5,0,0,2,'','',0,0,0),('000000002-000000029','000000029','Поставщик',5,0,0,2,'','',0,0,0),('000000002-000000030','000000030','Поставщик',5,0,0,2,'','',0,0,0),('000000002-000000031','000000031','Поставщик',5,0,0,2,'','',0,0,0),('000000002-000000032','000000032','Поставщик',5,0,0,2,'','',0,0,0),('000000002-000000035','000000035','Поставщик',5,0,0,2,'','',0,0,0),('000000002-000000042','000000042','Поставщик',5,0,0,2,'','',0,0,0),('000000002-000000194','000000194','Поставщик',5,0,0,2,'','',0,0,0),('000000002-000000203','000000203','Поставщик',5,0,0,2,'','',0,0,0),('000000002-000000204','000000204','Поставщик',5,0,0,2,'','',0,0,0),('000000002-000000205','000000205','Поставщик',5,0,0,2,'','',0,0,0),('000000002-000000024','000000024','Поставщик',5,0,0,5,'','',0,0,0),('000000003-000000028','000000028','Бренд',6,0,0,3,'','',0,0,0),('000000003-000000022','000000022','Бренд',6,0,0,3,'','',0,0,0),('000000003-000000021','000000021','Бренд',6,0,0,3,'','',0,0,0),('000000003-000000035','000000035','Бренд',6,0,0,3,'','',0,0,0),('000000003-000000032','000000032','Бренд',6,0,0,3,'','',0,0,0),('000000003-000000031','000000031','Бренд',6,0,0,3,'','',0,0,0),('000000003-000000030','000000030','Бренд',6,0,0,3,'','',0,0,0),('000000003-000000029','000000029','Бренд',6,0,0,3,'','',0,0,0),('000000003-000000020','000000020','Бренд',6,0,0,3,'','',0,0,0),('000000003-000000005','000000005','Бренд',6,0,0,3,'','',0,0,0),('000000003-000000006','000000006','Бренд',6,1,0,3,'','',0,0,0),('000000003-000000205','000000205','Бренд',6,0,0,3,'','',0,0,0),('000000003-000000204','000000204','Бренд',6,0,0,3,'','',0,0,0),('000000003-000000203','000000203','Бренд',6,0,0,3,'','',0,0,0),('000000003-000000194','000000194','Бренд',6,0,0,3,'','',0,0,0),('000000003-000000042','000000042','Бренд',6,0,0,3,'','',0,0,0),('000000003-000000024','000000024','Бренд',6,0,0,7,'','',0,0,0),('000000017-000000006','000000006','Основные характеристики',0,0,0,1,'','',0,0,0),('000000004-000000024','000000024','Цвет',7,0,0,2,'','',0,0,0),('000000004-000000028','000000028','Цвет',7,0,0,4,'','',0,0,0),('000000004-000000021','000000021','Цвет',7,0,0,4,'','',0,0,0),('000000004-000000022','000000022','Цвет',7,0,0,4,'','',0,0,0),('000000004-000000029','000000029','Цвет',7,0,0,4,'','',0,0,0),('000000004-000000030','000000030','Цвет',7,0,0,4,'','',0,0,0),('000000004-000000031','000000031','Цвет',7,0,0,4,'','',0,0,0),('000000004-000000032','000000032','Цвет',7,0,0,4,'','',0,0,0),('000000004-000000035','000000035','Цвет',7,0,0,4,'','',0,0,0),('000000004-000000005','000000005','Цвет',7,0,0,4,'','',0,0,0),('000000004-000000020','000000020','Цвет',7,0,0,4,'','',0,0,0),('000000004-000000042','000000042','Цвет',7,0,0,4,'','',0,0,0),('000000004-000000194','000000194','Цвет',7,0,0,4,'','',0,0,0),('000000004-000000203','000000203','Цвет',7,0,0,4,'','',0,0,0),('000000004-000000204','000000204','Цвет',7,0,0,4,'','',0,0,0),('000000004-000000205','000000205','Цвет',7,0,0,4,'','',0,0,0),('000000004-000000006','000000006','Цвет',7,1,1,5,'','',1,0,0),('000000025-000000006','000000006','Материал корпуса',4,0,0,4,'','',0,0,0),('000000027-000000006','000000006','Гарантийный срок (мес.)',2,0,0,7,'','',1,0,0),('000000028-000000006','000000006','Дополнительные опции',1,1,0,8,'','',0,0,0),('000000029-000000006','000000006','Диагональ (дюйм)',2,1,0,10,'','',0,0,0),('000000007-000000024','000000024','Высота',2,0,0,6,'м.','',0,0,0),('000000007-000000028','000000028','Высота',2,0,0,7,'м.','',0,0,0),('000000007-000000021','000000021','Высота',2,0,0,7,'м.','',0,0,0),('000000007-000000022','000000022','Высота',2,0,0,7,'м.','',0,0,0),('000000007-000000020','000000020','Высота',2,0,0,7,'м.','',0,0,0),('000000007-000000032','000000032','Высота',2,0,0,7,'м.','',0,0,0),('000000007-000000030','000000030','Высота',2,0,0,7,'м.','',0,0,0),('000000007-000000031','000000031','Высота',2,0,0,7,'м.','',0,0,0),('000000007-000000029','000000029','Высота',2,0,0,7,'м.','',0,0,0),('000000007-000000005','000000005','Высота',2,0,0,7,'м.','',0,0,0),('000000007-000000205','000000205','Высота',2,0,0,7,'м.','',0,0,0),('000000007-000000204','000000204','Высота',2,0,0,7,'м.','',0,0,0),('000000007-000000203','000000203','Высота',2,0,0,7,'м.','',0,0,0),('000000007-000000042','000000042','Высота',2,0,0,7,'м.','',0,0,0),('000000007-000000194','000000194','Высота',2,0,0,7,'м.','',0,0,0),('000000007-000000035','000000035','Высота',2,0,0,7,'м.','',0,0,0),('000000007-000000006','000000006','Высота',2,0,0,47,'м.','',0,0,0),('000000001-000000020','000000020','Страна-производитель',8,0,0,1,'','',0,0,0),('000000001-000000005','000000005','Страна-производитель',8,0,0,1,'','',0,0,0),('000000001-000000029','000000029','Страна-производитель',8,0,0,1,'','',0,0,0),('000000001-000000030','000000030','Страна-производитель',8,0,0,1,'','',0,0,0),('000000001-000000031','000000031','Страна-производитель',8,0,0,1,'','',0,0,0),('000000001-000000032','000000032','Страна-производитель',8,0,0,1,'','',0,0,0),('000000001-000000021','000000021','Страна-производитель',8,0,0,1,'','',0,0,0),('000000001-000000028','000000028','Страна-производитель',8,0,0,1,'','',0,0,0),('000000001-000000022','000000022','Страна-производитель',8,0,0,1,'','',0,0,0),('000000001-000000035','000000035','Страна-производитель',8,0,0,1,'','',0,0,0),('000000001-000000042','000000042','Страна-производитель',8,0,0,1,'','',0,0,0),('000000001-000000194','000000194','Страна-производитель',8,0,0,1,'','',0,0,0),('000000001-000000203','000000203','Страна-производитель',8,0,0,1,'','',0,0,0),('000000001-000000204','000000204','Страна-производитель',8,0,0,1,'','',0,0,0),('000000001-000000205','000000205','Страна-производитель',8,0,0,1,'','',0,0,0),('000000001-000000011','000000011','Страна-производитель',8,0,0,2,'','',0,0,0),('000000001-000000024','000000024','Страна-производитель',8,0,0,4,'','',0,0,0),('000000001-000000006','000000006','Страна-производитель',8,1,0,6,'','',1,0,0),('000000005-000000024','000000024','Длина',2,0,0,1,'м.','',0,0,0),('000000005-000000028','000000028','Длина',2,0,0,5,'м.','',0,0,0),('000000005-000000021','000000021','Длина',2,0,0,5,'м.','',0,0,0),('000000005-000000022','000000022','Длина',2,0,0,5,'м.','',0,0,0),('000000005-000000035','000000035','Длина',2,0,0,5,'м.','',0,0,0),('000000005-000000032','000000032','Длина',2,0,0,5,'м.','',0,0,0),('000000005-000000029','000000029','Длина',2,0,0,5,'м.','',0,0,0),('000000005-000000031','000000031','Длина',2,0,0,5,'м.','',0,0,0),('000000005-000000030','000000030','Длина',2,0,0,5,'м.','',0,0,0),('000000005-000000005','000000005','Длина',2,0,0,5,'м.','',0,0,0),('000000005-000000020','000000020','Длина',2,0,0,5,'м.','',0,0,0),('000000005-000000204','000000204','Длина',2,0,0,5,'м.','',0,0,0),('000000005-000000203','000000203','Длина',2,0,0,5,'м.','',0,0,0),('000000005-000000042','000000042','Длина',2,0,0,5,'м.','',0,0,0),('000000005-000000194','000000194','Длина',2,0,0,5,'м.','',0,0,0),('000000005-000000205','000000205','Длина',2,0,0,5,'м.','',0,0,0),('000000005-000000006','000000006','Длина',2,0,0,45,'м.','',0,0,0),('000000008-000000024','000000024','Вес',2,0,0,3,'кг.','',0,0,0),('000000008-000000028','000000028','Вес',2,0,0,8,'кг.','',0,0,0),('000000008-000000022','000000022','Вес',2,0,0,8,'кг.','',0,0,0),('000000008-000000021','000000021','Вес',2,0,0,8,'кг.','',0,0,0),('000000008-000000020','000000020','Вес',2,0,0,8,'кг.','',0,0,0),('000000008-000000029','000000029','Вес',2,0,0,8,'кг.','',0,0,0),('000000008-000000031','000000031','Вес',2,0,0,8,'кг.','',0,0,0),('000000008-000000030','000000030','Вес',2,0,0,8,'кг.','',0,0,0),('000000008-000000032','000000032','Вес',2,0,0,8,'кг.','',0,0,0),('000000008-000000005','000000005','Вес',2,0,0,8,'кг.','',0,0,0),('000000008-000000205','000000205','Вес',2,0,0,8,'кг.','',0,0,0),('000000008-000000194','000000194','Вес',2,0,0,8,'кг.','',0,0,0),('000000008-000000042','000000042','Вес',2,0,0,8,'кг.','',0,0,0),('000000008-000000035','000000035','Вес',2,0,0,8,'кг.','',0,0,0),('000000008-000000203','000000203','Вес',2,0,0,8,'кг.','',0,0,0),('000000008-000000204','000000204','Вес',2,0,0,8,'кг.','',0,0,0),('000000008-000000006','000000006','Вес',2,0,0,48,'кг.','',0,0,0),('000000006-000000020','000000020','Ширина',2,0,0,6,'м.','',0,0,0),('000000006-000000005','000000005','Ширина',2,0,0,6,'м.','',0,0,0),('000000006-000000035','000000035','Ширина',2,0,0,6,'м.','',0,0,0),('000000006-000000032','000000032','Ширина',2,0,0,6,'м.','',0,0,0),('000000006-000000029','000000029','Ширина',2,0,0,6,'м.','',0,0,0),('000000006-000000030','000000030','Ширина',2,0,0,6,'м.','',0,0,0),('000000006-000000031','000000031','Ширина',2,0,0,6,'м.','',0,0,0),('000000006-000000021','000000021','Ширина',2,0,0,6,'м.','',0,0,0),('000000006-000000022','000000022','Ширина',2,0,0,6,'м.','',0,0,0),('000000006-000000028','000000028','Ширина',2,0,0,6,'м.','',0,0,0),('000000006-000000204','000000204','Ширина',2,0,0,6,'м.','',0,0,0),('000000006-000000203','000000203','Ширина',2,0,0,6,'м.','',0,0,0),('000000006-000000042','000000042','Ширина',2,0,0,6,'м.','',0,0,0),('000000006-000000194','000000194','Ширина',2,0,0,6,'м.','',0,0,0),('000000006-000000205','000000205','Ширина',2,0,0,6,'м.','',0,0,0),('000000006-000000024','000000024','Ширина',2,0,0,8,'м.','',0,0,0),('000000006-000000006','000000006','Ширина',2,0,0,46,'м.','',0,0,0),('000000036-000000006','000000006','Разрешение',4,1,0,11,'','',0,0,0),('000000037-000000006','000000006','Тип дисплея',4,1,0,12,'','',0,0,0),('000000038-000000006','000000006','Защитное покрытие',3,1,0,13,'','',0,0,0),('000000039-000000006','000000006','Память и процессор',0,0,0,14,'','',0,0,0),('000000040-000000006','000000006','Объем встроенной памяти (ГБ)',4,1,0,15,'','',1,0,0),('000000041-000000006','000000006','Объем оперативной памяти (ГБ)',4,1,0,16,'','',1,0,0),('000000042-000000006','000000006','Макс. объем карты памяти (ГБ)',4,0,0,17,'','',1,0,0),('000000043-000000006','000000006','Процессор',1,1,0,18,'','',1,0,0),('000000044-000000006','000000006','Количество ядер процессора',2,0,0,19,'','',1,0,0),('000000045-000000006','000000006','Тактовая частота процессора (МГц)',2,0,0,20,'','',1,0,0),('000000046-000000006','000000006','Тип карты памяти',4,0,0,21,'','',0,0,0),('000000047-000000006','000000006','Связь',0,0,0,22,'','',0,0,0),('000000048-000000006','000000006','Беспроводные интерфейсы',1,1,0,23,'','',0,0,0),('000000049-000000006','000000006','Стандарт связи',1,1,0,24,'','',0,0,0),('000000050-000000006','000000006','Навигация',1,1,0,25,'','',0,0,0),('000000051-000000006','000000006','Количество SIM карт',4,1,0,26,'','',0,0,0),('000000052-000000006','000000006','Тип SIM карты',1,0,0,27,'','',0,0,0),('000000053-000000006','000000006','Питание',0,0,0,28,'','',0,0,0),('000000054-000000006','000000006','Тип аккумулятора',1,0,0,29,'','',0,0,0),('000000055-000000006','000000006','Емкость аккумулятора (мАч)',2,0,0,30,'','',0,0,0),('000000056-000000006','000000006','Вид разъема',4,0,0,31,'','',0,0,0),('000000057-000000006','000000006','Камера',0,0,0,32,'','',0,0,0),('000000058-000000006','000000006','Количество Мп основной камеры',2,1,0,33,'','',0,0,0),('000000059-000000006','000000006','Количество Мп фронтальной камеры',2,0,0,34,'','',0,0,0),('000000060-000000006','000000006','Особенности объектива',1,0,0,35,'','',0,0,0),('000000061-000000006','000000006','Поддерживаемый формат',1,0,0,36,'','',0,0,0),('000000062-000000006','000000006','Встроенная вспышка',3,0,0,37,'','',0,0,0),('000000063-000000006','000000006','Дополнительные опции камеры',1,0,0,38,'','',0,0,0),('000000064-000000006','000000006','Дополнительная информация',0,0,0,39,'','',0,0,0),('000000065-000000006','000000006','Комплектация',1,0,0,40,'','',0,0,0),('000000066-000000006','000000006','Степень пылевлагозащиты',1,0,0,41,'','',0,0,0),('000000067-000000006','000000006','Транспортировка',1,0,0,42,'','',0,0,0),('000000068-000000006','000000006','Хрупкость',3,0,0,43,'','',0,0,0),('000000069-000000006','000000006','Габариты, вес',0,0,0,44,'','',0,0,0),('000000070-000000011','000000011','Заголовок',0,0,0,1,'','',0,0,0);
/*!40000 ALTER TABLE `characteristic` ENABLE KEYS */;
UNLOCK TABLES;

--
-- Table structure for table `characteristic_value`
--

DROP TABLE IF EXISTS `characteristic_value`;
/*!40101 SET @saved_cs_client     = @@character_set_client */;
/*!40101 SET character_set_client = utf8 */;
CREATE TABLE `characteristic_value` (
  `id` varchar(255) COLLATE utf8_unicode_ci NOT NULL DEFAULT '',
  `title` varchar(255) COLLATE utf8_unicode_ci NOT NULL DEFAULT '',
  `characteristic_id` varchar(9) COLLATE utf8_unicode_ci NOT NULL DEFAULT '',
  PRIMARY KEY (`id`)
) ENGINE=MyISAM DEFAULT CHARSET=utf8 COLLATE=utf8_unicode_ci;
/*!40101 SET character_set_client = @saved_cs_client */;

--
-- Dumping data for table `characteristic_value`
--

LOCK TABLES `characteristic_value` WRITE;
/*!40000 ALTER TABLE `characteristic_value` DISABLE KEYS */;
INSERT INTO `characteristic_value` VALUES ('000000002','Беспроводной','000000015'),('000000001','Проводной','000000015'),('000000004','16 ГБ','000000033'),('000000013','2 ГБ','000000033'),('000000005','32 ГБ','000000033'),('000000003','8 ГБ','000000033'),('000000014','32 ГБ','000000034'),('000000009','512 ГБ','000000034'),('000000006','64 ГБ','000000034'),('000000011','Android','000000014'),('000000044','iOS','000000014'),('000000012','Mac OS','000000014'),('000000010','MS Windows','000000014'),('000000015','пластик','000000025'),('000000039','1440x720','000000036'),('000000051','1560x720','000000036'),('000000049','160x120','000000036'),('000000041','1792x828','000000036'),('000000040','2400x1080','000000036'),('000000046','2532х1170','000000036'),('000000048','IPS','000000037'),('000000042','Liquid Retina HD','000000037'),('000000017','OLED','000000037'),('000000016','TFT','000000037'),('000000022','128','000000040'),('000000019','16','000000040'),('000000045','256','000000040'),('000000020','32','000000040'),('000000021','64','000000040'),('000000018','8','000000040'),('000000024','2','000000041'),('000000047','4','000000041'),('000000025','6','000000041'),('000000023','8','000000041'),('000000027','1024','000000042'),('000000026','512','000000042'),('000000028','microSD','000000046'),('000000029','microSDHC','000000046'),('000000030','microSDXC','000000046'),('000000031','nanoSD','000000046'),('000000050','нет','000000046'),('000000032',' Bluetooth','000000048'),('000000033','Wi-Fi','000000048'),('000000034','1','000000051'),('000000035','2','000000051'),('000000043','Lightning','000000056'),('000000037','Micro USB','000000056'),('000000038','mini jack 3.5 мм','000000056'),('000000036','Type-C','000000056');
/*!40000 ALTER TABLE `characteristic_value` ENABLE KEYS */;
UNLOCK TABLES;

--
-- Table structure for table `characteristic_value2`
--

DROP TABLE IF EXISTS `characteristic_value2`;
/*!40101 SET @saved_cs_client     = @@character_set_client */;
/*!40101 SET character_set_client = utf8 */;
CREATE TABLE `characteristic_value2` (
  `id` varchar(32) COLLATE utf8_unicode_ci NOT NULL DEFAULT '',
  `title` varchar(255) COLLATE utf8_unicode_ci NOT NULL DEFAULT '',
  `characteristic_id` varchar(9) COLLATE utf8_unicode_ci NOT NULL DEFAULT ''
) ENGINE=MyISAM DEFAULT CHARSET=utf8 COLLATE=utf8_unicode_ci;
/*!40101 SET character_set_client = @saved_cs_client */;

--
-- Dumping data for table `characteristic_value2`
--

LOCK TABLES `characteristic_value2` WRITE;
/*!40000 ALTER TABLE `characteristic_value2` DISABLE KEYS */;
/*!40000 ALTER TABLE `characteristic_value2` ENABLE KEYS */;
UNLOCK TABLES;

--
-- Table structure for table `color`
--

DROP TABLE IF EXISTS `color`;
/*!40101 SET @saved_cs_client     = @@character_set_client */;
/*!40101 SET character_set_client = utf8 */;
CREATE TABLE `color` (
  `id` varchar(11) COLLATE utf8_unicode_ci NOT NULL,
  `value` varchar(7) COLLATE utf8_unicode_ci NOT NULL,
  `title` varchar(255) COLLATE utf8_unicode_ci NOT NULL
) ENGINE=InnoDB DEFAULT CHARSET=utf8 COLLATE=utf8_unicode_ci;
/*!40101 SET character_set_client = @saved_cs_client */;

--
-- Dumping data for table `color`
--

LOCK TABLES `color` WRITE;
/*!40000 ALTER TABLE `color` DISABLE KEYS */;
INSERT INTO `color` VALUES ('000000001','#0F0F0F','Черный'),('000000002','#7DC7FF','Голубой'),('000000003','#8C8902','Оливковый'),('000000004','#FFFFFF','Белый'),('000000005','#8B00FF','Фиолетовый'),('000000006','#A40404','Темно-красный'),('000000007','#FFAB15','Оранжевый'),('000000008','#966000','Коричневый'),('000000009','#10F4E9','Бирюзовый'),('000000010','#F6F004','Желтый'),('000000011','#960096','Пурпурный'),('000000012','#FA3232','Красный'),('000000013','#018CFF','Синий'),('000000014','#CFCFCF','Серый'),('000000015','#45940A','Темно-зеленый'),('000000016','#6CE70F','Зеленый'),('000000017','#005AA4','Темно-синий'),('000000018','#F052F8','Фуксия');
/*!40000 ALTER TABLE `color` ENABLE KEYS */;
UNLOCK TABLES;

--
-- Table structure for table `country`
--

DROP TABLE IF EXISTS `country`;
/*!40101 SET @saved_cs_client     = @@character_set_client */;
/*!40101 SET character_set_client = utf8 */;
CREATE TABLE `country` (
  `id` varchar(5) COLLATE utf8_unicode_ci NOT NULL,
  `title` tinytext COLLATE utf8_unicode_ci NOT NULL,
  `code` tinytext COLLATE utf8_unicode_ci NOT NULL,
  PRIMARY KEY (`id`)
) ENGINE=MyISAM DEFAULT CHARSET=utf8 COLLATE=utf8_unicode_ci;
/*!40101 SET character_set_client = @saved_cs_client */;

--
-- Dumping data for table `country`
--

LOCK TABLES `country` WRITE;
/*!40000 ALTER TABLE `country` DISABLE KEYS */;
INSERT INTO `country` VALUES ('895','АБХАЗИЯ','AB'),('036','АВСТРАЛИЯ','AU'),('040','АВСТРИЯ','AT'),('031','АЗЕРБАЙДЖАН','AZ'),('008','АЛБАНИЯ','AL'),('012','АЛЖИР','DZ'),('016','АМЕРИКАНСКОЕ САМОА','AS'),('660','АНГИЛЬЯ','AI'),('024','АНГОЛА','AO'),('020','АНДОРРА','AD'),('010','АНТАРКТИДА','AQ'),('028','АНТИГУА И БАРБУДА','AG'),('032','АРГЕНТИНА','AR'),('051','АРМЕНИЯ','AM'),('533','АРУБА','AW'),('004','АФГАНИСТАН','AF'),('044','БАГАМЫ','BS'),('050','БАНГЛАДЕШ','BD'),('052','БАРБАДОС','BB'),('048','БАХРЕЙН','BH'),('112','БЕЛАРУСЬ','BY'),('084','БЕЛИЗ','BZ'),('056','БЕЛЬГИЯ','BE'),('204','БЕНИН','BJ'),('060','БЕРМУДЫ','BM'),('100','БОЛГАРИЯ','BG'),('068','БОЛИВИЯ, МНОГОНАЦИОНАЛЬНОЕ ГОСУДАРСТВО','BO'),('535','БОНЭЙР, СИНТ-ЭСТАТИУС И САБА','BQ'),('070','БОСНИЯ И ГЕРЦЕГОВИНА','BA'),('072','БОТСВАНА','BW'),('076','БРАЗИЛИЯ','BR'),('086','БРИТАНСКАЯ ТЕРРИТОРИЯ В ИНДИЙСКОМ ОКЕАНЕ','IO'),('096','БРУНЕЙ-ДАРУССАЛАМ','BN'),('854','БУРКИНА-ФАСО','BF'),('108','БУРУНДИ','BI'),('064','БУТАН','BT'),('548','ВАНУАТУ','VU'),('348','ВЕНГРИЯ','HU'),('862','ВЕНЕСУЭЛА БОЛИВАРИАНСКАЯ РЕСПУБЛИКА','VE'),('092','ВИРГИНСКИЕ ОСТРОВА, БРИТАНСКИЕ','VG'),('850','ВИРГИНСКИЕ ОСТРОВА, США','VI'),('626','ТИМОР-ЛЕСТЕ','TL'),('704','ВЬЕТНАМ','VN'),('266','ГАБОН','GA'),('332','ГАИТИ','HT'),('328','ГАЙАНА','GY'),('270','ГАМБИЯ','GM'),('288','ГАНА','GH'),('312','ГВАДЕЛУПА','GP'),('320','ГВАТЕМАЛА','GT'),('324','ГВИНЕЯ','GN'),('624','ГВИНЕЯ-БИСАУ','GW'),('276','ГЕРМАНИЯ','DE'),('831','ГЕРНСИ','GG'),('292','ГИБРАЛТАР','GI'),('340','ГОНДУРАС','HN'),('344','ГОНКОНГ','HK'),('308','ГРЕНАДА','GD'),('304','ГРЕНЛАНДИЯ','GL'),('300','ГРЕЦИЯ','GR'),('268','ГРУЗИЯ','GE'),('316','ГУАМ','GU'),('208','ДАНИЯ','DK'),('832','ДЖЕРСИ','JE'),('262','ДЖИБУТИ','DJ'),('212','ДОМИНИКА','DM'),('214','ДОМИНИКАНСКАЯ РЕСПУБЛИКА','DO'),('818','ЕГИПЕТ','EG'),('894','ЗАМБИЯ','ZM'),('732','ЗАПАДНАЯ САХАРА','EH'),('716','ЗИМБАБВЕ','ZW'),('376','ИЗРАИЛЬ','IL'),('356','ИНДИЯ','IN'),('360','ИНДОНЕЗИЯ','ID'),('400','ИОРДАНИЯ','JO'),('368','ИРАК','IQ'),('364','ИРАН, ИСЛАМСКАЯ РЕСПУБЛИКА','IR'),('372','ИРЛАНДИЯ','IE'),('352','ИСЛАНДИЯ','IS'),('724','ИСПАНИЯ','ES'),('380','ИТАЛИЯ','IT'),('887','ЙЕМЕН','YE'),('132','КАБО-ВЕРДЕ','CV'),('398','КАЗАХСТАН','KZ'),('116','КАМБОДЖА','KH'),('120','КАМЕРУН','CM'),('124','КАНАДА','CA'),('634','КАТАР','QA'),('404','КЕНИЯ','KE'),('196','КИПР','CY'),('417','КИРГИЗИЯ','KG'),('296','КИРИБАТИ','KI'),('156','КИТАЙ','CN'),('166','КОКОСОВЫЕ (КИЛИНГ) ОСТРОВА','CC'),('170','КОЛУМБИЯ','CO'),('174','КОМОРЫ','KM'),('178','КОНГО','CG'),('180','КОНГО, ДЕМОКРАТИЧЕСКАЯ РЕСПУБЛИКА','CD'),('408','КОРЕЯ, НАРОДНО-ДЕМОКРАТИЧЕСКАЯ РЕСПУБЛИКА','KP'),('410','КОРЕЯ, РЕСПУБЛИКА','KR'),('188','КОСТА-РИКА','CR'),('384','КОТ Д\'ИВУАР','CI'),('192','КУБА','CU'),('414','КУВЕЙТ','KW'),('531','КЮРАСАО','CW'),('418','ЛАОССКАЯ НАРОДНО-ДЕМОКРАТИЧЕСКАЯ РЕСПУБЛИКА','LA'),('428','ЛАТВИЯ','LV'),('426','ЛЕСОТО','LS'),('430','ЛИБЕРИЯ','LR'),('422','ЛИВАН','LB'),('434','ЛИВИЯ','LY'),('440','ЛИТВА','LT'),('438','ЛИХТЕНШТЕЙН','LI'),('442','ЛЮКСЕМБУРГ','LU'),('480','МАВРИКИЙ','MU'),('478','МАВРИТАНИЯ','MR'),('450','МАДАГАСКАР','MG'),('175','МАЙОТТА','YT'),('446','МАКАО','MO'),('807','СЕВЕРНАЯ МАКЕДОНИЯ','MK'),('454','МАЛАВИ','MW'),('458','МАЛАЙЗИЯ','MY'),('466','МАЛИ','ML'),('581','МАЛЫЕ ТИХООКЕАНСКИЕ ОТДАЛЕННЫЕ ОСТРОВА СОЕДИНЕННЫХ ШТАТОВ','UM'),('462','МАЛЬДИВЫ','MV'),('470','МАЛЬТА','MT'),('504','МАРОККО','MA'),('474','МАРТИНИКА','MQ'),('584','МАРШАЛЛОВЫ ОСТРОВА','MH'),('484','МЕКСИКА','MX'),('583','МИКРОНЕЗИЯ, ФЕДЕРАТИВНЫЕ ШТАТЫ','FM'),('508','МОЗАМБИК','MZ'),('498','МОЛДОВА, РЕСПУБЛИКА','MD'),('492','МОНАКО','MC'),('496','МОНГОЛИЯ','MN'),('500','МОНТСЕРРАТ','MS'),('104','МЬЯНМА','MM'),('516','НАМИБИЯ','NA'),('520','НАУРУ','NR'),('524','НЕПАЛ','NP'),('562','НИГЕР','NE'),('566','НИГЕРИЯ','NG'),('528','НИДЕРЛАНДЫ','NL'),('558','НИКАРАГУА','NI'),('570','НИУЭ','NU'),('554','НОВАЯ ЗЕЛАНДИЯ','NZ'),('540','НОВАЯ КАЛЕДОНИЯ','NC'),('578','НОРВЕГИЯ','NO'),('784','ОБЪЕДИНЕННЫЕ АРАБСКИЕ ЭМИРАТЫ','AE'),('512','ОМАН','OM'),('136','ОСТРОВА КАЙМАН','KY'),('184','ОСТРОВА КУКА','CK'),('796','ОСТРОВА ТЕРКС И КАЙКОС','TC'),('074','ОСТРОВ БУВЕ','BV'),('833','ОСТРОВ МЭН','IM'),('574','ОСТРОВ НОРФОЛК','NF'),('162','ОСТРОВ РОЖДЕСТВА','CX'),('334','ОСТРОВ ХЕРД И ОСТРОВА МАКДОНАЛЬД','HM'),('586','ПАКИСТАН','PK'),('585','ПАЛАУ','PW'),('275','ПАЛЕСТИНА, ГОСУДАРСТВО','PS'),('591','ПАНАМА','PA'),('336','ПАПСКИЙ ПРЕСТОЛ (ГОСУДАРСТВО - ГОРОД ВАТИКАН)','VA'),('598','ПАПУА НОВАЯ ГВИНЕЯ','PG'),('600','ПАРАГВАЙ','PY'),('604','ПЕРУ','PE'),('612','ПИТКЕРН','PN'),('616','ПОЛЬША','PL'),('620','ПОРТУГАЛИЯ','PT'),('630','ПУЭРТО-РИКО','PR'),('638','РЕЮНЬОН','RE'),('643','РОССИЯ','RU'),('646','РУАНДА','RW'),('642','РУМЫНИЯ','RO'),('882','САМОА','WS'),('674','САН-МАРИНО','SM'),('678','САН-ТОМЕ И ПРИНСИПИ','ST'),('682','САУДОВСКАЯ АРАВИЯ','SA'),('748','ЭСВАТИНИ','SZ'),('654','СВЯТАЯ ЕЛЕНА, ОСТРОВ ВОЗНЕСЕНИЯ, ТРИСТАН-ДА-КУНЬЯ','SH'),('580','СЕВЕРНЫЕ МАРИАНСКИЕ ОСТРОВА','MP'),('690','СЕЙШЕЛЫ','SC'),('652','СЕН-БАРТЕЛЕМИ','BL'),('663','СЕН-МАРТЕН','MF'),('534','СЕН-МАРТЕН (нидерландская часть)','SX'),('686','СЕНЕГАЛ','SN'),('670','СЕНТ-ВИНСЕНТ И ГРЕНАДИНЫ','VC'),('659','СЕНТ-КИТС И НЕВИС','KN'),('662','СЕНТ-ЛЮСИЯ','LC'),('666','СЕНТ-ПЬЕР И МИКЕЛОН','PM'),('688','СЕРБИЯ','RS'),('702','СИНГАПУР','SG'),('760','СИРИЙСКАЯ АРАБСКАЯ РЕСПУБЛИКА','SY'),('703','СЛОВАКИЯ','SK'),('705','СЛОВЕНИЯ','SI'),('826','СОЕДИНЕННОЕ КОРОЛЕВСТВО','GB'),('840','СОЕДИНЕННЫЕ ШТАТЫ','US'),('090','СОЛОМОНОВЫ ОСТРОВА','SB'),('706','СОМАЛИ','SO'),('729','СУДАН','SD'),('740','СУРИНАМ','SR'),('694','СЬЕРРА-ЛЕОНЕ','SL'),('762','ТАДЖИКИСТАН','TJ'),('764','ТАИЛАНД','TH'),('158','ТАЙВАНЬ (КИТАЙ)','TW'),('834','ТАНЗАНИЯ, ОБЪЕДИНЕННАЯ РЕСПУБЛИКА','TZ'),('768','ТОГО','TG'),('772','ТОКЕЛАУ','TK'),('776','ТОНГА','TO'),('780','ТРИНИДАД И ТОБАГО','TT'),('798','ТУВАЛУ','TV'),('788','ТУНИС','TN'),('795','ТУРКМЕНИЯ','TM'),('792','ТУРЦИЯ','TR'),('800','УГАНДА','UG'),('860','УЗБЕКИСТАН','UZ'),('804','УКРАИНА','UA'),('876','УОЛЛИС И ФУТУНА','WF'),('858','УРУГВАЙ','UY'),('234','ФАРЕРСКИЕ ОСТРОВА','FO'),('242','ФИДЖИ','FJ'),('608','ФИЛИППИНЫ','PH'),('246','ФИНЛЯНДИЯ','FI'),('238','ФОЛКЛЕНДСКИЕ ОСТРОВА (МАЛЬВИНСКИЕ)','FK'),('250','ФРАНЦИЯ','FR'),('254','ФРАНЦУЗСКАЯ ГВИАНА','GF'),('258','ФРАНЦУЗСКАЯ ПОЛИНЕЗИЯ','PF'),('260','ФРАНЦУЗСКИЕ ЮЖНЫЕ ТЕРРИТОРИИ','TF'),('191','ХОРВАТИЯ','HR'),('140','ЦЕНТРАЛЬНО-АФРИКАНСКАЯ РЕСПУБЛИКА','CF'),('148','ЧАД','TD'),('499','ЧЕРНОГОРИЯ','ME'),('203','ЧЕХИЯ','CZ'),('152','ЧИЛИ','CL'),('756','ШВЕЙЦАРИЯ','CH'),('752','ШВЕЦИЯ','SE'),('744','ШПИЦБЕРГЕН И ЯН МАЙЕН','SJ'),('144','ШРИ-ЛАНКА','LK'),('218','ЭКВАДОР','EC'),('226','ЭКВАТОРИАЛЬНАЯ ГВИНЕЯ','GQ'),('248','ЭЛАНДСКИЕ ОСТРОВА','АХ'),('222','ЭЛЬ-САЛЬВАДОР','SV'),('232','ЭРИТРЕЯ','ER'),('233','ЭСТОНИЯ','EE'),('231','ЭФИОПИЯ','ET'),('710','ЮЖНАЯ АФРИКА','ZA'),('239','ЮЖНАЯ ДЖОРДЖИЯ И ЮЖНЫЕ САНДВИЧЕВЫ ОСТРОВА','GS'),('896','ЮЖНАЯ ОСЕТИЯ','OS'),('728','ЮЖНЫЙ СУДАН','SS'),('388','ЯМАЙКА','JM'),('392','ЯПОНИЯ','JP');
/*!40000 ALTER TABLE `country` ENABLE KEYS */;
UNLOCK TABLES;

--
-- Table structure for table `customer`
--

DROP TABLE IF EXISTS `customer`;
/*!40101 SET @saved_cs_client     = @@character_set_client */;
/*!40101 SET character_set_client = utf8 */;
CREATE TABLE `customer` (
  `id` int(11) NOT NULL AUTO_INCREMENT,
  `name` tinytext COLLATE utf8_unicode_ci NOT NULL,
  `phone` int(11) NOT NULL,
  `email` tinytext COLLATE utf8_unicode_ci NOT NULL,
  `password` tinytext COLLATE utf8_unicode_ci NOT NULL,
  PRIMARY KEY (`id`)
) ENGINE=MyISAM DEFAULT CHARSET=utf8 COLLATE=utf8_unicode_ci;
/*!40101 SET character_set_client = @saved_cs_client */;

--
-- Dumping data for table `customer`
--

LOCK TABLES `customer` WRITE;
/*!40000 ALTER TABLE `customer` DISABLE KEYS */;
/*!40000 ALTER TABLE `customer` ENABLE KEYS */;
UNLOCK TABLES;

--
-- Temporary table structure for view `filtered_product`
--

DROP TABLE IF EXISTS `filtered_product`;
/*!50001 DROP VIEW IF EXISTS `filtered_product`*/;
SET @saved_cs_client     = @@character_set_client;
SET character_set_client = utf8;
/*!50001 CREATE VIEW `filtered_product` AS SELECT 
 1 AS `id`,
 1 AS `provider_id`,
 1 AS `title`,
 1 AS `product_id`,
 1 AS `product_title`,
 1 AS `rest`,
 1 AS `price`,
 1 AS `param_value_list`,
 1 AS `param_variable_list`*/;
SET character_set_client = @saved_cs_client;

--
-- Table structure for table `jemp`
--

DROP TABLE IF EXISTS `jemp`;
/*!40101 SET @saved_cs_client     = @@character_set_client */;
/*!40101 SET character_set_client = utf8 */;
CREATE TABLE `jemp` (
  `c` json DEFAULT NULL,
  `g` int(11) GENERATED ALWAYS AS (json_extract(`c`,_utf8mb4'$.ID')) VIRTUAL,
  KEY `i` (`g`)
) ENGINE=InnoDB DEFAULT CHARSET=utf8 COLLATE=utf8_unicode_ci;
/*!40101 SET character_set_client = @saved_cs_client */;

--
-- Dumping data for table `jemp`
--

LOCK TABLES `jemp` WRITE;
/*!40000 ALTER TABLE `jemp` DISABLE KEYS */;
INSERT INTO `jemp` (`c`) VALUES ('{\"id\": \"1\", \"name\": \"Fred\"}'),('{\"id\": \"2\", \"name\": \"Wilma\"}'),('{\"id\": \"3\", \"name\": \"Barney\"}'),('{\"id\": \"4\", \"name\": \"Betty\"}'),('{\"id\": \"1\", \"name\": \"Fred\"}'),('{\"id\": \"2\", \"name\": \"Wilma\"}'),('{\"id\": \"3\", \"name\": \"Barney\"}'),('{\"id\": \"4\", \"name\": \"Betty\"}');
/*!40000 ALTER TABLE `jemp` ENABLE KEYS */;
UNLOCK TABLES;

--
-- Table structure for table `marker`
--

DROP TABLE IF EXISTS `marker`;
/*!40101 SET @saved_cs_client     = @@character_set_client */;
/*!40101 SET character_set_client = utf8 */;
CREATE TABLE `marker` (
  `id` varchar(12) COLLATE utf8_unicode_ci NOT NULL,
  `product_id` varchar(12) COLLATE utf8_unicode_ci NOT NULL,
  `marker_index` int(11) NOT NULL,
  PRIMARY KEY (`id`)
) ENGINE=MyISAM DEFAULT CHARSET=utf8 COLLATE=utf8_unicode_ci;
/*!40101 SET character_set_client = @saved_cs_client */;

--
-- Dumping data for table `marker`
--

LOCK TABLES `marker` WRITE;
/*!40000 ALTER TABLE `marker` DISABLE KEYS */;
INSERT INTO `marker` VALUES ('000000000001','000000000001',0),('000000000004','000000000004',1);
/*!40000 ALTER TABLE `marker` ENABLE KEYS */;
UNLOCK TABLES;

--
-- Table structure for table `param_title`
--

DROP TABLE IF EXISTS `param_title`;
/*!40101 SET @saved_cs_client     = @@character_set_client */;
/*!40101 SET character_set_client = utf8 */;
CREATE TABLE `param_title` (
  `id` int(11) NOT NULL,
  `title` tinytext COLLATE utf8_unicode_ci NOT NULL,
  `sort_order` int(11) NOT NULL DEFAULT '0',
  `filter` int(11) NOT NULL DEFAULT '0',
  `category_id` int(11) NOT NULL,
  `type` tinyint(4) NOT NULL DEFAULT '1'
) ENGINE=MyISAM DEFAULT CHARSET=utf8 COLLATE=utf8_unicode_ci;
/*!40101 SET character_set_client = @saved_cs_client */;

--
-- Dumping data for table `param_title`
--

LOCK TABLES `param_title` WRITE;
/*!40000 ALTER TABLE `param_title` DISABLE KEYS */;
/*!40000 ALTER TABLE `param_title` ENABLE KEYS */;
UNLOCK TABLES;

--
-- Table structure for table `param_value`
--

DROP TABLE IF EXISTS `param_value`;
/*!40101 SET @saved_cs_client     = @@character_set_client */;
/*!40101 SET character_set_client = utf8 */;
CREATE TABLE `param_value` (
  `id` int(11) NOT NULL,
  `parent_id` int(11) NOT NULL,
  `type` int(11) NOT NULL DEFAULT '0',
  `sort_order` int(11) NOT NULL DEFAULT '0',
  `value` text COLLATE utf8_unicode_ci NOT NULL
) ENGINE=MyISAM DEFAULT CHARSET=utf8 COLLATE=utf8_unicode_ci;
/*!40101 SET character_set_client = @saved_cs_client */;

--
-- Dumping data for table `param_value`
--

LOCK TABLES `param_value` WRITE;
/*!40000 ALTER TABLE `param_value` DISABLE KEYS */;
/*!40000 ALTER TABLE `param_value` ENABLE KEYS */;
UNLOCK TABLES;

--
-- Table structure for table `post`
--

DROP TABLE IF EXISTS `post`;
/*!40101 SET @saved_cs_client     = @@character_set_client */;
/*!40101 SET character_set_client = utf8 */;
CREATE TABLE `post` (
  `id` varchar(255) COLLATE utf8_unicode_ci DEFAULT NULL,
  `email` varchar(255) COLLATE utf8_unicode_ci DEFAULT NULL,
  `blog` varchar(255) COLLATE utf8_unicode_ci DEFAULT NULL
) ENGINE=MyISAM DEFAULT CHARSET=utf8 COLLATE=utf8_unicode_ci;
/*!40101 SET character_set_client = @saved_cs_client */;

--
-- Dumping data for table `post`
--

LOCK TABLES `post` WRITE;
/*!40000 ALTER TABLE `post` DISABLE KEYS */;
INSERT INTO `post` VALUES ('001','asdf@b.com','blog 1'),('002','aaa@bbb.com','blog2'),('003','a@c.com','blog 3');
/*!40000 ALTER TABLE `post` ENABLE KEYS */;
UNLOCK TABLES;

--
-- Table structure for table `predef_char_value`
--

DROP TABLE IF EXISTS `predef_char_value`;
/*!40101 SET @saved_cs_client     = @@character_set_client */;
/*!40101 SET character_set_client = utf8 */;
CREATE TABLE `predef_char_value` (
  `id` varchar(9) COLLATE utf8_unicode_ci NOT NULL DEFAULT '',
  `title` varchar(255) COLLATE utf8_unicode_ci NOT NULL DEFAULT '',
  `characteristic_id` varchar(9) COLLATE utf8_unicode_ci NOT NULL DEFAULT ''
) ENGINE=MyISAM DEFAULT CHARSET=utf8 COLLATE=utf8_unicode_ci;
/*!40101 SET character_set_client = @saved_cs_client */;

--
-- Dumping data for table `predef_char_value`
--

LOCK TABLES `predef_char_value` WRITE;
/*!40000 ALTER TABLE `predef_char_value` DISABLE KEYS */;
INSERT INTO `predef_char_value` VALUES ('000000002','Беспроводной','000000001'),('000000001','Проводной','000000001'),('000000004','16 ГБ','000000007'),('000000005','32 ГБ','000000007'),('000000003','8 ГБ','000000007'),('000000007','128 ГБ','000000008'),('000000008','256 ГБ','000000008'),('000000009','512 ГБ','000000008'),('000000006','64 ГБ','000000008');
/*!40000 ALTER TABLE `predef_char_value` ENABLE KEYS */;
UNLOCK TABLES;

--
-- Table structure for table `price`
--

DROP TABLE IF EXISTS `price`;
/*!40101 SET @saved_cs_client     = @@character_set_client */;
/*!40101 SET character_set_client = utf8 */;
CREATE TABLE `price` (
  `product_id` varchar(12) COLLATE utf8_unicode_ci NOT NULL,
  `reserve` int(11) NOT NULL,
  `store_id` varchar(9) COLLATE utf8_unicode_ci NOT NULL,
  `unit` tinytext COLLATE utf8_unicode_ci NOT NULL,
  `price` int(11) NOT NULL,
  `old_price` int(11) NOT NULL DEFAULT '0',
  `provider_id` varchar(6) COLLATE utf8_unicode_ci NOT NULL,
  PRIMARY KEY (`product_id`,`provider_id`)
) ENGINE=MyISAM DEFAULT CHARSET=utf8 COLLATE=utf8_unicode_ci;
/*!40101 SET character_set_client = @saved_cs_client */;

--
-- Dumping data for table `price`
--

LOCK TABLES `price` WRITE;
/*!40000 ALTER TABLE `price` DISABLE KEYS */;
INSERT INTO `price` VALUES ('000000000006',0,'','',8300,0,'00003'),('000000000005',0,'','',7800,0,'00003'),('000000000004',0,'','',7400,6500,'00003'),('000000000002',0,'','',800000,470100,'00003'),('000000000001',0,'','',580000,0,'00003'),('000000000003',0,'','',5699000,0,'00004'),('000000000007',0,'','',5400000,0,'00005'),('000000000009',0,'','',5100000,0,'00005'),('000000000010',0,'','',4500000,0,'00005'),('000000000012',0,'','',1500000,0,'00005'),('000000000013',0,'','',1600000,0,'00005'),('000000000014',0,'','',2000000,0,'00005'),('000000000015',0,'','',2300000,2200000,'00005'),('000000000011',0,'','',1250000,0,'00005'),('000000000008',0,'','',4730000,0,'00005'),('000000000016',0,'','',100000,0,'00001'),('000000000017',0,'','',1250000,1394000,'00005'),('000000000018',0,'','',5399100,0,'00002'),('000000000019',0,'','',5400000,0,'00002'),('000000000020',0,'','',9899100,0,'00002'),('000000000021',0,'','',4949100,0,'00002'),('000000000022',0,'','',1691000,0,'00005'),('000000000023',0,'','',1580000,0,'00005'),('000000000024',0,'','',3599000,0,'00004'),('000000000025',0,'','',1869600,0,'00004'),('000000000026',0,'','',7299000,0,'00004'),('000000000027',0,'','',7299000,0,'00004'),('000000000028',0,'','',1583100,0,'00005'),('000000000029',0,'','',1583100,0,'00005'),('000000000030',0,'','',8549100,0,'00002'),('000000000031',0,'','',1394000,0,'00005'),('000000000032',0,'','',1394000,0,'00005');
/*!40000 ALTER TABLE `price` ENABLE KEYS */;
UNLOCK TABLES;

--
-- Table structure for table `product`
--

DROP TABLE IF EXISTS `product`;
/*!40101 SET @saved_cs_client     = @@character_set_client */;
/*!40101 SET character_set_client = utf8 */;
CREATE TABLE `product` (
  `id` varchar(12) COLLATE utf8_unicode_ci NOT NULL,
  `provider_id` varchar(6) COLLATE utf8_unicode_ci NOT NULL,
  `category_id` varchar(9) COLLATE utf8_unicode_ci NOT NULL,
  `title` text COLLATE utf8_unicode_ci NOT NULL,
  `description` text COLLATE utf8_unicode_ci NOT NULL,
  `vendor_code` varchar(100) COLLATE utf8_unicode_ci NOT NULL,
  `param_value_list` text COLLATE utf8_unicode_ci NOT NULL,
  `param_variable_list` text COLLATE utf8_unicode_ci NOT NULL,
  `brand_id` varchar(8) COLLATE utf8_unicode_ci NOT NULL,
  `color` varchar(10) COLLATE utf8_unicode_ci DEFAULT NULL,
  `size` varchar(10) COLLATE utf8_unicode_ci DEFAULT NULL,
  PRIMARY KEY (`id`)
) ENGINE=MyISAM DEFAULT CHARSET=utf8 COLLATE=utf8_unicode_ci;
/*!40101 SET character_set_client = @saved_cs_client */;

--
-- Dumping data for table `product`
--

LOCK TABLES `product` WRITE;
/*!40000 ALTER TABLE `product` DISABLE KEYS */;
INSERT INTO `product` VALUES ('000000000016','00001','000000011','Димин холодильник','Первые домашние холодильники появились тоже в середине 19 века. Тогда это были обыкновенные деревянные шкафы, набитые льдом. Через 20 лет, в 1879 году немецкий учёный Карл фон Линде изобрёл холодильную машину с компрессором. Это был механический холодильник, в котором использовался паровой насос.','987987','','[{\"id\":\"000000070\",\"index\":1,\"is_title\":true,\"type\":0,\"value\":\"\"},{\"id\":\"000000001\",\"index\":2,\"is_title\":false,\"type\":8,\"value\":\"392\"}]','000002',NULL,NULL),('000000000018','00002','000000006','Смартфон iPhone 11 128GB (черный)','Очень удобный','16023989','','[{\"id\":\"000000017\",\"index\":1,\"is_title\":true,\"type\":0,\"value\":\"\"},{\"id\":\"000000014\",\"index\":2,\"is_title\":false,\"type\":4,\"value\":\"000000011\"},{\"id\":\"000000003\",\"index\":3,\"is_title\":false,\"type\":6,\"value\":\"000011\"},{\"id\":\"000000004\",\"index\":5,\"is_title\":false,\"type\":7,\"value\":\"000000001\"},{\"id\":\"000000001\",\"index\":6,\"is_title\":false,\"type\":8,\"value\":\"156\"},{\"id\":\"000000027\",\"index\":7,\"is_title\":false,\"type\":2,\"value\":12},{\"id\":\"000000028\",\"index\":8,\"is_title\":false,\"type\":1,\"value\":\"сканер отпечатка пальца, разблокировка по лицу\"},{\"id\":\"000000032\",\"index\":9,\"is_title\":true,\"type\":0,\"value\":\"\"},{\"id\":\"000000029\",\"index\":10,\"is_title\":false,\"type\":2,\"value\":6.1},{\"id\":\"000000036\",\"index\":11,\"is_title\":false,\"type\":4,\"value\":\"000000041\"},{\"id\":\"000000037\",\"index\":12,\"is_title\":false,\"type\":4,\"value\":\"000000042\"},{\"id\":\"000000038\",\"index\":13,\"is_title\":false,\"type\":3,\"value\":true},{\"id\":\"000000039\",\"index\":14,\"is_title\":true,\"type\":0,\"value\":\"\"},{\"id\":\"000000040\",\"index\":15,\"is_title\":false,\"type\":4,\"value\":\"000000022\"},{\"id\":\"000000041\",\"index\":16,\"is_title\":false,\"type\":4,\"value\":\"000000025\"},{\"id\":\"000000042\",\"index\":17,\"is_title\":false,\"type\":4,\"value\":\"000000027\"},{\"id\":\"000000043\",\"index\":18,\"is_title\":false,\"type\":1,\"value\":\"Apple A13 Bionic\"},{\"id\":\"000000044\",\"index\":19,\"is_title\":false,\"type\":2,\"value\":6},{\"id\":\"000000045\",\"index\":20,\"is_title\":false,\"type\":2,\"value\":1700},{\"id\":\"000000046\",\"index\":21,\"is_title\":false,\"type\":4,\"value\":\"000000029\"},{\"id\":\"000000047\",\"index\":22,\"is_title\":true,\"type\":0,\"value\":\"\"},{\"id\":\"000000048\",\"index\":23,\"is_title\":false,\"type\":1,\"value\":\"NFC; Wi-Fi; Bluetooth 5.0\"},{\"id\":\"000000049\",\"index\":24,\"is_title\":false,\"type\":1,\"value\":\"3G; 4G; Wi-Fi; LTE-A\"},{\"id\":\"000000050\",\"index\":25,\"is_title\":false,\"type\":1,\"value\":\"A-GPS; ГЛОНАСС; Galileo; QZSS\"},{\"id\":\"000000051\",\"index\":26,\"is_title\":false,\"type\":4,\"value\":\"000000035\"},{\"id\":\"000000052\",\"index\":27,\"is_title\":false,\"type\":1,\"value\":\"nano SIM\"},{\"id\":\"000000053\",\"index\":28,\"is_title\":true,\"type\":0,\"value\":\"\"},{\"id\":\"000000054\",\"index\":29,\"is_title\":false,\"type\":1,\"value\":\"Li-polymer\"},{\"id\":\"000000055\",\"index\":30,\"is_title\":false,\"type\":2,\"value\":4810},{\"id\":\"000000056\",\"index\":31,\"is_title\":false,\"type\":4,\"value\":\"000000043\"},{\"id\":\"000000057\",\"index\":32,\"is_title\":true,\"type\":0,\"value\":\"\"},{\"id\":\"000000058\",\"index\":33,\"is_title\":false,\"type\":2,\"value\":12},{\"id\":\"000000059\",\"index\":34,\"is_title\":false,\"type\":2,\"value\":12},{\"id\":\"000000060\",\"index\":35,\"is_title\":false,\"type\":1,\"value\":\"автоматическая фокусировка\"},{\"id\":\"000000061\",\"index\":36,\"is_title\":false,\"type\":1,\"value\":\"AAC; AMR; APE; FLAC; M4V; MKV; MP3; MP4; WAV; XviD\"},{\"id\":\"000000062\",\"index\":37,\"is_title\":false,\"type\":3,\"value\":true},{\"id\":\"000000063\",\"index\":38,\"is_title\":false,\"type\":1,\"value\":\"автоматическая фокусировка; вспышка\"},{\"id\":\"000000064\",\"index\":39,\"is_title\":true,\"type\":0,\"value\":\"\"},{\"id\":\"000000065\",\"index\":40,\"is_title\":false,\"type\":1,\"value\":\"документация; чехол; USB-кабель; адаптер; гарантийный талон\"},{\"id\":\"000000066\",\"index\":41,\"is_title\":false,\"type\":1,\"value\":\"IP67\"},{\"id\":\"000000067\",\"index\":42,\"is_title\":false,\"type\":1,\"value\":\"Не требует специальных условий\"},{\"id\":\"000000068\",\"index\":43,\"is_title\":false,\"type\":3,\"value\":true},{\"id\":\"000000069\",\"index\":44,\"is_title\":true,\"type\":0,\"value\":\"\"},{\"id\":\"000000005\",\"index\":45,\"is_title\":false,\"type\":2,\"value\":75.7},{\"id\":\"000000006\",\"index\":46,\"is_title\":false,\"type\":2,\"value\":8.3},{\"id\":\"000000007\",\"index\":47,\"is_title\":false,\"type\":2,\"value\":159},{\"id\":\"000000008\",\"index\":48,\"is_title\":false,\"type\":2,\"value\":194}]','000011',NULL,NULL),('000000000019','00002','000000006','Смартфон iPhone 11 128GB (желтый)','Берите выше. iPhone 11. Ничего лишнего. Только самое. Ярко. Мощно. То, что нужно. Сверхширокоугольный взгляд на мир. iPhone 11. Переходите на самое. Система двух камер со сверхширокоугольной камерой. Ночной режим и потрясающее качество видео. Защита от воды и пыли. Длительная работа без подзарядки. Шесть прекрасных цветов. 11 станет вашим любимым числом. Снимайте видео 4K, отличные портреты и захватывающие пейзажи с превосходной системой двух камер. Делайте красивейшие снимки при слабом освещении в Ночном режиме. Смотрите фотографии и видео, играйте в игры - на дисплее Liquid Retina 6,1 дюйма всё выглядит естественно и реалистично. Открывайте новые возможности игр, дополненной реальности и фотографии благодаря невероятной производительности процессора A13 Bionic. А с мощным аккумулятором вы сможете делать больше - и меньше времени тратить на зарядку. Устройство защищено от воды (допускается погружение в воду на глубину до 2 метров на 30 минут).','16023992','','[{\"id\":\"000000017\",\"index\":1,\"is_title\":true,\"type\":0,\"value\":\"\"},{\"id\":\"000000014\",\"index\":2,\"is_title\":false,\"type\":4,\"value\":\"000000011\"},{\"id\":\"000000003\",\"index\":3,\"is_title\":false,\"type\":6,\"value\":\"000011\"},{\"id\":\"000000004\",\"index\":5,\"is_title\":false,\"type\":7,\"value\":\"000000010\"},{\"id\":\"000000001\",\"index\":6,\"is_title\":false,\"type\":8,\"value\":\"156\"},{\"id\":\"000000027\",\"index\":7,\"is_title\":false,\"type\":2,\"value\":12},{\"id\":\"000000028\",\"index\":8,\"is_title\":false,\"type\":1,\"value\":\"сканер отпечатка пальца, разблокировка по лицу\"},{\"id\":\"000000032\",\"index\":9,\"is_title\":true,\"type\":0,\"value\":\"\"},{\"id\":\"000000029\",\"index\":10,\"is_title\":false,\"type\":2,\"value\":6.1},{\"id\":\"000000036\",\"index\":11,\"is_title\":false,\"type\":4,\"value\":\"000000041\"},{\"id\":\"000000037\",\"index\":12,\"is_title\":false,\"type\":4,\"value\":\"000000042\"},{\"id\":\"000000038\",\"index\":13,\"is_title\":false,\"type\":3,\"value\":true},{\"id\":\"000000039\",\"index\":14,\"is_title\":true,\"type\":0,\"value\":\"\"},{\"id\":\"000000040\",\"index\":15,\"is_title\":false,\"type\":4,\"value\":\"000000022\"},{\"id\":\"000000041\",\"index\":16,\"is_title\":false,\"type\":4,\"value\":\"000000025\"},{\"id\":\"000000042\",\"index\":17,\"is_title\":false,\"type\":4,\"value\":\"000000027\"},{\"id\":\"000000043\",\"index\":18,\"is_title\":false,\"type\":1,\"value\":\"Apple A13 Bionic\"},{\"id\":\"000000044\",\"index\":19,\"is_title\":false,\"type\":2,\"value\":6},{\"id\":\"000000045\",\"index\":20,\"is_title\":false,\"type\":2,\"value\":1700},{\"id\":\"000000046\",\"index\":21,\"is_title\":false,\"type\":4,\"value\":\"000000029\"},{\"id\":\"000000047\",\"index\":22,\"is_title\":true,\"type\":0,\"value\":\"\"},{\"id\":\"000000048\",\"index\":23,\"is_title\":false,\"type\":1,\"value\":\"NFC; Wi-Fi; Bluetooth 5.0\"},{\"id\":\"000000049\",\"index\":24,\"is_title\":false,\"type\":1,\"value\":\"3G; 4G; Wi-Fi; LTE-A\"},{\"id\":\"000000050\",\"index\":25,\"is_title\":false,\"type\":1,\"value\":\"A-GPS; ГЛОНАСС; Galileo; QZSS\"},{\"id\":\"000000051\",\"index\":26,\"is_title\":false,\"type\":4,\"value\":\"000000035\"},{\"id\":\"000000052\",\"index\":27,\"is_title\":false,\"type\":1,\"value\":\"nano SIM\"},{\"id\":\"000000053\",\"index\":28,\"is_title\":true,\"type\":0,\"value\":\"\"},{\"id\":\"000000054\",\"index\":29,\"is_title\":false,\"type\":1,\"value\":\"Li-polymer\"},{\"id\":\"000000055\",\"index\":30,\"is_title\":false,\"type\":2,\"value\":4810},{\"id\":\"000000056\",\"index\":31,\"is_title\":false,\"type\":4,\"value\":\"000000043\"},{\"id\":\"000000057\",\"index\":32,\"is_title\":true,\"type\":0,\"value\":\"\"},{\"id\":\"000000058\",\"index\":33,\"is_title\":false,\"type\":2,\"value\":12},{\"id\":\"000000059\",\"index\":34,\"is_title\":false,\"type\":2,\"value\":12},{\"id\":\"000000060\",\"index\":35,\"is_title\":false,\"type\":1,\"value\":\"автоматическая фокусировка\"},{\"id\":\"000000061\",\"index\":36,\"is_title\":false,\"type\":1,\"value\":\"AAC; AMR; APE; FLAC; M4V; MKV; MP3; MP4; WAV; XviD\"},{\"id\":\"000000062\",\"index\":37,\"is_title\":false,\"type\":3,\"value\":true},{\"id\":\"000000063\",\"index\":38,\"is_title\":false,\"type\":1,\"value\":\"автоматическая фокусировка; вспышка\"},{\"id\":\"000000064\",\"index\":39,\"is_title\":true,\"type\":0,\"value\":\"\"},{\"id\":\"000000065\",\"index\":40,\"is_title\":false,\"type\":1,\"value\":\"документация; чехол; USB-кабель; адаптер; гарантийный талон\"},{\"id\":\"000000066\",\"index\":41,\"is_title\":false,\"type\":1,\"value\":\"IP67\"},{\"id\":\"000000067\",\"index\":42,\"is_title\":false,\"type\":1,\"value\":\"Не требует специальных условий\"},{\"id\":\"000000068\",\"index\":43,\"is_title\":false,\"type\":3,\"value\":true},{\"id\":\"000000069\",\"index\":44,\"is_title\":true,\"type\":0,\"value\":\"\"},{\"id\":\"000000005\",\"index\":45,\"is_title\":false,\"type\":2,\"value\":75.7},{\"id\":\"000000006\",\"index\":46,\"is_title\":false,\"type\":2,\"value\":8.3},{\"id\":\"000000007\",\"index\":47,\"is_title\":false,\"type\":2,\"value\":159},{\"id\":\"000000008\",\"index\":48,\"is_title\":false,\"type\":2,\"value\":194}]','000011',NULL,NULL),('000000000020','00002','000000006','Смартфон iPhone 12 Pro 256GB (серебристый)','Это iPhone 12 Pro. A14 Bionic, самый быстрый процессор iPhone. Система камер Pro, которая обеспечивает потрясающее качество снимков при слабом освещении. Это новая прекрасная эра для iPhone.','15875684','','[{\"id\":\"000000017\",\"index\":1,\"is_title\":true,\"type\":0,\"value\":\"\"},{\"id\":\"000000014\",\"index\":2,\"is_title\":false,\"type\":4,\"value\":\"000000044\"},{\"id\":\"000000003\",\"index\":3,\"is_title\":false,\"type\":6,\"value\":\"000011\"},{\"id\":\"000000004\",\"index\":5,\"is_title\":false,\"type\":7,\"value\":\"000000011\"},{\"id\":\"000000001\",\"index\":6,\"is_title\":false,\"type\":8,\"value\":\"156\"},{\"id\":\"000000027\",\"index\":7,\"is_title\":false,\"type\":2,\"value\":12},{\"id\":\"000000028\",\"index\":8,\"is_title\":false,\"type\":1,\"value\":\"сканер отпечатка пальца, разблокировка по лицу\"},{\"id\":\"000000032\",\"index\":9,\"is_title\":true,\"type\":0,\"value\":\"\"},{\"id\":\"000000029\",\"index\":10,\"is_title\":false,\"type\":2,\"value\":6.1},{\"id\":\"000000036\",\"index\":11,\"is_title\":false,\"type\":4,\"value\":\"000000046\"},{\"id\":\"000000037\",\"index\":12,\"is_title\":false,\"type\":4,\"value\":\"000000017\"},{\"id\":\"000000038\",\"index\":13,\"is_title\":false,\"type\":3,\"value\":true},{\"id\":\"000000039\",\"index\":14,\"is_title\":true,\"type\":0,\"value\":\"\"},{\"id\":\"000000040\",\"index\":15,\"is_title\":false,\"type\":4,\"value\":\"000000045\"},{\"id\":\"000000041\",\"index\":16,\"is_title\":false,\"type\":4,\"value\":\"000000025\"},{\"id\":\"000000042\",\"index\":17,\"is_title\":false,\"type\":4,\"value\":\"000000027\"},{\"id\":\"000000043\",\"index\":18,\"is_title\":false,\"type\":1,\"value\":\"Apple A14 Bionic\"},{\"id\":\"000000044\",\"index\":19,\"is_title\":false,\"type\":2,\"value\":6},{\"id\":\"000000045\",\"index\":20,\"is_title\":false,\"type\":2,\"value\":1700},{\"id\":\"000000046\",\"index\":21,\"is_title\":false,\"type\":4,\"value\":\"000000029\"},{\"id\":\"000000047\",\"index\":22,\"is_title\":true,\"type\":0,\"value\":\"\"},{\"id\":\"000000048\",\"index\":23,\"is_title\":false,\"type\":1,\"value\":\"NFC; Bluetooth 5.0; Wi-Fi 802.11ax\"},{\"id\":\"000000049\",\"index\":24,\"is_title\":false,\"type\":1,\"value\":\"3G; 4G; Wi-Fi; LTE-A\"},{\"id\":\"000000050\",\"index\":25,\"is_title\":false,\"type\":1,\"value\":\"ГЛОНАСС; GPS; BeiDou; Galileo; QZSS\"},{\"id\":\"000000051\",\"index\":26,\"is_title\":false,\"type\":4,\"value\":\"000000035\"},{\"id\":\"000000052\",\"index\":27,\"is_title\":false,\"type\":1,\"value\":\"nano SIM\"},{\"id\":\"000000053\",\"index\":28,\"is_title\":true,\"type\":0,\"value\":\"\"},{\"id\":\"000000054\",\"index\":29,\"is_title\":false,\"type\":1,\"value\":\"Li-polymer\"},{\"id\":\"000000055\",\"index\":30,\"is_title\":false,\"type\":2,\"value\":4810},{\"id\":\"000000056\",\"index\":31,\"is_title\":false,\"type\":4,\"value\":\"000000043\"},{\"id\":\"000000057\",\"index\":32,\"is_title\":true,\"type\":0,\"value\":\"\"},{\"id\":\"000000058\",\"index\":33,\"is_title\":false,\"type\":2,\"value\":12},{\"id\":\"000000059\",\"index\":34,\"is_title\":false,\"type\":2,\"value\":12},{\"id\":\"000000060\",\"index\":35,\"is_title\":false,\"type\":1,\"value\":\"автоматическая фокусировка\"},{\"id\":\"000000061\",\"index\":36,\"is_title\":false,\"type\":1,\"value\":\"AAC; AMR; APE; FLAC; M4V; MKV; MP3; MP4; WAV; XviD\"},{\"id\":\"000000062\",\"index\":37,\"is_title\":false,\"type\":3,\"value\":true},{\"id\":\"000000063\",\"index\":38,\"is_title\":false,\"type\":1,\"value\":\"автоматическая фокусировка; вспышка\"},{\"id\":\"000000064\",\"index\":39,\"is_title\":true,\"type\":0,\"value\":\"\"},{\"id\":\"000000065\",\"index\":40,\"is_title\":false,\"type\":1,\"value\":\"документация; чехол; USB-кабель; адаптер; гарантийный талон\"},{\"id\":\"000000066\",\"index\":41,\"is_title\":false,\"type\":1,\"value\":\"IP67\"},{\"id\":\"000000067\",\"index\":42,\"is_title\":false,\"type\":1,\"value\":\"Не требует специальных условий\"},{\"id\":\"000000068\",\"index\":43,\"is_title\":false,\"type\":3,\"value\":true},{\"id\":\"000000069\",\"index\":44,\"is_title\":true,\"type\":0,\"value\":\"\"},{\"id\":\"000000005\",\"index\":45,\"is_title\":false,\"type\":2,\"value\":75.7},{\"id\":\"000000006\",\"index\":46,\"is_title\":false,\"type\":2,\"value\":8.3},{\"id\":\"000000007\",\"index\":47,\"is_title\":false,\"type\":2,\"value\":159},{\"id\":\"000000008\",\"index\":48,\"is_title\":false,\"type\":2,\"value\":194}]','000011',NULL,NULL),('000000000021','00002','000000006','Смартфон iPhone 11 64GB (красный)','Ничего лишнего. Только самое. Ярко. Мощно. То, что нужно. Сверхширокоугольный взгляд на мир. iPhone 11. Переходите на самое. Снимайте видео 4K, отличные портреты и захватывающие пейзажи с превосходной системой двух камер. Делайте красивейшие снимки при слабом освещении в Ночном режиме. Смотрите фотографии и видео, играйте в игры - на дисплее Liquid Retina 6,1 дюйма всё выглядит естественно и реалистично. Открывайте новые возможности игр, дополненной реальности и фотографии благодаря невероятной производительности процессора A13 Bionic. А с мощным аккумулятором вы сможете делать больше - и меньше времени тратить на зарядку. Устройство защищено от воды (допускается погружение в воду на глубину до 2 метров на 30 минут). Apple перечисляет часть средств от продажи iPhone 11 (PRODUCT)RED в Глобальный фонд для борьбы со СПИДом.','16023985','','[{\"id\":\"000000017\",\"index\":1,\"is_title\":true,\"type\":0,\"value\":\"\"},{\"id\":\"000000014\",\"index\":2,\"is_title\":false,\"type\":4,\"value\":\"000000044\"},{\"id\":\"000000003\",\"index\":3,\"is_title\":false,\"type\":6,\"value\":\"000011\"},{\"id\":\"000000004\",\"index\":5,\"is_title\":false,\"type\":7,\"value\":\"000000012\"},{\"id\":\"000000001\",\"index\":6,\"is_title\":false,\"type\":8,\"value\":\"156\"},{\"id\":\"000000027\",\"index\":7,\"is_title\":false,\"type\":2,\"value\":12},{\"id\":\"000000028\",\"index\":8,\"is_title\":false,\"type\":1,\"value\":\"сканер отпечатка пальца, разблокировка по лицу\"},{\"id\":\"000000032\",\"index\":9,\"is_title\":true,\"type\":0,\"value\":\"\"},{\"id\":\"000000029\",\"index\":10,\"is_title\":false,\"type\":2,\"value\":6.1},{\"id\":\"000000036\",\"index\":11,\"is_title\":false,\"type\":4,\"value\":\"000000046\"},{\"id\":\"000000037\",\"index\":12,\"is_title\":false,\"type\":4,\"value\":\"000000017\"},{\"id\":\"000000038\",\"index\":13,\"is_title\":false,\"type\":3,\"value\":true},{\"id\":\"000000039\",\"index\":14,\"is_title\":true,\"type\":0,\"value\":\"\"},{\"id\":\"000000040\",\"index\":15,\"is_title\":false,\"type\":4,\"value\":\"000000021\"},{\"id\":\"000000041\",\"index\":16,\"is_title\":false,\"type\":4,\"value\":\"000000025\"},{\"id\":\"000000042\",\"index\":17,\"is_title\":false,\"type\":4,\"value\":\"000000027\"},{\"id\":\"000000043\",\"index\":18,\"is_title\":false,\"type\":1,\"value\":\"Apple A14 Bionic\"},{\"id\":\"000000044\",\"index\":19,\"is_title\":false,\"type\":2,\"value\":6},{\"id\":\"000000045\",\"index\":20,\"is_title\":false,\"type\":2,\"value\":1700},{\"id\":\"000000046\",\"index\":21,\"is_title\":false,\"type\":4,\"value\":\"000000029\"},{\"id\":\"000000047\",\"index\":22,\"is_title\":true,\"type\":0,\"value\":\"\"},{\"id\":\"000000048\",\"index\":23,\"is_title\":false,\"type\":1,\"value\":\"NFC; Bluetooth 5.0; Wi-Fi 802.11ax\"},{\"id\":\"000000049\",\"index\":24,\"is_title\":false,\"type\":1,\"value\":\"3G; 4G; Wi-Fi; LTE-A\"},{\"id\":\"000000050\",\"index\":25,\"is_title\":false,\"type\":1,\"value\":\"ГЛОНАСС; GPS; BeiDou; Galileo; QZSS\"},{\"id\":\"000000051\",\"index\":26,\"is_title\":false,\"type\":4,\"value\":\"000000035\"},{\"id\":\"000000052\",\"index\":27,\"is_title\":false,\"type\":1,\"value\":\"nano SIM\"},{\"id\":\"000000053\",\"index\":28,\"is_title\":true,\"type\":0,\"value\":\"\"},{\"id\":\"000000054\",\"index\":29,\"is_title\":false,\"type\":1,\"value\":\"Li-polymer\"},{\"id\":\"000000055\",\"index\":30,\"is_title\":false,\"type\":2,\"value\":4810},{\"id\":\"000000056\",\"index\":31,\"is_title\":false,\"type\":4,\"value\":\"000000043\"},{\"id\":\"000000057\",\"index\":32,\"is_title\":true,\"type\":0,\"value\":\"\"},{\"id\":\"000000058\",\"index\":33,\"is_title\":false,\"type\":2,\"value\":12},{\"id\":\"000000059\",\"index\":34,\"is_title\":false,\"type\":2,\"value\":12},{\"id\":\"000000060\",\"index\":35,\"is_title\":false,\"type\":1,\"value\":\"автоматическая фокусировка\"},{\"id\":\"000000061\",\"index\":36,\"is_title\":false,\"type\":1,\"value\":\"AAC; AMR; APE; FLAC; M4V; MKV; MP3; MP4; WAV; XviD\"},{\"id\":\"000000062\",\"index\":37,\"is_title\":false,\"type\":3,\"value\":true},{\"id\":\"000000063\",\"index\":38,\"is_title\":false,\"type\":1,\"value\":\"автоматическая фокусировка; вспышка\"},{\"id\":\"000000064\",\"index\":39,\"is_title\":true,\"type\":0,\"value\":\"\"},{\"id\":\"000000065\",\"index\":40,\"is_title\":false,\"type\":1,\"value\":\"документация; чехол; USB-кабель; адаптер; гарантийный талон\"},{\"id\":\"000000066\",\"index\":41,\"is_title\":false,\"type\":1,\"value\":\"IP67\"},{\"id\":\"000000067\",\"index\":42,\"is_title\":false,\"type\":1,\"value\":\"Не требует специальных условий\"},{\"id\":\"000000068\",\"index\":43,\"is_title\":false,\"type\":3,\"value\":true},{\"id\":\"000000069\",\"index\":44,\"is_title\":true,\"type\":0,\"value\":\"\"},{\"id\":\"000000005\",\"index\":45,\"is_title\":false,\"type\":2,\"value\":75.7},{\"id\":\"000000006\",\"index\":46,\"is_title\":false,\"type\":2,\"value\":8.3},{\"id\":\"000000007\",\"index\":47,\"is_title\":false,\"type\":2,\"value\":159},{\"id\":\"000000008\",\"index\":48,\"is_title\":false,\"type\":2,\"value\":194}]','000011',NULL,NULL),('000000000030','00002','000000006','Смартфон iPhone 12 Pro 128GB (Шелковый оттенок)','14.jpg','15875675','','[{\"id\":\"000000017\",\"index\":1,\"is_title\":true,\"type\":0,\"value\":\"\"},{\"id\":\"000000014\",\"index\":2,\"is_title\":false,\"type\":4,\"value\":\"000000044\"},{\"id\":\"000000003\",\"index\":3,\"is_title\":false,\"type\":6,\"value\":\"000011\"},{\"id\":\"000000004\",\"index\":5,\"is_title\":false,\"type\":7,\"value\":\"000000009\"},{\"id\":\"000000001\",\"index\":6,\"is_title\":false,\"type\":8,\"value\":\"156\"},{\"id\":\"000000027\",\"index\":7,\"is_title\":false,\"type\":2,\"value\":12},{\"id\":\"000000028\",\"index\":8,\"is_title\":false,\"type\":1,\"value\":\"укрепленный корпус\"},{\"id\":\"000000032\",\"index\":9,\"is_title\":true,\"type\":0,\"value\":\"\"},{\"id\":\"000000029\",\"index\":10,\"is_title\":false,\"type\":2,\"value\":6.1},{\"id\":\"000000036\",\"index\":11,\"is_title\":false,\"type\":4,\"value\":\"000000046\"},{\"id\":\"000000037\",\"index\":12,\"is_title\":false,\"type\":4,\"value\":\"000000017\"},{\"id\":\"000000038\",\"index\":13,\"is_title\":false,\"type\":3,\"value\":true},{\"id\":\"000000039\",\"index\":14,\"is_title\":true,\"type\":0,\"value\":\"\"},{\"id\":\"000000040\",\"index\":15,\"is_title\":false,\"type\":4,\"value\":\"000000022\"},{\"id\":\"000000041\",\"index\":16,\"is_title\":false,\"type\":4,\"value\":\"000000023\"},{\"id\":\"000000042\",\"index\":17,\"is_title\":false,\"type\":4,\"value\":\"000000027\"},{\"id\":\"000000043\",\"index\":18,\"is_title\":false,\"type\":1,\"value\":\"Apple A14 Bionic\"},{\"id\":\"000000044\",\"index\":19,\"is_title\":false,\"type\":2,\"value\":6},{\"id\":\"000000045\",\"index\":20,\"is_title\":false,\"type\":2,\"value\":1700},{\"id\":\"000000046\",\"index\":21,\"is_title\":false,\"type\":4,\"value\":\"000000029\"},{\"id\":\"000000047\",\"index\":22,\"is_title\":true,\"type\":0,\"value\":\"\"},{\"id\":\"000000048\",\"index\":23,\"is_title\":false,\"type\":1,\"value\":\"NFC; Bluetooth 5.0; Wi-Fi 802.11ax\"},{\"id\":\"000000049\",\"index\":24,\"is_title\":false,\"type\":1,\"value\":\"3G; 4G; 2G; 5G\"},{\"id\":\"000000050\",\"index\":25,\"is_title\":false,\"type\":1,\"value\":\"ГЛОНАСС\"},{\"id\":\"000000051\",\"index\":26,\"is_title\":false,\"type\":4,\"value\":\"000000035\"},{\"id\":\"000000052\",\"index\":27,\"is_title\":false,\"type\":1,\"value\":\"nano SIM\"},{\"id\":\"000000053\",\"index\":28,\"is_title\":true,\"type\":0,\"value\":\"\"},{\"id\":\"000000054\",\"index\":29,\"is_title\":false,\"type\":1,\"value\":\"Li-polymer\"},{\"id\":\"000000055\",\"index\":30,\"is_title\":false,\"type\":2,\"value\":4810},{\"id\":\"000000056\",\"index\":31,\"is_title\":false,\"type\":4,\"value\":\"000000043\"},{\"id\":\"000000057\",\"index\":32,\"is_title\":true,\"type\":0,\"value\":\"\"},{\"id\":\"000000058\",\"index\":33,\"is_title\":false,\"type\":2,\"value\":12},{\"id\":\"000000059\",\"index\":34,\"is_title\":false,\"type\":2,\"value\":12},{\"id\":\"000000060\",\"index\":35,\"is_title\":false,\"type\":1,\"value\":\"автоматическая фокусировка\"},{\"id\":\"000000061\",\"index\":36,\"is_title\":false,\"type\":1,\"value\":\"AAC; AMR; APE; FLAC; M4V; MKV; MP3; MP4; WAV; XviD\"},{\"id\":\"000000062\",\"index\":37,\"is_title\":false,\"type\":3,\"value\":true},{\"id\":\"000000063\",\"index\":38,\"is_title\":false,\"type\":1,\"value\":\"автоматическая фокусировка; вспышка\"},{\"id\":\"000000064\",\"index\":39,\"is_title\":true,\"type\":0,\"value\":\"\"},{\"id\":\"000000065\",\"index\":40,\"is_title\":false,\"type\":1,\"value\":\"документация; чехол; USB-кабель; адаптер; гарантийный талон\"},{\"id\":\"000000066\",\"index\":41,\"is_title\":false,\"type\":1,\"value\":\"IP67\"},{\"id\":\"000000067\",\"index\":42,\"is_title\":false,\"type\":1,\"value\":\"Не требует специальных условий\"},{\"id\":\"000000068\",\"index\":43,\"is_title\":false,\"type\":3,\"value\":true},{\"id\":\"000000069\",\"index\":44,\"is_title\":true,\"type\":0,\"value\":\"\"},{\"id\":\"000000005\",\"index\":45,\"is_title\":false,\"type\":2,\"value\":75.7},{\"id\":\"000000006\",\"index\":46,\"is_title\":false,\"type\":2,\"value\":8.3},{\"id\":\"000000007\",\"index\":47,\"is_title\":false,\"type\":2,\"value\":159},{\"id\":\"000000008\",\"index\":48,\"is_title\":false,\"type\":2,\"value\":194}]','000011',NULL,NULL),('000000000001','00003','000000006','Смартфон vivo Y31, голубой океан','','PL_08/17','','[{\"id\":\"000000017\",\"index\":1,\"is_title\":true,\"type\":0,\"value\":\"\"},{\"id\":\"000000032\",\"index\":9,\"is_title\":true,\"type\":0,\"value\":6.76},{\"id\":\"000000039\",\"index\":14,\"is_title\":true,\"type\":0,\"value\":\"\"},{\"id\":\"000000047\",\"index\":22,\"is_title\":true,\"type\":0,\"value\":\"\"},{\"id\":\"000000053\",\"index\":28,\"is_title\":true,\"type\":0,\"value\":\"\"},{\"id\":\"000000057\",\"index\":32,\"is_title\":true,\"type\":0,\"value\":\"\"},{\"id\":\"000000064\",\"index\":39,\"is_title\":true,\"type\":0,\"value\":\"\"},{\"id\":\"000000069\",\"index\":44,\"is_title\":true,\"type\":0,\"value\":\"\"},{\"id\":\"000000005\",\"index\":45,\"is_title\":false,\"type\":2,\"value\":0.175},{\"id\":\"000000006\",\"index\":46,\"is_title\":false,\"type\":2,\"value\":0.055},{\"id\":\"000000007\",\"index\":47,\"is_title\":false,\"type\":2,\"value\":0.01},{\"id\":\"000000008\",\"index\":48,\"is_title\":false,\"type\":2,\"value\":0.15}]','000002',NULL,NULL),('000000000002','00003','000000009','Наушники True Wireless Huawei Freebuds Pro угольный черный','Благодаря эргономичной форме наушники-вкладыши удобно сидят в ухе, обеспечивая полное погружение в мир музыки.\nВ комплект входят силиконовые насадки четырёх размеров. Выберите те, которые подходят именно вам.\nМодель HUAWEI FreeBuds 3i обеспечивает эффективное шумоподавление для высокого качества звучания с эффектом полного погружения.\nВ наушниках HUAWEI FreeBuds 3i установлено два внешних микрофона, которые распознают ваш голос на фоне окружающего шума, и один внутренний микрофон, он улавливает голос внутри ушных каналов, повышая общее качество звучания во время вызовов.\nБлагодаря правильно настроенной высокочувствительной диафрагме наушники HUAWEI FreeBuds 3i обеспечивают оригинальное сбалансированное звучание, а динамики диаметром 10 мм отвечают за мощные басы, чтобы вы могли насладиться каждой нотой.','50141256','','[{\"id\":\"000000021\",\"index\":1,\"is_title\":false,\"type\":1,\"value\":\"29 Ом\"},{\"id\":\"000000016\",\"index\":2,\"is_title\":false,\"type\":1,\"value\":\"20 Гц - 20 кГц\"},{\"id\":\"000000015\",\"index\":3,\"is_title\":false,\"type\":4,\"value\":\"000000002\"},{\"id\":\"000000030\",\"index\":4,\"is_title\":false,\"type\":3,\"value\":true},{\"id\":\"000000031\",\"index\":5,\"is_title\":false,\"type\":3,\"value\":true}]','000003',NULL,NULL),('000000000004','00003','000000017','Молоко','','М-0011','','[{\"id\":\"000000013\",\"index\":1,\"is_title\":false,\"type\":2,\"value\":[2.5,3.5,6.2]}]','000004',NULL,NULL),('000000000005','00003','000000016','Кефир','','К-0012','','[{\"id\":\"000000013\",\"index\":1,\"is_title\":false,\"type\":2,\"value\":3.2}]','000004',NULL,NULL),('000000000006','00003','000000018','Ряженка','','Р-00123','','[{\"id\":\"000000013\",\"index\":1,\"is_title\":false,\"type\":2,\"value\":3.2}]','000004',NULL,NULL),('000000000033','00003','000000224','Товар Тест','','Т-001','','[{\"id\":\"000000017\",\"index\":1,\"is_title\":true,\"type\":0,\"value\":\"\"},{\"id\":\"000000032\",\"index\":9,\"is_title\":true,\"type\":0,\"value\":\"\"},{\"id\":\"000000039\",\"index\":14,\"is_title\":true,\"type\":0,\"value\":\"\"},{\"id\":\"000000047\",\"index\":22,\"is_title\":true,\"type\":0,\"value\":\"\"},{\"id\":\"000000053\",\"index\":28,\"is_title\":true,\"type\":0,\"value\":\"\"},{\"id\":\"000000057\",\"index\":32,\"is_title\":true,\"type\":0,\"value\":\"\"},{\"id\":\"000000064\",\"index\":39,\"is_title\":true,\"type\":0,\"value\":\"\"},{\"id\":\"000000069\",\"index\":44,\"is_title\":true,\"type\":0,\"value\":\"\"}]','',NULL,NULL),('000000000003','00004','000000011','Холодильник Bosch Serie | 4 VitaFresh KGN39XW27R','','20068499','','[{\"id\":\"000000070\",\"index\":1,\"is_title\":true,\"type\":0,\"value\":\"\"}]','000001',NULL,NULL),('000000000024','00004','000000006','Смартфон Samsung Galaxy A72 128Gb (черный)','Смартфон A72 сбалансированное решение, которое легко справится с любыми повседневными делами и развлечениями. Аккуратный минималистичный дизайн смартфона подойдет всем, а высококачественные материалы обеспечат долговечность. Большой и яркий SuperAMOLED-дисплей с диагональю 6,7 дюйма и разрешением FHD+ отобразит естественные цвета и детали видео и фотографий высокой четкости, а также современных игр с богатой графикой. Экран Samsung Galaxy A72 поддерживает частоту обновления в 90 Гц, что гарантирует плавную смену картинки без потери четкости при пролистывании лент и сайтов. За игры с высоким уровнем графики, общее быстродействие системы и многозадачность отвечает современный мощный чипсет Snapdragon 720G и большое количество высокоскоростной оперативной памяти. Внутреннего хранилища в 128 ГБ более чем достаточно для установки необходимых приложений и хранения внушительной медиатеки, а слот для карт памяти в любой момент позволит его дополнительно расширить.','23667906','','[{\"id\":\"000000017\",\"index\":1,\"is_title\":true,\"type\":0,\"value\":\"\"},{\"id\":\"000000014\",\"index\":2,\"is_title\":false,\"type\":4,\"value\":\"000000011\"},{\"id\":\"000000003\",\"index\":3,\"is_title\":false,\"type\":6,\"value\":\"000012\"},{\"id\":\"000000004\",\"index\":5,\"is_title\":false,\"type\":7,\"value\":\"000000001\"},{\"id\":\"000000001\",\"index\":6,\"is_title\":false,\"type\":8,\"value\":\"704\"},{\"id\":\"000000027\",\"index\":7,\"is_title\":false,\"type\":2,\"value\":12},{\"id\":\"000000028\",\"index\":8,\"is_title\":false,\"type\":1,\"value\":\"быстрая зарядка; сканер отпечатка пальца; технология распознавания лица\"},{\"id\":\"000000032\",\"index\":9,\"is_title\":true,\"type\":0,\"value\":\"\"},{\"id\":\"000000029\",\"index\":10,\"is_title\":false,\"type\":2,\"value\":6.7},{\"id\":\"000000036\",\"index\":11,\"is_title\":false,\"type\":4,\"value\":\"000000041\"},{\"id\":\"000000037\",\"index\":12,\"is_title\":false,\"type\":4,\"value\":\"000000042\"},{\"id\":\"000000038\",\"index\":13,\"is_title\":false,\"type\":3,\"value\":true},{\"id\":\"000000039\",\"index\":14,\"is_title\":true,\"type\":0,\"value\":\"\"},{\"id\":\"000000040\",\"index\":15,\"is_title\":false,\"type\":4,\"value\":\"000000022\"},{\"id\":\"000000041\",\"index\":16,\"is_title\":false,\"type\":4,\"value\":\"000000025\"},{\"id\":\"000000042\",\"index\":17,\"is_title\":false,\"type\":4,\"value\":\"000000027\"},{\"id\":\"000000043\",\"index\":18,\"is_title\":false,\"type\":1,\"value\":\"Snapdragon 720G\"},{\"id\":\"000000044\",\"index\":19,\"is_title\":false,\"type\":2,\"value\":8},{\"id\":\"000000045\",\"index\":20,\"is_title\":false,\"type\":2,\"value\":1700},{\"id\":\"000000046\",\"index\":21,\"is_title\":false,\"type\":4,\"value\":\"000000029\"},{\"id\":\"000000047\",\"index\":22,\"is_title\":true,\"type\":0,\"value\":\"\"},{\"id\":\"000000048\",\"index\":23,\"is_title\":false,\"type\":1,\"value\":\"Blueooth 5.0\"},{\"id\":\"000000049\",\"index\":24,\"is_title\":false,\"type\":1,\"value\":\"3G; 4G; Wi-Fi; LTE-A\"},{\"id\":\"000000050\",\"index\":25,\"is_title\":false,\"type\":1,\"value\":\"A-GPS; ГЛОНАСС; Galileo; QZSS\"},{\"id\":\"000000051\",\"index\":26,\"is_title\":false,\"type\":4,\"value\":\"000000035\"},{\"id\":\"000000052\",\"index\":27,\"is_title\":false,\"type\":1,\"value\":\"nano SIM\"},{\"id\":\"000000053\",\"index\":28,\"is_title\":true,\"type\":0,\"value\":\"\"},{\"id\":\"000000054\",\"index\":29,\"is_title\":false,\"type\":1,\"value\":\"Li-polymer\"},{\"id\":\"000000055\",\"index\":30,\"is_title\":false,\"type\":2,\"value\":5000},{\"id\":\"000000056\",\"index\":31,\"is_title\":false,\"type\":4,\"value\":\"000000043\"},{\"id\":\"000000057\",\"index\":32,\"is_title\":true,\"type\":0,\"value\":\"\"},{\"id\":\"000000058\",\"index\":33,\"is_title\":false,\"type\":2,\"value\":12},{\"id\":\"000000059\",\"index\":34,\"is_title\":false,\"type\":2,\"value\":12},{\"id\":\"000000060\",\"index\":35,\"is_title\":false,\"type\":1,\"value\":\"автоматическая фокусировка\"},{\"id\":\"000000061\",\"index\":36,\"is_title\":false,\"type\":1,\"value\":\"AAC; AMR; APE; FLAC; M4V; MKV; MP3; MP4; WAV; XviD\"},{\"id\":\"000000062\",\"index\":37,\"is_title\":false,\"type\":3,\"value\":true},{\"id\":\"000000063\",\"index\":38,\"is_title\":false,\"type\":1,\"value\":\"автоматическая фокусировка; вспышка\"},{\"id\":\"000000064\",\"index\":39,\"is_title\":true,\"type\":0,\"value\":\"\"},{\"id\":\"000000065\",\"index\":40,\"is_title\":false,\"type\":1,\"value\":\"документация; чехол; USB-кабель; адаптер; гарантийный талон\"},{\"id\":\"000000066\",\"index\":41,\"is_title\":false,\"type\":1,\"value\":\"IP67\"},{\"id\":\"000000067\",\"index\":42,\"is_title\":false,\"type\":1,\"value\":\"Не требует специальных условий\"},{\"id\":\"000000068\",\"index\":43,\"is_title\":false,\"type\":3,\"value\":true},{\"id\":\"000000069\",\"index\":44,\"is_title\":true,\"type\":0,\"value\":\"\"},{\"id\":\"000000005\",\"index\":45,\"is_title\":false,\"type\":2,\"value\":75.7},{\"id\":\"000000006\",\"index\":46,\"is_title\":false,\"type\":2,\"value\":8.3},{\"id\":\"000000007\",\"index\":47,\"is_title\":false,\"type\":2,\"value\":159},{\"id\":\"000000008\",\"index\":48,\"is_title\":false,\"type\":2,\"value\":194}]','000012',NULL,NULL),('000000000025','00004','000000006','Смартфон Samsung Galaxy A72 128Gb (Зеленовато-лимонный)','Играть, смотреть фильмы, бродить по сети и работать в многозадачном режиме без перерыва на ярком 6.5-дюймовом sAMOLED экране с FHD+ разрешением. Четыре камеры для снимков с глубокой перспективой. Основная камера 48МП создана для ярких и четких снимков сверхвысокого разрешения днем и ночью. Сверхширокоугольная камера 12МП позволит снять великолепные пейзажи и сделать групповые снимки. Зафиксируйте мельчайшие детали с камерой для макросъемки 5МП, а для создания красивых портретов с эффектом размытия фона достаточно переключиться на камеру 5МП с датчиком глубины и поддержкой режима \"Живой фокус\". Galaxy A51 оснащен быстрым процессором и вместительным хранилищем. Улучшенный 8-ядерный процессор, 4 ГБ оперативной памяти и 64 ГБ встроенной памяти обеспечат плавную и эффективную работу любых приложений.','14044012','','[{\"id\":\"000000017\",\"index\":1,\"is_title\":true,\"type\":0,\"value\":\"\"},{\"id\":\"000000014\",\"index\":2,\"is_title\":false,\"type\":4,\"value\":\"000000011\"},{\"id\":\"000000003\",\"index\":3,\"is_title\":false,\"type\":6,\"value\":\"000012\"},{\"id\":\"000000004\",\"index\":5,\"is_title\":false,\"type\":7,\"value\":\"000000006\"},{\"id\":\"000000001\",\"index\":6,\"is_title\":false,\"type\":8,\"value\":\"704\"},{\"id\":\"000000027\",\"index\":7,\"is_title\":false,\"type\":2,\"value\":12},{\"id\":\"000000028\",\"index\":8,\"is_title\":false,\"type\":1,\"value\":\"быстрая зарядка; сканер отпечатка пальца; технология распознавания лица\"},{\"id\":\"000000032\",\"index\":9,\"is_title\":true,\"type\":0,\"value\":\"\"},{\"id\":\"000000029\",\"index\":10,\"is_title\":false,\"type\":2,\"value\":6.7},{\"id\":\"000000036\",\"index\":11,\"is_title\":false,\"type\":4,\"value\":\"000000040\"},{\"id\":\"000000037\",\"index\":12,\"is_title\":false,\"type\":4,\"value\":\"000000042\"},{\"id\":\"000000038\",\"index\":13,\"is_title\":false,\"type\":3,\"value\":true},{\"id\":\"000000039\",\"index\":14,\"is_title\":true,\"type\":0,\"value\":\"\"},{\"id\":\"000000040\",\"index\":15,\"is_title\":false,\"type\":4,\"value\":\"000000022\"},{\"id\":\"000000041\",\"index\":16,\"is_title\":false,\"type\":4,\"value\":\"000000025\"},{\"id\":\"000000042\",\"index\":17,\"is_title\":false,\"type\":4,\"value\":\"000000027\"},{\"id\":\"000000043\",\"index\":18,\"is_title\":false,\"type\":1,\"value\":\"Snapdragon 720G\"},{\"id\":\"000000044\",\"index\":19,\"is_title\":false,\"type\":2,\"value\":8},{\"id\":\"000000045\",\"index\":20,\"is_title\":false,\"type\":2,\"value\":1700},{\"id\":\"000000046\",\"index\":21,\"is_title\":false,\"type\":4,\"value\":\"000000029\"},{\"id\":\"000000047\",\"index\":22,\"is_title\":true,\"type\":0,\"value\":\"\"},{\"id\":\"000000048\",\"index\":23,\"is_title\":false,\"type\":1,\"value\":\"Blueooth 5.0\"},{\"id\":\"000000049\",\"index\":24,\"is_title\":false,\"type\":1,\"value\":\"3G; 4G; Wi-Fi; LTE-A\"},{\"id\":\"000000050\",\"index\":25,\"is_title\":false,\"type\":1,\"value\":\"A-GPS; ГЛОНАСС; Galileo; QZSS\"},{\"id\":\"000000051\",\"index\":26,\"is_title\":false,\"type\":4,\"value\":\"000000035\"},{\"id\":\"000000052\",\"index\":27,\"is_title\":false,\"type\":1,\"value\":\"nano SIM\"},{\"id\":\"000000053\",\"index\":28,\"is_title\":true,\"type\":0,\"value\":\"\"},{\"id\":\"000000054\",\"index\":29,\"is_title\":false,\"type\":1,\"value\":\"Li-polymer\"},{\"id\":\"000000055\",\"index\":30,\"is_title\":false,\"type\":2,\"value\":5000},{\"id\":\"000000056\",\"index\":31,\"is_title\":false,\"type\":4,\"value\":\"000000043\"},{\"id\":\"000000057\",\"index\":32,\"is_title\":true,\"type\":0,\"value\":\"\"},{\"id\":\"000000058\",\"index\":33,\"is_title\":false,\"type\":2,\"value\":12},{\"id\":\"000000059\",\"index\":34,\"is_title\":false,\"type\":2,\"value\":12},{\"id\":\"000000060\",\"index\":35,\"is_title\":false,\"type\":1,\"value\":\"автоматическая фокусировка\"},{\"id\":\"000000061\",\"index\":36,\"is_title\":false,\"type\":1,\"value\":\"AAC; AMR; APE; FLAC; M4V; MKV; MP3; MP4; WAV; XviD\"},{\"id\":\"000000062\",\"index\":37,\"is_title\":false,\"type\":3,\"value\":true},{\"id\":\"000000063\",\"index\":38,\"is_title\":false,\"type\":1,\"value\":\"автоматическая фокусировка; вспышка\"},{\"id\":\"000000064\",\"index\":39,\"is_title\":true,\"type\":0,\"value\":\"\"},{\"id\":\"000000065\",\"index\":40,\"is_title\":false,\"type\":1,\"value\":\"документация; чехол; USB-кабель; адаптер; гарантийный талон\"},{\"id\":\"000000066\",\"index\":41,\"is_title\":false,\"type\":1,\"value\":\"IP67\"},{\"id\":\"000000067\",\"index\":42,\"is_title\":false,\"type\":1,\"value\":\"Не требует специальных условий\"},{\"id\":\"000000068\",\"index\":43,\"is_title\":false,\"type\":3,\"value\":true},{\"id\":\"000000069\",\"index\":44,\"is_title\":true,\"type\":0,\"value\":\"\"},{\"id\":\"000000005\",\"index\":45,\"is_title\":false,\"type\":2,\"value\":75.7},{\"id\":\"000000006\",\"index\":46,\"is_title\":false,\"type\":2,\"value\":8.3},{\"id\":\"000000007\",\"index\":47,\"is_title\":false,\"type\":2,\"value\":159},{\"id\":\"000000008\",\"index\":48,\"is_title\":false,\"type\":2,\"value\":194}]','000012',NULL,NULL),('000000000026','00004','000000006','Смартфон Samsung Galaxy S21 256Gb (белый)','Новый флагман получил впечатляющий, запоминающийся дизайн, камеру профессионального уровня, подходящую и для новичков, и для фотографов со стажем, а также самый производительный процессор в истории Galaxy. Каждое устройство в серии предлагает эффективность и возможности для связи, которые может обеспечить только Samsung.','18693919','','[{\"id\":\"000000017\",\"index\":1,\"is_title\":true,\"type\":0,\"value\":\"\"},{\"id\":\"000000014\",\"index\":2,\"is_title\":false,\"type\":4,\"value\":\"000000011\"},{\"id\":\"000000003\",\"index\":3,\"is_title\":false,\"type\":6,\"value\":\"000012\"},{\"id\":\"000000004\",\"index\":5,\"is_title\":false,\"type\":7,\"value\":\"000000004\"},{\"id\":\"000000001\",\"index\":6,\"is_title\":false,\"type\":8,\"value\":\"704\"},{\"id\":\"000000027\",\"index\":7,\"is_title\":false,\"type\":2,\"value\":12},{\"id\":\"000000028\",\"index\":8,\"is_title\":false,\"type\":1,\"value\":\"беспроводная зарядка; быстрая зарядка\"},{\"id\":\"000000032\",\"index\":9,\"is_title\":true,\"type\":0,\"value\":\"\"},{\"id\":\"000000029\",\"index\":10,\"is_title\":false,\"type\":2,\"value\":6.2},{\"id\":\"000000036\",\"index\":11,\"is_title\":false,\"type\":4,\"value\":\"000000039\"},{\"id\":\"000000037\",\"index\":12,\"is_title\":false,\"type\":4,\"value\":\"000000017\"},{\"id\":\"000000038\",\"index\":13,\"is_title\":false,\"type\":3,\"value\":true},{\"id\":\"000000039\",\"index\":14,\"is_title\":true,\"type\":0,\"value\":\"\"},{\"id\":\"000000040\",\"index\":15,\"is_title\":false,\"type\":4,\"value\":\"000000045\"},{\"id\":\"000000041\",\"index\":16,\"is_title\":false,\"type\":4,\"value\":\"000000023\"},{\"id\":\"000000042\",\"index\":17,\"is_title\":false,\"type\":4,\"value\":\"000000027\"},{\"id\":\"000000043\",\"index\":18,\"is_title\":false,\"type\":1,\"value\":\"Snapdragon 720G\"},{\"id\":\"000000044\",\"index\":19,\"is_title\":false,\"type\":2,\"value\":8},{\"id\":\"000000045\",\"index\":20,\"is_title\":false,\"type\":2,\"value\":1700},{\"id\":\"000000046\",\"index\":21,\"is_title\":false,\"type\":4,\"value\":\"000000029\"},{\"id\":\"000000047\",\"index\":22,\"is_title\":true,\"type\":0,\"value\":\"\"},{\"id\":\"000000048\",\"index\":23,\"is_title\":false,\"type\":1,\"value\":\"Blueooth 5.0\"},{\"id\":\"000000049\",\"index\":24,\"is_title\":false,\"type\":1,\"value\":\"3G; 4G; Wi-Fi; LTE-A\"},{\"id\":\"000000050\",\"index\":25,\"is_title\":false,\"type\":1,\"value\":\"A-GPS; ГЛОНАСС; Galileo; QZSS\"},{\"id\":\"000000051\",\"index\":26,\"is_title\":false,\"type\":4,\"value\":\"000000034\"},{\"id\":\"000000052\",\"index\":27,\"is_title\":false,\"type\":1,\"value\":\"nano SIM\"},{\"id\":\"000000053\",\"index\":28,\"is_title\":true,\"type\":0,\"value\":\"\"},{\"id\":\"000000054\",\"index\":29,\"is_title\":false,\"type\":1,\"value\":\"Li-polymer\"},{\"id\":\"000000055\",\"index\":30,\"is_title\":false,\"type\":2,\"value\":5000},{\"id\":\"000000056\",\"index\":31,\"is_title\":false,\"type\":4,\"value\":\"000000043\"},{\"id\":\"000000057\",\"index\":32,\"is_title\":true,\"type\":0,\"value\":\"\"},{\"id\":\"000000058\",\"index\":33,\"is_title\":false,\"type\":2,\"value\":12},{\"id\":\"000000059\",\"index\":34,\"is_title\":false,\"type\":2,\"value\":12},{\"id\":\"000000060\",\"index\":35,\"is_title\":false,\"type\":1,\"value\":\"автоматическая фокусировка\"},{\"id\":\"000000061\",\"index\":36,\"is_title\":false,\"type\":1,\"value\":\"AAC; AMR; APE; FLAC; M4V; MKV; MP3; MP4; WAV; XviD\"},{\"id\":\"000000062\",\"index\":37,\"is_title\":false,\"type\":3,\"value\":true},{\"id\":\"000000063\",\"index\":38,\"is_title\":false,\"type\":1,\"value\":\"автоматическая фокусировка; вспышка\"},{\"id\":\"000000064\",\"index\":39,\"is_title\":true,\"type\":0,\"value\":\"\"},{\"id\":\"000000065\",\"index\":40,\"is_title\":false,\"type\":1,\"value\":\"документация; чехол; USB-кабель; адаптер; гарантийный талон\"},{\"id\":\"000000066\",\"index\":41,\"is_title\":false,\"type\":1,\"value\":\"IP67\"},{\"id\":\"000000067\",\"index\":42,\"is_title\":false,\"type\":1,\"value\":\"Не требует специальных условий\"},{\"id\":\"000000068\",\"index\":43,\"is_title\":false,\"type\":3,\"value\":true},{\"id\":\"000000069\",\"index\":44,\"is_title\":true,\"type\":0,\"value\":\"\"},{\"id\":\"000000005\",\"index\":45,\"is_title\":false,\"type\":2,\"value\":75.7},{\"id\":\"000000006\",\"index\":46,\"is_title\":false,\"type\":2,\"value\":8.3},{\"id\":\"000000007\",\"index\":47,\"is_title\":false,\"type\":2,\"value\":159},{\"id\":\"000000008\",\"index\":48,\"is_title\":false,\"type\":2,\"value\":194}]','000012',NULL,NULL),('000000000027','00004','000000006','Смартфон Samsung Galaxy S21 256Gb (серый)','Новый флагман получил впечатляющий, запоминающийся дизайн, камеру профессионального уровня, подходящую и для новичков, и для фотографов со стажем, а также самый производительный процессор в истории Galaxy. Каждое устройство в серии предлагает эффективность и возможности для связи, которые может обеспечить только Samsung.','18592983','','[{\"id\":\"000000017\",\"index\":1,\"is_title\":true,\"type\":0,\"value\":\"\"},{\"id\":\"000000014\",\"index\":2,\"is_title\":false,\"type\":4,\"value\":\"000000011\"},{\"id\":\"000000003\",\"index\":3,\"is_title\":false,\"type\":6,\"value\":\"000012\"},{\"id\":\"000000004\",\"index\":5,\"is_title\":false,\"type\":7,\"value\":\"000000015\"},{\"id\":\"000000001\",\"index\":6,\"is_title\":false,\"type\":8,\"value\":\"704\"},{\"id\":\"000000027\",\"index\":7,\"is_title\":false,\"type\":2,\"value\":12},{\"id\":\"000000028\",\"index\":8,\"is_title\":false,\"type\":1,\"value\":\"беспроводная зарядка; быстрая зарядка\"},{\"id\":\"000000032\",\"index\":9,\"is_title\":true,\"type\":0,\"value\":\"\"},{\"id\":\"000000029\",\"index\":10,\"is_title\":false,\"type\":2,\"value\":6.2},{\"id\":\"000000036\",\"index\":11,\"is_title\":false,\"type\":4,\"value\":\"000000039\"},{\"id\":\"000000037\",\"index\":12,\"is_title\":false,\"type\":4,\"value\":\"000000017\"},{\"id\":\"000000038\",\"index\":13,\"is_title\":false,\"type\":3,\"value\":true},{\"id\":\"000000039\",\"index\":14,\"is_title\":true,\"type\":0,\"value\":\"\"},{\"id\":\"000000040\",\"index\":15,\"is_title\":false,\"type\":4,\"value\":\"000000045\"},{\"id\":\"000000041\",\"index\":16,\"is_title\":false,\"type\":4,\"value\":\"000000023\"},{\"id\":\"000000042\",\"index\":17,\"is_title\":false,\"type\":4,\"value\":\"000000027\"},{\"id\":\"000000043\",\"index\":18,\"is_title\":false,\"type\":1,\"value\":\"Snapdragon 720G\"},{\"id\":\"000000044\",\"index\":19,\"is_title\":false,\"type\":2,\"value\":8},{\"id\":\"000000045\",\"index\":20,\"is_title\":false,\"type\":2,\"value\":1700},{\"id\":\"000000046\",\"index\":21,\"is_title\":false,\"type\":4,\"value\":\"000000029\"},{\"id\":\"000000047\",\"index\":22,\"is_title\":true,\"type\":0,\"value\":\"\"},{\"id\":\"000000048\",\"index\":23,\"is_title\":false,\"type\":1,\"value\":\"Blueooth 5.0\"},{\"id\":\"000000049\",\"index\":24,\"is_title\":false,\"type\":1,\"value\":\"3G; 4G; Wi-Fi; LTE-A\"},{\"id\":\"000000050\",\"index\":25,\"is_title\":false,\"type\":1,\"value\":\"A-GPS; ГЛОНАСС; Galileo; QZSS\"},{\"id\":\"000000051\",\"index\":26,\"is_title\":false,\"type\":4,\"value\":\"000000034\"},{\"id\":\"000000052\",\"index\":27,\"is_title\":false,\"type\":1,\"value\":\"nano SIM\"},{\"id\":\"000000053\",\"index\":28,\"is_title\":true,\"type\":0,\"value\":\"\"},{\"id\":\"000000054\",\"index\":29,\"is_title\":false,\"type\":1,\"value\":\"Li-polymer\"},{\"id\":\"000000055\",\"index\":30,\"is_title\":false,\"type\":2,\"value\":5000},{\"id\":\"000000056\",\"index\":31,\"is_title\":false,\"type\":4,\"value\":\"000000043\"},{\"id\":\"000000057\",\"index\":32,\"is_title\":true,\"type\":0,\"value\":\"\"},{\"id\":\"000000058\",\"index\":33,\"is_title\":false,\"type\":2,\"value\":12},{\"id\":\"000000059\",\"index\":34,\"is_title\":false,\"type\":2,\"value\":12},{\"id\":\"000000060\",\"index\":35,\"is_title\":false,\"type\":1,\"value\":\"автоматическая фокусировка\"},{\"id\":\"000000061\",\"index\":36,\"is_title\":false,\"type\":1,\"value\":\"AAC; AMR; APE; FLAC; M4V; MKV; MP3; MP4; WAV; XviD\"},{\"id\":\"000000062\",\"index\":37,\"is_title\":false,\"type\":3,\"value\":true},{\"id\":\"000000063\",\"index\":38,\"is_title\":false,\"type\":1,\"value\":\"автоматическая фокусировка; вспышка\"},{\"id\":\"000000064\",\"index\":39,\"is_title\":true,\"type\":0,\"value\":\"\"},{\"id\":\"000000065\",\"index\":40,\"is_title\":false,\"type\":1,\"value\":\"документация; чехол; USB-кабель; адаптер; гарантийный талон\"},{\"id\":\"000000066\",\"index\":41,\"is_title\":false,\"type\":1,\"value\":\"IP67\"},{\"id\":\"000000067\",\"index\":42,\"is_title\":false,\"type\":1,\"value\":\"Не требует специальных условий\"},{\"id\":\"000000068\",\"index\":43,\"is_title\":false,\"type\":3,\"value\":true},{\"id\":\"000000069\",\"index\":44,\"is_title\":true,\"type\":0,\"value\":\"\"},{\"id\":\"000000005\",\"index\":45,\"is_title\":false,\"type\":2,\"value\":75.7},{\"id\":\"000000006\",\"index\":46,\"is_title\":false,\"type\":2,\"value\":8.3},{\"id\":\"000000007\",\"index\":47,\"is_title\":false,\"type\":2,\"value\":159},{\"id\":\"000000008\",\"index\":48,\"is_title\":false,\"type\":2,\"value\":194}]','000012',NULL,NULL),('000000000007','00005','000000020','Ноутбук Acer Nitro 5 AN515-43-R45P черный','','1645276','','[{\"id\":\"000000017\",\"index\":1,\"is_title\":true,\"type\":0,\"value\":\"\"},{\"id\":\"000000014\",\"index\":2,\"is_title\":false,\"type\":4,\"value\":\"000000011\"},{\"id\":\"000000003\",\"index\":3,\"is_title\":false,\"type\":6,\"value\":\"000012\"},{\"id\":\"000000004\",\"index\":5,\"is_title\":false,\"type\":7,\"value\":\"000000015\"},{\"id\":\"000000001\",\"index\":6,\"is_title\":false,\"type\":8,\"value\":\"704\"},{\"id\":\"000000027\",\"index\":7,\"is_title\":false,\"type\":2,\"value\":12},{\"id\":\"000000028\",\"index\":8,\"is_title\":false,\"type\":1,\"value\":\"беспроводная зарядка; быстрая зарядка\"},{\"id\":\"000000032\",\"index\":9,\"is_title\":true,\"type\":0,\"value\":\"\"},{\"id\":\"000000029\",\"index\":10,\"is_title\":false,\"type\":2,\"value\":6.2},{\"id\":\"000000036\",\"index\":11,\"is_title\":false,\"type\":4,\"value\":\"000000039\"},{\"id\":\"000000037\",\"index\":12,\"is_title\":false,\"type\":4,\"value\":\"000000017\"},{\"id\":\"000000038\",\"index\":13,\"is_title\":false,\"type\":3,\"value\":true},{\"id\":\"000000039\",\"index\":14,\"is_title\":true,\"type\":0,\"value\":\"\"},{\"id\":\"000000040\",\"index\":15,\"is_title\":false,\"type\":4,\"value\":\"000000045\"},{\"id\":\"000000041\",\"index\":16,\"is_title\":false,\"type\":4,\"value\":\"000000023\"},{\"id\":\"000000042\",\"index\":17,\"is_title\":false,\"type\":4,\"value\":\"000000027\"},{\"id\":\"000000043\",\"index\":18,\"is_title\":false,\"type\":1,\"value\":\"Snapdragon 720G\"},{\"id\":\"000000044\",\"index\":19,\"is_title\":false,\"type\":2,\"value\":8},{\"id\":\"000000045\",\"index\":20,\"is_title\":false,\"type\":2,\"value\":1700},{\"id\":\"000000046\",\"index\":21,\"is_title\":false,\"type\":4,\"value\":\"000000029\"},{\"id\":\"000000047\",\"index\":22,\"is_title\":true,\"type\":0,\"value\":\"\"},{\"id\":\"000000048\",\"index\":23,\"is_title\":false,\"type\":1,\"value\":\"Blueooth 5.0\"},{\"id\":\"000000049\",\"index\":24,\"is_title\":false,\"type\":1,\"value\":\"3G; 4G; Wi-Fi; LTE-A\"},{\"id\":\"000000050\",\"index\":25,\"is_title\":false,\"type\":1,\"value\":\"A-GPS; ГЛОНАСС; Galileo; QZSS\"},{\"id\":\"000000051\",\"index\":26,\"is_title\":false,\"type\":4,\"value\":\"000000034\"},{\"id\":\"000000052\",\"index\":27,\"is_title\":false,\"type\":1,\"value\":\"nano SIM\"},{\"id\":\"000000053\",\"index\":28,\"is_title\":true,\"type\":0,\"value\":\"\"},{\"id\":\"000000054\",\"index\":29,\"is_title\":false,\"type\":1,\"value\":\"Li-polymer\"},{\"id\":\"000000055\",\"index\":30,\"is_title\":false,\"type\":2,\"value\":5000},{\"id\":\"000000056\",\"index\":31,\"is_title\":false,\"type\":4,\"value\":\"000000043\"},{\"id\":\"000000057\",\"index\":32,\"is_title\":true,\"type\":0,\"value\":\"\"},{\"id\":\"000000058\",\"index\":33,\"is_title\":false,\"type\":2,\"value\":12},{\"id\":\"000000059\",\"index\":34,\"is_title\":false,\"type\":2,\"value\":12},{\"id\":\"000000060\",\"index\":35,\"is_title\":false,\"type\":1,\"value\":\"автоматическая фокусировка\"},{\"id\":\"000000061\",\"index\":36,\"is_title\":false,\"type\":1,\"value\":\"AAC; AMR; APE; FLAC; M4V; MKV; MP3; MP4; WAV; XviD\"},{\"id\":\"000000062\",\"index\":37,\"is_title\":false,\"type\":3,\"value\":true},{\"id\":\"000000063\",\"index\":38,\"is_title\":false,\"type\":1,\"value\":\"автоматическая фокусировка; вспышка\"},{\"id\":\"000000064\",\"index\":39,\"is_title\":true,\"type\":0,\"value\":\"\"},{\"id\":\"000000065\",\"index\":40,\"is_title\":false,\"type\":1,\"value\":\"документация; чехол; USB-кабель; адаптер; гарантийный талон\"},{\"id\":\"000000066\",\"index\":41,\"is_title\":false,\"type\":1,\"value\":\"IP67\"},{\"id\":\"000000067\",\"index\":42,\"is_title\":false,\"type\":1,\"value\":\"Не требует специальных условий\"},{\"id\":\"000000068\",\"index\":43,\"is_title\":false,\"type\":3,\"value\":true},{\"id\":\"000000069\",\"index\":44,\"is_title\":true,\"type\":0,\"value\":\"\"},{\"id\":\"000000005\",\"index\":45,\"is_title\":false,\"type\":2,\"value\":75.7},{\"id\":\"000000006\",\"index\":46,\"is_title\":false,\"type\":2,\"value\":8.3},{\"id\":\"000000007\",\"index\":47,\"is_title\":false,\"type\":2,\"value\":159},{\"id\":\"000000008\",\"index\":48,\"is_title\":false,\"type\":2,\"value\":194}]','000005',NULL,NULL),('000000000008','00005','000000020','Ноутбук Lenovo IdeaPad 3 Gaming 15IMH05 черный','','1655081','','[{\"id\":\"000000017\",\"index\":1,\"is_title\":true,\"type\":0,\"value\":\"\"},{\"id\":\"000000014\",\"index\":2,\"is_title\":false,\"type\":4,\"value\":\"000000011\"},{\"id\":\"000000003\",\"index\":3,\"is_title\":false,\"type\":6,\"value\":\"000012\"},{\"id\":\"000000004\",\"index\":5,\"is_title\":false,\"type\":7,\"value\":\"000000015\"},{\"id\":\"000000001\",\"index\":6,\"is_title\":false,\"type\":8,\"value\":\"704\"},{\"id\":\"000000027\",\"index\":7,\"is_title\":false,\"type\":2,\"value\":12},{\"id\":\"000000028\",\"index\":8,\"is_title\":false,\"type\":1,\"value\":\"беспроводная зарядка; быстрая зарядка\"},{\"id\":\"000000032\",\"index\":9,\"is_title\":true,\"type\":0,\"value\":\"\"},{\"id\":\"000000029\",\"index\":10,\"is_title\":false,\"type\":2,\"value\":6.2},{\"id\":\"000000036\",\"index\":11,\"is_title\":false,\"type\":4,\"value\":\"000000039\"},{\"id\":\"000000037\",\"index\":12,\"is_title\":false,\"type\":4,\"value\":\"000000017\"},{\"id\":\"000000038\",\"index\":13,\"is_title\":false,\"type\":3,\"value\":true},{\"id\":\"000000039\",\"index\":14,\"is_title\":true,\"type\":0,\"value\":\"\"},{\"id\":\"000000040\",\"index\":15,\"is_title\":false,\"type\":4,\"value\":\"000000045\"},{\"id\":\"000000041\",\"index\":16,\"is_title\":false,\"type\":4,\"value\":\"000000023\"},{\"id\":\"000000042\",\"index\":17,\"is_title\":false,\"type\":4,\"value\":\"000000027\"},{\"id\":\"000000043\",\"index\":18,\"is_title\":false,\"type\":1,\"value\":\"Snapdragon 720G\"},{\"id\":\"000000044\",\"index\":19,\"is_title\":false,\"type\":2,\"value\":8},{\"id\":\"000000045\",\"index\":20,\"is_title\":false,\"type\":2,\"value\":1700},{\"id\":\"000000046\",\"index\":21,\"is_title\":false,\"type\":4,\"value\":\"000000029\"},{\"id\":\"000000047\",\"index\":22,\"is_title\":true,\"type\":0,\"value\":\"\"},{\"id\":\"000000048\",\"index\":23,\"is_title\":false,\"type\":1,\"value\":\"Blueooth 5.0\"},{\"id\":\"000000049\",\"index\":24,\"is_title\":false,\"type\":1,\"value\":\"3G; 4G; Wi-Fi; LTE-A\"},{\"id\":\"000000050\",\"index\":25,\"is_title\":false,\"type\":1,\"value\":\"A-GPS; ГЛОНАСС; Galileo; QZSS\"},{\"id\":\"000000051\",\"index\":26,\"is_title\":false,\"type\":4,\"value\":\"000000034\"},{\"id\":\"000000052\",\"index\":27,\"is_title\":false,\"type\":1,\"value\":\"nano SIM\"},{\"id\":\"000000053\",\"index\":28,\"is_title\":true,\"type\":0,\"value\":\"\"},{\"id\":\"000000054\",\"index\":29,\"is_title\":false,\"type\":1,\"value\":\"Li-polymer\"},{\"id\":\"000000055\",\"index\":30,\"is_title\":false,\"type\":2,\"value\":5000},{\"id\":\"000000056\",\"index\":31,\"is_title\":false,\"type\":4,\"value\":\"000000043\"},{\"id\":\"000000057\",\"index\":32,\"is_title\":true,\"type\":0,\"value\":\"\"},{\"id\":\"000000058\",\"index\":33,\"is_title\":false,\"type\":2,\"value\":12},{\"id\":\"000000059\",\"index\":34,\"is_title\":false,\"type\":2,\"value\":12},{\"id\":\"000000060\",\"index\":35,\"is_title\":false,\"type\":1,\"value\":\"автоматическая фокусировка\"},{\"id\":\"000000061\",\"index\":36,\"is_title\":false,\"type\":1,\"value\":\"AAC; AMR; APE; FLAC; M4V; MKV; MP3; MP4; WAV; XviD\"},{\"id\":\"000000062\",\"index\":37,\"is_title\":false,\"type\":3,\"value\":true},{\"id\":\"000000063\",\"index\":38,\"is_title\":false,\"type\":1,\"value\":\"автоматическая фокусировка; вспышка\"},{\"id\":\"000000064\",\"index\":39,\"is_title\":true,\"type\":0,\"value\":\"\"},{\"id\":\"000000065\",\"index\":40,\"is_title\":false,\"type\":1,\"value\":\"документация; чехол; USB-кабель; адаптер; гарантийный талон\"},{\"id\":\"000000066\",\"index\":41,\"is_title\":false,\"type\":1,\"value\":\"IP67\"},{\"id\":\"000000067\",\"index\":42,\"is_title\":false,\"type\":1,\"value\":\"Не требует специальных условий\"},{\"id\":\"000000068\",\"index\":43,\"is_title\":false,\"type\":3,\"value\":true},{\"id\":\"000000069\",\"index\":44,\"is_title\":true,\"type\":0,\"value\":\"\"},{\"id\":\"000000005\",\"index\":45,\"is_title\":false,\"type\":2,\"value\":75.7},{\"id\":\"000000006\",\"index\":46,\"is_title\":false,\"type\":2,\"value\":8.3},{\"id\":\"000000007\",\"index\":47,\"is_title\":false,\"type\":2,\"value\":159},{\"id\":\"000000008\",\"index\":48,\"is_title\":false,\"type\":2,\"value\":194}]','000006',NULL,NULL),('000000000009','00005','000000020','Ноутбук ASUS TUF Gaming FX505DT-HN564T черный','Производительность ноутбука ASUS TUF Gaming FX505DT-HN507T обеспечивается четырехъядерным процессором AMD Ryzen 5 3550H с рабочей частотой 2.1 ГГц, Он обладает широким функционалом, может использоваться для динамичных игр, выполнения других операций, касающихся учебы или работы. Отличается прекрасной графикой, чистым звуком, четким и ярким изображением.\n\nНоутбук ASUS TUF Gaming FX505DT-HN507T оснащен экраном диагональю 15.6 дюйма с матрицей IPS и с разрешением 1920х1080. Лэптоп может использоваться для просмотра фильмов и сериалов, для работы с видеоконтентом различного содержания. Поддерживает технологии Wi-Fi и Bluetooth. Для долгосрочного хранения данных на SSD диске предусмотрено 256 Гб. Для подключения сторонних устройств и носителей информации используются предусмотренные порты и разъемы. Литий-ионная батарея обеспечивает автономную работу в течение нескольких часов.','1655299','','[{\"id\":\"000000017\",\"index\":1,\"is_title\":true,\"type\":0,\"value\":\"\"},{\"id\":\"000000014\",\"index\":2,\"is_title\":false,\"type\":4,\"value\":\"000000011\"},{\"id\":\"000000003\",\"index\":3,\"is_title\":false,\"type\":6,\"value\":\"000012\"},{\"id\":\"000000004\",\"index\":5,\"is_title\":false,\"type\":7,\"value\":\"000000015\"},{\"id\":\"000000001\",\"index\":6,\"is_title\":false,\"type\":8,\"value\":\"704\"},{\"id\":\"000000027\",\"index\":7,\"is_title\":false,\"type\":2,\"value\":12},{\"id\":\"000000028\",\"index\":8,\"is_title\":false,\"type\":1,\"value\":\"беспроводная зарядка; быстрая зарядка\"},{\"id\":\"000000032\",\"index\":9,\"is_title\":true,\"type\":0,\"value\":\"\"},{\"id\":\"000000029\",\"index\":10,\"is_title\":false,\"type\":2,\"value\":6.2},{\"id\":\"000000036\",\"index\":11,\"is_title\":false,\"type\":4,\"value\":\"000000039\"},{\"id\":\"000000037\",\"index\":12,\"is_title\":false,\"type\":4,\"value\":\"000000017\"},{\"id\":\"000000038\",\"index\":13,\"is_title\":false,\"type\":3,\"value\":true},{\"id\":\"000000039\",\"index\":14,\"is_title\":true,\"type\":0,\"value\":\"\"},{\"id\":\"000000040\",\"index\":15,\"is_title\":false,\"type\":4,\"value\":\"000000045\"},{\"id\":\"000000041\",\"index\":16,\"is_title\":false,\"type\":4,\"value\":\"000000023\"},{\"id\":\"000000042\",\"index\":17,\"is_title\":false,\"type\":4,\"value\":\"000000027\"},{\"id\":\"000000043\",\"index\":18,\"is_title\":false,\"type\":1,\"value\":\"Snapdragon 720G\"},{\"id\":\"000000044\",\"index\":19,\"is_title\":false,\"type\":2,\"value\":8},{\"id\":\"000000045\",\"index\":20,\"is_title\":false,\"type\":2,\"value\":1700},{\"id\":\"000000046\",\"index\":21,\"is_title\":false,\"type\":4,\"value\":\"000000029\"},{\"id\":\"000000047\",\"index\":22,\"is_title\":true,\"type\":0,\"value\":\"\"},{\"id\":\"000000048\",\"index\":23,\"is_title\":false,\"type\":1,\"value\":\"Blueooth 5.0\"},{\"id\":\"000000049\",\"index\":24,\"is_title\":false,\"type\":1,\"value\":\"3G; 4G; Wi-Fi; LTE-A\"},{\"id\":\"000000050\",\"index\":25,\"is_title\":false,\"type\":1,\"value\":\"A-GPS; ГЛОНАСС; Galileo; QZSS\"},{\"id\":\"000000051\",\"index\":26,\"is_title\":false,\"type\":4,\"value\":\"000000034\"},{\"id\":\"000000052\",\"index\":27,\"is_title\":false,\"type\":1,\"value\":\"nano SIM\"},{\"id\":\"000000053\",\"index\":28,\"is_title\":true,\"type\":0,\"value\":\"\"},{\"id\":\"000000054\",\"index\":29,\"is_title\":false,\"type\":1,\"value\":\"Li-polymer\"},{\"id\":\"000000055\",\"index\":30,\"is_title\":false,\"type\":2,\"value\":5000},{\"id\":\"000000056\",\"index\":31,\"is_title\":false,\"type\":4,\"value\":\"000000043\"},{\"id\":\"000000057\",\"index\":32,\"is_title\":true,\"type\":0,\"value\":\"\"},{\"id\":\"000000058\",\"index\":33,\"is_title\":false,\"type\":2,\"value\":12},{\"id\":\"000000059\",\"index\":34,\"is_title\":false,\"type\":2,\"value\":12},{\"id\":\"000000060\",\"index\":35,\"is_title\":false,\"type\":1,\"value\":\"автоматическая фокусировка\"},{\"id\":\"000000061\",\"index\":36,\"is_title\":false,\"type\":1,\"value\":\"AAC; AMR; APE; FLAC; M4V; MKV; MP3; MP4; WAV; XviD\"},{\"id\":\"000000062\",\"index\":37,\"is_title\":false,\"type\":3,\"value\":true},{\"id\":\"000000063\",\"index\":38,\"is_title\":false,\"type\":1,\"value\":\"автоматическая фокусировка; вспышка\"},{\"id\":\"000000064\",\"index\":39,\"is_title\":true,\"type\":0,\"value\":\"\"},{\"id\":\"000000065\",\"index\":40,\"is_title\":false,\"type\":1,\"value\":\"документация; чехол; USB-кабель; адаптер; гарантийный талон\"},{\"id\":\"000000066\",\"index\":41,\"is_title\":false,\"type\":1,\"value\":\"IP67\"},{\"id\":\"000000067\",\"index\":42,\"is_title\":false,\"type\":1,\"value\":\"Не требует специальных условий\"},{\"id\":\"000000068\",\"index\":43,\"is_title\":false,\"type\":3,\"value\":true},{\"id\":\"000000069\",\"index\":44,\"is_title\":true,\"type\":0,\"value\":\"\"},{\"id\":\"000000005\",\"index\":45,\"is_title\":false,\"type\":2,\"value\":75.7},{\"id\":\"000000006\",\"index\":46,\"is_title\":false,\"type\":2,\"value\":8.3},{\"id\":\"000000007\",\"index\":47,\"is_title\":false,\"type\":2,\"value\":159},{\"id\":\"000000008\",\"index\":48,\"is_title\":false,\"type\":2,\"value\":194}]','000007',NULL,NULL),('000000000010','00005','000000020','Ноутбук HP Pavilion Gaming 15-ec1086ur черный','','4721670','','[{\"id\":\"000000017\",\"index\":1,\"is_title\":true,\"type\":0,\"value\":\"\"},{\"id\":\"000000014\",\"index\":2,\"is_title\":false,\"type\":4,\"value\":\"000000011\"},{\"id\":\"000000003\",\"index\":3,\"is_title\":false,\"type\":6,\"value\":\"000012\"},{\"id\":\"000000004\",\"index\":5,\"is_title\":false,\"type\":7,\"value\":\"000000015\"},{\"id\":\"000000001\",\"index\":6,\"is_title\":false,\"type\":8,\"value\":\"704\"},{\"id\":\"000000027\",\"index\":7,\"is_title\":false,\"type\":2,\"value\":12},{\"id\":\"000000028\",\"index\":8,\"is_title\":false,\"type\":1,\"value\":\"беспроводная зарядка; быстрая зарядка\"},{\"id\":\"000000032\",\"index\":9,\"is_title\":true,\"type\":0,\"value\":\"\"},{\"id\":\"000000029\",\"index\":10,\"is_title\":false,\"type\":2,\"value\":6.2},{\"id\":\"000000036\",\"index\":11,\"is_title\":false,\"type\":4,\"value\":\"000000039\"},{\"id\":\"000000037\",\"index\":12,\"is_title\":false,\"type\":4,\"value\":\"000000017\"},{\"id\":\"000000038\",\"index\":13,\"is_title\":false,\"type\":3,\"value\":true},{\"id\":\"000000039\",\"index\":14,\"is_title\":true,\"type\":0,\"value\":\"\"},{\"id\":\"000000040\",\"index\":15,\"is_title\":false,\"type\":4,\"value\":\"000000045\"},{\"id\":\"000000041\",\"index\":16,\"is_title\":false,\"type\":4,\"value\":\"000000023\"},{\"id\":\"000000042\",\"index\":17,\"is_title\":false,\"type\":4,\"value\":\"000000027\"},{\"id\":\"000000043\",\"index\":18,\"is_title\":false,\"type\":1,\"value\":\"Snapdragon 720G\"},{\"id\":\"000000044\",\"index\":19,\"is_title\":false,\"type\":2,\"value\":8},{\"id\":\"000000045\",\"index\":20,\"is_title\":false,\"type\":2,\"value\":1700},{\"id\":\"000000046\",\"index\":21,\"is_title\":false,\"type\":4,\"value\":\"000000029\"},{\"id\":\"000000047\",\"index\":22,\"is_title\":true,\"type\":0,\"value\":\"\"},{\"id\":\"000000048\",\"index\":23,\"is_title\":false,\"type\":1,\"value\":\"Blueooth 5.0\"},{\"id\":\"000000049\",\"index\":24,\"is_title\":false,\"type\":1,\"value\":\"3G; 4G; Wi-Fi; LTE-A\"},{\"id\":\"000000050\",\"index\":25,\"is_title\":false,\"type\":1,\"value\":\"A-GPS; ГЛОНАСС; Galileo; QZSS\"},{\"id\":\"000000051\",\"index\":26,\"is_title\":false,\"type\":4,\"value\":\"000000034\"},{\"id\":\"000000052\",\"index\":27,\"is_title\":false,\"type\":1,\"value\":\"nano SIM\"},{\"id\":\"000000053\",\"index\":28,\"is_title\":true,\"type\":0,\"value\":\"\"},{\"id\":\"000000054\",\"index\":29,\"is_title\":false,\"type\":1,\"value\":\"Li-polymer\"},{\"id\":\"000000055\",\"index\":30,\"is_title\":false,\"type\":2,\"value\":5000},{\"id\":\"000000056\",\"index\":31,\"is_title\":false,\"type\":4,\"value\":\"000000043\"},{\"id\":\"000000057\",\"index\":32,\"is_title\":true,\"type\":0,\"value\":\"\"},{\"id\":\"000000058\",\"index\":33,\"is_title\":false,\"type\":2,\"value\":12},{\"id\":\"000000059\",\"index\":34,\"is_title\":false,\"type\":2,\"value\":12},{\"id\":\"000000060\",\"index\":35,\"is_title\":false,\"type\":1,\"value\":\"автоматическая фокусировка\"},{\"id\":\"000000061\",\"index\":36,\"is_title\":false,\"type\":1,\"value\":\"AAC; AMR; APE; FLAC; M4V; MKV; MP3; MP4; WAV; XviD\"},{\"id\":\"000000062\",\"index\":37,\"is_title\":false,\"type\":3,\"value\":true},{\"id\":\"000000063\",\"index\":38,\"is_title\":false,\"type\":1,\"value\":\"автоматическая фокусировка; вспышка\"},{\"id\":\"000000064\",\"index\":39,\"is_title\":true,\"type\":0,\"value\":\"\"},{\"id\":\"000000065\",\"index\":40,\"is_title\":false,\"type\":1,\"value\":\"документация; чехол; USB-кабель; адаптер; гарантийный талон\"},{\"id\":\"000000066\",\"index\":41,\"is_title\":false,\"type\":1,\"value\":\"IP67\"},{\"id\":\"000000067\",\"index\":42,\"is_title\":false,\"type\":1,\"value\":\"Не требует специальных условий\"},{\"id\":\"000000068\",\"index\":43,\"is_title\":false,\"type\":3,\"value\":true},{\"id\":\"000000069\",\"index\":44,\"is_title\":true,\"type\":0,\"value\":\"\"},{\"id\":\"000000005\",\"index\":45,\"is_title\":false,\"type\":2,\"value\":75.7},{\"id\":\"000000006\",\"index\":46,\"is_title\":false,\"type\":2,\"value\":8.3},{\"id\":\"000000007\",\"index\":47,\"is_title\":false,\"type\":2,\"value\":159},{\"id\":\"000000008\",\"index\":48,\"is_title\":false,\"type\":2,\"value\":194}]','000008',NULL,NULL),('000000000011','00005','000000006','Смартфон Nokia 2.4','Очень удобный','4717711','','[{\"id\":\"000000017\",\"index\":1,\"is_title\":true,\"type\":0,\"value\":\"\"},{\"id\":\"000000014\",\"index\":2,\"is_title\":false,\"type\":4,\"value\":\"000000011\"},{\"id\":\"000000003\",\"index\":3,\"is_title\":false,\"type\":6,\"value\":\"000009\"},{\"id\":\"000000004\",\"index\":5,\"is_title\":false,\"type\":7,\"value\":\"000000001\"},{\"id\":\"000000001\",\"index\":6,\"is_title\":false,\"type\":8,\"value\":\"156\"},{\"id\":\"000000032\",\"index\":9,\"is_title\":true,\"type\":0,\"value\":\"\"},{\"id\":\"000000039\",\"index\":14,\"is_title\":true,\"type\":0,\"value\":\"\"},{\"id\":\"000000047\",\"index\":22,\"is_title\":true,\"type\":0,\"value\":\"\"},{\"id\":\"000000053\",\"index\":28,\"is_title\":true,\"type\":0,\"value\":\"\"},{\"id\":\"000000057\",\"index\":32,\"is_title\":true,\"type\":0,\"value\":\"\"},{\"id\":\"000000064\",\"index\":39,\"is_title\":true,\"type\":0,\"value\":\"\"},{\"id\":\"000000069\",\"index\":44,\"is_title\":true,\"type\":0,\"value\":\"\"},{\"id\":\"000000005\",\"index\":45,\"is_title\":false,\"type\":2,\"value\":0.1},{\"id\":\"000000006\",\"index\":46,\"is_title\":false,\"type\":2,\"value\":0.2},{\"id\":\"000000007\",\"index\":47,\"is_title\":false,\"type\":2,\"value\":0.11},{\"id\":\"000000008\",\"index\":48,\"is_title\":false,\"type\":2,\"value\":0.17}]','000009',NULL,NULL),('000000000012','00005','000000006','Huawei Honor 7A (розовый)','Huawei Honor 7A - смартфон с современным дизайном. На передней стороне размещается прочное и красивое 2,5D-стекло.\nТыльная сторона является матовой, а реализована она из высококачественного алюминия.\n\nДисплей в Honor 7A установлен 5,45-дюймовый FullView-дисплей с разрешением 1440x720.\n\nСмартфон Honor 7A оснащен 4-х ядерным процессором Mediatek MT6739. Здесь используются ядра Cortex-A53, которые работают на максимальной частоте 1500 МГц. В устройстве располагается ускоритель графики PowerVR GE8100.\n\nВстроенная память 16 Гб и 2 Гб оперативной памяти, а расширить внутреннее хранилище можно с помощью карт памяти до 256 Гб.\n\nAndroid 8.1 выступает в качестве операционной системы. При этом интерфейс модернизирован благодаря фирменной оболочке EMUI 8.1.\n\nВнутри аппарата находится несъемный аккумулятор с емкостью 3020 мАч.\n\nHuawei Honor 7A поддерживает две Nano-SIM одновременно. При этом карта памяти может быть установлена отдельно.\n\nИмеется встроенное FM-радио, а также модуль LTE.\n\nКамера\nВ Hu','1678780','','[{\"id\":\"000000017\",\"index\":1,\"is_title\":true,\"type\":0,\"value\":\"\"},{\"id\":\"000000014\",\"index\":2,\"is_title\":false,\"type\":4,\"value\":\"000000011\"},{\"id\":\"000000003\",\"index\":3,\"is_title\":false,\"type\":6,\"value\":\"000003\"},{\"id\":\"000000025\",\"index\":4,\"is_title\":false,\"type\":4,\"value\":\"000000015\"},{\"id\":\"000000004\",\"index\":5,\"is_title\":false,\"type\":7,\"value\":\"000000007\"},{\"id\":\"000000001\",\"index\":6,\"is_title\":false,\"type\":8,\"value\":\"156\"},{\"id\":\"000000027\",\"index\":7,\"is_title\":false,\"type\":2,\"value\":12},{\"id\":\"000000028\",\"index\":8,\"is_title\":false,\"type\":1,\"value\":\"сканер отпечатка пальца; быстрая зарядка; технология распознавания лица\"},{\"id\":\"000000032\",\"index\":9,\"is_title\":true,\"type\":0,\"value\":\"\"},{\"id\":\"000000029\",\"index\":10,\"is_title\":false,\"type\":2,\"value\":6.5},{\"id\":\"000000036\",\"index\":11,\"is_title\":false,\"type\":4,\"value\":\"000000039\"},{\"id\":\"000000037\",\"index\":12,\"is_title\":false,\"type\":4,\"value\":\"000000017\"},{\"id\":\"000000038\",\"index\":13,\"is_title\":false,\"type\":3,\"value\":true},{\"id\":\"000000039\",\"index\":14,\"is_title\":true,\"type\":0,\"value\":\"\"},{\"id\":\"000000040\",\"index\":15,\"is_title\":false,\"type\":4,\"value\":\"000000021\"},{\"id\":\"000000041\",\"index\":16,\"is_title\":false,\"type\":4,\"value\":\"000000023\"},{\"id\":\"000000042\",\"index\":17,\"is_title\":false,\"type\":4,\"value\":\"000000026\"},{\"id\":\"000000043\",\"index\":18,\"is_title\":false,\"type\":1,\"value\":\"MediaTek Helio G35\"},{\"id\":\"000000044\",\"index\":19,\"is_title\":false,\"type\":2,\"value\":8},{\"id\":\"000000045\",\"index\":20,\"is_title\":false,\"type\":2,\"value\":2000},{\"id\":\"000000046\",\"index\":21,\"is_title\":false,\"type\":4,\"value\":\"000000028\"},{\"id\":\"000000047\",\"index\":22,\"is_title\":true,\"type\":0,\"value\":\"\"},{\"id\":\"000000048\",\"index\":23,\"is_title\":false,\"type\":1,\"value\":\"Wi-Fi; Bluetooth 5.1; IRDA;  USB;  NFC\"},{\"id\":\"000000049\",\"index\":24,\"is_title\":false,\"type\":1,\"value\":\"GSM 900/1800/1900; 3G; 4G; LTE; VoLTE\"},{\"id\":\"000000050\",\"index\":25,\"is_title\":false,\"type\":1,\"value\":\"ГЛОНАСС; GPS; BeiDou; Galileo; GPS; AGPS\"},{\"id\":\"000000051\",\"index\":26,\"is_title\":false,\"type\":4,\"value\":\"000000035\"},{\"id\":\"000000052\",\"index\":27,\"is_title\":false,\"type\":1,\"value\":\"nano SIM\"},{\"id\":\"000000053\",\"index\":28,\"is_title\":true,\"type\":0,\"value\":\"\"},{\"id\":\"000000054\",\"index\":29,\"is_title\":false,\"type\":1,\"value\":\"Li-polymer\"},{\"id\":\"000000055\",\"index\":30,\"is_title\":false,\"type\":2,\"value\":4500},{\"id\":\"000000056\",\"index\":31,\"is_title\":false,\"type\":4,\"value\":\"000000037\"},{\"id\":\"000000057\",\"index\":32,\"is_title\":true,\"type\":0,\"value\":\"\"},{\"id\":\"000000058\",\"index\":33,\"is_title\":false,\"type\":2,\"value\":64},{\"id\":\"000000059\",\"index\":34,\"is_title\":false,\"type\":2,\"value\":8},{\"id\":\"000000060\",\"index\":35,\"is_title\":false,\"type\":1,\"value\":\"макро-объектив; автоматическая фокусировка; цифровой зум\"},{\"id\":\"000000061\",\"index\":36,\"is_title\":false,\"type\":1,\"value\":\"Full HD 1080p; AAC; AMR; APE; FLAC; M4V; MKV; MP3; MP4; WAV; XviD; AVI; WMA; WAVE, FLAC; BMP; GIF; J\"},{\"id\":\"000000062\",\"index\":37,\"is_title\":false,\"type\":3,\"value\":true},{\"id\":\"000000063\",\"index\":38,\"is_title\":false,\"type\":1,\"value\":\"автоматическая фокусировка; ночная  съемка\"},{\"id\":\"000000064\",\"index\":39,\"is_title\":true,\"type\":0,\"value\":\"\"},{\"id\":\"000000065\",\"index\":40,\"is_title\":false,\"type\":1,\"value\":\"зарядное устройство; смартфон; документация; чехол; USB-кабель; адаптер; гарантийный талон\"},{\"id\":\"000000066\",\"index\":41,\"is_title\":false,\"type\":1,\"value\":\"IP67\"},{\"id\":\"000000067\",\"index\":42,\"is_title\":false,\"type\":1,\"value\":\"Хрупкое\"},{\"id\":\"000000068\",\"index\":43,\"is_title\":false,\"type\":3,\"value\":true},{\"id\":\"000000069\",\"index\":44,\"is_title\":true,\"type\":0,\"value\":\"\"},{\"id\":\"000000005\",\"index\":45,\"is_title\":false,\"type\":2,\"value\":75.7},{\"id\":\"000000006\",\"index\":46,\"is_title\":false,\"type\":2,\"value\":8.3},{\"id\":\"000000007\",\"index\":47,\"is_title\":false,\"type\":2,\"value\":150.9},{\"id\":\"000000008\",\"index\":48,\"is_title\":false,\"type\":2,\"value\":194}]','000003',NULL,NULL),('000000000013','00005','000000006','Huawei Honor 7A (черный)','Huawei Honor 7A - смартфон с современным дизайном. На передней стороне размещается прочное и красивое 2,5D-стекло.\nТыльная сторона является матовой, а реализована она из высококачественного алюминия.\n\nДисплей в Honor 7A установлен 5,45-дюймовый FullView-дисплей с разрешением 1440x720.\n\nСмартфон Honor 7A оснащен 4-х ядерным процессором Mediatek MT6739. Здесь используются ядра Cortex-A53, которые работают на максимальной частоте 1500 МГц. В устройстве располагается ускоритель графики PowerVR GE8100.\n\nВстроенная память 16 Гб и 2 Гб оперативной памяти, а расширить внутреннее хранилище можно с помощью карт памяти до 256 Гб.\n\nAndroid 8.1 выступает в качестве операционной системы. При этом интерфейс модернизирован благодаря фирменной оболочке EMUI 8.1.\n\nВнутри аппарата находится несъемный аккумулятор с емкостью 3020 мАч.\n\nHuawei Honor 7A поддерживает две Nano-SIM одновременно. При этом карта памяти может быть установлена отдельно.\n\nИмеется встроенное FM-радио, а также модуль LTE.\n\nКамера\nВ Hu','16787448','','[{\"id\":\"000000017\",\"index\":1,\"is_title\":true,\"type\":0,\"value\":\"\"},{\"id\":\"000000014\",\"index\":2,\"is_title\":false,\"type\":4,\"value\":\"000000011\"},{\"id\":\"000000003\",\"index\":3,\"is_title\":false,\"type\":6,\"value\":\"000003\"},{\"id\":\"000000025\",\"index\":4,\"is_title\":false,\"type\":4,\"value\":\"000000015\"},{\"id\":\"000000004\",\"index\":5,\"is_title\":false,\"type\":7,\"value\":\"000000001\"},{\"id\":\"000000001\",\"index\":6,\"is_title\":false,\"type\":8,\"value\":\"156\"},{\"id\":\"000000027\",\"index\":7,\"is_title\":false,\"type\":2,\"value\":12},{\"id\":\"000000028\",\"index\":8,\"is_title\":false,\"type\":1,\"value\":\"сканер отпечатка пальца; быстрая зарядка; технология распознавания лица\"},{\"id\":\"000000032\",\"index\":9,\"is_title\":true,\"type\":0,\"value\":\"\"},{\"id\":\"000000029\",\"index\":10,\"is_title\":false,\"type\":2,\"value\":6.5},{\"id\":\"000000036\",\"index\":11,\"is_title\":false,\"type\":4,\"value\":\"000000039\"},{\"id\":\"000000037\",\"index\":12,\"is_title\":false,\"type\":4,\"value\":\"000000017\"},{\"id\":\"000000038\",\"index\":13,\"is_title\":false,\"type\":3,\"value\":true},{\"id\":\"000000039\",\"index\":14,\"is_title\":true,\"type\":0,\"value\":\"\"},{\"id\":\"000000040\",\"index\":15,\"is_title\":false,\"type\":4,\"value\":\"000000021\"},{\"id\":\"000000041\",\"index\":16,\"is_title\":false,\"type\":4,\"value\":\"000000023\"},{\"id\":\"000000042\",\"index\":17,\"is_title\":false,\"type\":4,\"value\":\"000000026\"},{\"id\":\"000000043\",\"index\":18,\"is_title\":false,\"type\":1,\"value\":\"MediaTek Helio G35\"},{\"id\":\"000000044\",\"index\":19,\"is_title\":false,\"type\":2,\"value\":8},{\"id\":\"000000045\",\"index\":20,\"is_title\":false,\"type\":2,\"value\":2000},{\"id\":\"000000046\",\"index\":21,\"is_title\":false,\"type\":4,\"value\":\"000000028\"},{\"id\":\"000000047\",\"index\":22,\"is_title\":true,\"type\":0,\"value\":\"\"},{\"id\":\"000000048\",\"index\":23,\"is_title\":false,\"type\":1,\"value\":\"Wi-Fi; Bluetooth 5.1; IRDA;  USB;  NFC\"},{\"id\":\"000000049\",\"index\":24,\"is_title\":false,\"type\":1,\"value\":\"GSM 900/1800/1900; 3G; 4G; LTE; VoLTE\"},{\"id\":\"000000050\",\"index\":25,\"is_title\":false,\"type\":1,\"value\":\"ГЛОНАСС; GPS; BeiDou; Galileo; GPS; AGPS\"},{\"id\":\"000000051\",\"index\":26,\"is_title\":false,\"type\":4,\"value\":\"000000035\"},{\"id\":\"000000052\",\"index\":27,\"is_title\":false,\"type\":1,\"value\":\"nano SIM\"},{\"id\":\"000000053\",\"index\":28,\"is_title\":true,\"type\":0,\"value\":\"\"},{\"id\":\"000000054\",\"index\":29,\"is_title\":false,\"type\":1,\"value\":\"Li-polymer\"},{\"id\":\"000000055\",\"index\":30,\"is_title\":false,\"type\":2,\"value\":4500},{\"id\":\"000000056\",\"index\":31,\"is_title\":false,\"type\":4,\"value\":\"000000037\"},{\"id\":\"000000057\",\"index\":32,\"is_title\":true,\"type\":0,\"value\":\"\"},{\"id\":\"000000058\",\"index\":33,\"is_title\":false,\"type\":2,\"value\":64},{\"id\":\"000000059\",\"index\":34,\"is_title\":false,\"type\":2,\"value\":8},{\"id\":\"000000060\",\"index\":35,\"is_title\":false,\"type\":1,\"value\":\"макро-объектив; автоматическая фокусировка; цифровой зум\"},{\"id\":\"000000061\",\"index\":36,\"is_title\":false,\"type\":1,\"value\":\"Full HD 1080p; AAC; AMR; APE; FLAC; M4V; MKV; MP3; MP4; WAV; XviD; AVI; WMA; WAVE, FLAC; BMP; GIF; J\"},{\"id\":\"000000062\",\"index\":37,\"is_title\":false,\"type\":3,\"value\":true},{\"id\":\"000000063\",\"index\":38,\"is_title\":false,\"type\":1,\"value\":\"автоматическая фокусировка; ночная  съемка\"},{\"id\":\"000000064\",\"index\":39,\"is_title\":true,\"type\":0,\"value\":\"\"},{\"id\":\"000000065\",\"index\":40,\"is_title\":false,\"type\":1,\"value\":\"зарядное устройство; смартфон; документация; чехол; USB-кабель; адаптер; гарантийный талон\"},{\"id\":\"000000066\",\"index\":41,\"is_title\":false,\"type\":1,\"value\":\"IP67\"},{\"id\":\"000000067\",\"index\":42,\"is_title\":false,\"type\":1,\"value\":\"Хрупкое\"},{\"id\":\"000000068\",\"index\":43,\"is_title\":false,\"type\":3,\"value\":true},{\"id\":\"000000069\",\"index\":44,\"is_title\":true,\"type\":0,\"value\":\"\"},{\"id\":\"000000005\",\"index\":45,\"is_title\":false,\"type\":2,\"value\":75.7},{\"id\":\"000000006\",\"index\":46,\"is_title\":false,\"type\":2,\"value\":8.3},{\"id\":\"000000007\",\"index\":47,\"is_title\":false,\"type\":2,\"value\":150.9},{\"id\":\"000000008\",\"index\":48,\"is_title\":false,\"type\":2,\"value\":194}]','000003',NULL,NULL),('000000000014','00005','000000006','Xiaomi Redmi Note 10 (голубой)','Huawei Honor 7A - смартфон с современным дизайном. На передней стороне размещается прочное и красивое 2,5D-стекло.\nТыльная сторона является матовой, а реализована она из высококачественного алюминия.\n\nДисплей в Honor 7A установлен 5,45-дюймовый FullView-дисплей с разрешением 1440x720.\n\nСмартфон Honor 7A оснащен 4-х ядерным процессором Mediatek MT6739. Здесь используются ядра Cortex-A53, которые работают на максимальной частоте 1500 МГц. В устройстве располагается ускоритель графики PowerVR GE8100.\n\nВстроенная память 16 Гб и 2 Гб оперативной памяти, а расширить внутреннее хранилище можно с помощью карт памяти до 256 Гб.\n\nAndroid 8.1 выступает в качестве операционной системы. При этом интерфейс модернизирован благодаря фирменной оболочке EMUI 8.1.\n\nВнутри аппарата находится несъемный аккумулятор с емкостью 3020 мАч.\n\nHuawei Honor 7A поддерживает две Nano-SIM одновременно. При этом карта памяти может быть установлена отдельно.\n\nИмеется встроенное FM-радио, а также модуль LTE.\n\nКамера\nВ Hu','4722618','','[{\"id\":\"000000017\",\"index\":1,\"is_title\":true,\"type\":0,\"value\":\"\"},{\"id\":\"000000014\",\"index\":2,\"is_title\":false,\"type\":4,\"value\":\"000000011\"},{\"id\":\"000000003\",\"index\":3,\"is_title\":false,\"type\":6,\"value\":\"000010\"},{\"id\":\"000000025\",\"index\":4,\"is_title\":false,\"type\":4,\"value\":\"000000015\"},{\"id\":\"000000004\",\"index\":5,\"is_title\":false,\"type\":7,\"value\":\"000000002\"},{\"id\":\"000000001\",\"index\":6,\"is_title\":false,\"type\":8,\"value\":\"156\"},{\"id\":\"000000027\",\"index\":7,\"is_title\":false,\"type\":2,\"value\":12},{\"id\":\"000000028\",\"index\":8,\"is_title\":false,\"type\":1,\"value\":\"сканер отпечатка пальца; быстрая зарядка; технология распознавания лица\"},{\"id\":\"000000032\",\"index\":9,\"is_title\":true,\"type\":0,\"value\":\"\"},{\"id\":\"000000029\",\"index\":10,\"is_title\":false,\"type\":2,\"value\":6.5},{\"id\":\"000000036\",\"index\":11,\"is_title\":false,\"type\":4,\"value\":\"000000039\"},{\"id\":\"000000037\",\"index\":12,\"is_title\":false,\"type\":4,\"value\":\"000000017\"},{\"id\":\"000000038\",\"index\":13,\"is_title\":false,\"type\":3,\"value\":true},{\"id\":\"000000039\",\"index\":14,\"is_title\":true,\"type\":0,\"value\":\"\"},{\"id\":\"000000040\",\"index\":15,\"is_title\":false,\"type\":4,\"value\":\"000000022\"},{\"id\":\"000000041\",\"index\":16,\"is_title\":false,\"type\":4,\"value\":\"000000023\"},{\"id\":\"000000042\",\"index\":17,\"is_title\":false,\"type\":4,\"value\":\"000000026\"},{\"id\":\"000000043\",\"index\":18,\"is_title\":false,\"type\":1,\"value\":\"MediaTek Helio G35\"},{\"id\":\"000000044\",\"index\":19,\"is_title\":false,\"type\":2,\"value\":8},{\"id\":\"000000045\",\"index\":20,\"is_title\":false,\"type\":2,\"value\":2000},{\"id\":\"000000046\",\"index\":21,\"is_title\":false,\"type\":4,\"value\":\"000000028\"},{\"id\":\"000000047\",\"index\":22,\"is_title\":true,\"type\":0,\"value\":\"\"},{\"id\":\"000000048\",\"index\":23,\"is_title\":false,\"type\":1,\"value\":\"Wi-Fi; Bluetooth 5.1; IRDA;  USB;  NFC\"},{\"id\":\"000000049\",\"index\":24,\"is_title\":false,\"type\":1,\"value\":\"GSM 900/1800/1900; 3G; 4G; LTE; VoLTE\"},{\"id\":\"000000050\",\"index\":25,\"is_title\":false,\"type\":1,\"value\":\"ГЛОНАСС; GPS; BeiDou; Galileo; GPS; AGPS\"},{\"id\":\"000000051\",\"index\":26,\"is_title\":false,\"type\":4,\"value\":\"000000035\"},{\"id\":\"000000052\",\"index\":27,\"is_title\":false,\"type\":1,\"value\":\"nano SIM\"},{\"id\":\"000000053\",\"index\":28,\"is_title\":true,\"type\":0,\"value\":\"\"},{\"id\":\"000000054\",\"index\":29,\"is_title\":false,\"type\":1,\"value\":\"Li-polymer\"},{\"id\":\"000000055\",\"index\":30,\"is_title\":false,\"type\":2,\"value\":4500},{\"id\":\"000000056\",\"index\":31,\"is_title\":false,\"type\":4,\"value\":\"000000037\"},{\"id\":\"000000057\",\"index\":32,\"is_title\":true,\"type\":0,\"value\":\"\"},{\"id\":\"000000058\",\"index\":33,\"is_title\":false,\"type\":2,\"value\":64},{\"id\":\"000000059\",\"index\":34,\"is_title\":false,\"type\":2,\"value\":8},{\"id\":\"000000060\",\"index\":35,\"is_title\":false,\"type\":1,\"value\":\"макро-объектив; автоматическая фокусировка; цифровой зум\"},{\"id\":\"000000061\",\"index\":36,\"is_title\":false,\"type\":1,\"value\":\"Full HD 1080p; AAC; AMR; APE; FLAC; M4V; MKV; MP3; MP4; WAV; XviD; AVI; WMA; WAVE, FLAC; BMP; GIF; J\"},{\"id\":\"000000062\",\"index\":37,\"is_title\":false,\"type\":3,\"value\":true},{\"id\":\"000000063\",\"index\":38,\"is_title\":false,\"type\":1,\"value\":\"автоматическая фокусировка; ночная  съемка\"},{\"id\":\"000000064\",\"index\":39,\"is_title\":true,\"type\":0,\"value\":\"\"},{\"id\":\"000000065\",\"index\":40,\"is_title\":false,\"type\":1,\"value\":\"зарядное устройство; смартфон; документация; чехол; USB-кабель; адаптер; гарантийный талон\"},{\"id\":\"000000066\",\"index\":41,\"is_title\":false,\"type\":1,\"value\":\"IP67\"},{\"id\":\"000000067\",\"index\":42,\"is_title\":false,\"type\":1,\"value\":\"Хрупкое\"},{\"id\":\"000000068\",\"index\":43,\"is_title\":false,\"type\":3,\"value\":true},{\"id\":\"000000069\",\"index\":44,\"is_title\":true,\"type\":0,\"value\":\"\"},{\"id\":\"000000005\",\"index\":45,\"is_title\":false,\"type\":2,\"value\":0.175},{\"id\":\"000000006\",\"index\":46,\"is_title\":false,\"type\":2,\"value\":0.68},{\"id\":\"000000007\",\"index\":47,\"is_title\":false,\"type\":2,\"value\":0.008},{\"id\":\"000000008\",\"index\":48,\"is_title\":false,\"type\":2,\"value\":0.194}]','000010',NULL,NULL),('000000000015','00005','000000006','Смартфон Xiaomi Redmi 9 (белый)','Huawei Honor 7A - смартфон с современным дизайном. На передней стороне размещается прочное и красивое 2,5D-стекло.\nТыльная сторона является матовой, а реализована она из высококачественного алюминия.\n\nДисплей в Honor 7A установлен 5,45-дюймовый FullView-дисплей с разрешением 1440x720.\n\nСмартфон Honor 7A оснащен 4-х ядерным процессором Mediatek MT6739. Здесь используются ядра Cortex-A53, которые работают на максимальной частоте 1500 МГц. В устройстве располагается ускоритель графики PowerVR GE8100.\n\nВстроенная память 16 Гб и 2 Гб оперативной памяти, а расширить внутреннее хранилище можно с помощью карт памяти до 256 Гб.\n\nAndroid 8.1 выступает в качестве операционной системы. При этом интерфейс модернизирован благодаря фирменной оболочке EMUI 8.1.\n\nВнутри аппарата находится несъемный аккумулятор с емкостью 3020 мАч.\n\nHuawei Honor 7A поддерживает две Nano-SIM одновременно. При этом карта памяти может быть установлена отдельно.\n\nИмеется встроенное FM-радио, а также модуль LTE.\n\nКамера\nВ Hu','1670750','','[{\"id\":\"000000017\",\"index\":1,\"is_title\":true,\"type\":0,\"value\":\"\"},{\"id\":\"000000014\",\"index\":2,\"is_title\":false,\"type\":4,\"value\":\"000000011\"},{\"id\":\"000000003\",\"index\":3,\"is_title\":false,\"type\":6,\"value\":\"000010\"},{\"id\":\"000000025\",\"index\":4,\"is_title\":false,\"type\":4,\"value\":\"000000015\"},{\"id\":\"000000004\",\"index\":5,\"is_title\":false,\"type\":7,\"value\":\"000000004\"},{\"id\":\"000000001\",\"index\":6,\"is_title\":false,\"type\":8,\"value\":\"156\"},{\"id\":\"000000027\",\"index\":7,\"is_title\":false,\"type\":2,\"value\":12},{\"id\":\"000000028\",\"index\":8,\"is_title\":false,\"type\":1,\"value\":\"сканер отпечатка пальца; быстрая зарядка; технология распознавания лица\"},{\"id\":\"000000032\",\"index\":9,\"is_title\":true,\"type\":0,\"value\":\"\"},{\"id\":\"000000029\",\"index\":10,\"is_title\":false,\"type\":2,\"value\":6.5},{\"id\":\"000000036\",\"index\":11,\"is_title\":false,\"type\":4,\"value\":\"000000039\"},{\"id\":\"000000037\",\"index\":12,\"is_title\":false,\"type\":4,\"value\":\"000000017\"},{\"id\":\"000000038\",\"index\":13,\"is_title\":false,\"type\":3,\"value\":true},{\"id\":\"000000039\",\"index\":14,\"is_title\":true,\"type\":0,\"value\":\"\"},{\"id\":\"000000040\",\"index\":15,\"is_title\":false,\"type\":4,\"value\":\"000000019\"},{\"id\":\"000000041\",\"index\":16,\"is_title\":false,\"type\":4,\"value\":\"000000023\"},{\"id\":\"000000042\",\"index\":17,\"is_title\":false,\"type\":4,\"value\":\"000000026\"},{\"id\":\"000000043\",\"index\":18,\"is_title\":false,\"type\":1,\"value\":\"MediaTek Helio G35\"},{\"id\":\"000000044\",\"index\":19,\"is_title\":false,\"type\":2,\"value\":8},{\"id\":\"000000045\",\"index\":20,\"is_title\":false,\"type\":2,\"value\":2000},{\"id\":\"000000046\",\"index\":21,\"is_title\":false,\"type\":4,\"value\":\"000000028\"},{\"id\":\"000000047\",\"index\":22,\"is_title\":true,\"type\":0,\"value\":\"\"},{\"id\":\"000000048\",\"index\":23,\"is_title\":false,\"type\":1,\"value\":\"Wi-Fi; Bluetooth 5.1; IRDA;  USB;  NFC\"},{\"id\":\"000000049\",\"index\":24,\"is_title\":false,\"type\":1,\"value\":\"GSM 900/1800/1900; 3G; 4G; LTE; VoLTE\"},{\"id\":\"000000050\",\"index\":25,\"is_title\":false,\"type\":1,\"value\":\"ГЛОНАСС; GPS; BeiDou; Galileo; GPS; AGPS\"},{\"id\":\"000000051\",\"index\":26,\"is_title\":false,\"type\":4,\"value\":\"000000035\"},{\"id\":\"000000052\",\"index\":27,\"is_title\":false,\"type\":1,\"value\":\"nano SIM\"},{\"id\":\"000000053\",\"index\":28,\"is_title\":true,\"type\":0,\"value\":\"\"},{\"id\":\"000000054\",\"index\":29,\"is_title\":false,\"type\":1,\"value\":\"Li-polymer\"},{\"id\":\"000000055\",\"index\":30,\"is_title\":false,\"type\":2,\"value\":4500},{\"id\":\"000000056\",\"index\":31,\"is_title\":false,\"type\":4,\"value\":\"000000037\"},{\"id\":\"000000057\",\"index\":32,\"is_title\":true,\"type\":0,\"value\":\"\"},{\"id\":\"000000058\",\"index\":33,\"is_title\":false,\"type\":2,\"value\":64},{\"id\":\"000000059\",\"index\":34,\"is_title\":false,\"type\":2,\"value\":8},{\"id\":\"000000060\",\"index\":35,\"is_title\":false,\"type\":1,\"value\":\"макро-объектив; автоматическая фокусировка; цифровой зум\"},{\"id\":\"000000061\",\"index\":36,\"is_title\":false,\"type\":1,\"value\":\"Full HD 1080p; AAC; AMR; APE; FLAC; M4V; MKV; MP3; MP4; WAV; XviD; AVI; WMA; WAVE, FLAC; BMP; GIF; J\"},{\"id\":\"000000062\",\"index\":37,\"is_title\":false,\"type\":3,\"value\":true},{\"id\":\"000000063\",\"index\":38,\"is_title\":false,\"type\":1,\"value\":\"автоматическая фокусировка; ночная  съемка\"},{\"id\":\"000000064\",\"index\":39,\"is_title\":true,\"type\":0,\"value\":\"\"},{\"id\":\"000000065\",\"index\":40,\"is_title\":false,\"type\":1,\"value\":\"зарядное устройство; смартфон; документация; чехол; USB-кабель; адаптер; гарантийный талон\"},{\"id\":\"000000066\",\"index\":41,\"is_title\":false,\"type\":1,\"value\":\"IP67\"},{\"id\":\"000000067\",\"index\":42,\"is_title\":false,\"type\":1,\"value\":\"Хрупкое\"},{\"id\":\"000000068\",\"index\":43,\"is_title\":false,\"type\":3,\"value\":true},{\"id\":\"000000069\",\"index\":44,\"is_title\":true,\"type\":0,\"value\":\"\"},{\"id\":\"000000005\",\"index\":45,\"is_title\":false,\"type\":2,\"value\":75.7},{\"id\":\"000000006\",\"index\":46,\"is_title\":false,\"type\":2,\"value\":8.3},{\"id\":\"000000007\",\"index\":47,\"is_title\":false,\"type\":2,\"value\":150.9},{\"id\":\"000000008\",\"index\":48,\"is_title\":false,\"type\":2,\"value\":194}]','000010',NULL,NULL),('000000000017','00005','000000006','Xiaomi Redmi 9T (голубой)','Смартфон Xiaomi Redmi 9T оснащен камерой из 4 модулей 48+8+2+2, позволяющей делать снимки с высокой детализацией, отличные панорамные снимки, портреты с эффектом боке и осуществлять макросъёмку. Мощный 8-ядерный процессор обеспечит высокую производительность даже в самых требовательных играх. На дисплее 6.53 дюйма с пониженным излучением в синем спектре комфортно выполнять любые привычные задачи даже при длительном использовании. Два динамика создадут эффект полного погружения при просмотре фильма или игре. Сканер отпечатков пальцев, встроенный в кнопке питания, надежно защитит ваши данные. Емкого аккумулятора на 6000 мАч хватит на 17 часов просмотра видео, 56 часов разговора и на 195 часов прослушивания музыки.','21375731','','[{\"id\":\"000000017\",\"index\":1,\"is_title\":true,\"type\":0,\"value\":\"\"},{\"id\":\"000000014\",\"index\":2,\"is_title\":false,\"type\":4,\"value\":\"000000011\"},{\"id\":\"000000003\",\"index\":3,\"is_title\":false,\"type\":6,\"value\":\"000010\"},{\"id\":\"000000025\",\"index\":4,\"is_title\":false,\"type\":4,\"value\":\"000000015\"},{\"id\":\"000000004\",\"index\":5,\"is_title\":false,\"type\":7,\"value\":\"000000002\"},{\"id\":\"000000001\",\"index\":6,\"is_title\":false,\"type\":8,\"value\":\"156\"},{\"id\":\"000000027\",\"index\":7,\"is_title\":false,\"type\":2,\"value\":12},{\"id\":\"000000028\",\"index\":8,\"is_title\":false,\"type\":1,\"value\":\"беспроводная зарядка; быстрая зарядка\"},{\"id\":\"000000032\",\"index\":9,\"is_title\":true,\"type\":0,\"value\":\"\"},{\"id\":\"000000029\",\"index\":10,\"is_title\":false,\"type\":2,\"value\":6.4},{\"id\":\"000000036\",\"index\":11,\"is_title\":false,\"type\":4,\"value\":\"000000040\"},{\"id\":\"000000037\",\"index\":12,\"is_title\":false,\"type\":4,\"value\":\"000000016\"},{\"id\":\"000000038\",\"index\":13,\"is_title\":false,\"type\":3,\"value\":true},{\"id\":\"000000039\",\"index\":14,\"is_title\":true,\"type\":0,\"value\":\"\"},{\"id\":\"000000040\",\"index\":15,\"is_title\":false,\"type\":4,\"value\":\"000000021\"},{\"id\":\"000000041\",\"index\":16,\"is_title\":false,\"type\":4,\"value\":\"000000024\"},{\"id\":\"000000042\",\"index\":17,\"is_title\":false,\"type\":4,\"value\":\"000000026\"},{\"id\":\"000000043\",\"index\":18,\"is_title\":false,\"type\":1,\"value\":\"Qualcomm Snapdragon 732G\"},{\"id\":\"000000044\",\"index\":19,\"is_title\":false,\"type\":2,\"value\":8},{\"id\":\"000000045\",\"index\":20,\"is_title\":false,\"type\":2,\"value\":2000},{\"id\":\"000000046\",\"index\":21,\"is_title\":false,\"type\":4,\"value\":\"000000028\"},{\"id\":\"000000047\",\"index\":22,\"is_title\":true,\"type\":0,\"value\":\"\"},{\"id\":\"000000048\",\"index\":23,\"is_title\":false,\"type\":1,\"value\":\"Bluetooth 5.1; NFC; Wi-Fi 802.11 abgnac\"},{\"id\":\"000000049\",\"index\":24,\"is_title\":false,\"type\":1,\"value\":\"2G; 3G; 4G; 5G\"},{\"id\":\"000000050\",\"index\":25,\"is_title\":false,\"type\":1,\"value\":\"ГЛОНАСС; GPS\"},{\"id\":\"000000051\",\"index\":26,\"is_title\":false,\"type\":4,\"value\":\"000000034\"},{\"id\":\"000000052\",\"index\":27,\"is_title\":false,\"type\":1,\"value\":\"nano SIM\"},{\"id\":\"000000053\",\"index\":28,\"is_title\":true,\"type\":0,\"value\":\"\"},{\"id\":\"000000054\",\"index\":29,\"is_title\":false,\"type\":1,\"value\":\"Li-polymer\"},{\"id\":\"000000055\",\"index\":30,\"is_title\":false,\"type\":2,\"value\":4500},{\"id\":\"000000056\",\"index\":31,\"is_title\":false,\"type\":4,\"value\":\"000000037\"},{\"id\":\"000000057\",\"index\":32,\"is_title\":true,\"type\":0,\"value\":\"\"},{\"id\":\"000000058\",\"index\":33,\"is_title\":false,\"type\":2,\"value\":108},{\"id\":\"000000059\",\"index\":34,\"is_title\":false,\"type\":2,\"value\":8},{\"id\":\"000000060\",\"index\":35,\"is_title\":false,\"type\":1,\"value\":\"макро-объектив; автоматическая фокусировка; цифровой зум\"},{\"id\":\"000000061\",\"index\":36,\"is_title\":false,\"type\":1,\"value\":\"Full HD 1080p; AAC; AMR; APE; FLAC; M4V; MKV; MP3; MP4; WAV; XviD; AVI; WMA; WAVE, FLAC; BMP; GIF; J\"},{\"id\":\"000000062\",\"index\":37,\"is_title\":false,\"type\":3,\"value\":true},{\"id\":\"000000063\",\"index\":38,\"is_title\":false,\"type\":1,\"value\":\"автоматическая фокусировка; ночная  съемка\"},{\"id\":\"000000064\",\"index\":39,\"is_title\":true,\"type\":0,\"value\":\"\"},{\"id\":\"000000065\",\"index\":40,\"is_title\":false,\"type\":1,\"value\":\"зарядное устройство; смартфон; документация; чехол; USB-кабель; адаптер; гарантийный талон\"},{\"id\":\"000000066\",\"index\":41,\"is_title\":false,\"type\":1,\"value\":\"IP67\"},{\"id\":\"000000067\",\"index\":42,\"is_title\":false,\"type\":1,\"value\":\"Хрупкое\"},{\"id\":\"000000068\",\"index\":43,\"is_title\":false,\"type\":3,\"value\":true},{\"id\":\"000000069\",\"index\":44,\"is_title\":true,\"type\":0,\"value\":\"\"},{\"id\":\"000000005\",\"index\":45,\"is_title\":false,\"type\":2,\"value\":75.7},{\"id\":\"000000006\",\"index\":46,\"is_title\":false,\"type\":2,\"value\":8.3},{\"id\":\"000000007\",\"index\":47,\"is_title\":false,\"type\":2,\"value\":150.9},{\"id\":\"000000008\",\"index\":48,\"is_title\":false,\"type\":2,\"value\":194}]','000010',NULL,NULL),('000000000022','00005','000000006','Huawei Honor 30i 128Gb (синий)','Тройная основная камера 48 МП на базе искусственного интеллекта. Ультра четкие фотографии даже при увеличении - большое количество пикселей позволяет создавать ультрачеткие изображения. Даже при увеличении, кадрировании или редактировании качество фотографий останется высоким. А алгоритмы искусственного интеллекта, проанализировав окружающие условия, предложат оптимальный режим съемки для максимального качественного изображения. Благодаря батарее емкостью 4000 мА*ч и интеллектуальному алгоритму энергосбережения вы можете заниматься рабочими делами и просматривать развлекательный контент целый день.','1678780','','[{\"id\":\"000000017\",\"index\":1,\"is_title\":true,\"type\":0,\"value\":\"\"},{\"id\":\"000000014\",\"index\":2,\"is_title\":false,\"type\":4,\"value\":\"000000011\"},{\"id\":\"000000003\",\"index\":3,\"is_title\":false,\"type\":6,\"value\":\"000003\"},{\"id\":\"000000025\",\"index\":4,\"is_title\":false,\"type\":4,\"value\":\"000000015\"},{\"id\":\"000000004\",\"index\":5,\"is_title\":false,\"type\":7,\"value\":\"000000013\"},{\"id\":\"000000001\",\"index\":6,\"is_title\":false,\"type\":8,\"value\":\"156\"},{\"id\":\"000000027\",\"index\":7,\"is_title\":false,\"type\":2,\"value\":12},{\"id\":\"000000028\",\"index\":8,\"is_title\":false,\"type\":1,\"value\":\"сканер отпечатка пальца; быстрая зарядка; технология распознавания лица\"},{\"id\":\"000000032\",\"index\":9,\"is_title\":true,\"type\":0,\"value\":\"\"},{\"id\":\"000000029\",\"index\":10,\"is_title\":false,\"type\":2,\"value\":6.3},{\"id\":\"000000036\",\"index\":11,\"is_title\":false,\"type\":4,\"value\":\"000000040\"},{\"id\":\"000000037\",\"index\":12,\"is_title\":false,\"type\":4,\"value\":\"000000017\"},{\"id\":\"000000038\",\"index\":13,\"is_title\":false,\"type\":3,\"value\":true},{\"id\":\"000000039\",\"index\":14,\"is_title\":true,\"type\":0,\"value\":\"\"},{\"id\":\"000000040\",\"index\":15,\"is_title\":false,\"type\":4,\"value\":\"000000022\"},{\"id\":\"000000041\",\"index\":16,\"is_title\":false,\"type\":4,\"value\":\"000000047\"},{\"id\":\"000000042\",\"index\":17,\"is_title\":false,\"type\":4,\"value\":\"000000026\"},{\"id\":\"000000043\",\"index\":18,\"is_title\":false,\"type\":1,\"value\":\"MediaTek Helio G35\"},{\"id\":\"000000044\",\"index\":19,\"is_title\":false,\"type\":2,\"value\":8},{\"id\":\"000000045\",\"index\":20,\"is_title\":false,\"type\":2,\"value\":2000},{\"id\":\"000000046\",\"index\":21,\"is_title\":false,\"type\":4,\"value\":\"000000028\"},{\"id\":\"000000047\",\"index\":22,\"is_title\":true,\"type\":0,\"value\":\"\"},{\"id\":\"000000048\",\"index\":23,\"is_title\":false,\"type\":1,\"value\":\"Wi-Fi; Bluetooth 5.1; IRDA;  USB;  NFC\"},{\"id\":\"000000049\",\"index\":24,\"is_title\":false,\"type\":1,\"value\":\"GSM 900/1800/1900; 3G; 4G; LTE; VoLTE\"},{\"id\":\"000000050\",\"index\":25,\"is_title\":false,\"type\":1,\"value\":\"ГЛОНАСС; GPS; BeiDou; Galileo; GPS; AGPS\"},{\"id\":\"000000051\",\"index\":26,\"is_title\":false,\"type\":4,\"value\":\"000000035\"},{\"id\":\"000000052\",\"index\":27,\"is_title\":false,\"type\":1,\"value\":\"nano SIM\"},{\"id\":\"000000053\",\"index\":28,\"is_title\":true,\"type\":0,\"value\":\"\"},{\"id\":\"000000054\",\"index\":29,\"is_title\":false,\"type\":1,\"value\":\"Li-polymer\"},{\"id\":\"000000055\",\"index\":30,\"is_title\":false,\"type\":2,\"value\":4500},{\"id\":\"000000056\",\"index\":31,\"is_title\":false,\"type\":4,\"value\":\"000000037\"},{\"id\":\"000000057\",\"index\":32,\"is_title\":true,\"type\":0,\"value\":\"\"},{\"id\":\"000000058\",\"index\":33,\"is_title\":false,\"type\":2,\"value\":16},{\"id\":\"000000059\",\"index\":34,\"is_title\":false,\"type\":2,\"value\":8},{\"id\":\"000000060\",\"index\":35,\"is_title\":false,\"type\":1,\"value\":\"макро-объектив; автоматическая фокусировка; цифровой зум\"},{\"id\":\"000000061\",\"index\":36,\"is_title\":false,\"type\":1,\"value\":\"Full HD 1080p; AAC; AMR; APE; FLAC; M4V; MKV; MP3; MP4; WAV; XviD; AVI; WMA; WAVE, FLAC; BMP; GIF; J\"},{\"id\":\"000000062\",\"index\":37,\"is_title\":false,\"type\":3,\"value\":true},{\"id\":\"000000063\",\"index\":38,\"is_title\":false,\"type\":1,\"value\":\"автоматическая фокусировка; ночная  съемка\"},{\"id\":\"000000064\",\"index\":39,\"is_title\":true,\"type\":0,\"value\":\"\"},{\"id\":\"000000065\",\"index\":40,\"is_title\":false,\"type\":1,\"value\":\"зарядное устройство; смартфон; документация; чехол; USB-кабель; адаптер; гарантийный талон\"},{\"id\":\"000000066\",\"index\":41,\"is_title\":false,\"type\":1,\"value\":\"IP67\"},{\"id\":\"000000067\",\"index\":42,\"is_title\":false,\"type\":1,\"value\":\"Хрупкое\"},{\"id\":\"000000068\",\"index\":43,\"is_title\":false,\"type\":3,\"value\":true},{\"id\":\"000000069\",\"index\":44,\"is_title\":true,\"type\":0,\"value\":\"\"},{\"id\":\"000000005\",\"index\":45,\"is_title\":false,\"type\":2,\"value\":75.7},{\"id\":\"000000006\",\"index\":46,\"is_title\":false,\"type\":2,\"value\":8.3},{\"id\":\"000000007\",\"index\":47,\"is_title\":false,\"type\":2,\"value\":150.9},{\"id\":\"000000008\",\"index\":48,\"is_title\":false,\"type\":2,\"value\":194}]','000003',NULL,NULL),('000000000023','00005','000000006','Huawei Honor 10X Lite (розовый)','HONOR 10X Lite, функционирующий на базе процессора Kirin, обеспечит вам незабываемые впечатления от игр. Технология HONOR SuperCharge 22,5 Вт обеспечивает высокую скорость зарядки. Квадрокамера 48 МП с искусственным интеллектом. Сделайте свою жизнь комфортнее благодаря встроенному многофункциональному датчику NFC.','17282823','','[{\"id\":\"000000017\",\"index\":1,\"is_title\":true,\"type\":0,\"value\":\"\"},{\"id\":\"000000014\",\"index\":2,\"is_title\":false,\"type\":4,\"value\":\"000000011\"},{\"id\":\"000000003\",\"index\":3,\"is_title\":false,\"type\":6,\"value\":\"000003\"},{\"id\":\"000000025\",\"index\":4,\"is_title\":false,\"type\":4,\"value\":\"000000015\"},{\"id\":\"000000004\",\"index\":5,\"is_title\":false,\"type\":7,\"value\":\"000000007\"},{\"id\":\"000000001\",\"index\":6,\"is_title\":false,\"type\":8,\"value\":\"156\"},{\"id\":\"000000027\",\"index\":7,\"is_title\":false,\"type\":2,\"value\":12},{\"id\":\"000000028\",\"index\":8,\"is_title\":false,\"type\":1,\"value\":\"укрепленный корпус; FM-радио\"},{\"id\":\"000000032\",\"index\":9,\"is_title\":true,\"type\":0,\"value\":\"\"},{\"id\":\"000000029\",\"index\":10,\"is_title\":false,\"type\":2,\"value\":6.67},{\"id\":\"000000036\",\"index\":11,\"is_title\":false,\"type\":4,\"value\":\"000000039\"},{\"id\":\"000000037\",\"index\":12,\"is_title\":false,\"type\":4,\"value\":\"000000048\"},{\"id\":\"000000038\",\"index\":13,\"is_title\":false,\"type\":3,\"value\":true},{\"id\":\"000000039\",\"index\":14,\"is_title\":true,\"type\":0,\"value\":\"\"},{\"id\":\"000000040\",\"index\":15,\"is_title\":false,\"type\":4,\"value\":\"000000022\"},{\"id\":\"000000041\",\"index\":16,\"is_title\":false,\"type\":4,\"value\":\"000000024\"},{\"id\":\"000000042\",\"index\":17,\"is_title\":false,\"type\":4,\"value\":\"000000026\"},{\"id\":\"000000043\",\"index\":18,\"is_title\":false,\"type\":1,\"value\":\"Kirin 710A\"},{\"id\":\"000000044\",\"index\":19,\"is_title\":false,\"type\":2,\"value\":8},{\"id\":\"000000045\",\"index\":20,\"is_title\":false,\"type\":2,\"value\":2000},{\"id\":\"000000046\",\"index\":21,\"is_title\":false,\"type\":4,\"value\":\"000000028\"},{\"id\":\"000000047\",\"index\":22,\"is_title\":true,\"type\":0,\"value\":\"\"},{\"id\":\"000000048\",\"index\":23,\"is_title\":false,\"type\":1,\"value\":\"Wi-Fi; Bluetooth 5.1; IRDA;  USB;  NFC\"},{\"id\":\"000000049\",\"index\":24,\"is_title\":false,\"type\":1,\"value\":\"GSM 900/1800/1900; 3G; 4G; LTE; VoLTE\"},{\"id\":\"000000050\",\"index\":25,\"is_title\":false,\"type\":1,\"value\":\"A-GPS; ГЛОНАСС; GPS; BeiDou\"},{\"id\":\"000000051\",\"index\":26,\"is_title\":false,\"type\":4,\"value\":\"000000034\"},{\"id\":\"000000052\",\"index\":27,\"is_title\":false,\"type\":1,\"value\":\"nano SIM\"},{\"id\":\"000000053\",\"index\":28,\"is_title\":true,\"type\":0,\"value\":\"\"},{\"id\":\"000000054\",\"index\":29,\"is_title\":false,\"type\":1,\"value\":\"Li-polymer\"},{\"id\":\"000000055\",\"index\":30,\"is_title\":false,\"type\":2,\"value\":4500},{\"id\":\"000000056\",\"index\":31,\"is_title\":false,\"type\":4,\"value\":\"000000037\"},{\"id\":\"000000057\",\"index\":32,\"is_title\":true,\"type\":0,\"value\":\"\"},{\"id\":\"000000058\",\"index\":33,\"is_title\":false,\"type\":2,\"value\":64},{\"id\":\"000000059\",\"index\":34,\"is_title\":false,\"type\":2,\"value\":8},{\"id\":\"000000060\",\"index\":35,\"is_title\":false,\"type\":1,\"value\":\"макро-объектив; автоматическая фокусировка; цифровой зум\"},{\"id\":\"000000061\",\"index\":36,\"is_title\":false,\"type\":1,\"value\":\"Full HD 1080p; AAC; AMR; APE; FLAC; M4V; MKV; MP3; MP4; WAV; XviD; AVI; WMA; WAVE, FLAC; BMP; GIF; J\"},{\"id\":\"000000062\",\"index\":37,\"is_title\":false,\"type\":3,\"value\":true},{\"id\":\"000000063\",\"index\":38,\"is_title\":false,\"type\":1,\"value\":\"автоматическая фокусировка; ночная  съемка\"},{\"id\":\"000000064\",\"index\":39,\"is_title\":true,\"type\":0,\"value\":\"\"},{\"id\":\"000000065\",\"index\":40,\"is_title\":false,\"type\":1,\"value\":\"зарядное устройство; смартфон; документация; чехол; USB-кабель; адаптер; гарантийный талон\"},{\"id\":\"000000066\",\"index\":41,\"is_title\":false,\"type\":1,\"value\":\"IP67\"},{\"id\":\"000000067\",\"index\":42,\"is_title\":false,\"type\":1,\"value\":\"Хрупкое\"},{\"id\":\"000000068\",\"index\":43,\"is_title\":false,\"type\":3,\"value\":true},{\"id\":\"000000069\",\"index\":44,\"is_title\":true,\"type\":0,\"value\":\"\"},{\"id\":\"000000005\",\"index\":45,\"is_title\":false,\"type\":2,\"value\":75.7},{\"id\":\"000000006\",\"index\":46,\"is_title\":false,\"type\":2,\"value\":8.3},{\"id\":\"000000007\",\"index\":47,\"is_title\":false,\"type\":2,\"value\":150.9},{\"id\":\"000000008\",\"index\":48,\"is_title\":false,\"type\":2,\"value\":194}]','000003',NULL,NULL),('000000000028','00005','000000006','Смартфон Nokia 5.4 DS 6/64Gb (фиолетовый)','Nokia 5.4 - смартфон с впечатляющими возможностями. 4-сенсорная камера 48 МП и видеоредактор с улучшенными настройками и кинематографическими эффектами для съемки видеороликов с хорошей детализацией. Вы будете успевать всё задуманное, благодаря оптимизированному процессору Qualcomm Snapdragon 662 и батарее, которая держит заряд до двух дней! Смартфон не потеряет актуальности со временем - получит обновление до Android 11 и выше. Работайте и отдыхайте вместе со своим смартфоном.','18876911','','[{\"id\":\"000000017\",\"index\":1,\"is_title\":true,\"type\":0,\"value\":\"\"},{\"id\":\"000000014\",\"index\":2,\"is_title\":false,\"type\":4,\"value\":\"000000011\"},{\"id\":\"000000003\",\"index\":3,\"is_title\":false,\"type\":6,\"value\":\"000009\"},{\"id\":\"000000025\",\"index\":4,\"is_title\":false,\"type\":4,\"value\":\"000000015\"},{\"id\":\"000000004\",\"index\":5,\"is_title\":false,\"type\":7,\"value\":\"000000005\"},{\"id\":\"000000001\",\"index\":6,\"is_title\":false,\"type\":8,\"value\":\"156\"},{\"id\":\"000000027\",\"index\":7,\"is_title\":false,\"type\":2,\"value\":1},{\"id\":\"000000028\",\"index\":8,\"is_title\":false,\"type\":1,\"value\":\"будильник; фонарик; FM-приёмник\"},{\"id\":\"000000032\",\"index\":9,\"is_title\":true,\"type\":0,\"value\":\"\"},{\"id\":\"000000029\",\"index\":10,\"is_title\":false,\"type\":2,\"value\":6.39},{\"id\":\"000000036\",\"index\":11,\"is_title\":false,\"type\":4,\"value\":\"000000051\"},{\"id\":\"000000037\",\"index\":12,\"is_title\":false,\"type\":4,\"value\":\"000000048\"},{\"id\":\"000000038\",\"index\":13,\"is_title\":false,\"type\":3,\"value\":false},{\"id\":\"000000039\",\"index\":14,\"is_title\":true,\"type\":0,\"value\":\"\"},{\"id\":\"000000040\",\"index\":15,\"is_title\":false,\"type\":4,\"value\":\"000000021\"},{\"id\":\"000000041\",\"index\":16,\"is_title\":false,\"type\":4,\"value\":\"000000025\"},{\"id\":\"000000042\",\"index\":17,\"is_title\":false,\"type\":4,\"value\":\"000000026\"},{\"id\":\"000000044\",\"index\":19,\"is_title\":false,\"type\":2,\"value\":8},{\"id\":\"000000045\",\"index\":20,\"is_title\":false,\"type\":2,\"value\":2000},{\"id\":\"000000046\",\"index\":21,\"is_title\":false,\"type\":4,\"value\":\"000000028\"},{\"id\":\"000000047\",\"index\":22,\"is_title\":true,\"type\":0,\"value\":\"\"},{\"id\":\"000000048\",\"index\":23,\"is_title\":false,\"type\":1,\"value\":\"Bluetooth 4.2; NFC\"},{\"id\":\"000000051\",\"index\":26,\"is_title\":false,\"type\":4,\"value\":\"000000035\"},{\"id\":\"000000053\",\"index\":28,\"is_title\":true,\"type\":0,\"value\":\"\"},{\"id\":\"000000055\",\"index\":30,\"is_title\":false,\"type\":2,\"value\":4000},{\"id\":\"000000056\",\"index\":31,\"is_title\":false,\"type\":4,\"value\":\"000000036\"},{\"id\":\"000000057\",\"index\":32,\"is_title\":true,\"type\":0,\"value\":\"\"},{\"id\":\"000000058\",\"index\":33,\"is_title\":false,\"type\":2,\"value\":48},{\"id\":\"000000059\",\"index\":34,\"is_title\":false,\"type\":2,\"value\":2},{\"id\":\"000000064\",\"index\":39,\"is_title\":true,\"type\":0,\"value\":\"\"},{\"id\":\"000000065\",\"index\":40,\"is_title\":false,\"type\":1,\"value\":\"смартфон; Кабель USB Type-C; Скрепка для извлечения SIM-карты; Инструкция пользователя; зарядное уст\"},{\"id\":\"000000068\",\"index\":43,\"is_title\":false,\"type\":3,\"value\":true},{\"id\":\"000000069\",\"index\":44,\"is_title\":true,\"type\":0,\"value\":\"\"},{\"id\":\"000000005\",\"index\":45,\"is_title\":false,\"type\":2,\"value\":11.9},{\"id\":\"000000006\",\"index\":46,\"is_title\":false,\"type\":2,\"value\":4.92},{\"id\":\"000000007\",\"index\":47,\"is_title\":false,\"type\":2,\"value\":12.5},{\"id\":\"000000008\",\"index\":48,\"is_title\":false,\"type\":2,\"value\":150}]','000009',NULL,NULL),('000000000029','00005','000000006','Смартфон Nokia 5.4 DS 6/64Gb (зеленый)','Nokia 5.4 - смартфон с впечатляющими возможностями. 4-сенсорная камера 48 МП и видеоредактор с улучшенными настройками и кинематографическими эффектами для съемки видеороликов с хорошей детализацией. Вы будете успевать всё задуманное, благодаря оптимизированному процессору Qualcomm Snapdragon 662 и батарее, которая держит заряд до двух дней! Смартфон не потеряет актуальности со временем - получит обновление до Android 11 и выше. Работайте и отдыхайте вместе со своим смартфоном.','11702959','','[{\"id\":\"000000017\",\"index\":1,\"is_title\":true,\"type\":0,\"value\":\"\"},{\"id\":\"000000014\",\"index\":2,\"is_title\":false,\"type\":4,\"value\":\"000000011\"},{\"id\":\"000000003\",\"index\":3,\"is_title\":false,\"type\":6,\"value\":\"000009\"},{\"id\":\"000000025\",\"index\":4,\"is_title\":false,\"type\":4,\"value\":\"000000015\"},{\"id\":\"000000004\",\"index\":5,\"is_title\":false,\"type\":7,\"value\":\"000000016\"},{\"id\":\"000000001\",\"index\":6,\"is_title\":false,\"type\":8,\"value\":\"156\"},{\"id\":\"000000027\",\"index\":7,\"is_title\":false,\"type\":2,\"value\":1},{\"id\":\"000000028\",\"index\":8,\"is_title\":false,\"type\":1,\"value\":\"будильник; фонарик; FM-приёмник\"},{\"id\":\"000000032\",\"index\":9,\"is_title\":true,\"type\":0,\"value\":\"\"},{\"id\":\"000000029\",\"index\":10,\"is_title\":false,\"type\":2,\"value\":6.39},{\"id\":\"000000036\",\"index\":11,\"is_title\":false,\"type\":4,\"value\":\"000000051\"},{\"id\":\"000000037\",\"index\":12,\"is_title\":false,\"type\":4,\"value\":\"000000048\"},{\"id\":\"000000038\",\"index\":13,\"is_title\":false,\"type\":3,\"value\":false},{\"id\":\"000000039\",\"index\":14,\"is_title\":true,\"type\":0,\"value\":\"\"},{\"id\":\"000000040\",\"index\":15,\"is_title\":false,\"type\":4,\"value\":\"000000021\"},{\"id\":\"000000041\",\"index\":16,\"is_title\":false,\"type\":4,\"value\":\"000000025\"},{\"id\":\"000000042\",\"index\":17,\"is_title\":false,\"type\":4,\"value\":\"000000026\"},{\"id\":\"000000044\",\"index\":19,\"is_title\":false,\"type\":2,\"value\":8},{\"id\":\"000000045\",\"index\":20,\"is_title\":false,\"type\":2,\"value\":2000},{\"id\":\"000000046\",\"index\":21,\"is_title\":false,\"type\":4,\"value\":\"000000028\"},{\"id\":\"000000047\",\"index\":22,\"is_title\":true,\"type\":0,\"value\":\"\"},{\"id\":\"000000048\",\"index\":23,\"is_title\":false,\"type\":1,\"value\":\"Bluetooth 4.2; NFC\"},{\"id\":\"000000049\",\"index\":24,\"is_title\":false,\"type\":1,\"value\":\"GSM 900; GSM 1800\"},{\"id\":\"000000051\",\"index\":26,\"is_title\":false,\"type\":4,\"value\":\"000000035\"},{\"id\":\"000000053\",\"index\":28,\"is_title\":true,\"type\":0,\"value\":\"\"},{\"id\":\"000000055\",\"index\":30,\"is_title\":false,\"type\":2,\"value\":4000},{\"id\":\"000000056\",\"index\":31,\"is_title\":false,\"type\":4,\"value\":\"000000036\"},{\"id\":\"000000057\",\"index\":32,\"is_title\":true,\"type\":0,\"value\":\"\"},{\"id\":\"000000058\",\"index\":33,\"is_title\":false,\"type\":2,\"value\":48},{\"id\":\"000000059\",\"index\":34,\"is_title\":false,\"type\":2,\"value\":2},{\"id\":\"000000064\",\"index\":39,\"is_title\":true,\"type\":0,\"value\":\"\"},{\"id\":\"000000065\",\"index\":40,\"is_title\":false,\"type\":1,\"value\":\"смартфон; Кабель USB Type-C; Скрепка для извлечения SIM-карты; Инструкция пользователя; зарядное уст\"},{\"id\":\"000000068\",\"index\":43,\"is_title\":false,\"type\":3,\"value\":true},{\"id\":\"000000069\",\"index\":44,\"is_title\":true,\"type\":0,\"value\":\"\"},{\"id\":\"000000005\",\"index\":45,\"is_title\":false,\"type\":2,\"value\":11.9},{\"id\":\"000000006\",\"index\":46,\"is_title\":false,\"type\":2,\"value\":4.92},{\"id\":\"000000007\",\"index\":47,\"is_title\":false,\"type\":2,\"value\":12.5},{\"id\":\"000000008\",\"index\":48,\"is_title\":false,\"type\":2,\"value\":150}]','000009',NULL,NULL),('000000000031','00005','000000006','Смартфон Xiaomi Redmi Redmi 9T 4/64 Gb (кирпичный)','Смартфон Xiaomi Redmi 9T оснащен камерой из 4 модулей 48+8+2+2, позволяющей делать снимки с высокой детализацией, отличные панорамные снимки, портреты с эффектом боке и осуществлять макросъёмку. Мощный 8-ядерный процессор обеспечит высокую производительность даже в самых требовательных играх. На дисплее 6.53 дюйма с пониженным излучением в синем спектре комфортно выполнять любые привычные задачи даже при длительном использовании. Два динамика создадут эффект полного погружения при просмотре фильма или игре. Сканер отпечатков пальцев, встроенный в кнопке питания, надежно защитит ваши данные. Емкого аккумулятора на 6000 мАч хватит на 17 часов просмотра видео, 56 часов разговора и на 195 часов прослушивания музыки.','21379342','','[{\"id\":\"000000017\",\"index\":1,\"is_title\":true,\"type\":0,\"value\":\"\"},{\"id\":\"000000014\",\"index\":2,\"is_title\":false,\"type\":4,\"value\":\"000000011\"},{\"id\":\"000000003\",\"index\":3,\"is_title\":false,\"type\":6,\"value\":\"000010\"},{\"id\":\"000000025\",\"index\":4,\"is_title\":false,\"type\":4,\"value\":\"000000015\"},{\"id\":\"000000004\",\"index\":5,\"is_title\":false,\"type\":7,\"value\":\"000000008\"},{\"id\":\"000000001\",\"index\":6,\"is_title\":false,\"type\":8,\"value\":\"156\"},{\"id\":\"000000027\",\"index\":7,\"is_title\":false,\"type\":2,\"value\":12},{\"id\":\"000000028\",\"index\":8,\"is_title\":false,\"type\":1,\"value\":\"сканер отпечатка пальца; быстрая зарядка; технология распознавания лица\"},{\"id\":\"000000032\",\"index\":9,\"is_title\":true,\"type\":0,\"value\":\"\"},{\"id\":\"000000029\",\"index\":10,\"is_title\":false,\"type\":2,\"value\":6.5},{\"id\":\"000000036\",\"index\":11,\"is_title\":false,\"type\":4,\"value\":\"000000039\"},{\"id\":\"000000037\",\"index\":12,\"is_title\":false,\"type\":4,\"value\":\"000000048\"},{\"id\":\"000000038\",\"index\":13,\"is_title\":false,\"type\":3,\"value\":true},{\"id\":\"000000039\",\"index\":14,\"is_title\":true,\"type\":0,\"value\":\"\"},{\"id\":\"000000040\",\"index\":15,\"is_title\":false,\"type\":4,\"value\":\"000000019\"},{\"id\":\"000000041\",\"index\":16,\"is_title\":false,\"type\":4,\"value\":\"000000023\"},{\"id\":\"000000042\",\"index\":17,\"is_title\":false,\"type\":4,\"value\":\"000000026\"},{\"id\":\"000000043\",\"index\":18,\"is_title\":false,\"type\":1,\"value\":\"MediaTek Helio G35\"},{\"id\":\"000000044\",\"index\":19,\"is_title\":false,\"type\":2,\"value\":8},{\"id\":\"000000045\",\"index\":20,\"is_title\":false,\"type\":2,\"value\":2000},{\"id\":\"000000046\",\"index\":21,\"is_title\":false,\"type\":4,\"value\":\"000000028\"},{\"id\":\"000000047\",\"index\":22,\"is_title\":true,\"type\":0,\"value\":\"\"},{\"id\":\"000000048\",\"index\":23,\"is_title\":false,\"type\":1,\"value\":\"Wi-Fi; Bluetooth 5.1; IRDA;  USB;  NFC\"},{\"id\":\"000000049\",\"index\":24,\"is_title\":false,\"type\":1,\"value\":\"GSM 900/1800/1900; 3G; 4G; LTE; VoLTE\"},{\"id\":\"000000050\",\"index\":25,\"is_title\":false,\"type\":1,\"value\":\"Galileo\"},{\"id\":\"000000051\",\"index\":26,\"is_title\":false,\"type\":4,\"value\":\"000000035\"},{\"id\":\"000000052\",\"index\":27,\"is_title\":false,\"type\":1,\"value\":\"nano SIM\"},{\"id\":\"000000053\",\"index\":28,\"is_title\":true,\"type\":0,\"value\":\"\"},{\"id\":\"000000054\",\"index\":29,\"is_title\":false,\"type\":1,\"value\":\"Li-polymer\"},{\"id\":\"000000055\",\"index\":30,\"is_title\":false,\"type\":2,\"value\":4500},{\"id\":\"000000056\",\"index\":31,\"is_title\":false,\"type\":4,\"value\":\"000000037\"},{\"id\":\"000000057\",\"index\":32,\"is_title\":true,\"type\":0,\"value\":\"\"},{\"id\":\"000000058\",\"index\":33,\"is_title\":false,\"type\":2,\"value\":48},{\"id\":\"000000059\",\"index\":34,\"is_title\":false,\"type\":2,\"value\":2},{\"id\":\"000000060\",\"index\":35,\"is_title\":false,\"type\":1,\"value\":\"макро-объектив; автоматическая фокусировка; цифровой зум\"},{\"id\":\"000000061\",\"index\":36,\"is_title\":false,\"type\":1,\"value\":\"Full HD 1080p; AAC; AMR; APE; FLAC; M4V; MKV; MP3; MP4; WAV; XviD; AVI; WMA; WAVE, FLAC; BMP; GIF; J\"},{\"id\":\"000000062\",\"index\":37,\"is_title\":false,\"type\":3,\"value\":true},{\"id\":\"000000063\",\"index\":38,\"is_title\":false,\"type\":1,\"value\":\"автоматическая фокусировка; ночная  съемка\"},{\"id\":\"000000064\",\"index\":39,\"is_title\":true,\"type\":0,\"value\":\"\"},{\"id\":\"000000065\",\"index\":40,\"is_title\":false,\"type\":1,\"value\":\"зарядное устройство; смартфон; документация; чехол; USB-кабель; адаптер; гарантийный талон\"},{\"id\":\"000000066\",\"index\":41,\"is_title\":false,\"type\":1,\"value\":\"IP67\"},{\"id\":\"000000067\",\"index\":42,\"is_title\":false,\"type\":1,\"value\":\"Хрупкое\"},{\"id\":\"000000068\",\"index\":43,\"is_title\":false,\"type\":3,\"value\":true},{\"id\":\"000000069\",\"index\":44,\"is_title\":true,\"type\":0,\"value\":\"\"},{\"id\":\"000000005\",\"index\":45,\"is_title\":false,\"type\":2,\"value\":75.7},{\"id\":\"000000006\",\"index\":46,\"is_title\":false,\"type\":2,\"value\":8.3},{\"id\":\"000000007\",\"index\":47,\"is_title\":false,\"type\":2,\"value\":150.9},{\"id\":\"000000008\",\"index\":48,\"is_title\":false,\"type\":2,\"value\":194}]','000010',NULL,NULL),('000000000032','00005','000000006','Смартфон Xiaomi Redmi Redmi 9T 4/128 Gb (кирпичный)','Смартфон Xiaomi Redmi 9T оснащен камерой из 4 модулей 48+8+2+2, позволяющей делать снимки с высокой детализацией, отличные панорамные снимки, портреты с эффектом боке и осуществлять макросъёмку. Мощный 8-ядерный процессор обеспечит высокую производительность даже в самых требовательных играх. На дисплее 6.53 дюйма с пониженным излучением в синем спектре комфортно выполнять любые привычные задачи даже при длительном использовании. Два динамика создадут эффект полного погружения при просмотре фильма или игре. Сканер отпечатков пальцев, встроенный в кнопке питания, надежно защитит ваши данные. Емкого аккумулятора на 6000 мАч хватит на 17 часов просмотра видео, 56 часов разговора и на 195 часов прослушивания музыки.','21379343','','[{\"id\":\"000000017\",\"index\":1,\"is_title\":true,\"type\":0,\"value\":\"\"},{\"id\":\"000000014\",\"index\":2,\"is_title\":false,\"type\":4,\"value\":\"000000011\"},{\"id\":\"000000003\",\"index\":3,\"is_title\":false,\"type\":6,\"value\":\"000010\"},{\"id\":\"000000025\",\"index\":4,\"is_title\":false,\"type\":4,\"value\":\"000000015\"},{\"id\":\"000000004\",\"index\":5,\"is_title\":false,\"type\":7,\"value\":\"000000008\"},{\"id\":\"000000001\",\"index\":6,\"is_title\":false,\"type\":8,\"value\":\"156\"},{\"id\":\"000000027\",\"index\":7,\"is_title\":false,\"type\":2,\"value\":12},{\"id\":\"000000028\",\"index\":8,\"is_title\":false,\"type\":1,\"value\":\"сканер отпечатка пальца; быстрая зарядка; технология распознавания лица\"},{\"id\":\"000000032\",\"index\":9,\"is_title\":true,\"type\":0,\"value\":\"\"},{\"id\":\"000000029\",\"index\":10,\"is_title\":false,\"type\":2,\"value\":6.1},{\"id\":\"000000036\",\"index\":11,\"is_title\":false,\"type\":4,\"value\":\"000000039\"},{\"id\":\"000000037\",\"index\":12,\"is_title\":false,\"type\":4,\"value\":\"000000048\"},{\"id\":\"000000038\",\"index\":13,\"is_title\":false,\"type\":3,\"value\":true},{\"id\":\"000000039\",\"index\":14,\"is_title\":true,\"type\":0,\"value\":\"\"},{\"id\":\"000000040\",\"index\":15,\"is_title\":false,\"type\":4,\"value\":\"000000022\"},{\"id\":\"000000041\",\"index\":16,\"is_title\":false,\"type\":4,\"value\":\"000000023\"},{\"id\":\"000000042\",\"index\":17,\"is_title\":false,\"type\":4,\"value\":\"000000026\"},{\"id\":\"000000043\",\"index\":18,\"is_title\":false,\"type\":1,\"value\":\"MediaTek Helio G35\"},{\"id\":\"000000044\",\"index\":19,\"is_title\":false,\"type\":2,\"value\":8},{\"id\":\"000000045\",\"index\":20,\"is_title\":false,\"type\":2,\"value\":2000},{\"id\":\"000000046\",\"index\":21,\"is_title\":false,\"type\":4,\"value\":\"000000028\"},{\"id\":\"000000047\",\"index\":22,\"is_title\":true,\"type\":0,\"value\":\"\"},{\"id\":\"000000048\",\"index\":23,\"is_title\":false,\"type\":1,\"value\":\"Wi-Fi; Bluetooth 5.1; IRDA;  USB;  NFC\"},{\"id\":\"000000049\",\"index\":24,\"is_title\":false,\"type\":1,\"value\":\"GSM 900/1800/1900; 3G; 4G; LTE; VoLTE\"},{\"id\":\"000000050\",\"index\":25,\"is_title\":false,\"type\":1,\"value\":\"Galileo\"},{\"id\":\"000000051\",\"index\":26,\"is_title\":false,\"type\":4,\"value\":\"000000035\"},{\"id\":\"000000052\",\"index\":27,\"is_title\":false,\"type\":1,\"value\":\"nano SIM\"},{\"id\":\"000000053\",\"index\":28,\"is_title\":true,\"type\":0,\"value\":\"\"},{\"id\":\"000000054\",\"index\":29,\"is_title\":false,\"type\":1,\"value\":\"Li-polymer\"},{\"id\":\"000000055\",\"index\":30,\"is_title\":false,\"type\":2,\"value\":4500},{\"id\":\"000000056\",\"index\":31,\"is_title\":false,\"type\":4,\"value\":\"000000037\"},{\"id\":\"000000057\",\"index\":32,\"is_title\":true,\"type\":0,\"value\":\"\"},{\"id\":\"000000058\",\"index\":33,\"is_title\":false,\"type\":2,\"value\":48},{\"id\":\"000000059\",\"index\":34,\"is_title\":false,\"type\":2,\"value\":2},{\"id\":\"000000060\",\"index\":35,\"is_title\":false,\"type\":1,\"value\":\"макро-объектив; автоматическая фокусировка; цифровой зум\"},{\"id\":\"000000061\",\"index\":36,\"is_title\":false,\"type\":1,\"value\":\"Full HD 1080p; AAC; AMR; APE; FLAC; M4V; MKV; MP3; MP4; WAV; XviD; AVI; WMA; WAVE, FLAC; BMP; GIF; J\"},{\"id\":\"000000062\",\"index\":37,\"is_title\":false,\"type\":3,\"value\":true},{\"id\":\"000000063\",\"index\":38,\"is_title\":false,\"type\":1,\"value\":\"автоматическая фокусировка; ночная  съемка\"},{\"id\":\"000000064\",\"index\":39,\"is_title\":true,\"type\":0,\"value\":\"\"},{\"id\":\"000000065\",\"index\":40,\"is_title\":false,\"type\":1,\"value\":\"зарядное устройство; смартфон; документация; чехол; USB-кабель; адаптер; гарантийный талон\"},{\"id\":\"000000066\",\"index\":41,\"is_title\":false,\"type\":1,\"value\":\"IP67\"},{\"id\":\"000000067\",\"index\":42,\"is_title\":false,\"type\":1,\"value\":\"Хрупкое\"},{\"id\":\"000000068\",\"index\":43,\"is_title\":false,\"type\":3,\"value\":true},{\"id\":\"000000069\",\"index\":44,\"is_title\":true,\"type\":0,\"value\":\"\"},{\"id\":\"000000005\",\"index\":45,\"is_title\":false,\"type\":2,\"value\":75.7},{\"id\":\"000000006\",\"index\":46,\"is_title\":false,\"type\":2,\"value\":8.3},{\"id\":\"000000007\",\"index\":47,\"is_title\":false,\"type\":2,\"value\":150.9},{\"id\":\"000000008\",\"index\":48,\"is_title\":false,\"type\":2,\"value\":194}]','000010',NULL,NULL);
/*!40000 ALTER TABLE `product` ENABLE KEYS */;
UNLOCK TABLES;

--
-- Table structure for table `product_characteristic`
--

DROP TABLE IF EXISTS `product_characteristic`;
/*!40101 SET @saved_cs_client     = @@character_set_client */;
/*!40101 SET character_set_client = utf8 */;
CREATE TABLE `product_characteristic` (
  `product_id` varchar(20) COLLATE utf8_unicode_ci NOT NULL,
  `characteristic_id` varchar(20) COLLATE utf8_unicode_ci NOT NULL,
  `type` int(11) NOT NULL,
  `sort_order` int(11) NOT NULL DEFAULT '0',
  `value` varchar(20) COLLATE utf8_unicode_ci NOT NULL,
  UNIQUE KEY `product_id` (`product_id`,`characteristic_id`,`value`)
) ENGINE=MyISAM DEFAULT CHARSET=utf8 COLLATE=utf8_unicode_ci;
/*!40101 SET character_set_client = @saved_cs_client */;

--
-- Dumping data for table `product_characteristic`
--

LOCK TABLES `product_characteristic` WRITE;
/*!40000 ALTER TABLE `product_characteristic` DISABLE KEYS */;
INSERT INTO `product_characteristic` VALUES ('000000000018','000000046-000000006',4,21,'000000029'),('000000000018','000000045-000000006',2,20,'1700'),('000000000018','000000044-000000006',2,19,'6'),('000000000018','000000042-000000006',4,17,'000000027'),('000000000018','000000041-000000006',4,16,'000000025'),('000000000018','000000040-000000006',4,15,'000000022'),('000000000018','000000038-000000006',3,13,'1'),('000000000018','000000037-000000006',4,12,'000000042'),('000000000018','000000036-000000006',4,11,'000000041'),('000000000018','000000029-000000006',2,10,'6.1'),('000000000018','000000027-000000006',2,7,'12'),('000000000018','000000001-000000006',8,6,'156'),('000000000018','000000004-000000006',7,5,'000000001'),('000000000019','000000042-000000006',4,17,'000000027'),('000000000019','000000041-000000006',4,16,'000000025'),('000000000019','000000040-000000006',4,15,'000000022'),('000000000019','000000038-000000006',3,13,'1'),('000000000019','000000037-000000006',4,12,'000000042'),('000000000019','000000036-000000006',4,11,'000000041'),('000000000019','000000029-000000006',2,10,'6.1'),('000000000019','000000027-000000006',2,7,'12'),('000000000019','000000001-000000006',8,6,'156'),('000000000019','000000004-000000006',7,5,'000000010'),('000000000019','000000003-000000006',6,3,'000011'),('000000000019','000000014-000000006',4,2,'000000011'),('000000000020','000000042-000000006',4,17,'000000027'),('000000000020','000000041-000000006',4,16,'000000025'),('000000000020','000000040-000000006',4,15,'000000045'),('000000000020','000000038-000000006',3,13,'1'),('000000000020','000000037-000000006',4,12,'000000017'),('000000000020','000000036-000000006',4,11,'000000046'),('000000000020','000000029-000000006',2,10,'6.1'),('000000000020','000000027-000000006',2,7,'12'),('000000000020','000000001-000000006',8,6,'156'),('000000000020','000000004-000000006',7,5,'000000011'),('000000000020','000000003-000000006',6,3,'000011'),('000000000020','000000014-000000006',4,2,'000000044'),('000000000021','000000042-000000006',4,17,'000000027'),('000000000021','000000041-000000006',4,16,'000000025'),('000000000021','000000040-000000006',4,15,'000000021'),('000000000021','000000038-000000006',3,13,'1'),('000000000021','000000037-000000006',4,12,'000000017'),('000000000021','000000036-000000006',4,11,'000000046'),('000000000021','000000029-000000006',2,10,'6.1'),('000000000021','000000027-000000006',2,7,'12'),('000000000021','000000001-000000006',8,6,'156'),('000000000021','000000004-000000006',7,5,'000000012'),('000000000021','000000003-000000006',6,3,'000011'),('000000000021','000000014-000000006',4,2,'000000044'),('000000000030','000000008-000000006',2,48,'194'),('000000000030','000000041-000000006',4,16,'000000023'),('000000000030','000000040-000000006',4,15,'000000022'),('000000000030','000000038-000000006',3,13,'1'),('000000000030','000000037-000000006',4,12,'000000017'),('000000000030','000000036-000000006',4,11,'000000046'),('000000000030','000000029-000000006',2,10,'6.1'),('000000000030','000000027-000000006',2,7,'12'),('000000000030','000000001-000000006',8,6,'156'),('000000000030','000000004-000000006',7,5,'000000009'),('000000000030','000000014-000000006',4,2,'000000044'),('000000000030','000000003-000000006',6,3,'000011'),('000000000001','000000006-000000006',2,46,'0.055'),('000000000002','000000030-000000009',3,4,'1'),('000000000024','000000037-000000006',4,12,'000000042'),('000000000024','000000038-000000006',3,13,'1'),('000000000024','000000040-000000006',4,15,'000000022'),('000000000024','000000041-000000006',4,16,'000000025'),('000000000024','000000042-000000006',4,17,'000000027'),('000000000024','000000044-000000006',2,19,'8'),('000000000024','000000045-000000006',2,20,'1700'),('000000000024','000000046-000000006',4,21,'000000029'),('000000000024','000000051-000000006',4,26,'000000035'),('000000000024','000000055-000000006',2,30,'5000'),('000000000024','000000056-000000006',4,31,'000000043'),('000000000024','000000058-000000006',2,33,'12'),('000000000024','000000059-000000006',2,34,'12'),('000000000024','000000062-000000006',3,37,'1'),('000000000025','000000008-000000006',2,48,'194'),('000000000025','000000041-000000006',4,16,'000000025'),('000000000025','000000040-000000006',4,15,'000000022'),('000000000025','000000038-000000006',3,13,'1'),('000000000025','000000037-000000006',4,12,'000000042'),('000000000025','000000036-000000006',4,11,'000000040'),('000000000025','000000029-000000006',2,10,'6.7'),('000000000025','000000027-000000006',2,7,'12'),('000000000025','000000001-000000006',8,6,'704'),('000000000025','000000004-000000006',7,5,'000000006'),('000000000025','000000014-000000006',4,2,'000000011'),('000000000025','000000003-000000006',6,3,'000012'),('000000000026','000000008-000000006',2,48,'194'),('000000000026','000000041-000000006',4,16,'000000023'),('000000000026','000000040-000000006',4,15,'000000045'),('000000000026','000000038-000000006',3,13,'1'),('000000000026','000000037-000000006',4,12,'000000017'),('000000000026','000000036-000000006',4,11,'000000039'),('000000000026','000000029-000000006',2,10,'6.2'),('000000000026','000000027-000000006',2,7,'12'),('000000000026','000000001-000000006',8,6,'704'),('000000000026','000000004-000000006',7,5,'000000004'),('000000000026','000000014-000000006',4,2,'000000011'),('000000000026','000000003-000000006',6,3,'000012'),('000000000027','000000042-000000006',4,17,'000000027'),('000000000027','000000041-000000006',4,16,'000000023'),('000000000027','000000040-000000006',4,15,'000000045'),('000000000027','000000038-000000006',3,13,'1'),('000000000027','000000037-000000006',4,12,'000000017'),('000000000027','000000036-000000006',4,11,'000000039'),('000000000027','000000029-000000006',2,10,'6.2'),('000000000027','000000027-000000006',2,7,'12'),('000000000027','000000001-000000006',8,6,'704'),('000000000027','000000004-000000006',7,5,'000000015'),('000000000027','000000003-000000006',6,3,'000012'),('000000000027','000000014-000000006',4,2,'000000011'),('000000000011','000000006-000000006',2,46,'0.2'),('000000000011','000000014-000000006',4,2,'000000011'),('000000000011','000000003-000000006',6,3,'000009'),('000000000011','000000004-000000006',7,5,'000000001'),('000000000011','000000001-000000006',8,6,'156'),('000000000011','000000005-000000006',2,45,'0.1'),('000000000012','000000068-000000006',3,43,'1'),('000000000012','000000062-000000006',3,37,'1'),('000000000012','000000059-000000006',2,34,'8'),('000000000012','000000058-000000006',2,33,'64'),('000000000012','000000056-000000006',4,31,'000000037'),('000000000012','000000055-000000006',2,30,'4500'),('000000000012','000000051-000000006',4,26,'000000035'),('000000000012','000000046-000000006',4,21,'000000028'),('000000000012','000000045-000000006',2,20,'2000'),('000000000012','000000044-000000006',2,19,'8'),('000000000012','000000042-000000006',4,17,'000000026'),('000000000012','000000041-000000006',4,16,'000000023'),('000000000013','000000068-000000006',3,43,'1'),('000000000013','000000062-000000006',3,37,'1'),('000000000013','000000059-000000006',2,34,'8'),('000000000013','000000058-000000006',2,33,'64'),('000000000013','000000056-000000006',4,31,'000000037'),('000000000013','000000055-000000006',2,30,'4500'),('000000000013','000000051-000000006',4,26,'000000035'),('000000000013','000000046-000000006',4,21,'000000028'),('000000000013','000000045-000000006',2,20,'2000'),('000000000013','000000044-000000006',2,19,'8'),('000000000013','000000042-000000006',4,17,'000000026'),('000000000013','000000041-000000006',4,16,'000000023'),('000000000014','000000068-000000006',3,43,'1'),('000000000014','000000062-000000006',3,37,'1'),('000000000014','000000059-000000006',2,34,'8'),('000000000014','000000058-000000006',2,33,'64'),('000000000014','000000056-000000006',4,31,'000000037'),('000000000014','000000055-000000006',2,30,'4500'),('000000000014','000000051-000000006',4,26,'000000035'),('000000000014','000000046-000000006',4,21,'000000028'),('000000000014','000000045-000000006',2,20,'2000'),('000000000014','000000044-000000006',2,19,'8'),('000000000014','000000042-000000006',4,17,'000000026'),('000000000014','000000041-000000006',4,16,'000000023'),('000000000015','000000006-000000006',2,46,'8.3'),('000000000015','000000005-000000006',2,45,'75.7'),('000000000015','000000068-000000006',3,43,'1'),('000000000015','000000062-000000006',3,37,'1'),('000000000015','000000059-000000006',2,34,'8'),('000000000015','000000058-000000006',2,33,'64'),('000000000015','000000056-000000006',4,31,'000000037'),('000000000015','000000055-000000006',2,30,'4500'),('000000000015','000000051-000000006',4,26,'000000035'),('000000000015','000000046-000000006',4,21,'000000028'),('000000000015','000000045-000000006',2,20,'2000'),('000000000015','000000044-000000006',2,19,'8'),('000000000017','000000068-000000006',3,43,'1'),('000000000017','000000062-000000006',3,37,'1'),('000000000017','000000059-000000006',2,34,'8'),('000000000017','000000058-000000006',2,33,'108'),('000000000017','000000056-000000006',4,31,'000000037'),('000000000017','000000055-000000006',2,30,'4500'),('000000000017','000000051-000000006',4,26,'000000034'),('000000000017','000000046-000000006',4,21,'000000028'),('000000000017','000000045-000000006',2,20,'2000'),('000000000017','000000044-000000006',2,19,'8'),('000000000017','000000042-000000006',4,17,'000000026'),('000000000017','000000041-000000006',4,16,'000000024'),('000000000022','000000007-000000006',2,47,'150.9'),('000000000022','000000008-000000006',2,48,'194'),('000000000022','000000056-000000006',4,31,'000000037'),('000000000022','000000055-000000006',2,30,'4500'),('000000000022','000000051-000000006',4,26,'000000035'),('000000000022','000000046-000000006',4,21,'000000028'),('000000000022','000000045-000000006',2,20,'2000'),('000000000022','000000044-000000006',2,19,'8'),('000000000022','000000042-000000006',4,17,'000000026'),('000000000022','000000041-000000006',4,16,'000000047'),('000000000022','000000040-000000006',4,15,'000000022'),('000000000022','000000038-000000006',3,13,'1'),('000000000023','000000005-000000006',2,45,'75.7'),('000000000023','000000068-000000006',3,43,'1'),('000000000023','000000062-000000006',3,37,'1'),('000000000023','000000059-000000006',2,34,'8'),('000000000023','000000058-000000006',2,33,'64'),('000000000023','000000056-000000006',4,31,'000000037'),('000000000023','000000055-000000006',2,30,'4500'),('000000000023','000000051-000000006',4,26,'000000034'),('000000000023','000000046-000000006',4,21,'000000028'),('000000000023','000000045-000000006',2,20,'2000'),('000000000023','000000044-000000006',2,19,'8'),('000000000023','000000042-000000006',4,17,'000000026'),('000000000028','000000042-000000006',4,17,'000000026'),('000000000028','000000041-000000006',4,16,'000000025'),('000000000028','000000040-000000006',4,15,'000000021'),('000000000028','000000037-000000006',4,12,'000000048'),('000000000028','000000036-000000006',4,11,'000000051'),('000000000028','000000029-000000006',2,10,'6.39'),('000000000028','000000027-000000006',2,7,'1'),('000000000028','000000001-000000006',8,6,'156'),('000000000028','000000004-000000006',7,5,'000000005'),('000000000028','000000025-000000006',4,4,'000000015'),('000000000028','000000003-000000006',6,3,'000009'),('000000000028','000000014-000000006',4,2,'000000011'),('000000000031','000000005-000000006',2,45,'75.7'),('000000000029','000000005-000000006',2,45,'11.9'),('000000000029','000000006-000000006',2,46,'4.92'),('000000000029','000000036-000000006',4,11,'000000051'),('000000000029','000000029-000000006',2,10,'6.39'),('000000000029','000000027-000000006',2,7,'1'),('000000000029','000000001-000000006',8,6,'156'),('000000000029','000000004-000000006',7,5,'000000016'),('000000000029','000000025-000000006',4,4,'000000015'),('000000000029','000000014-000000006',4,2,'000000011'),('000000000029','000000003-000000006',6,3,'000009'),('000000000024','000000006-000000006',2,46,'8.3'),('000000000031','000000046-000000006',4,21,'000000028'),('000000000031','000000045-000000006',2,20,'2000'),('000000000031','000000044-000000006',2,19,'8'),('000000000031','000000042-000000006',4,17,'000000026'),('000000000031','000000041-000000006',4,16,'000000023'),('000000000031','000000040-000000006',4,15,'000000019'),('000000000031','000000038-000000006',3,13,'1'),('000000000031','000000037-000000006',4,12,'000000048'),('000000000031','000000036-000000006',4,11,'000000039'),('000000000031','000000029-000000006',2,10,'6.5'),('000000000031','000000027-000000006',2,7,'12'),('000000000031','000000001-000000006',8,6,'156'),('000000000024','000000007-000000006',2,47,'159'),('000000000032','000000046-000000006',4,21,'000000028'),('000000000032','000000045-000000006',2,20,'2000'),('000000000032','000000044-000000006',2,19,'8'),('000000000032','000000042-000000006',4,17,'000000026'),('000000000032','000000041-000000006',4,16,'000000023'),('000000000032','000000040-000000006',4,15,'000000022'),('000000000032','000000038-000000006',3,13,'1'),('000000000032','000000037-000000006',4,12,'000000048'),('000000000032','000000036-000000006',4,11,'000000039'),('000000000032','000000029-000000006',2,10,'6.1'),('000000000032','000000027-000000006',2,7,'12'),('000000000032','000000001-000000006',8,6,'156'),('000000000018','000000007-000000006',2,47,'159'),('000000000018','000000008-000000006',2,48,'194'),('000000000019','000000044-000000006',2,19,'6'),('000000000019','000000045-000000006',2,20,'1700'),('000000000020','000000044-000000006',2,19,'6'),('000000000020','000000045-000000006',2,20,'1700'),('000000000021','000000044-000000006',2,19,'6'),('000000000021','000000045-000000006',2,20,'1700'),('000000000030','000000046-000000006',4,21,'000000029'),('000000000030','000000045-000000006',2,20,'1700'),('000000000030','000000044-000000006',2,19,'6'),('000000000024','000000068-000000006',3,43,'1'),('000000000024','000000005-000000006',2,45,'75.7'),('000000000025','000000046-000000006',4,21,'000000029'),('000000000025','000000045-000000006',2,20,'1700'),('000000000025','000000044-000000006',2,19,'8'),('000000000026','000000046-000000006',4,21,'000000029'),('000000000026','000000045-000000006',2,20,'1700'),('000000000026','000000044-000000006',2,19,'8'),('000000000027','000000044-000000006',2,19,'8'),('000000000027','000000045-000000006',2,20,'1700'),('000000000027','000000046-000000006',4,21,'000000029'),('000000000012','000000005-000000006',2,45,'75.7'),('000000000012','000000040-000000006',4,15,'000000021'),('000000000012','000000038-000000006',3,13,'1'),('000000000012','000000037-000000006',4,12,'000000017'),('000000000013','000000005-000000006',2,45,'75.7'),('000000000013','000000040-000000006',4,15,'000000021'),('000000000013','000000038-000000006',3,13,'1'),('000000000014','000000005-000000006',2,45,'0.175'),('000000000014','000000040-000000006',4,15,'000000022'),('000000000014','000000038-000000006',3,13,'1'),('000000000015','000000007-000000006',2,47,'150.9'),('000000000015','000000042-000000006',4,17,'000000026'),('000000000015','000000041-000000006',4,16,'000000023'),('000000000015','000000038-000000006',3,13,'1'),('000000000015','000000040-000000006',4,15,'000000019'),('000000000017','000000040-000000006',4,15,'000000021'),('000000000017','000000038-000000006',3,13,'1'),('000000000017','000000037-000000006',4,12,'000000016'),('000000000029','000000008-000000006',2,48,'150'),('000000000022','000000058-000000006',2,33,'16'),('000000000022','000000059-000000006',2,34,'8'),('000000000023','000000006-000000006',2,46,'8.3'),('000000000023','000000041-000000006',4,16,'000000024'),('000000000023','000000040-000000006',4,15,'000000022'),('000000000023','000000038-000000006',3,13,'1'),('000000000028','000000045-000000006',2,20,'2000'),('000000000028','000000044-000000006',2,19,'8'),('000000000029','000000037-000000006',4,12,'000000048'),('000000000029','000000040-000000006',4,15,'000000021'),('000000000031','000000007-000000006',2,47,'150.9'),('000000000031','000000004-000000006',7,5,'000000008'),('000000000031','000000025-000000006',4,4,'000000015'),('000000000031','000000003-000000006',6,3,'000010'),('000000000032','000000007-000000006',2,47,'150.9'),('000000000032','000000004-000000006',7,5,'000000008'),('000000000032','000000025-000000006',4,4,'000000015'),('000000000032','000000003-000000006',6,3,'000010'),('000000000012','000000008-000000006',2,48,'194'),('000000000019','000000051-000000006',4,26,'000000035'),('000000000020','000000051-000000006',4,26,'000000035'),('000000000021','000000051-000000006',4,26,'000000035'),('000000000001','000000005-000000006',2,45,'0.175'),('000000000024','000000014-000000006',4,2,'000000011'),('000000000027','000000055-000000006',2,30,'5000'),('000000000028','000000007-000000006',2,47,'12.5'),('000000000022','000000068-000000006',3,43,'1'),('000000000029','000000042-000000006',4,17,'000000026'),('000000000031','000000006-000000006',2,46,'8.3'),('000000000032','000000006-000000006',2,46,'8.3'),('000000000027','000000056-000000006',4,31,'000000043'),('000000000019','000000046-000000006',4,21,'000000029'),('000000000020','000000046-000000006',4,21,'000000029'),('000000000021','000000046-000000006',4,21,'000000029'),('000000000030','000000042-000000006',4,17,'000000027'),('000000000024','000000003-000000006',6,3,'000012'),('000000000025','000000042-000000006',4,17,'000000027'),('000000000026','000000042-000000006',4,17,'000000027'),('000000000027','000000051-000000006',4,26,'000000034'),('000000000022','000000062-000000006',3,37,'1'),('000000000028','000000046-000000006',4,21,'000000028'),('000000000029','000000041-000000006',4,16,'000000025'),('000000000018','000000051-000000006',4,26,'000000035'),('000000000018','000000055-000000006',2,30,'4810'),('000000000018','000000056-000000006',4,31,'000000043'),('000000000018','000000058-000000006',2,33,'12'),('000000000018','000000059-000000006',2,34,'12'),('000000000018','000000062-000000006',3,37,'1'),('000000000018','000000068-000000006',3,43,'1'),('000000000018','000000005-000000006',2,45,'75.7'),('000000000019','000000006-000000006',2,46,'8.3'),('000000000019','000000005-000000006',2,45,'75.7'),('000000000019','000000058-000000006',2,33,'12'),('000000000019','000000059-000000006',2,34,'12'),('000000000019','000000062-000000006',3,37,'1'),('000000000019','000000068-000000006',3,43,'1'),('000000000019','000000056-000000006',4,31,'000000043'),('000000000019','000000055-000000006',2,30,'4810'),('000000000020','000000006-000000006',2,46,'8.3'),('000000000020','000000005-000000006',2,45,'75.7'),('000000000020','000000058-000000006',2,33,'12'),('000000000020','000000059-000000006',2,34,'12'),('000000000020','000000062-000000006',3,37,'1'),('000000000020','000000068-000000006',3,43,'1'),('000000000020','000000056-000000006',4,31,'000000043'),('000000000020','000000055-000000006',2,30,'4810'),('000000000021','000000006-000000006',2,46,'8.3'),('000000000021','000000005-000000006',2,45,'75.7'),('000000000021','000000058-000000006',2,33,'12'),('000000000021','000000059-000000006',2,34,'12'),('000000000021','000000062-000000006',3,37,'1'),('000000000021','000000068-000000006',3,43,'1'),('000000000021','000000056-000000006',4,31,'000000043'),('000000000021','000000055-000000006',2,30,'4810'),('000000000030','000000051-000000006',4,26,'000000035'),('000000000030','000000055-000000006',2,30,'4810'),('000000000030','000000056-000000006',4,31,'000000043'),('000000000030','000000058-000000006',2,33,'12'),('000000000030','000000059-000000006',2,34,'12'),('000000000030','000000062-000000006',3,37,'1'),('000000000030','000000068-000000006',3,43,'1'),('000000000030','000000005-000000006',2,45,'75.7'),('000000000001','000000007-000000006',2,47,'0.01'),('000000000001','000000008-000000006',2,48,'0.15'),('000000000002','000000031-000000009',3,5,'1'),('000000000024','000000036-000000006',4,11,'000000041'),('000000000024','000000029-000000006',2,10,'6.7'),('000000000024','000000027-000000006',2,7,'12'),('000000000024','000000001-000000006',8,6,'704'),('000000000024','000000004-000000006',7,5,'000000001'),('000000000025','000000051-000000006',4,26,'000000035'),('000000000025','000000055-000000006',2,30,'5000'),('000000000025','000000056-000000006',4,31,'000000043'),('000000000025','000000058-000000006',2,33,'12'),('000000000025','000000059-000000006',2,34,'12'),('000000000025','000000062-000000006',3,37,'1'),('000000000025','000000068-000000006',3,43,'1'),('000000000025','000000005-000000006',2,45,'75.7'),('000000000026','000000051-000000006',4,26,'000000034'),('000000000026','000000055-000000006',2,30,'5000'),('000000000026','000000056-000000006',4,31,'000000043'),('000000000026','000000058-000000006',2,33,'12'),('000000000026','000000059-000000006',2,34,'12'),('000000000026','000000062-000000006',3,37,'1'),('000000000026','000000068-000000006',3,43,'1'),('000000000026','000000005-000000006',2,45,'75.7'),('000000000027','000000007-000000006',2,47,'159'),('000000000027','000000006-000000006',2,46,'8.3'),('000000000027','000000059-000000006',2,34,'12'),('000000000027','000000062-000000006',3,37,'1'),('000000000027','000000068-000000006',3,43,'1'),('000000000027','000000005-000000006',2,45,'75.7'),('000000000027','000000058-000000006',2,33,'12'),('000000000011','000000007-000000006',2,47,'0.11'),('000000000011','000000008-000000006',2,48,'0.17'),('000000000012','000000014-000000006',4,2,'000000011'),('000000000012','000000003-000000006',6,3,'000003'),('000000000012','000000025-000000006',4,4,'000000015'),('000000000012','000000004-000000006',7,5,'000000007'),('000000000012','000000001-000000006',8,6,'156'),('000000000012','000000027-000000006',2,7,'12'),('000000000012','000000029-000000006',2,10,'6.5'),('000000000012','000000036-000000006',4,11,'000000039'),('000000000018','000000006-000000006',2,46,'8.3'),('000000000013','000000014-000000006',4,2,'000000011'),('000000000013','000000003-000000006',6,3,'000003'),('000000000013','000000025-000000006',4,4,'000000015'),('000000000013','000000004-000000006',7,5,'000000001'),('000000000013','000000001-000000006',8,6,'156'),('000000000013','000000027-000000006',2,7,'12'),('000000000013','000000029-000000006',2,10,'6.5'),('000000000013','000000036-000000006',4,11,'000000039'),('000000000013','000000037-000000006',4,12,'000000017'),('000000000014','000000014-000000006',4,2,'000000011'),('000000000014','000000003-000000006',6,3,'000010'),('000000000014','000000025-000000006',4,4,'000000015'),('000000000014','000000004-000000006',7,5,'000000002'),('000000000014','000000001-000000006',8,6,'156'),('000000000014','000000027-000000006',2,7,'12'),('000000000014','000000029-000000006',2,10,'6.5'),('000000000014','000000036-000000006',4,11,'000000039'),('000000000014','000000037-000000006',4,12,'000000017'),('000000000015','000000014-000000006',4,2,'000000011'),('000000000015','000000003-000000006',6,3,'000010'),('000000000015','000000025-000000006',4,4,'000000015'),('000000000015','000000004-000000006',7,5,'000000004'),('000000000015','000000001-000000006',8,6,'156'),('000000000015','000000027-000000006',2,7,'12'),('000000000015','000000029-000000006',2,10,'6.5'),('000000000015','000000036-000000006',4,11,'000000039'),('000000000015','000000037-000000006',4,12,'000000017'),('000000000017','000000014-000000006',4,2,'000000011'),('000000000017','000000003-000000006',6,3,'000010'),('000000000017','000000025-000000006',4,4,'000000015'),('000000000017','000000004-000000006',7,5,'000000002'),('000000000017','000000001-000000006',8,6,'156'),('000000000017','000000027-000000006',2,7,'12'),('000000000017','000000029-000000006',2,10,'6.4'),('000000000017','000000036-000000006',4,11,'000000040'),('000000000022','000000014-000000006',4,2,'000000011'),('000000000022','000000003-000000006',6,3,'000003'),('000000000022','000000025-000000006',4,4,'000000015'),('000000000022','000000004-000000006',7,5,'000000013'),('000000000022','000000001-000000006',8,6,'156'),('000000000022','000000027-000000006',2,7,'12'),('000000000022','000000029-000000006',2,10,'6.3'),('000000000022','000000036-000000006',4,11,'000000040'),('000000000022','000000037-000000006',4,12,'000000017'),('000000000023','000000014-000000006',4,2,'000000011'),('000000000023','000000003-000000006',6,3,'000003'),('000000000023','000000025-000000006',4,4,'000000015'),('000000000023','000000004-000000006',7,5,'000000007'),('000000000023','000000001-000000006',8,6,'156'),('000000000023','000000027-000000006',2,7,'12'),('000000000023','000000029-000000006',2,10,'6.67'),('000000000023','000000036-000000006',4,11,'000000039'),('000000000023','000000037-000000006',4,12,'000000048'),('000000000028','000000008-000000006',2,48,'150'),('000000000028','000000051-000000006',4,26,'000000035'),('000000000028','000000055-000000006',2,30,'4000'),('000000000028','000000056-000000006',4,31,'000000036'),('000000000028','000000058-000000006',2,33,'48'),('000000000028','000000059-000000006',2,34,'2'),('000000000028','000000068-000000006',3,43,'1'),('000000000029','000000044-000000006',2,19,'8'),('000000000029','000000045-000000006',2,20,'2000'),('000000000029','000000046-000000006',4,21,'000000028'),('000000000029','000000051-000000006',4,26,'000000035'),('000000000029','000000055-000000006',2,30,'4000'),('000000000029','000000056-000000006',4,31,'000000036'),('000000000029','000000058-000000006',2,33,'48'),('000000000029','000000059-000000006',2,34,'2'),('000000000029','000000068-000000006',3,43,'1'),('000000000031','000000014-000000006',4,2,'000000011'),('000000000031','000000051-000000006',4,26,'000000035'),('000000000031','000000055-000000006',2,30,'4500'),('000000000031','000000056-000000006',4,31,'000000037'),('000000000031','000000058-000000006',2,33,'48'),('000000000031','000000059-000000006',2,34,'2'),('000000000031','000000062-000000006',3,37,'1'),('000000000031','000000068-000000006',3,43,'1'),('000000000022','000000006-000000006',2,46,'8.3'),('000000000032','000000014-000000006',4,2,'000000011'),('000000000032','000000051-000000006',4,26,'000000035'),('000000000032','000000055-000000006',2,30,'4500'),('000000000032','000000056-000000006',4,31,'000000037'),('000000000032','000000058-000000006',2,33,'48'),('000000000032','000000059-000000006',2,34,'2'),('000000000032','000000062-000000006',3,37,'1'),('000000000032','000000068-000000006',3,43,'1'),('000000000016','000000001-000000011',8,2,'392'),('000000000018','000000003-000000006',6,3,'000011'),('000000000018','000000014-000000006',4,2,'000000011'),('000000000019','000000008-000000006',2,48,'194'),('000000000019','000000007-000000006',2,47,'159'),('000000000020','000000008-000000006',2,48,'194'),('000000000020','000000007-000000006',2,47,'159'),('000000000021','000000008-000000006',2,48,'194'),('000000000021','000000007-000000006',2,47,'159'),('000000000030','000000007-000000006',2,47,'159'),('000000000030','000000006-000000006',2,46,'8.3'),('000000000002','000000015-000000009',4,3,'000000002'),('000000000024','000000008-000000006',2,48,'194'),('000000000025','000000007-000000006',2,47,'159'),('000000000025','000000006-000000006',2,46,'8.3'),('000000000026','000000007-000000006',2,47,'159'),('000000000026','000000006-000000006',2,46,'8.3'),('000000000027','000000008-000000006',2,48,'194'),('000000000012','000000007-000000006',2,47,'150.9'),('000000000012','000000006-000000006',2,46,'8.3'),('000000000013','000000008-000000006',2,48,'194'),('000000000013','000000007-000000006',2,47,'150.9'),('000000000013','000000006-000000006',2,46,'8.3'),('000000000014','000000008-000000006',2,48,'0.194'),('000000000014','000000007-000000006',2,47,'0.008'),('000000000014','000000006-000000006',2,46,'0.68'),('000000000015','000000008-000000006',2,48,'194'),('000000000017','000000008-000000006',2,48,'194'),('000000000017','000000007-000000006',2,47,'150.9'),('000000000017','000000006-000000006',2,46,'8.3'),('000000000017','000000005-000000006',2,45,'75.7'),('000000000023','000000008-000000006',2,48,'194'),('000000000023','000000007-000000006',2,47,'150.9'),('000000000028','000000006-000000006',2,46,'4.92'),('000000000028','000000005-000000006',2,45,'11.9'),('000000000029','000000007-000000006',2,47,'12.5'),('000000000031','000000008-000000006',2,48,'194'),('000000000032','000000008-000000006',2,48,'194'),('000000000022','000000005-000000006',2,45,'75.7'),('000000000032','000000005-000000006',2,45,'75.7');
/*!40000 ALTER TABLE `product_characteristic` ENABLE KEYS */;
UNLOCK TABLES;

--
-- Table structure for table `product_image`
--

DROP TABLE IF EXISTS `product_image`;
/*!40101 SET @saved_cs_client     = @@character_set_client */;
/*!40101 SET character_set_client = utf8 */;
CREATE TABLE `product_image` (
  `product_id` varchar(100) COLLATE utf8_unicode_ci NOT NULL,
  `ftp_url` varchar(200) COLLATE utf8_unicode_ci NOT NULL,
  `http_url` varchar(200) COLLATE utf8_unicode_ci NOT NULL,
  `sort_order` int(11) NOT NULL DEFAULT '0',
  PRIMARY KEY (`product_id`,`ftp_url`)
) ENGINE=MyISAM DEFAULT CHARSET=utf8 COLLATE=utf8_unicode_ci;
/*!40101 SET character_set_client = @saved_cs_client */;

--
-- Dumping data for table `product_image`
--

LOCK TABLES `product_image` WRITE;
/*!40000 ALTER TABLE `product_image` DISABLE KEYS */;
INSERT INTO `product_image` VALUES ('000000000001','30046493b.jpg','30046493b.jpg',0),('000000000001','30046493b2.jpg','30046493b2.jpg',0),('000000000002','50141256b.jpg','50141256b.jpg',0),('000000000002','50141256b2.jpg','50141256b2.jpg',0),('000000000002','50141256b4.jpg','50141256b4.jpg',0),('000000000004','40ec61411c92eac07cd543f0cee4ad81.jpg','40ec61411c92eac07cd543f0cee4ad81.jpg',0),('000000000005','1350x.jpg','1350x.jpg',0),('000000000006','571756.jpg','571756.jpg',0),('000000000003','20068499b.jpg','20068499b.jpg',0),('000000000003','20068499b3.jpg','20068499b3.jpg',0),('000000000003','20068499b1.jpg','20068499b1.jpg',0),('000000000012','86d9153895ba98a3a9a8faccce9ff52e8284f4e102d77fc6c5e121f12e4c8f59.jpg','86d9153895ba98a3a9a8faccce9ff52e8284f4e102d77fc6c5e121f12e4c8f59.jpg',0),('000000000012','bf02a57f79dd12440b9443ae6de8c0e9909957955900acce183db41c145df138.jpg','bf02a57f79dd12440b9443ae6de8c0e9909957955900acce183db41c145df138.jpg',0),('000000000011','74d209fa322b0ea21ae8cd5464fa7524c9dbfac43874a701cc45854495201cd7.jpg','74d209fa322b0ea21ae8cd5464fa7524c9dbfac43874a701cc45854495201cd7.jpg',0),('000000000010','6a8924e4368922057a4789f35c5045b013680f391a4728b99c8902fd4315536f.jpg','6a8924e4368922057a4789f35c5045b013680f391a4728b99c8902fd4315536f.jpg',0),('000000000010','95c1e5f9fdc0a8f268d50f22bb5930bb514fabb8a979540bb2e2c485e9e1d5cf.jpg','95c1e5f9fdc0a8f268d50f22bb5930bb514fabb8a979540bb2e2c485e9e1d5cf.jpg',0),('000000000009','79f9c8d1590e5036d2533c10a6d3030c4c3f37d57d93ce3ddab4d6a8a8586c69.jpg','79f9c8d1590e5036d2533c10a6d3030c4c3f37d57d93ce3ddab4d6a8a8586c69.jpg',0),('000000000008','2aea360b4ac330436b47f0f3edaae48d3a8bdac9ceb00fb4d1504c28a1c2821d.jpg','2aea360b4ac330436b47f0f3edaae48d3a8bdac9ceb00fb4d1504c28a1c2821d.jpg',0),('000000000007','1f19bc91ff7262a0d4c4d93e1ee663d403ee7f5888d07a80978c7b81b8c1cb35.jpg','1f19bc91ff7262a0d4c4d93e1ee663d403ee7f5888d07a80978c7b81b8c1cb35.jpg',0),('000000000011','5f8cd7daad03d1d39f97f6d35b371b8e231f3c74477fe191b589bcda966dbdb1.jpg','5f8cd7daad03d1d39f97f6d35b371b8e231f3c74477fe191b589bcda966dbdb1.jpg',0),('000000000013','e0debca5125461d750890b54db6706d7ba8bc2b2bf0e71f706c238a3045b2a5e.jpg','e0debca5125461d750890b54db6706d7ba8bc2b2bf0e71f706c238a3045b2a5e.jpg',0),('000000000014','32bf4ce87d3d768c537720d0e4e27d267467927a586e0f7e9a52c864c7e0a5d8.jpg','32bf4ce87d3d768c537720d0e4e27d267467927a586e0f7e9a52c864c7e0a5d8.jpg',0),('000000000015','dd5d3d9d22aa3b0b548d4fa56ad38ce9134620d5b69c166a214bce78ec2bd76f.jpg','dd5d3d9d22aa3b0b548d4fa56ad38ce9134620d5b69c166a214bce78ec2bd76f.jpg',0),('000000000016','5bd5329285e9d238ab69bb53.jpg','5bd5329285e9d238ab69bb53.jpg',0),('000000000017','1.jpg','1.jpg',0),('000000000018','2.jpg','2.jpg',0),('000000000019','3.jpg','3.jpg',0),('000000000020','4.jpg','4.jpg',0),('000000000021','5.jpg','5.jpg',0),('000000000022','6.jpg','6.jpg',0),('000000000023','7.jpg','7.jpg',0),('000000000024','8.jpg','8.jpg',0),('000000000025','9.jpg','9.jpg',0),('000000000026','10.jpg','10.jpg',0),('000000000027','11.jpg','11.jpg',0),('000000000028','12.jpg','12.jpg',0),('000000000029','13.jpg','13.jpg',0),('000000000030','14.jpg','14.jpg',0),('000000000031','15.jpg','15.jpg',0),('000000000032','15.jpg','15.jpg',0);
/*!40000 ALTER TABLE `product_image` ENABLE KEYS */;
UNLOCK TABLES;

--
-- Table structure for table `provider`
--

DROP TABLE IF EXISTS `provider`;
/*!40101 SET @saved_cs_client     = @@character_set_client */;
/*!40101 SET character_set_client = utf8 */;
CREATE TABLE `provider` (
  `id` varchar(6) COLLATE utf8_unicode_ci NOT NULL,
  `title` text COLLATE utf8_unicode_ci NOT NULL,
  `description` text COLLATE utf8_unicode_ci NOT NULL,
  `image` tinytext COLLATE utf8_unicode_ci NOT NULL,
  PRIMARY KEY (`id`)
) ENGINE=MyISAM DEFAULT CHARSET=utf8 COLLATE=utf8_unicode_ci;
/*!40101 SET character_set_client = @saved_cs_client */;

--
-- Dumping data for table `provider`
--

LOCK TABLES `provider` WRITE;
/*!40000 ALTER TABLE `provider` DISABLE KEYS */;
INSERT INTO `provider` VALUES ('00002','Apple','','00002.jpg'),('00005','DNS','','00005_DNS.png'),('00003','Барамба','','00003_Барамба.jpg'),('00004','М-Видео','','00004_М-Видео.png'),('00001','Ситилинк','','00001_Ситилинк.jpg');
/*!40000 ALTER TABLE `provider` ENABLE KEYS */;
UNLOCK TABLES;

--
-- Table structure for table `setting`
--

DROP TABLE IF EXISTS `setting`;
/*!40101 SET @saved_cs_client     = @@character_set_client */;
/*!40101 SET character_set_client = utf8 */;
CREATE TABLE `setting` (
  `id` varchar(255) COLLATE utf8_unicode_ci NOT NULL,
  `value` text COLLATE utf8_unicode_ci
) ENGINE=MyISAM DEFAULT CHARSET=utf8 COLLATE=utf8_unicode_ci;
/*!40101 SET character_set_client = @saved_cs_client */;

--
-- Dumping data for table `setting`
--

LOCK TABLES `setting` WRITE;
/*!40000 ALTER TABLE `setting` DISABLE KEYS */;
INSERT INTO `setting` VALUES ('headers','[{\"id\":\"000000001\",\"title\":\"\\u042d\\u043b\\u0435\\u043a\\u0442\\u0440\\u043e\\u043d\\u0438\\u043a\\u0430\",\"index_number\":1,\"categories\":[{\"id\":\"000000005\"},{\"id\":\"000000006\"},{\"id\":\"000000007\"},{\"id\":\"000000021\"},{\"id\":\"000000028\"},{\"id\":\"000000029\"},{\"id\":\"000000030\"},{\"id\":\"000000031\"},{\"id\":\"000000115\"},{\"id\":\"000000116\"},{\"id\":\"000000117\"},{\"id\":\"000000118\"},{\"id\":\"000000120\"},{\"id\":\"000000121\"},{\"id\":\"000000122\"},{\"id\":\"000000123\"},{\"id\":\"000000124\"},{\"id\":\"000000125\"},{\"id\":\"000000126\"},{\"id\":\"000000127\"},{\"id\":\"000000128\"},{\"id\":\"000000129\"},{\"id\":\"000000131\"},{\"id\":\"000000132\"},{\"id\":\"000000133\"},{\"id\":\"000000134\"},{\"id\":\"000000135\"},{\"id\":\"000000136\"},{\"id\":\"000000137\"},{\"id\":\"000000138\"},{\"id\":\"000000139\"},{\"id\":\"000000140\"},{\"id\":\"000000141\"},{\"id\":\"000000142\"},{\"id\":\"000000143\"}]}]');
/*!40000 ALTER TABLE `setting` ENABLE KEYS */;
UNLOCK TABLES;

--
-- Table structure for table `shop`
--

DROP TABLE IF EXISTS `shop`;
/*!40101 SET @saved_cs_client     = @@character_set_client */;
/*!40101 SET character_set_client = utf8 */;
CREATE TABLE `shop` (
  `id` int(11) NOT NULL,
  `provider_id` int(11) NOT NULL,
  `title` text COLLATE utf8_unicode_ci NOT NULL,
  `description` text COLLATE utf8_unicode_ci NOT NULL,
  `address` text COLLATE utf8_unicode_ci NOT NULL,
  `geox` text COLLATE utf8_unicode_ci NOT NULL,
  `geoy` text COLLATE utf8_unicode_ci NOT NULL,
  `icon` text COLLATE utf8_unicode_ci NOT NULL,
  PRIMARY KEY (`id`)
) ENGINE=MyISAM DEFAULT CHARSET=utf8 COLLATE=utf8_unicode_ci;
/*!40101 SET character_set_client = @saved_cs_client */;

--
-- Dumping data for table `shop`
--

LOCK TABLES `shop` WRITE;
/*!40000 ALTER TABLE `shop` DISABLE KEYS */;
/*!40000 ALTER TABLE `shop` ENABLE KEYS */;
UNLOCK TABLES;

--
-- Table structure for table `site_header`
--

DROP TABLE IF EXISTS `site_header`;
/*!40101 SET @saved_cs_client     = @@character_set_client */;
/*!40101 SET character_set_client = utf8 */;
CREATE TABLE `site_header` (
  `id` varchar(9) COLLATE utf8_unicode_ci NOT NULL,
  `category_id` varchar(9) COLLATE utf8_unicode_ci NOT NULL,
  `title` tinytext COLLATE utf8_unicode_ci,
  `index_number` int(11) DEFAULT NULL,
  UNIQUE KEY `site_header_key` (`id`,`category_id`)
) ENGINE=MyISAM DEFAULT CHARSET=utf8 COLLATE=utf8_unicode_ci;
/*!40101 SET character_set_client = @saved_cs_client */;

--
-- Dumping data for table `site_header`
--

LOCK TABLES `site_header` WRITE;
/*!40000 ALTER TABLE `site_header` DISABLE KEYS */;
INSERT INTO `site_header` VALUES ('000000001','000000022','Электроника',NULL),('000000001','000000021','Электроника',NULL),('000000001','000000020','Электроника',NULL),('000000001','000000012','Электроника',NULL),('000000001','000000007','Электроника',NULL),('000000001','000000006','Электроника',NULL),('000000001','000000005','Электроника',NULL);
/*!40000 ALTER TABLE `site_header` ENABLE KEYS */;
UNLOCK TABLES;

--
-- Table structure for table `size`
--

DROP TABLE IF EXISTS `size`;
/*!40101 SET @saved_cs_client     = @@character_set_client */;
/*!40101 SET character_set_client = utf8 */;
CREATE TABLE `size` (
  `id` varchar(9) COLLATE utf8_unicode_ci NOT NULL,
  `title` tinytext COLLATE utf8_unicode_ci NOT NULL,
  PRIMARY KEY (`id`)
) ENGINE=MyISAM DEFAULT CHARSET=utf8 COLLATE=utf8_unicode_ci;
/*!40101 SET character_set_client = @saved_cs_client */;

--
-- Dumping data for table `size`
--

LOCK TABLES `size` WRITE;
/*!40000 ALTER TABLE `size` DISABLE KEYS */;
INSERT INTO `size` VALUES ('000000002','XXL'),('000000001','XXXL');
/*!40000 ALTER TABLE `size` ENABLE KEYS */;
UNLOCK TABLES;

--
-- Table structure for table `stock_balance`
--

DROP TABLE IF EXISTS `stock_balance`;
/*!40101 SET @saved_cs_client     = @@character_set_client */;
/*!40101 SET character_set_client = utf8 */;
CREATE TABLE `stock_balance` (
  `product_id` varchar(12) COLLATE utf8_unicode_ci NOT NULL,
  `rest` int(11) NOT NULL DEFAULT '0',
  `size` varchar(255) COLLATE utf8_unicode_ci NOT NULL,
  `store_id` varchar(9) COLLATE utf8_unicode_ci NOT NULL,
  PRIMARY KEY (`product_id`,`size`,`store_id`)
) ENGINE=MyISAM DEFAULT CHARSET=utf8 COLLATE=utf8_unicode_ci ROW_FORMAT=DYNAMIC;
/*!40101 SET character_set_client = @saved_cs_client */;

--
-- Dumping data for table `stock_balance`
--

LOCK TABLES `stock_balance` WRITE;
/*!40000 ALTER TABLE `stock_balance` DISABLE KEYS */;
INSERT INTO `stock_balance` VALUES ('000000000002',1,'','000000004'),('000000000002',10,'','000000002'),('000000000002',3,'','000000003'),('000000000003',8,'','000000005'),('000000000004',6,'','000000002'),('000000000004',4,'','000000003'),('000000000004',2,'','000000004'),('000000000005',15,'','000000002'),('000000000005',38,'','000000003'),('000000000005',42,'','000000004'),('000000000006',30,'','000000002'),('000000000006',14,'','000000003'),('000000000006',69,'','000000004'),('000000000001',0,'','000000002'),('000000000001',0,'','000000003'),('000000000001',0,'','000000004'),('000000000007',10,'','000000005'),('000000000012',50,'','000000007'),('000000000013',20,'','000000007'),('000000000014',15,'','000000007'),('000000000015',5,'','000000007'),('000000000017',5,'','000000007'),('000000000018',9,'','000000002'),('000000000019',2,'','000000002'),('000000000020',4,'','000000002'),('000000000021',1,'','000000002'),('000000000022',12,'','000000007'),('000000000023',6,'','000000007'),('000000000024',7,'','000000005'),('000000000025',6,'','000000005'),('000000000026',4,'','000000005'),('000000000027',3,'','000000005'),('000000000028',11,'','000000007'),('000000000029',2,'','000000007'),('000000000030',22,'','000000002'),('000000000031',6,'','000000007'),('000000000032',1,'','000000007'),('000000000016',0,'','000000001'),('000000000033',0,'','000000002'),('000000000033',0,'','000000003'),('000000000033',0,'','000000004'),('000000000007',0,'','000000007'),('000000000008',0,'','000000007'),('000000000009',0,'','000000007'),('000000000010',0,'','000000007'),('000000000011',0,'','000000007');
/*!40000 ALTER TABLE `stock_balance` ENABLE KEYS */;
UNLOCK TABLES;

--
-- Table structure for table `store`
--

DROP TABLE IF EXISTS `store`;
/*!40101 SET @saved_cs_client     = @@character_set_client */;
/*!40101 SET character_set_client = utf8 */;
CREATE TABLE `store` (
  `id` varchar(9) COLLATE utf8_unicode_ci NOT NULL,
  `provider_id` varchar(6) COLLATE utf8_unicode_ci NOT NULL,
  `title` text COLLATE utf8_unicode_ci NOT NULL,
  `description` text COLLATE utf8_unicode_ci NOT NULL,
  `address` text COLLATE utf8_unicode_ci NOT NULL,
  `geox` text COLLATE utf8_unicode_ci NOT NULL,
  `geoy` text COLLATE utf8_unicode_ci NOT NULL,
  `icon` text COLLATE utf8_unicode_ci NOT NULL,
  PRIMARY KEY (`id`)
) ENGINE=MyISAM DEFAULT CHARSET=utf8 COLLATE=utf8_unicode_ci;
/*!40101 SET character_set_client = @saved_cs_client */;

--
-- Dumping data for table `store`
--

LOCK TABLES `store` WRITE;
/*!40000 ALTER TABLE `store` DISABLE KEYS */;
INSERT INTO `store` VALUES ('000000007','00005','DNS Москва «Афимолл Сити»','','РОССИЯ, 123112, Москва г, наб Пресненская, д. 2, соор. 1','55.748359','37.539473',''),('000000002','00003','Магазин 1 (Барамба)','4 этаж ТЦ','РОССИЯ, 109369, Москва г, ул Люблинская, д. 96','55.657123','37.739375',''),('000000003','00003','Магазин 2 (Барамба)','3 этаж ТЦ','РОССИЯ, 127576, Москва г, ул Абрамцевская, д. 3Б','55.895247','37.57195',''),('000000004','00003','Магазин 3 (Барамба)','2 этаж ТЦ','РОССИЯ, 121170, Москва г, пр-кт Кутузовский, д. 53','55.72993','37.496337',''),('000000005','00004','На Волгоградке (м-видео)','вход со двора','РОССИЯ, 109316, Москва г, пр-кт Волгоградский, д. 32А','55.721462','37.697468',''),('000000001','00001','Ситилинк(ул. 5-я кожуховская)','вход через арку','РОССИЯ, 115193, Москва г, ул Петра Романова, д. 20','55.704362','37.683324','');
/*!40000 ALTER TABLE `store` ENABLE KEYS */;
UNLOCK TABLES;

--
-- Table structure for table `test`
--

DROP TABLE IF EXISTS `test`;
/*!40101 SET @saved_cs_client     = @@character_set_client */;
/*!40101 SET character_set_client = utf8 */;
CREATE TABLE `test` (
  `id` int(11) NOT NULL AUTO_INCREMENT,
  `name` varchar(255) COLLATE utf8_unicode_ci DEFAULT NULL,
  PRIMARY KEY (`id`)
) ENGINE=InnoDB DEFAULT CHARSET=utf8 COLLATE=utf8_unicode_ci;
/*!40101 SET character_set_client = @saved_cs_client */;

--
-- Dumping data for table `test`
--

LOCK TABLES `test` WRITE;
/*!40000 ALTER TABLE `test` DISABLE KEYS */;
/*!40000 ALTER TABLE `test` ENABLE KEYS */;
UNLOCK TABLES;

--
-- Table structure for table `tmp`
--

DROP TABLE IF EXISTS `tmp`;
/*!40101 SET @saved_cs_client     = @@character_set_client */;
/*!40101 SET character_set_client = utf8 */;
CREATE TABLE `tmp` (
  `category_id` varchar(9) CHARACTER SET utf32 COLLATE utf32_unicode_ci NOT NULL,
  PRIMARY KEY (`category_id`)
) ENGINE=InnoDB DEFAULT CHARSET=latin1;
/*!40101 SET character_set_client = @saved_cs_client */;

--
-- Dumping data for table `tmp`
--

LOCK TABLES `tmp` WRITE;
/*!40000 ALTER TABLE `tmp` DISABLE KEYS */;
INSERT INTO `tmp` VALUES ('000000004'),('000000005'),('000000006'),('000000007');
/*!40000 ALTER TABLE `tmp` ENABLE KEYS */;
UNLOCK TABLES;

--
-- Table structure for table `user`
--

DROP TABLE IF EXISTS `user`;
/*!40101 SET @saved_cs_client     = @@character_set_client */;
/*!40101 SET character_set_client = utf8 */;
CREATE TABLE `user` (
  `id` bigint(20) NOT NULL AUTO_INCREMENT,
  `name` tinytext COLLATE utf8_unicode_ci NOT NULL,
  `phone` bigint(20) DEFAULT NULL,
  `email` varchar(255) COLLATE utf8_unicode_ci DEFAULT NULL,
  `email_confirmed` tinyint(1) NOT NULL DEFAULT '0',
  `timestamp` timestamp NOT NULL DEFAULT CURRENT_TIMESTAMP ON UPDATE CURRENT_TIMESTAMP,
  PRIMARY KEY (`id`)
) ENGINE=InnoDB AUTO_INCREMENT=187 DEFAULT CHARSET=utf8 COLLATE=utf8_unicode_ci;
/*!40101 SET character_set_client = @saved_cs_client */;

--
-- Dumping data for table `user`
--

LOCK TABLES `user` WRITE;
/*!40000 ALTER TABLE `user` DISABLE KEYS */;
INSERT INTO `user` VALUES (1,'',NULL,NULL,0,'2021-07-08 07:16:12'),(2,'',NULL,NULL,0,'2021-07-08 07:16:12'),(3,'',NULL,NULL,0,'2021-07-08 07:16:12'),(4,'',NULL,NULL,0,'2021-07-08 07:16:12'),(5,'',NULL,NULL,0,'2021-07-08 07:16:12'),(6,'',NULL,NULL,0,'2021-07-08 07:16:12'),(7,'',NULL,NULL,0,'2021-07-08 07:16:12'),(8,'',NULL,NULL,0,'2021-07-08 07:16:12'),(9,'',NULL,NULL,0,'2021-07-08 07:16:12'),(10,'',NULL,NULL,0,'2021-07-08 07:16:12'),(11,'',NULL,NULL,0,'2021-07-08 07:16:12'),(12,'',NULL,NULL,0,'2021-07-08 07:16:12'),(13,'',NULL,NULL,0,'2021-07-08 07:16:12'),(14,'',NULL,NULL,0,'2021-07-08 07:16:12'),(15,'',NULL,NULL,0,'2021-07-08 07:16:12'),(16,'',NULL,NULL,0,'2021-07-08 07:16:12'),(17,'',NULL,NULL,0,'2021-07-08 07:16:12'),(18,'',NULL,NULL,0,'2021-07-08 07:16:12'),(19,'',NULL,NULL,0,'2021-07-08 07:16:12'),(20,'',NULL,NULL,0,'2021-07-08 07:16:12'),(21,'',NULL,NULL,0,'2021-07-08 07:16:12'),(22,'',NULL,NULL,0,'2021-07-08 07:16:12'),(23,'',NULL,NULL,0,'2021-07-08 07:16:12'),(24,'',NULL,NULL,0,'2021-07-08 07:16:12'),(25,'',NULL,NULL,0,'2021-07-08 07:16:12'),(26,'',NULL,NULL,0,'2021-07-08 07:16:12'),(27,'',NULL,NULL,0,'2021-07-08 07:16:12'),(28,'',NULL,NULL,0,'2021-07-08 07:16:12'),(29,'',NULL,NULL,0,'2021-07-08 07:16:12'),(30,'',NULL,NULL,0,'2021-07-08 07:16:12'),(31,'',NULL,NULL,0,'2021-07-08 07:16:12'),(32,'',NULL,NULL,0,'2021-07-08 07:16:12'),(33,'',NULL,NULL,0,'2021-07-08 07:16:12'),(34,'',NULL,NULL,0,'2021-07-08 07:16:12'),(35,'',NULL,NULL,0,'2021-07-08 07:16:12'),(36,'',NULL,NULL,0,'2021-07-08 07:16:12'),(37,'',NULL,NULL,0,'2021-07-08 07:16:12'),(38,'',NULL,NULL,0,'2021-07-08 07:16:12'),(39,'',NULL,NULL,0,'2021-07-08 07:16:12'),(40,'',NULL,NULL,0,'2021-07-08 07:16:12'),(41,'',NULL,NULL,0,'2021-07-08 07:16:12'),(42,'',NULL,NULL,0,'2021-07-08 07:16:12'),(43,'',NULL,NULL,0,'2021-07-08 07:16:12'),(44,'aaa',79185356024,NULL,0,'2021-07-08 07:16:12'),(45,'',NULL,NULL,0,'2021-07-08 07:16:12'),(46,'',NULL,NULL,0,'2021-07-08 07:16:12'),(47,'',NULL,NULL,0,'2021-07-08 07:16:12'),(48,'',NULL,NULL,0,'2021-07-08 07:16:12'),(49,'',NULL,NULL,0,'2021-07-08 07:16:12'),(50,'Дмитрий',79132146666,NULL,0,'2021-07-08 07:16:12'),(51,'',NULL,NULL,0,'2021-07-08 07:16:12'),(52,'',NULL,NULL,0,'2021-07-08 07:16:12'),(53,'',NULL,NULL,0,'2021-07-08 07:16:12'),(54,'',NULL,NULL,0,'2021-07-08 07:16:12'),(55,'',NULL,NULL,0,'2021-07-08 07:16:12'),(56,'',NULL,NULL,0,'2021-07-08 07:16:12'),(57,'',NULL,NULL,0,'2021-07-08 07:16:12'),(58,'',NULL,NULL,0,'2021-07-08 07:16:12'),(59,'',NULL,NULL,0,'2021-07-08 07:16:12'),(60,'',NULL,NULL,0,'2021-07-08 07:16:12'),(61,'',NULL,NULL,0,'2021-07-08 07:16:12'),(62,'',NULL,NULL,0,'2021-07-08 07:16:12'),(63,'',NULL,NULL,0,'2021-07-08 07:16:12'),(64,'',NULL,NULL,0,'2021-07-08 07:16:12'),(65,'',NULL,NULL,0,'2021-07-08 07:16:12'),(66,'',NULL,NULL,0,'2021-07-08 07:16:12'),(67,'',NULL,NULL,0,'2021-07-08 07:16:12'),(68,'',NULL,NULL,0,'2021-07-08 07:16:12'),(69,'',NULL,NULL,0,'2021-07-08 07:16:12'),(70,'',NULL,NULL,0,'2021-07-08 07:16:12'),(71,'',NULL,NULL,0,'2021-07-08 07:16:12'),(72,'',NULL,NULL,0,'2021-07-08 07:16:12'),(73,'',NULL,NULL,0,'2021-07-08 07:16:12'),(74,'',NULL,NULL,0,'2021-07-08 07:16:12'),(75,'',NULL,NULL,0,'2021-07-08 07:16:12'),(76,'',NULL,NULL,0,'2021-07-08 07:16:12'),(77,'',NULL,NULL,0,'2021-07-08 07:16:12'),(78,'',NULL,NULL,0,'2021-07-08 07:16:12'),(79,'',NULL,NULL,0,'2021-07-08 07:16:12'),(80,'',NULL,NULL,0,'2021-07-08 07:16:12'),(81,'',NULL,NULL,0,'2021-07-08 07:16:12'),(82,'',NULL,NULL,0,'2021-07-08 07:16:12'),(83,'',NULL,NULL,0,'2021-07-08 07:16:12'),(84,'',NULL,NULL,0,'2021-07-08 07:16:12'),(85,'',NULL,NULL,0,'2021-07-08 07:16:12'),(86,'',NULL,NULL,0,'2021-07-08 07:16:12'),(87,'',NULL,NULL,0,'2021-07-08 07:16:12'),(88,'',NULL,NULL,0,'2021-07-08 07:16:12'),(89,'',NULL,NULL,0,'2021-07-08 07:16:12'),(90,'',NULL,NULL,0,'2021-07-08 07:16:12'),(91,'',NULL,NULL,0,'2021-07-08 07:16:12'),(92,'',NULL,NULL,0,'2021-07-08 07:16:12'),(93,'',NULL,NULL,0,'2021-07-08 07:16:12'),(94,'',NULL,NULL,0,'2021-07-08 07:16:12'),(95,'',NULL,NULL,0,'2021-07-08 07:16:12'),(96,'',NULL,NULL,0,'2021-07-08 07:16:12'),(97,'',NULL,NULL,0,'2021-07-08 07:16:12'),(98,'',NULL,NULL,0,'2021-07-08 07:16:12'),(99,'',NULL,NULL,0,'2021-07-08 07:16:12'),(100,'',NULL,NULL,0,'2021-07-08 07:16:12'),(101,'',NULL,NULL,0,'2021-07-08 07:16:12'),(102,'',NULL,NULL,0,'2021-07-08 07:16:12'),(103,'',NULL,NULL,0,'2021-07-08 07:16:12'),(104,'',NULL,NULL,0,'2021-07-08 07:16:12'),(105,'',NULL,NULL,0,'2021-07-08 07:16:12'),(106,'',NULL,NULL,0,'2021-07-08 07:16:12'),(107,'',NULL,NULL,0,'2021-07-08 07:16:12'),(108,'',NULL,NULL,0,'2021-07-08 07:16:12'),(109,'',NULL,NULL,0,'2021-07-08 07:16:12'),(110,'',NULL,NULL,0,'2021-07-08 07:16:12'),(111,'',NULL,NULL,0,'2021-07-08 07:16:12'),(112,'',NULL,NULL,0,'2021-07-08 07:16:12'),(113,'',NULL,NULL,0,'2021-07-08 07:16:12'),(114,'',NULL,NULL,0,'2021-07-08 07:16:12'),(115,'',NULL,NULL,0,'2021-07-08 07:16:12'),(116,'',NULL,NULL,0,'2021-07-08 07:16:12'),(117,'',NULL,NULL,0,'2021-07-08 07:16:12'),(118,'',NULL,NULL,0,'2021-07-08 07:16:12'),(119,'',NULL,NULL,0,'2021-07-08 07:16:12'),(120,'',NULL,NULL,0,'2021-07-08 07:16:12'),(121,'',NULL,NULL,0,'2021-07-08 07:16:12'),(122,'',NULL,NULL,0,'2021-07-08 07:16:12'),(123,'',NULL,NULL,0,'2021-07-08 07:16:12'),(124,'',NULL,NULL,0,'2021-07-08 07:16:12'),(125,'',NULL,NULL,0,'2021-07-08 07:16:12'),(126,'',NULL,NULL,0,'2021-07-08 07:16:12'),(127,'',NULL,NULL,0,'2021-07-08 07:16:12'),(128,'',NULL,NULL,0,'2021-07-08 07:16:12'),(129,'',NULL,NULL,0,'2021-07-08 07:16:12'),(130,'',NULL,NULL,0,'2021-07-08 07:16:12'),(131,'',NULL,NULL,0,'2021-07-08 07:16:12'),(132,'',NULL,NULL,0,'2021-07-08 07:16:12'),(133,'',NULL,NULL,0,'2021-07-08 07:16:12'),(134,'',NULL,NULL,0,'2021-07-08 07:16:12'),(135,'',NULL,NULL,0,'2021-07-08 07:16:12'),(136,'',NULL,NULL,0,'2021-07-08 07:16:12'),(137,'',NULL,NULL,0,'2021-07-08 07:16:12'),(138,'',NULL,NULL,0,'2021-07-08 07:16:12'),(139,'',NULL,NULL,0,'2021-07-08 07:16:12'),(140,'',NULL,NULL,0,'2021-07-08 07:16:12'),(141,'',NULL,NULL,0,'2021-07-08 07:16:12'),(142,'',NULL,NULL,0,'2021-07-08 07:16:12'),(143,'',NULL,NULL,0,'2021-07-08 07:16:12'),(144,'',NULL,NULL,0,'2021-07-08 07:16:12'),(145,'',NULL,NULL,0,'2021-07-08 07:16:12'),(146,'',NULL,NULL,0,'2021-07-08 07:16:12'),(147,'',NULL,NULL,0,'2021-07-08 07:16:12'),(148,'',NULL,NULL,0,'2021-07-08 07:16:12'),(149,'',NULL,NULL,0,'2021-07-08 07:16:12'),(150,'',NULL,NULL,0,'2021-07-08 07:16:12'),(151,'',NULL,NULL,0,'2021-07-08 07:16:12'),(152,'',NULL,NULL,0,'2021-07-08 07:16:12'),(153,'',NULL,NULL,0,'2021-07-08 07:16:12'),(154,'',NULL,NULL,0,'2021-07-08 07:16:12'),(155,'',NULL,NULL,0,'2021-07-08 07:16:12'),(156,'',NULL,NULL,0,'2021-07-08 07:16:12'),(157,'',NULL,NULL,0,'2021-07-08 07:16:12'),(158,'',NULL,NULL,0,'2021-07-08 07:16:12'),(159,'',NULL,NULL,0,'2021-07-08 07:16:12'),(160,'',NULL,NULL,0,'2021-07-08 07:16:12'),(161,'',NULL,NULL,0,'2021-07-08 07:16:12'),(162,'',NULL,NULL,0,'2021-07-08 07:16:12'),(163,'',NULL,NULL,0,'2021-07-08 07:16:12'),(164,'',NULL,NULL,0,'2021-07-08 07:16:12'),(165,'',NULL,NULL,0,'2021-07-08 07:16:12'),(166,'',NULL,NULL,0,'2021-07-08 07:16:12'),(167,'',NULL,NULL,0,'2021-07-08 07:16:12'),(168,'',NULL,NULL,0,'2021-07-08 07:16:12'),(169,'',NULL,NULL,0,'2021-07-08 07:16:12'),(170,'',NULL,NULL,0,'2021-07-08 07:16:12'),(171,'',NULL,NULL,0,'2021-07-08 07:16:12'),(172,'',NULL,NULL,0,'2021-07-08 07:16:12'),(173,'',NULL,NULL,0,'2021-07-08 07:16:12'),(174,'',NULL,NULL,0,'2021-07-08 07:16:12'),(175,'',NULL,NULL,0,'2021-07-08 07:16:12'),(176,'',NULL,NULL,0,'2021-07-08 07:16:12'),(177,'',NULL,NULL,0,'2021-07-08 07:16:12'),(178,'',NULL,NULL,0,'2021-07-08 07:16:12'),(179,'',NULL,NULL,0,'2021-07-08 07:16:12'),(180,'',NULL,NULL,0,'2021-07-08 07:16:12'),(181,'',NULL,NULL,0,'2021-07-08 07:16:12'),(182,'',NULL,NULL,0,'2021-07-08 07:16:12'),(183,'',NULL,NULL,0,'2021-07-08 07:16:12'),(184,'',NULL,NULL,0,'2021-07-08 07:16:12'),(185,'',NULL,NULL,0,'2021-07-08 07:16:12'),(186,'',NULL,NULL,0,'2021-07-08 07:16:23');
/*!40000 ALTER TABLE `user` ENABLE KEYS */;
UNLOCK TABLES;

--
-- Table structure for table `user_data`
--

DROP TABLE IF EXISTS `user_data`;
/*!40101 SET @saved_cs_client     = @@character_set_client */;
/*!40101 SET character_set_client = utf8 */;
CREATE TABLE `user_data` (
  `user_id` int(11) DEFAULT NULL,
  `address` text COLLATE utf8_unicode_ci,
  `geodata` text COLLATE utf8_unicode_ci,
  `timestamp` timestamp NOT NULL DEFAULT CURRENT_TIMESTAMP ON UPDATE CURRENT_TIMESTAMP,
  `fias_id` varchar(36) COLLATE utf8_unicode_ci DEFAULT NULL,
  `fias_level` int(11) DEFAULT NULL
) ENGINE=MyISAM DEFAULT CHARSET=utf8 COLLATE=utf8_unicode_ci;
/*!40101 SET character_set_client = @saved_cs_client */;

--
-- Dumping data for table `user_data`
--

LOCK TABLES `user_data` WRITE;
/*!40000 ALTER TABLE `user_data` DISABLE KEYS */;
INSERT INTO `user_data` VALUES (186,'г Москва, ул Шаболовка, д 37 стр 2, кв 2','{\"value\":\"г Москва, ул Шаболовка, д 37 стр 2, кв 2\",\"unrestricted_value\":\"115162, г Москва, Донской р-н, ул Шаболовка, д 37 стр 2, кв 2\",\"data\":{\"postal_code\":\"115162\",\"country\":\"Россия\",\"country_iso_code\":\"RU\",\"federal_district\":\"Центральный\",\"region_fias_id\":\"0c5b2444-70a0-4932-980c-b4dc0d3f02b5\",\"region_kladr_id\":\"7700000000000\",\"region_iso_code\":\"RU-MOW\",\"region_with_type\":\"г Москва\",\"region_type\":\"г\",\"region_type_full\":\"город\",\"region\":\"Москва\",\"area_fias_id\":null,\"area_kladr_id\":null,\"area_with_type\":null,\"area_type\":null,\"area_type_full\":null,\"area\":null,\"city_fias_id\":\"0c5b2444-70a0-4932-980c-b4dc0d3f02b5\",\"city_kladr_id\":\"7700000000000\",\"city_with_type\":\"г Москва\",\"city_type\":\"г\",\"city_type_full\":\"город\",\"city\":\"Москва\",\"city_area\":\"Южный\",\"city_district_fias_id\":null,\"city_district_kladr_id\":null,\"city_district_with_type\":\"Донской р-н\",\"city_district_type\":\"р-н\",\"city_district_type_full\":\"район\",\"city_district\":\"Донской\",\"settlement_fias_id\":null,\"settlement_kladr_id\":null,\"settlement_with_type\":null,\"settlement_type\":null,\"settlement_type_full\":null,\"settlement\":null,\"street_fias_id\":\"d1febe9c-11b9-46db-891e-30f3083d5611\",\"street_kladr_id\":\"77000000000313300\",\"street_with_type\":\"ул Шаболовка\",\"street_type\":\"ул\",\"street_type_full\":\"улица\",\"street\":\"Шаболовка\",\"house_fias_id\":\"f9462eb5-216a-4897-934f-bafa832d9c88\",\"house_kladr_id\":\"7700000000031330036\",\"house_cadnum\":null,\"house_type\":\"д\",\"house_type_full\":\"дом\",\"house\":\"37\",\"block_type\":\"стр\",\"block_type_full\":\"строение\",\"block\":\"2\",\"entrance\":null,\"floor\":null,\"flat_fias_id\":null,\"flat_cadnum\":null,\"flat_type\":\"кв\",\"flat_type_full\":\"квартира\",\"flat\":\"2\",\"flat_area\":null,\"square_meter_price\":null,\"flat_price\":null,\"postal_box\":null,\"fias_id\":\"f9462eb5-216a-4897-934f-bafa832d9c88\",\"fias_code\":\"77000000000000031330036\",\"fias_level\":\"8\",\"fias_actuality_state\":\"0\",\"kladr_id\":\"7700000000031330036\",\"geoname_id\":\"524901\",\"capital_marker\":\"0\",\"okato\":\"45296561000\",\"oktmo\":\"45915000\",\"tax_office\":\"7725\",\"tax_office_legal\":\"7725\",\"timezone\":null,\"geo_lat\":\"55.7181023\",\"geo_lon\":\"37.6117459\",\"beltway_hit\":null,\"beltway_distance\":null,\"metro\":null,\"qc_geo\":\"0\",\"qc_complete\":null,\"qc_house\":null,\"history_values\":null,\"unparsed_parts\":null,\"source\":null,\"qc\":null}}','2021-07-08 07:17:47','f9462eb5-216a-4897-934f-bafa832d9c88',8);
/*!40000 ALTER TABLE `user_data` ENABLE KEYS */;
UNLOCK TABLES;

--
-- Final view structure for view `filtered_product`
--

/*!50001 DROP VIEW IF EXISTS `filtered_product`*/;
/*!50001 SET @saved_cs_client          = @@character_set_client */;
/*!50001 SET @saved_cs_results         = @@character_set_results */;
/*!50001 SET @saved_col_connection     = @@collation_connection */;
/*!50001 SET character_set_client      = utf8mb4 */;
/*!50001 SET character_set_results     = utf8mb4 */;
/*!50001 SET collation_connection      = utf8mb4_general_ci */;
/*!50001 CREATE ALGORITHM=UNDEFINED */
/*!50013 DEFINER=`saychas_z`@`localhost` SQL SECURITY DEFINER */
/*!50001 VIEW `filtered_product` AS select distinct `s`.`id` AS `id`,`s`.`provider_id` AS `provider_id`,`s`.`title` AS `title`,`pr`.`id` AS `product_id`,`pr`.`title` AS `product_title`,`sb`.`rest` AS `rest`,`pri`.`price` AS `price`,`pr`.`param_value_list` AS `param_value_list`,`pr`.`param_variable_list` AS `param_variable_list` from ((((`store` `s` join `provider` `p` on((`p`.`id` = `s`.`provider_id`))) join `product` `pr` on((`pr`.`provider_id` = `s`.`provider_id`))) left join `stock_balance` `sb` on(((`sb`.`product_id` = `pr`.`id`) and (`sb`.`store_id` = `s`.`id`)))) left join `price` `pri` on(((`pri`.`product_id` = `pr`.`id`) and (`pri`.`provider_id` = `p`.`id`)))) */;
/*!50001 SET character_set_client      = @saved_cs_client */;
/*!50001 SET character_set_results     = @saved_cs_results */;
/*!50001 SET collation_connection      = @saved_col_connection */;
/*!40103 SET TIME_ZONE=@OLD_TIME_ZONE */;

/*!40101 SET SQL_MODE=@OLD_SQL_MODE */;
/*!40014 SET FOREIGN_KEY_CHECKS=@OLD_FOREIGN_KEY_CHECKS */;
/*!40014 SET UNIQUE_CHECKS=@OLD_UNIQUE_CHECKS */;
/*!40101 SET CHARACTER_SET_CLIENT=@OLD_CHARACTER_SET_CLIENT */;
/*!40101 SET CHARACTER_SET_RESULTS=@OLD_CHARACTER_SET_RESULTS */;
/*!40101 SET COLLATION_CONNECTION=@OLD_COLLATION_CONNECTION */;
/*!40111 SET SQL_NOTES=@OLD_SQL_NOTES */;

-- Dump completed on 2021-07-08 10:46:42
