-- phpMyAdmin SQL Dump
-- version 5.0.2
-- https://www.phpmyadmin.net/
--
-- Host: localhost
-- Generation Time: May 13, 2021 at 03:34 AM
-- Server version: 8.0.23
-- PHP Version: 7.4.16

SET SQL_MODE = "NO_AUTO_VALUE_ON_ZERO";
START TRANSACTION;
SET time_zone = "+00:00";


/*!40101 SET @OLD_CHARACTER_SET_CLIENT=@@CHARACTER_SET_CLIENT */;
/*!40101 SET @OLD_CHARACTER_SET_RESULTS=@@CHARACTER_SET_RESULTS */;
/*!40101 SET @OLD_COLLATION_CONNECTION=@@COLLATION_CONNECTION */;
/*!40101 SET NAMES utf8mb4 */;

--
-- Database: `saychas_z`
--

-- --------------------------------------------------------

--
-- Table structure for table `brand`
--

DROP TABLE IF EXISTS `brand`;
CREATE TABLE `brand` (
  `id` varchar(6) CHARACTER SET utf8 COLLATE utf8_unicode_ci NOT NULL,
  `title` tinytext CHARACTER SET utf8 COLLATE utf8_unicode_ci NOT NULL,
  `description` text CHARACTER SET utf8 COLLATE utf8_unicode_ci NOT NULL,
  `image` tinytext CHARACTER SET utf8 COLLATE utf8_unicode_ci NOT NULL
) ENGINE=MyISAM DEFAULT CHARSET=utf8 COLLATE=utf8_unicode_ci;

--
-- Dumping data for table `brand`
--

INSERT INTO `brand` (`id`, `title`, `description`, `image`) VALUES
('000005', 'ACER', '', ''),
('000007', 'Asus', '', ''),
('000001', 'BOSH', '', ''),
('000008', 'Hewlett-Packard', '', ''),
('000003', 'HUAWEI', '', ''),
('000006', 'Lenovo', '', ''),
('000009', 'Nokia', '', ''),
('000002', 'SONY', '', ''),
('000010', 'Xiaomi', '', ''),
('000004', 'Простоквашино', '', '');

-- --------------------------------------------------------

--
-- Table structure for table `category`
--

DROP TABLE IF EXISTS `category`;
CREATE TABLE `category` (
  `id` varchar(9) CHARACTER SET utf8 COLLATE utf8_unicode_ci NOT NULL,
  `parent_id` varchar(9) CHARACTER SET utf8 COLLATE utf8_unicode_ci NOT NULL DEFAULT '0',
  `title` text CHARACTER SET utf8 COLLATE utf8_unicode_ci NOT NULL,
  `description` text CHARACTER SET utf8 COLLATE utf8_unicode_ci NOT NULL,
  `icon` varchar(11) CHARACTER SET utf8 COLLATE utf8_unicode_ci NOT NULL DEFAULT '',
  `sort_order` int NOT NULL DEFAULT '0'
) ENGINE=MyISAM DEFAULT CHARSET=utf8 COLLATE=utf8_unicode_ci COMMENT='Категории товаров';

--
-- Dumping data for table `category`
--

INSERT INTO `category` (`id`, `parent_id`, `title`, `description`, `icon`, `sort_order`) VALUES
('000000012', '000000003', 'DECT', '', '', 0),
('000000008', '000000002', 'Аксесуары', '', '', 0),
('000000010', '000000001', 'Бытовая техника', '', '', 0),
('000000020', '000000019', 'Игровые ноутбуки', '', '', 0),
('000000016', '000000014', 'Кефир', '', '', 0),
('000000007', '000000004', 'Кнопочные', '', '', 0),
('000000017', '000000014', 'Молоко', '', '', 0),
('000000014', '000000013', 'Молочная продукция', '', '', 0),
('000000015', '000000013', 'Мясные продукты', '', '', 0),
('000000009', '000000008', 'Наушники', '', '', 0),
('000000019', '000000002', 'Ноутбуки', '', '', 0),
('000000022', '000000019', 'Ноутбуки', '', '', 0),
('000000013', '0', 'Продукты питания', '', '', 0),
('000000018', '000000014', 'Ряженка', '', '', 0),
('000000006', '000000004', 'Смартфоны', '', '', 0),
('000000004', '000000003', 'Сотовые телефоны', '', '', 0),
('000000005', '000000003', 'Стационарные телефоны', '', '', 0),
('000000003', '000000002', 'Телефоны', '', '', 0),
('000000001', '0', 'Техника', '', '', 0),
('000000021', '000000019', 'Ультрабуки', '', '', 0),
('000000011', '000000010', 'Холодильники', '', '', 0),
('000000002', '000000001', 'Электроника', '', '', 0),
('000000023', '0', 'ФЭШН ТОВАРЫ', '', '', 0),
('000000024', '000000023', 'Обувь', '', '', 0),
('000000025', '000000023', 'Верхная одежда', '', '', 0),
('000000026', '000000025', 'Пальто', '', '', 0);

-- --------------------------------------------------------

--
-- Table structure for table `characteristic`
--

DROP TABLE IF EXISTS `characteristic`;
CREATE TABLE `characteristic` (
  `id` varchar(9) CHARACTER SET utf8 COLLATE utf8_unicode_ci NOT NULL DEFAULT '',
  `category_id` varchar(9) CHARACTER SET utf8 COLLATE utf8_unicode_ci NOT NULL DEFAULT '',
  `title` varchar(255) CHARACTER SET utf8 COLLATE utf8_unicode_ci NOT NULL DEFAULT '',
  `type` tinyint(1) NOT NULL DEFAULT '1',
  `filter` tinyint(1) NOT NULL DEFAULT '0',
  `group` tinyint(1) NOT NULL DEFAULT '0',
  `sort_order` int NOT NULL DEFAULT '1',
  `unit` tinytext CHARACTER SET utf8 COLLATE utf8_unicode_ci,
  `description` tinytext CHARACTER SET utf8 COLLATE utf8_unicode_ci
) ENGINE=MyISAM DEFAULT CHARSET=utf8 COLLATE=utf8_unicode_ci;

--
-- Dumping data for table `characteristic`
--

INSERT INTO `characteristic` (`id`, `category_id`, `title`, `type`, `filter`, `group`, `sort_order`, `unit`, `description`) VALUES
('000000015', '000000009', 'Тип подключения', 4, 1, 0, 3, '', ''),
('000000016', '000000009', 'Частотный диапазон', 1, 0, 0, 2, '', ''),
('000000021', '000000009', 'Сопротивление', 1, 0, 0, 1, '', ''),
('000000009', '000000006', 'Вес', 2, 0, 0, 49, '', ''),
('000000008', '000000006', 'Высота', 2, 0, 0, 48, '', ''),
('000000007', '000000006', 'Ширина', 2, 0, 0, 47, '', ''),
('000000006', '000000006', 'Длина', 2, 0, 0, 46, '', ''),
('000000069', '000000006', 'Габариты, вес', 4, 0, 0, 45, '', ''),
('000000068', '000000006', 'Хрупкость', 3, 0, 0, 44, '', ''),
('000000011', '000000011', 'Цвет', 4, 1, 0, 2, '', ''),
('000000013', '000000014', 'Жирность', 2, 1, 0, 1, '', ''),
('000000065', '000000006', 'Комплектация', 1, 0, 0, 41, '', ''),
('000000063', '000000006', 'Дополнительные опции камеры', 1, 0, 0, 39, '', ''),
('000000064', '000000006', 'Дополнительная информация', 4, 0, 0, 40, '', ''),
('000000067', '000000006', 'Транспортировка', 1, 0, 0, 43, '', ''),
('000000066', '000000006', 'Степень пылевлагозащиты', 1, 0, 0, 42, '', ''),
('000000056', '000000006', 'Вид разъема', 4, 0, 0, 32, '', ''),
('000000057', '000000006', 'Камера', 4, 0, 0, 33, '', ''),
('000000058', '000000006', 'Количество Мп основной камеры', 2, 0, 0, 34, '', ''),
('000000059', '000000006', 'Количество Мп фронтальной камеры', 2, 0, 0, 35, '', ''),
('000000060', '000000006', 'Особенности объектива', 1, 0, 0, 36, '', ''),
('000000061', '000000006', 'Поддерживаемый формат', 1, 0, 0, 37, '', ''),
('000000062', '000000006', 'Встроенная вспышка', 3, 0, 0, 38, '', ''),
('000000055', '000000006', 'Емкость аккумулятора (мАч)', 2, 0, 0, 31, '', ''),
('000000054', '000000006', 'Тип аккумулятора', 1, 0, 0, 30, '', ''),
('000000053', '000000006', 'Питание', 4, 0, 0, 29, '', ''),
('000000052', '000000006', 'Тип SIM карты', 1, 0, 0, 28, '', ''),
('000000050', '000000006', 'Навигация', 1, 0, 0, 26, '', ''),
('000000051', '000000006', 'Количество SIM карт', 4, 0, 0, 27, '', ''),
('000000049', '000000006', 'Стандарт связи', 1, 0, 0, 25, '', ''),
('000000047', '000000006', 'Связь', 4, 0, 0, 23, '', ''),
('000000048', '000000006', 'Беспроводные интерфейсы', 1, 0, 0, 24, '', ''),
('000000046', '000000006', 'Тип карты памяти', 4, 0, 0, 22, '', ''),
('000000045', '000000006', 'Тактовая частота процессора (МГц)', 2, 0, 0, 21, '', ''),
('000000044', '000000006', 'Количество ядер процессора', 2, 0, 0, 20, '', ''),
('000000041', '000000006', 'Объем оперативной памяти (ГБ)', 4, 0, 0, 17, '', ''),
('000000043', '000000006', 'Процессор', 1, 0, 0, 19, '', ''),
('000000042', '000000006', 'Макс. объем карты памяти (ГБ)', 4, 0, 0, 18, '', ''),
('000000040', '000000006', 'Объем встроенной памяти (ГБ)', 4, 1, 0, 16, '', ''),
('000000039', '000000006', 'Память и процессор', 4, 0, 0, 15, '', ''),
('000000038', '000000006', 'Защитное покрытие', 3, 0, 0, 14, '', ''),
('000000003', '000000006', 'Бренд', 6, 0, 0, 4, '', ''),
('000000025', '000000006', 'Материал корпуса', 4, 0, 0, 5, '', ''),
('000000004', '000000006', 'Цвет', 7, 1, 1, 6, '', ''),
('000000001', '000000006', 'Страна-производитель', 7, 0, 0, 7, '', ''),
('000000027', '000000006', 'Гарантийный срок (мес.)', 2, 0, 0, 8, '', ''),
('000000037', '000000006', 'Тип дисплея', 4, 0, 0, 13, '', ''),
('000000036', '000000006', 'Разрешение', 4, 0, 0, 12, '', ''),
('000000032', '000000006', 'Экран', 1, 0, 0, 10, '', ''),
('000000029', '000000006', 'Диагональ (дюйм)', 2, 0, 0, 11, '', ''),
('000000028', '000000006', 'Дополнительные опции', 1, 0, 0, 9, '', ''),
('000000017', '000000006', 'Основные характеристики', 1, 0, 0, 2, '', ''),
('000000014', '000000006', 'Операционная система', 4, 0, 0, 3, '', ''),
('000000005', '000000006', 'Описание', 4, 0, 0, 1, '', '');

-- --------------------------------------------------------

--
-- Table structure for table `characteristic_value`
--

DROP TABLE IF EXISTS `characteristic_value`;
CREATE TABLE `characteristic_value` (
  `id` varchar(32) CHARACTER SET utf8 COLLATE utf8_unicode_ci NOT NULL DEFAULT '',
  `title` varchar(255) CHARACTER SET utf8 COLLATE utf8_unicode_ci NOT NULL DEFAULT '',
  `characteristic_id` varchar(9) CHARACTER SET utf8 COLLATE utf8_unicode_ci NOT NULL DEFAULT ''
) ENGINE=MyISAM DEFAULT CHARSET=utf8 COLLATE=utf8_unicode_ci;

--
-- Dumping data for table `characteristic_value`
--

INSERT INTO `characteristic_value` (`id`, `title`, `characteristic_id`) VALUES
('000000002', 'Беспроводной', '000000001'),
('000000001', 'Проводной', '000000001'),
('000000004', '16 ГБ', '000000007'),
('000000013', '2 ГБ', '000000007'),
('000000005', '32 ГБ', '000000007'),
('000000003', '8 ГБ', '000000007'),
('000000007', '128 ГБ', '000000008'),
('000000008', '256 ГБ', '000000008'),
('000000014', '32 ГБ', '000000008'),
('000000009', '512 ГБ', '000000008'),
('000000006', '64 ГБ', '000000008'),
('000000011', 'Android', '000000014'),
('000000012', 'Mac OS', '000000014'),
('000000010', 'MS Windows', '000000014'),
('000000015', 'пластик', '000000025'),
('0f9543f2468b55a0651354429b18475b', '6.76', '000000006'),
('436456ee66c0bce03907b80160bb0189', '50/20/12/TOF', '000000009'),
('2644687e42d50d94f401fc28c20945f5', '13/TOF', '000000010'),
('1fb544b3ea0cc262206f7886e160c730', '6.76', '000000006'),
('a0f41bcf2a7f4ce777391ca449d31c40', '50/20/12/TOF', '000000009'),
('60c0aaa99112286cd938969cdb42e5d3', '13/TOF', '000000010'),
('9ed7faa3ec750225ae2445e67b1b26f4', '6.53', '000000006'),
('5417d83a0a6e766d2058224fa9d9590c', '13 Мп', '000000009'),
('ec44b05eab13fc1baafabbaa057430d9', '5 Мп', '000000010'),
('1d1bdfa86f650f5a94ea33c035a13c65', '6.53', '000000006'),
('1d91edb26545e820893cdf64b250ddca', '13 Мп', '000000009'),
('71c9467235b1f22fe0a4f9355b9f6b14', '5 Мп', '000000010'),
('85ce67a5b75159167c02b38438cfe53f', '000009', '000000002'),
('09b06a918b81cd2cae4249877a0948b4', '6.5', '000000006'),
('c534db13fe183f7f865a38a006cd70e5', '13+2 Мп', '000000009'),
('ecf8596cc6a290810db324cf2435db83', '5 Мп', '000000010'),
('511f6f94756f172166598b4408d0df3a', '00005', '000000001'),
('787166f4136884b1d4ad1e0018a879d4', '000009', '000000002'),
('308fb4276f78018be36f11cf4ce89623', '6.5', '000000006'),
('4010e0ef8ce2782a9eadb4c434af32a2', '13+2 Мп', '000000009'),
('dce997c2392dc57431e7aa40fb1bf8bf', '5 Мп', '000000010'),
('7522a9565e46c271b606921f100ee7cf', '00005', '000000001'),
('cf0244523770616035761f025c6deb5a', '6.76', '000000006'),
('8e58ad920b540203a04010b0a105fd1c', '50/20/12/TOF', '000000009'),
('b5b363f173da3249868b6d7f577fc554', '13/TOF', '000000010'),
('334f9d67ae88d9323ca05aabe1aed62b', '6.76', '000000006'),
('ea8a487edce005abf0f6bac11cb51f3c', '50/20/12/TOF', '000000009'),
('28df44bc206fe9de7deadbcafe62ec7e', '13/TOF', '000000010'),
('f89783f0296bc539406fdf782f278492', '6.76', '000000006'),
('d5636ee8c90d06d68d76d25fb6aa743f', '50/20/12/TOF', '000000009'),
('33a0c1f1c42e901bf1aa4ef4b788e14a', '13/TOF', '000000010'),
('20f75ef1ac19b8ea4f2cb5580b11b968', '6.76', '000000006'),
('c255aecbb9480c8c9ee7bb1bc9aa1f76', '50/20/12/TOF', '000000009'),
('d0998efec3d6e88cd14c99bc8f059754', '13/TOF', '000000010'),
('64c4aec52034ecc31fe7565eb46e6058', '6.76', '000000006'),
('1dfdfcc07390cdf9c14bb33627818eea', '50/20/12/TOF', '000000009'),
('21f17367ce421f84f22f6b8c945fd8e2', '13/TOF', '000000010'),
('b3d124d68c5f5ea938cf735db77d64e1', '6.76', '000000006'),
('b3e97dce4871f8bdf25d48a85bd6e197', '50/20/12/TOF', '000000009'),
('d9d283c75f2d5e457ecf94111083255b', '13/TOF', '000000010'),
('7822461ad42487c0fef6d7f27c0d2f34', '6.76', '000000006'),
('b6234072a170df6a54af0a13a7a9fe90', '50/20/12/TOF', '000000009'),
('fa0a9dd3bd4a069c959b22e2cd8b0219', '13/TOF', '000000010'),
('30527c6954b8861aeae0c283bcaca68e', '6.76', '000000006'),
('fbfb6e69980630a7ecf2fbf112f4f34f', '50/20/12/TOF', '000000009'),
('f60f04b120a394f5b0df195ef3353193', '13/TOF', '000000010'),
('423e1848f1d634e42de730a2e0f089a8', '6.76', '000000006'),
('0833eb51ad727c095ee94126b814d1dd', '50/20/12/TOF', '000000009'),
('e341262594f85704442cbe1fcaba2b5d', '13/TOF', '000000010'),
('b0e6f86e45679840ba0095ebfd9cd344', '6.76', '000000006'),
('a36aa3179bded833e4705a7d76a51009', '50/20/12/TOF', '000000009'),
('49ec587314d942c4be82266b064363e4', '13/TOF', '000000010'),
('20b2e0bf5d186dd0b4286447d5a21918', '6.76', '000000006'),
('7f81cd5e15ef7d9cb3a7d5fb4da2b1cd', '50/20/12/TOF', '000000009'),
('c64c80c4f19ba796fd89eb5b271fcc45', '13/TOF', '000000010'),
('3f1e071dad93c5beaa2cca9c0f8e25d0', '6.76', '000000006'),
('147ceae0b54e124925bbf81e749e850e', '50/20/12/TOF', '000000009'),
('e04076231578948842a7ee14417d53c8', '13/TOF', '000000010'),
('4b64d75776eb2d910431048e26b7feba', '#000000', '000000003'),
('c000c34b510cd70b005073c40b0b3d3e', '000009', '000000002'),
('3bd6999c589839d4424a4e33c8975617', '6.5', '000000006'),
('dae40b0582577f8b1548d9925a80683b', '13+2 Мп', '000000009'),
('ee783406b01b4fe2c7e689cdbe6ca3c9', '5 Мп', '000000010'),
('07693d29c94a70537b6b0a02841cca9d', '00005', '000000001'),
('cd0ecde32f475557a37fbc126ccd6ffd', '#000000', '000000003'),
('93ca409808133ca9daab0ac8920750c4', '000009', '000000002'),
('103c92e779edd87484e6590b5610ab15', '6.5', '000000006'),
('66420439a1b980cd7dd187cb952f5263', '13+2 Мп', '000000009'),
('79d6da0dc97b89fe9e4978a8ced0b2fd', '5 Мп', '000000010'),
('71690e3ba80d2d6cadee02ee1768956c', '00005', '000000001'),
('31b201ca7f538dc599e69af32699151f', '6.76', '000000006'),
('0fb652cebd47cc76b700cd669bb2c945', '50/20/12/TOF', '000000009'),
('189dd280ae216c3033bd58619ee71c4b', '13/TOF', '000000010'),
('31a7bae118f2d224b3c6feefef3f0402', '6.76', '000000006'),
('5854ba70ed6c7d56078869ee33cc14b2', '50/20/12/TOF', '000000009'),
('c2ee2a5c210ae5d8c740380f1eea0a73', '13/TOF', '000000010'),
('2ba74dc92652521655f27d23f28259b6', '29 Ом', '000000021'),
('af9ba06b3c02f9dc93b4dbd3e02c7c77', '20 Гц - 20 кГц', '000000016'),
('ad72b8c41a532ff5d1165866f323e2fc', '1', '000000004'),
('04247fdd307c5fc9360f8a4a6a5172e3', '1', '000000005'),
('3b800bb589a825ceb6a2b39060e3bb21', '29 Ом', '000000021'),
('0014f1a390260cd7f026cdd2c95088cf', '20 Гц - 20 кГц', '000000016'),
('081690450e1b2f81031cf9ca08cbe29b', '1', '000000004'),
('642e1f68e127e91b274a2d42321c0b1f', '1', '000000005'),
('48b521a536a3d3653ee42921372eecfe', '2.5', '000000013'),
('dbb856ba31acce996a070e4f6b66d906', '2.5', '000000013'),
('bb8e1299a53ea8683d1bf50259372fb1', '3.2', '000000013'),
('a82cc2c1a10dc03b28bc735e1322d99c', '3.2', '000000013'),
('a3d922beb590cc8f39016ea083fc52c2', '3.2', '000000013'),
('d9114e2c98728403f860ff8010f5af6d', '3.2', '000000013'),
('8d6b066f7742b4c1fd65f9d627419b5b', '#000000', '000000003'),
('af4712535dbdb00dd71e76ea856f871b', '000009', '000000002'),
('1b1cbdf2f1a95a2c04f16572c360a037', '6.5', '000000006'),
('0b226e9dadcc5fbcbb26932fd45e82d7', '13+2 Мп', '000000009'),
('fb08fb516d8513ac0e1d1a8570419a4b', '5 Мп', '000000010'),
('402295eb6bac42b78481122329a57ea9', '00005', '000000001'),
('c1708d3ee4c165078aa60948171cd0f4', '#000000', '000000003'),
('4ce01340e0b5f4e186ecf2c1f3dd1749', '000009', '000000002'),
('85375b5a4927dce792d2bdd1bb00ab60', '6.5', '000000006'),
('f86dd8033b8025e390ef0928e067c43c', '13+2 Мп', '000000009'),
('22e41c82e4ed243ab848afce2a31aa26', '5 Мп', '000000010'),
('4e324d8dfab91a38125fcd2e153a20fe', '00005', '000000001'),
('8704f3c5be8305d0c8db0ccf549fd73e', '6.53', '000000006'),
('c04889979adc02ea0ba0cfbaebde7dff', '13 Мп', '000000009'),
('576583ac50da8e665cef246cbde3d399', '5 Мп', '000000010'),
('691bc3fe90fde1bafffadc03a251d91c', '6.53', '000000006'),
('39db0f43eb47c42f599092f9367993ec', '13 Мп', '000000009'),
('c06e4ebfcdca32cb56b3d77fc1e18da7', '5 Мп', '000000010'),
('000000016', 'TFT', '000000037'),
('000000017', 'OLED', '000000037'),
('000000018', '8', '000000040'),
('000000019', '16', '000000040'),
('000000020', '32', '000000040'),
('000000021', '64', '000000040'),
('000000022', '128', '000000040'),
('000000023', '8', '000000041'),
('000000024', '2', '000000041'),
('000000025', '6', '000000041'),
('000000026', '512', '000000042'),
('000000027', '1024', '000000042'),
('000000028', 'microSD', '000000046'),
('000000029', 'microSDHC', '000000046'),
('000000030', 'microSDXC', '000000046'),
('000000031', 'nanoSD', '000000046'),
('000000032', ' Bluetooth', '000000048'),
('000000033', 'Wi-Fi', '000000048'),
('000000034', '1', '000000051'),
('000000035', '2', '000000051'),
('f414ec9d958a005053d26aea289581b6', '000009', '000000003'),
('81796bd236bcc867cccb1a7488755e52', '#000000', '000000004'),
('b4b35377725d29ad5b03be86f9ce473e', '6.5', '000000032'),
('3bf23d165696f23c8e213c82ad7c4ccf', '0.1', '000000006'),
('e465f47a8a1cdc398112622579ece315', '0.2', '000000007'),
('861ef53cf9bf40187b9ab746bbb2b3ad', '0.11', '000000008'),
('71867792ca00cc1c884152e310c424cc', '0.15', '000000009'),
('ac47692df62547959d277adea197e8a1', '000009', '000000003'),
('14a8ee1115bde770f00a7a64ce467516', '#000000', '000000004'),
('87bf02c5e08db82a8ac1f73c5a5ac2ec', '6.5', '000000032'),
('ef0934d3028e9d6c981e99d43b4c17f9', '0.1', '000000006'),
('8d8ef803455e1b7e61699d09bedfcfa5', '0.2', '000000007'),
('7c2d434cc79a1b059878e9db1b300801', '0.11', '000000008'),
('d758b574b92f65db72ee2d079037fdf5', '0.15', '000000009'),
('db461de3187eff851bba91260bb702df', '000009', '000000003'),
('a15514fd35be0901ae8ad60603e9949a', '#000000', '000000004'),
('b9cc3af20cb6c089f55f2661b0e19720', '6.5', '000000032'),
('761e4c99c53b324d2004d085396eaa57', '000009', '000000003'),
('40ee4f58032ca718cedb65d57698b19b', '#000000', '000000004'),
('c796fc5daf53b17dc3a662fb7b8bf048', '6.5', '000000032'),
('000000036', 'Type-C', '000000056'),
('000000037', 'Micro USB', '000000056'),
('000000038', 'mini jack 3.5 мм', '000000056'),
('6bfc3672873078c5543f91d8b62a5aa9', '6.5', '000000029'),
('9e99eacbf3172439d49de6dd4b4d8659', '6.5', '000000029'),
('000000039', '1440x720', '000000036'),
('d983b4ca76a4bfa7c42437a6444b4e90', '000003', '000000003'),
('546d2cc663eab6919399c02a56f9944f', '000000007', '000000004'),
('beac1e345a7c8f7902cd94fa84aba6e6', '156', '000000001'),
('5261464764fbf9676a22e5d371d4b743', '12', '000000027'),
('488e2e4f3c986f80593920f041cf27be', 'сканер отпечатка пальца; быстрая зарядка; технология распознавания лица', '000000028'),
('1d5f781e5cf97b9db1f467323b8d9a8c', '6.5', '000000029'),
('311e1565691477f7926ac85a808e269c', '1', '000000038'),
('7dde4ce1fcc5e147e9347c5a593ebd2c', 'MediaTek Helio G35', '000000043'),
('f16f4cce775b0607888e99c519575bca', '8', '000000044'),
('8f47a3c1471e823a4ec089bc4ed0e496', '2000', '000000045'),
('1665bfcfd555dfc6dc2da488f1b0817d', 'Wi-Fi; Bluetooth 5.1; IRDA;  USB;  NFC', '000000048'),
('953da3b2bc0f76ce54f16e514f45c7bf', 'GSM 900/1800/1900; 3G; 4G; LTE; VoLTE', '000000049'),
('119011a5ce22e2f39b4dcb954dcd5478', 'ГЛОНАСС; GPS; BeiDou; Galileo; GPS; AGPS', '000000050'),
('95d083c87730708de8a479b3519289ba', 'nano SIM', '000000052'),
('200fc7a7307d2f2fcb706a49cef2f66a', 'Li-polymer', '000000054'),
('264c4b0b5fddddabd331614a7745027a', '4500', '000000055'),
('a1ae9f090ed6411a9e58d94ce314d359', '64', '000000058'),
('f6110225861651bda458b3ee9728346b', '8', '000000059'),
('bb404338ee19a3dd3b6ff41bf65e3ff1', 'макро-объектив; автоматическая фокусировка; цифровой зум', '000000060'),
('e741c9a3ce35cf0be1383ec04b119740', 'Full HD 1080p; AAC; AMR; APE; FLAC; M4V; MKV; MP3; MP4; WAV; XviD; AVI; WMA; WAVE, FLAC; BMP; GIF; J', '000000061'),
('b0ee16b14b9063aeae8cf184bd09b910', '1', '000000062'),
('29fb46797c2f5397193023eaf1c40f5e', 'автоматическая фокусировка; ночная  съемка', '000000063'),
('71e766de6da0cf2bc2fe6c994bb6b27f', 'зарядное устройство; смартфон; документация; чехол; USB-кабель; адаптер; гарантийный талон', '000000065'),
('85b72fd3fb3d1db1d7e7c0d4d763e80d', 'IP67', '000000066'),
('1498ec0b4701397045a2123c1f8fe06d', 'Хрупкое', '000000067'),
('827471e2f326cacfb3f844a482d17038', '1', '000000068'),
('c91a91c84d20cb05aad2c40aae7d7104', '75.7', '000000006'),
('c9243aef31861f9d271f07f774ec7547', '8.3', '000000007'),
('8d76fd1194d1e77b5018452ff84a08ee', '150.9', '000000008'),
('cfc80850b55b9f809b72e3017a28bae9', '194', '000000009'),
('2ea0bca06f2aa0bf56e20c854a31a2e7', '000003', '000000003'),
('b59191a0ddad26b8460c81641a78f9f0', '000000007', '000000004'),
('efabbb8a173e1640a69fc9444ad9d03d', '156', '000000001'),
('679dfadd9adde75519ef06462ae35ed9', '12', '000000027'),
('667c6b82e8f1f1265e3af1419e75e22f', 'сканер отпечатка пальца; быстрая зарядка; технология распознавания лица', '000000028'),
('6445b9dfd22c2f8520610161cb1ab254', '6.5', '000000029'),
('faf75bdd4521fcba1ed9065c7a3e3f42', '1', '000000038'),
('aa61cbcd638322bdb9e03799418e3241', 'MediaTek Helio G35', '000000043'),
('ca55b4903a20f85c356b04e89afe75cd', '8', '000000044'),
('413ed135de985345b8340fd1d550f21a', '2000', '000000045'),
('b107c17d10e53f9d46bc416a71a1b07e', 'Wi-Fi; Bluetooth 5.1; IRDA;  USB;  NFC', '000000048'),
('6d17189046c72760fda931e3550e7301', 'GSM 900/1800/1900; 3G; 4G; LTE; VoLTE', '000000049'),
('ee474d8ca4e4d6ffae75a2889c0e37fb', 'ГЛОНАСС; GPS; BeiDou; Galileo; GPS; AGPS', '000000050'),
('454e6833458a693048de4136d7d54c55', 'nano SIM', '000000052'),
('bf3427aad989d21b2e3bac065066e5d2', 'Li-polymer', '000000054'),
('55bdf50019a22bc7f9c9c7bce2526e40', '4500', '000000055'),
('1ee79aa03a323fb2f6d396658f132ce5', '64', '000000058'),
('9dc4711767ae120aab6b8db638192caa', '8', '000000059'),
('aff5c135f91dae936a9b473d581036ae', 'макро-объектив; автоматическая фокусировка; цифровой зум', '000000060'),
('c7d200a9aba89c8015aff63010945e03', 'Full HD 1080p; AAC; AMR; APE; FLAC; M4V; MKV; MP3; MP4; WAV; XviD; AVI; WMA; WAVE, FLAC; BMP; GIF; J', '000000061'),
('d19984189f211895473b3c111a5ffa8b', '1', '000000062'),
('07dc1ccd4ee0eae3b0072d3a887040b9', 'автоматическая фокусировка; ночная  съемка', '000000063'),
('f44ed135812fd58a2011d02e01c45150', 'зарядное устройство; смартфон; документация; чехол; USB-кабель; адаптер; гарантийный талон', '000000065'),
('6a87bc21d252fdec67e6c2e008bf04b4', 'IP67', '000000066'),
('bd070e6c384d839ebd1c4d974cd87a46', 'Хрупкое', '000000067'),
('7507ea883a1638ac8e9a581d46b0aaba', '1', '000000068'),
('9e20a09e6e86fff0dddb848cb6e37ae5', '75.7', '000000006'),
('8d814ca95cbc9daa84799015ebbb14c5', '8.3', '000000007'),
('b585991e30b3eb540254ab5f2cab842c', '150.9', '000000008'),
('a8acb5cf542b8066579097a1b51d245c', '194', '000000009'),
('f968bebbbc2923b9e29f5e6cba647e12', '000009', '000000003'),
('50b514a7fa0b6946d140d2915323589e', '000000001', '000000004'),
('b98e6bc512ee0bd167006245d56ce709', '0.1', '000000006'),
('5740471910a5f37248369526c50e5d48', '0.2', '000000007'),
('11af36f0cfd71c5b0b9c292ec3eceac6', '0.11', '000000008'),
('d3ae59f26cd5e10ea3eb13f7b09a3d8c', '0.17', '000000009'),
('dbd056c4e3a45e33820316f17523afaf', '000009', '000000003'),
('2eb7b29203e07db025e270b45eefcb54', '000000001', '000000004'),
('ae92c961ab85403f5df717955fcdcde9', '0.1', '000000006'),
('ef32557022f013630664641f2fc912fd', '0.2', '000000007'),
('a31b208e996787f7f49f3279ee6448aa', '0.11', '000000008'),
('3908884544b3cff0c582c7aa461a6550', '0.17', '000000009'),
('4cb0fab73311c3a33fc7c413861c28b6', '000003', '000000003'),
('ccbc539624a254d8eb03199107063baa', '000000001', '000000004'),
('256fd791e85dae133bcf58c082e1df16', '156', '000000001'),
('a9179efe3fd60eda9e794e904710ca49', '12', '000000027'),
('3e1e4ffecb124310fbf093463a90a36f', 'сканер отпечатка пальца; быстрая зарядка; технология распознавания лица', '000000028'),
('bc84bf2cbbb6daffba45105c5ec48473', '6.5', '000000029'),
('46eb40ce9e751b552e2caedaef39754d', '1', '000000038'),
('e7391d25bc775358735c85bec094c844', 'MediaTek Helio G35', '000000043'),
('6a863c5cf7894700101c313b7efb63ce', '8', '000000044'),
('286764e22c842252215d6e9d060b7e80', '2000', '000000045'),
('ec8a27ad405c44f23bcaf64da1de7cc0', 'Wi-Fi; Bluetooth 5.1; IRDA;  USB;  NFC', '000000048'),
('57d7f1a580f15ccbbe93dcb84ec4ef78', 'GSM 900/1800/1900; 3G; 4G; LTE; VoLTE', '000000049'),
('bbc02e3ab3ee60602c143c9c3200eae3', 'ГЛОНАСС; GPS; BeiDou; Galileo; GPS; AGPS', '000000050'),
('098e5013b6b76907bfb50fc1cd3fef05', 'nano SIM', '000000052'),
('9438388c51c157ac10d8d6e452eaa4e2', 'Li-polymer', '000000054'),
('99cbc2d91680b66d59ffb6f24f1261e3', '4500', '000000055'),
('53ebff3b4c22f91e73e2338ef17cd63b', '64', '000000058'),
('de55bf29dd84646a2818483f9e93c3b9', '8', '000000059'),
('9769be9e92ca213ef6db2d9a09f73e43', 'макро-объектив; автоматическая фокусировка; цифровой зум', '000000060'),
('e82ef56d3405438658b79bf548bd6d66', 'Full HD 1080p; AAC; AMR; APE; FLAC; M4V; MKV; MP3; MP4; WAV; XviD; AVI; WMA; WAVE, FLAC; BMP; GIF; J', '000000061'),
('758d3d461d6804c7b205fc889e07e250', '1', '000000062'),
('b7daf170258b91c02964aa2f2e3e9353', 'автоматическая фокусировка; ночная  съемка', '000000063'),
('11cadbd1404be60631db7c09a2ffe9c9', 'зарядное устройство; смартфон; документация; чехол; USB-кабель; адаптер; гарантийный талон', '000000065'),
('901572de37171270fbd0538236cc7371', 'IP67', '000000066'),
('779fa94cab95fa566713eafb7fc43100', 'Хрупкое', '000000067'),
('2b4ddfbce149b7edcc17dbca74a04ec1', '1', '000000068'),
('889deea61eb58ed3fa314294277a6ee8', '75.7', '000000006'),
('e0e15fedd707a516b6249a5342c0b972', '8.3', '000000007'),
('e984059d4f997eb3e531e1592eab1eaa', '150.9', '000000008'),
('1c2675fc27f859d05b73f0d3d9829bfc', '194', '000000009'),
('eb14be2c5985aeee060619597314305c', '000003', '000000003'),
('9e32987a1e3b2ff01edcee1d04448511', '000000001', '000000004'),
('bc4dda1bd2aa7044eeb9573bceca0585', '156', '000000001'),
('b76a2c7cccc0cb9ef3095c584e12ecbd', '12', '000000027'),
('a92745da1e59c5fc97988a43b56836d0', 'сканер отпечатка пальца; быстрая зарядка; технология распознавания лица', '000000028'),
('01a223ff3c8060a485f6850e623a6d14', '6.5', '000000029'),
('ad3fe4a13fe7d876ca8171c606abec90', '1', '000000038'),
('e479c8adaaba4ab9181db8a7a584dbc3', 'MediaTek Helio G35', '000000043'),
('689e9256e4467b2f5bba257abdff6c04', '8', '000000044'),
('826f248aaa406266fd1eac12b8f95afa', '2000', '000000045'),
('41f70c1fa274867645eb1985a72e5868', 'Wi-Fi; Bluetooth 5.1; IRDA;  USB;  NFC', '000000048'),
('86eb7cc1d9e66298bd7d2bb266ce4e2e', 'GSM 900/1800/1900; 3G; 4G; LTE; VoLTE', '000000049'),
('30eebef1cff9275e90e444c56580401c', 'ГЛОНАСС; GPS; BeiDou; Galileo; GPS; AGPS', '000000050'),
('28f216873ffb15ae780f066c5e5e9ac7', 'nano SIM', '000000052'),
('1169a34fc627dd31060ff1fdf031d6ca', 'Li-polymer', '000000054'),
('5a205474941892c492156a1438355929', '4500', '000000055'),
('e601a66d4ec1f79a71890f8d79288f8c', '64', '000000058'),
('701cb8af57a7a08af5186cd7e4a6f5c7', '8', '000000059'),
('fbc983658937de2c5389c62a2236aa47', 'макро-объектив; автоматическая фокусировка; цифровой зум', '000000060'),
('78e04f750588b5763a2bb6b6f7014310', 'Full HD 1080p; AAC; AMR; APE; FLAC; M4V; MKV; MP3; MP4; WAV; XviD; AVI; WMA; WAVE, FLAC; BMP; GIF; J', '000000061'),
('f530f4878d92ea6f6b2140d8b989af39', '1', '000000062'),
('be982101f4790c281c8b50bdacc62c30', 'автоматическая фокусировка; ночная  съемка', '000000063'),
('a95539e2f38aefa3748c3a1b41aab109', 'зарядное устройство; смартфон; документация; чехол; USB-кабель; адаптер; гарантийный талон', '000000065'),
('fbe541089e1a3555845a05a185357092', 'IP67', '000000066'),
('d2e98e7812a8541dc7210d96b3ec6f67', 'Хрупкое', '000000067'),
('d64c5db62b565282a32bb80fd8efad0a', '1', '000000068'),
('ddd17f7a34d49b7f3be3fde7631d4077', '75.7', '000000006'),
('5e282c1f984cdd13f5efe40fb6359f5c', '8.3', '000000007'),
('c0b319c3272c8252bc81739d345b3618', '150.9', '000000008'),
('f7ed896abe7ae44f3ff6a5ddc9cfc85b', '194', '000000009'),
('9b122b6b13369d3e8673ad8b3263a858', '000003', '000000003'),
('a7a446f7084043cc1d83d28060b81a20', '#DD9CB3', '000000004'),
('a424fb381e93683e7deb05584fbc28ff', '156', '000000001'),
('26fb6b1a0b4a9c781bafad13fbf7bb56', '12', '000000027'),
('eb87d8b9760391fec62f971cbe2ba6a6', 'сканер отпечатка пальца; быстрая зарядка; технология распознавания лица', '000000028'),
('0e33d8c05dbb1683ee38b601892104f0', '6.5', '000000029'),
('9d078ef94abf9560b978f94e3081ddea', '1', '000000038'),
('7c51401a9e5f0286e3cbe011139dc9b8', 'MediaTek Helio G35', '000000043'),
('f7820d0f8eff63181338f51ce17193f5', '8', '000000044'),
('94b6a7ef56829a00f8381e0b4b3f0d41', '2000', '000000045'),
('3d4fe8e09c4f9e76bc3699d6073fdf57', 'Wi-Fi; Bluetooth 5.1; IRDA;  USB;  NFC', '000000048'),
('00b4ef8e304dba0cf61ab46af7e48943', 'GSM 900/1800/1900; 3G; 4G; LTE; VoLTE', '000000049'),
('d2b600e9ab19258b59c03366c977ec35', 'ГЛОНАСС; GPS; BeiDou; Galileo; GPS; AGPS', '000000050'),
('ceae73bf485256cfb3e4e17ef7be57ac', 'nano SIM', '000000052'),
('9707769772e1a882bf4a222fd361094a', 'Li-polymer', '000000054'),
('8cbe511b4590f395a2b349ed5e8bc4aa', '4500', '000000055'),
('c3120fe82e9ffcaa9f4f1a9f35528ccd', '64', '000000058'),
('d1e0104a2a2f969987c0cf5187a51fd5', '8', '000000059'),
('e2184478fc7577c1ce7a27c41e1b6821', 'макро-объектив; автоматическая фокусировка; цифровой зум', '000000060'),
('8694cf9e01dc2e59f0f0bfed9274380e', 'Full HD 1080p; AAC; AMR; APE; FLAC; M4V; MKV; MP3; MP4; WAV; XviD; AVI; WMA; WAVE, FLAC; BMP; GIF; J', '000000061'),
('5bad416ee383c441f763342d8d4ebdcf', '1', '000000062'),
('913eb45c1d5facd893aafd9ac48c2812', 'автоматическая фокусировка; ночная  съемка', '000000063'),
('c76f1e186db3df5ff1e03af29bd70d94', 'зарядное устройство; смартфон; документация; чехол; USB-кабель; адаптер; гарантийный талон', '000000065'),
('9a440437d3ce412ea13e1deaedaf3d07', 'IP67', '000000066'),
('96a182a81cd22d67b9c3a58efc1971d8', 'Хрупкое', '000000067'),
('9a39bb64b364fd39fbf95f446f6adf4b', '1', '000000068'),
('e8da03d8dd870f09c117295d7fa38d25', '75.7', '000000006'),
('8e20ed8fa3ef48eeb3af323fec3b0f4c', '8.3', '000000007'),
('85fa594cc751afca4b6fd8d4331dccd1', '150.9', '000000008'),
('8d9b9c052f76a3aabdadc1c925400a76', '194', '000000009'),
('37d0087da979a931e7fe89a43cd0d6a2', '000003', '000000003'),
('79e3d62a37aee0ecc59dbc847076d07a', '#DD9CB3', '000000004'),
('0f8f90cbb27c5a3f9224c74052115a2c', '156', '000000001'),
('c8c250c14e88bd7397584b5b8bb3c66d', '12', '000000027'),
('0ae65c4a5e29e251b2442148c7b36be0', 'сканер отпечатка пальца; быстрая зарядка; технология распознавания лица', '000000028'),
('da11f2ecdd1a9623afb3b80e5076af84', '6.5', '000000029'),
('86f1a3529ad9369113672a373e566c08', '1', '000000038'),
('9b0aadcf410397ff3ee270406ae76e36', 'MediaTek Helio G35', '000000043'),
('c72c572032e42ed71cbeb4dc32115bb8', '8', '000000044'),
('01fea198b8e4aed64ba8003b9c585909', '2000', '000000045'),
('db52f96078b2d9a0c0afc4edfc08fef9', 'Wi-Fi; Bluetooth 5.1; IRDA;  USB;  NFC', '000000048'),
('6c4ceeaf8e2b80f6bcf9f79a2100bb0b', 'GSM 900/1800/1900; 3G; 4G; LTE; VoLTE', '000000049'),
('93260702621108379b52dfb7a0effc25', 'ГЛОНАСС; GPS; BeiDou; Galileo; GPS; AGPS', '000000050'),
('b24c62ae809aa11bedb5bb00216c7421', 'nano SIM', '000000052'),
('427d380c79dc091f237eef2eadf85af2', 'Li-polymer', '000000054'),
('0c8c6f5a96413e038b4ca52b09e6b5ca', '4500', '000000055'),
('8c69ba210d947dbcb50616d56c5e99d1', '64', '000000058'),
('fdb3590a2afc3f849289f0fc4b900944', '8', '000000059'),
('dedb8bad8671ac142018eb3e3dab5bc4', 'макро-объектив; автоматическая фокусировка; цифровой зум', '000000060'),
('37aec53647420fb076b28ee89b9d5df5', 'Full HD 1080p; AAC; AMR; APE; FLAC; M4V; MKV; MP3; MP4; WAV; XviD; AVI; WMA; WAVE, FLAC; BMP; GIF; J', '000000061'),
('d98d9375649a8016992d2b5cabe2e1d0', '1', '000000062'),
('60ced7561ff33554bb351cc1e10bbf50', 'автоматическая фокусировка; ночная  съемка', '000000063'),
('c3ccac57d62499fd906a41ec0da65a01', 'зарядное устройство; смартфон; документация; чехол; USB-кабель; адаптер; гарантийный талон', '000000065'),
('a7756009febf221407bd447b7fb6b580', 'IP67', '000000066'),
('7b2cc6c04841dd7f7390b76919fb0f58', 'Хрупкое', '000000067'),
('1029461b0a013bbf62eea645d2559b86', '1', '000000068'),
('511db1a8bf708e962fa298ebd83f68ca', '000003', '000000003'),
('6a2f207759f7a1ecdaa0b9608c3abd99', '75.7', '000000006'),
('320c773959bad91360bfcba8c63d8114', '#DD9CB3', '000000004'),
('418aaa3bc1edb7fadbe3dce7b5872056', '8.3', '000000007'),
('08f0b3e71efdf1e1a461c395abd53011', '156', '000000001'),
('5a8a4ffbe8f7afc8484b03ae40c9b14f', '150.9', '000000008'),
('855ecf910239d86e0819483083401b9f', '12', '000000027'),
('7c62b14e3a7be7b0b130c2105dd4e64b', '194', '000000009'),
('4e96ff07c037d69f3f459b0f7b90ee52', 'сканер отпечатка пальца; быстрая зарядка; технология распознавания лица', '000000028'),
('2100f7c7b5548ecf741c596ecd4db56c', '6.5', '000000029'),
('6295318e0ef2a4f1c9e226e474f728b4', '1', '000000038'),
('393631aaf706b4c818e5448a0395765d', 'MediaTek Helio G35', '000000043'),
('bb10d7e099641409290b8eb2f9349d7d', '8', '000000044'),
('72260d70ad2e8133f2546e0b4a3d7fbb', '2000', '000000045'),
('00c3b66dfc245e6ad3b53c4f00c905ec', 'Wi-Fi; Bluetooth 5.1; IRDA;  USB;  NFC', '000000048'),
('610741faad573c88cad87d05e24efdba', 'GSM 900/1800/1900; 3G; 4G; LTE; VoLTE', '000000049'),
('098246bf8c039c11bf29b7a1b0afa86c', 'ГЛОНАСС; GPS; BeiDou; Galileo; GPS; AGPS', '000000050'),
('e39f873eac0a5ed442292404935b118a', 'nano SIM', '000000052'),
('28f537cbd8642b9cc2674d912eaeadc5', 'Li-polymer', '000000054'),
('86361180a12b0d1e793cbec95d7e2e7d', '4500', '000000055'),
('58806d10b2f09a6454cbb7e3afc0194d', '64', '000000058'),
('2c626e8648f245ef2385125d7bfa3976', '8', '000000059'),
('e3601dfe4d1c5a73a0213f9586940e55', 'макро-объектив; автоматическая фокусировка; цифровой зум', '000000060'),
('40bf8d472dfd2ebb010adc4a8526d643', 'Full HD 1080p; AAC; AMR; APE; FLAC; M4V; MKV; MP3; MP4; WAV; XviD; AVI; WMA; WAVE, FLAC; BMP; GIF; J', '000000061'),
('787bcac32ccc43a82aca7e3e964ef7b7', '1', '000000062'),
('8dc46b8d98938e341d79021f747123c7', '000003', '000000003'),
('506383b6be4cee181dfcdd85d958b470', 'автоматическая фокусировка; ночная  съемка', '000000063'),
('c3b36e98116f670842e836968b4851da', '#000000', '000000004'),
('72377741e61e601c70a89e44d277600f', 'зарядное устройство; смартфон; документация; чехол; USB-кабель; адаптер; гарантийный талон', '000000065'),
('30dcbfc2c75f8be45346153466bbdac6', '156', '000000001'),
('f816ca7752329ae25af302beb287f2af', 'IP67', '000000066'),
('942ec3b241c38bdb0fbcd4e1ea811c40', '12', '000000027'),
('f71b6286151e2d2d5c6b7dade81d2776', 'Хрупкое', '000000067'),
('1d55826adb06d0b4838e352d0ce1b2f7', 'сканер отпечатка пальца; быстрая зарядка; технология распознавания лица', '000000028'),
('b6cae323d9472c8c106f9f46abf48744', '1', '000000068'),
('668429a00b9542a50fdf72a97477762d', '6.5', '000000029'),
('3e33867dc197af05c94783747af02fa8', '75.7', '000000006'),
('83bc15901ece1b484220abb1095a157b', '1', '000000038'),
('b52273bf4b8264e1e52c58193c27464a', '8.3', '000000007'),
('53eff9a72935d11a2776c830f6b4ad2e', 'MediaTek Helio G35', '000000043'),
('509dd833cfa333c0fd9e8f89468f0099', '150.9', '000000008'),
('672e55ea85e9c2f735f3cbbe7140d30e', '8', '000000044'),
('39807bf82306a3d2d6266ac296d7f1a1', '194', '000000009'),
('f7814d2b734ebe3f5441b331e37fc4be', '2000', '000000045'),
('a285aad1af69674ffc35113775c72dcd', 'Wi-Fi; Bluetooth 5.1; IRDA;  USB;  NFC', '000000048'),
('e3e9c7897b093d2348b8e5e4a9efb822', 'GSM 900/1800/1900; 3G; 4G; LTE; VoLTE', '000000049'),
('0f8e6e6943d813755efd1c3423c2625b', 'ГЛОНАСС; GPS; BeiDou; Galileo; GPS; AGPS', '000000050'),
('fb40bebde2df7bb03b70ea2b2d57e7b7', 'nano SIM', '000000052'),
('762f3ef0cc1d126b216d104e82f1cf0e', 'Li-polymer', '000000054'),
('8c2c6451262e6c9b5870db4095bd17c4', '4500', '000000055'),
('f5a4f4b08d34460ebb40d06557af6655', '64', '000000058'),
('71fd69ed719c4a02b7221c8626013411', '8', '000000059'),
('5e2476fec4fe525a994d3eb11f43d914', 'макро-объектив; автоматическая фокусировка; цифровой зум', '000000060'),
('4e91a74afd186576ae782c46bd2e5125', 'Full HD 1080p; AAC; AMR; APE; FLAC; M4V; MKV; MP3; MP4; WAV; XviD; AVI; WMA; WAVE, FLAC; BMP; GIF; J', '000000061'),
('962a5dbb2b06fdac1a26005664186871', '1', '000000062'),
('e3331d5b7eb5dabbc9abb5d8ab0a0909', 'автоматическая фокусировка; ночная  съемка', '000000063'),
('d5ea3050422b01f29b4f576505029adf', 'зарядное устройство; смартфон; документация; чехол; USB-кабель; адаптер; гарантийный талон', '000000065'),
('72cf46bf9379c16e03240730692dad4c', 'IP67', '000000066'),
('0ac692ec07caefc84c4c3b984a47e2fe', 'Хрупкое', '000000067'),
('c8f27c4fc7574f0c9276b32b51be342d', '1', '000000068'),
('1bf1766e31b3790c83b270bc49f8091c', '000003', '000000003'),
('692bef8d14d6e1536f2f232feebf1c97', '75.7', '000000006'),
('52cc51d12a010cfb58155aa2b85eea65', '#DD9CB3', '000000004'),
('b1c533c070f59d1ad76c091197ba543e', '8.3', '000000007'),
('abae4810775e0c2cb7a8d0f3347e5d60', '156', '000000001'),
('3c280e11ef67e06c44ab9574e7d65af9', '150.9', '000000008'),
('0edf332c91e2830976628592bca6b901', '12', '000000027'),
('0c0f184658a789ff7a5a635f3a05cf95', '194', '000000009'),
('84624ff3746132c7517666bce1b8c6bd', 'сканер отпечатка пальца; быстрая зарядка; технология распознавания лица', '000000028'),
('4a94944db90a9f0299b4a878c3de5301', '6.5', '000000029'),
('50ed4598a413d240887e59f11ed3ce13', '1', '000000038'),
('3c668a9e91116370e6b07dc3e86bc0c1', 'MediaTek Helio G35', '000000043'),
('2005e6c5d90173fb25e93926f5ed45fc', '8', '000000044'),
('ff7184352a1474c387d1ffd89c068fcf', '2000', '000000045'),
('f4a9fb224cf571cff31e2dfe78472197', 'Wi-Fi; Bluetooth 5.1; IRDA;  USB;  NFC', '000000048'),
('62ca539ad3f8db0bb51553ed98f2aa23', 'GSM 900/1800/1900; 3G; 4G; LTE; VoLTE', '000000049'),
('e0d560c4eca13e2a0db6bcc387eac34f', 'ГЛОНАСС; GPS; BeiDou; Galileo; GPS; AGPS', '000000050'),
('8573b41c7e41526556c08db97ec68117', 'nano SIM', '000000052'),
('1fb825d3f887912f6a9f3c347bb70d1b', 'Li-polymer', '000000054'),
('f65b67f56561443b3e5c23056507001e', '4500', '000000055'),
('8e3d99b85a745aa53b4749d4cbd6101c', '64', '000000058'),
('c9a4a1444cae0bef9204f8456b6a5f80', '8', '000000059'),
('457ef611b37e6dbe0ebb34cd0fdc7bb8', 'макро-объектив; автоматическая фокусировка; цифровой зум', '000000060'),
('49dfa79b2c9d24e18a8755784e96ba18', '000003', '000000003'),
('274376db51928bb7cc3b4a85e4610804', 'Full HD 1080p; AAC; AMR; APE; FLAC; M4V; MKV; MP3; MP4; WAV; XviD; AVI; WMA; WAVE, FLAC; BMP; GIF; J', '000000061'),
('080db507f49e39bdb01aede06f44a526', '#000000', '000000004'),
('7bd809bca8f2b682c661554a5ec7fde1', '1', '000000062'),
('63e240fde462eb4b94cb4e0fd40fa93c', '156', '000000001'),
('b32cb73bd154c0bc4d31b34cf29b25b7', 'автоматическая фокусировка; ночная  съемка', '000000063'),
('324afe055713053e3a0b831cc3c89a98', '12', '000000027'),
('0517d8cf4654a99ca0d13ccfd441f13b', 'зарядное устройство; смартфон; документация; чехол; USB-кабель; адаптер; гарантийный талон', '000000065'),
('ea819507236cbd7f6707c5cb8564fcbe', 'сканер отпечатка пальца; быстрая зарядка; технология распознавания лица', '000000028'),
('f20aa56b81247049e72ad236afd7465b', 'IP67', '000000066'),
('3164b0d3c78fcf85a456233182b18ad9', '6.5', '000000029'),
('d74947a292e05d7d815202f77a8a20e8', 'Хрупкое', '000000067'),
('36d300fea57c4fbd534693442501c629', '1', '000000038'),
('cfe75e63cb7f11625f6d6e2fb1af9e89', '1', '000000068'),
('9e1a6ae5d3905dd72c0e38951b580dd8', 'MediaTek Helio G35', '000000043'),
('f277a00ad0a7281924d9bece963c3a71', '75.7', '000000006'),
('160c79f45363e4f3c5671a9bf0a172c9', '8', '000000044'),
('32289d94e1b99c5310f622b4ba39534f', '8.3', '000000007'),
('2ed40af4e358bcebe9ba75899d3fcc1b', '2000', '000000045'),
('35c502b1292616c29ee9121026da37bf', '150.9', '000000008'),
('ea3eed2b123a36f87b7ce9bc8a5a4dc8', 'Wi-Fi; Bluetooth 5.1; IRDA;  USB;  NFC', '000000048'),
('048ce3c911fc04d0cffab2eb4ad544d1', '194', '000000009'),
('5b85062e6c6b15032ae0281bbd5a84d0', 'GSM 900/1800/1900; 3G; 4G; LTE; VoLTE', '000000049'),
('b4fd8c92e7a6885f73fff48c221d1c1c', 'ГЛОНАСС; GPS; BeiDou; Galileo; GPS; AGPS', '000000050'),
('aa7cd034ac01eca81c17dd96deab742b', 'nano SIM', '000000052'),
('b80a91942b8c91c87ae15c6f7f048967', 'Li-polymer', '000000054'),
('78af77cf2de1fa0fe6d1bc3003325dba', '4500', '000000055'),
('254026461d9bb97ba99247aa71277d01', '64', '000000058'),
('41ffc7402e0da38de25e53cdb92245c7', '8', '000000059'),
('3a5ae372098a5cd33d2d10fe4cb6424c', 'макро-объектив; автоматическая фокусировка; цифровой зум', '000000060'),
('5413b66f58b331221a62d3f0fdd0892f', 'Full HD 1080p; AAC; AMR; APE; FLAC; M4V; MKV; MP3; MP4; WAV; XviD; AVI; WMA; WAVE, FLAC; BMP; GIF; J', '000000061'),
('1b47ea2e6b65386e1fce9a1156851aeb', '1', '000000062'),
('17d423495c4ca98dd4b2e0cd52c288b7', 'автоматическая фокусировка; ночная  съемка', '000000063'),
('3fa2066b2a8edbd96e1f4f04683d4537', 'зарядное устройство; смартфон; документация; чехол; USB-кабель; адаптер; гарантийный талон', '000000065'),
('a2f6be28db8920759b8fe1a96d970dd5', 'IP67', '000000066'),
('9a5ac51f15b1e177362aba8e9c33a93c', 'Хрупкое', '000000067'),
('d08da22a231949b139aa40b77b58499e', '1', '000000068'),
('0844af8f93f28f999c7f7d3ad3fa1f09', '75.7', '000000006'),
('e86de71b69743fa855d18996e216203f', '8.3', '000000007'),
('1f30150d2b504e5c9f11fe4a5acff349', '000003', '000000003'),
('6dfc2f96433ecad1f57d1e40c6262e70', '150.9', '000000008'),
('afe82d77aa4bcab24ff9cafdc8a76580', '#000000', '000000004'),
('71042f8c3a75f12ad66023cd95b4186c', '194', '000000009'),
('1cd5cbb8cdc0e958d34c02074ac19904', '156', '000000001'),
('8f2cf41994b6d6e43795c9f2127c4673', '12', '000000027'),
('aa3f6093f9d6acd96ee9ae483af89a58', 'сканер отпечатка пальца; быстрая зарядка; технология распознавания лица', '000000028'),
('d4b64320a2536dee0675a1222101b2f2', '6.5', '000000029'),
('0b49f646b5f97a2f67d233996380a5fa', '1', '000000038'),
('c5ad9d8410d61d2e47529f18a956f570', 'MediaTek Helio G35', '000000043'),
('ada267c0c94ea97f78ffec33548ff944', '8', '000000044'),
('9274182a61db79abf28012e73fd144b4', '2000', '000000045'),
('4d6c507d32965359abe01e16adf4d9ba', 'Wi-Fi; Bluetooth 5.1; IRDA;  USB;  NFC', '000000048'),
('5d88a20e0cb6f1395186dd1345a01208', 'GSM 900/1800/1900; 3G; 4G; LTE; VoLTE', '000000049'),
('99b7d53be5a878adbb9a91b73b69a576', 'ГЛОНАСС; GPS; BeiDou; Galileo; GPS; AGPS', '000000050'),
('c455998c5594acc31b9069d67a161116', 'nano SIM', '000000052'),
('d37d9c6c60c02b747321b7c9af79b8a9', 'Li-polymer', '000000054'),
('752bd6742d323d01214f9055be627b66', '4500', '000000055'),
('a9f2170a7383b29a136640c1d5c35860', '64', '000000058'),
('d9ce9216faf6957fce49d5e149cec3be', '8', '000000059'),
('665fd86d86cf925eb5dbeb3a7f95d9b9', 'макро-объектив; автоматическая фокусировка; цифровой зум', '000000060'),
('3688c3499bbf115228c730bd105e7e98', 'Full HD 1080p; AAC; AMR; APE; FLAC; M4V; MKV; MP3; MP4; WAV; XviD; AVI; WMA; WAVE, FLAC; BMP; GIF; J', '000000061'),
('31a4f5f0e7b4aaac21306175f4756a57', '1', '000000062'),
('902b8ff49dcdcc173fc405f00dfce7d0', 'автоматическая фокусировка; ночная  съемка', '000000063'),
('58c690b5e3334666b6fa2f62e165ca50', 'зарядное устройство; смартфон; документация; чехол; USB-кабель; адаптер; гарантийный талон', '000000065'),
('702bd290d31a2bfe5aa980f7adf41a1b', 'IP67', '000000066'),
('303bd0b4988e30ef0751ef2f66818b55', 'Хрупкое', '000000067'),
('eafea3c9ea2897499c2d0849f2cd2c02', '1', '000000068'),
('d7f388e2d5ca55d06cc2ea54546cec99', '75.7', '000000006'),
('18460cfcd0717bcb1ee630d2cb842784', '8.3', '000000007'),
('f10fe406f6ff3b083dfd115176e0e64d', '150.9', '000000008'),
('59dfe3ce718365884d75c0684a103104', '194', '000000009'),
('28556590acbc9cc594614c9dbffbe6db', '000003', '000000003'),
('f19339cf9206ff1c57be3456d36db485', '#000000', '000000004'),
('e409c0c8a9327a3038d214e26a689c1e', '156', '000000001'),
('644d49bd1d828f1ecf13d9994ba2ac67', '12', '000000027'),
('7305ef34372ef66988fd0c25f430e370', 'сканер отпечатка пальца; быстрая зарядка; технология распознавания лица', '000000028'),
('db8237057d0284df201da68a8fcbe135', '6.5', '000000029'),
('73c1f10046589b167ec9f05c52c997d5', '1', '000000038'),
('cc3f4240b34b83cb0a9f45f46fe737b7', 'MediaTek Helio G35', '000000043'),
('7ebf46e8bd432e9e641334f7363cda3a', '8', '000000044'),
('5effdded0ae991df5aaffcce45ee26ed', '2000', '000000045'),
('b7810427f0dafcb56da8fed79591cac9', 'Wi-Fi; Bluetooth 5.1; IRDA;  USB;  NFC', '000000048'),
('f7d0962031e5bec1a2d317c4b60079a3', 'GSM 900/1800/1900; 3G; 4G; LTE; VoLTE', '000000049'),
('90e1a6ff61387984d26a06d6b67dae9a', 'ГЛОНАСС; GPS; BeiDou; Galileo; GPS; AGPS', '000000050'),
('34f64ac9b2982baa94937aa17780f5f2', 'nano SIM', '000000052'),
('440958e392e44d41d057a04e1c1fd697', 'Li-polymer', '000000054'),
('f7b65cf42ff1ee3cb2b1efc6a224167b', '4500', '000000055'),
('00df2749184f3a1da647981fe05b5577', '64', '000000058'),
('9049cd24ab8d2cce1a70078f92de3d2b', '8', '000000059'),
('ffe0ab946e9038aa96306680c8afe776', 'макро-объектив; автоматическая фокусировка; цифровой зум', '000000060'),
('5adb682f53d48d64b4ad2d487e9710a4', 'Full HD 1080p; AAC; AMR; APE; FLAC; M4V; MKV; MP3; MP4; WAV; XviD; AVI; WMA; WAVE, FLAC; BMP; GIF; J', '000000061'),
('dc138f8593499d137434f6463e43a5fd', '1', '000000062'),
('af22922c4f898efdb82584ec63c782be', 'автоматическая фокусировка; ночная  съемка', '000000063'),
('2fa5f0c9f99255a6238bea934dffa56d', 'зарядное устройство; смартфон; документация; чехол; USB-кабель; адаптер; гарантийный талон', '000000065'),
('3bd78d0c1d942d73c9c30606d1ba9ca7', 'IP67', '000000066'),
('beffc4d7d5601f3c1b1e0c078a89b909', 'Хрупкое', '000000067'),
('313ce1283a76fe9eb79a579822c86906', '1', '000000068'),
('7b8aa04e6d8ea5a32d6d972c4d8a686e', '75.7', '000000006'),
('8fabf04197c756e18db588d6033d35ed', '8.3', '000000007'),
('5a1f1387490646830fd7bb87ff0bebd0', '150.9', '000000008'),
('c790dc9f020744a58b808008cf7256df', '194', '000000009'),
('96fbdb742199f3650d44ecd5f9a9eccf', '6.76', '000000032'),
('dc9ee9b92edf59e40e86ccac7e667037', '6.76', '000000032'),
('96d5c575dc2e6124c7453ff848098269', '000010', '000000003'),
('e6e39ada64e893e55e60dc4397cf5b04', '#A6CAF0', '000000004'),
('5d46152ba09fb8309e891d88b2f99a10', '156', '000000001'),
('f405c94f04b7fe47bc077818f1b76a80', '12', '000000027'),
('cdf029a920cd611a9851a1de137b788a', 'сканер отпечатка пальца; быстрая зарядка; технология распознавания лица', '000000028'),
('843572893c71e2ae5f5a21de81ae3f6e', '6.5', '000000029'),
('08dcdc882c2e944c401e789373d78e08', '1', '000000038'),
('a1df85aa273998efd8fa3f517e99339e', 'MediaTek Helio G35', '000000043'),
('edc238946aadcc48f0f347e1419dfc78', '8', '000000044'),
('e4d9433ce22318f86f666f7f7576beb7', '2000', '000000045'),
('09183b1f801a9a058dac7e014f08278d', 'Wi-Fi; Bluetooth 5.1; IRDA;  USB;  NFC', '000000048'),
('ce2acde8e6f54da46a6fa4e7395de759', 'GSM 900/1800/1900; 3G; 4G; LTE; VoLTE', '000000049'),
('ef8d49d999c2640b0d0ff853e80cffe5', 'ГЛОНАСС; GPS; BeiDou; Galileo; GPS; AGPS', '000000050'),
('80df4ab7d11d1473da8db12f9784a085', 'nano SIM', '000000052'),
('eb55fc6ae80be7cb4dc356cbbe927b8b', 'Li-polymer', '000000054'),
('39a92d01f7fd4b1e20a69253444f5f78', '4500', '000000055'),
('2affef0dba8d7cec4f5839f62715862d', '64', '000000058'),
('15147627c4df4064a353b3a9a890e493', '8', '000000059'),
('90268204c124b54c2208c59c87bbd8fc', 'макро-объектив; автоматическая фокусировка; цифровой зум', '000000060'),
('6ef5b586748167411edbf6f290da7b46', 'Full HD 1080p; AAC; AMR; APE; FLAC; M4V; MKV; MP3; MP4; WAV; XviD; AVI; WMA; WAVE, FLAC; BMP; GIF; J', '000000061'),
('37a0d8a4e16807f40c907816b8f1a891', '1', '000000062'),
('8ee79d3f23fc851e79fdd82fc19cfd78', 'автоматическая фокусировка; ночная  съемка', '000000063'),
('c819fddb395c1fe344568045e9ac503a', 'зарядное устройство; смартфон; документация; чехол; USB-кабель; адаптер; гарантийный талон', '000000065'),
('8ca9bcca5ed8b0e35ce03f65cdee3fdb', 'IP67', '000000066'),
('0b1a744a5132d5053b3687c7e89a6737', 'Хрупкое', '000000067'),
('d2dfd9e4cde350542503242fe4070337', '1', '000000068'),
('6ea660966723d89e240d859d4d33cd21', '75.7', '000000006'),
('1475191611e331b83f4bba8240af18cf', '8.3', '000000007'),
('2359254f927c77cffde26c248039fac1', '150.9', '000000008'),
('29aa36f9b66660a177cb451abae40e63', '194', '000000009'),
('28001ba288e3004271bc908c5a3e2e6c', '000010', '000000003'),
('043319ebb7d42d02504c3c808ac73271', '#A6CAF0', '000000004'),
('fff5e00c9ff70b5c158c29e6bc761ef3', '156', '000000001'),
('fe8cee7262ac01d8fc3e654a14af6939', '12', '000000027'),
('e8037809be75e7ba1ed1f3ccba26c63a', 'сканер отпечатка пальца; быстрая зарядка; технология распознавания лица', '000000028'),
('9ccaf7cdc733aad175f9e2c8afa21028', '6.5', '000000029'),
('22382410e6d4f2d1bc580ba73b7c85fd', '1', '000000038'),
('bc8aeb05d2b22d1b98d1b424b31954d7', 'MediaTek Helio G35', '000000043'),
('6e05b52278d9f349d9a4c0cd21d3644d', '8', '000000044'),
('8f0760dfa252e38a5574d134f833f31b', '2000', '000000045'),
('0e07e9f4ad84136f46aca7288ae3bdba', 'Wi-Fi; Bluetooth 5.1; IRDA;  USB;  NFC', '000000048'),
('f3029bbd94e20c9fef4cc149f9e94793', 'GSM 900/1800/1900; 3G; 4G; LTE; VoLTE', '000000049'),
('eca5b32a0b7e4e454d2a10b9b0794254', 'ГЛОНАСС; GPS; BeiDou; Galileo; GPS; AGPS', '000000050'),
('c002b2176ec83dfd3a4ff79d3f679cb8', 'nano SIM', '000000052'),
('13da4d270a1750c2145d1eeb417157a4', 'Li-polymer', '000000054'),
('f8615c8e6decdbc77f6ae260c9e56b15', '4500', '000000055'),
('cace9dac3d045538a130cae2a27f3fe8', '64', '000000058'),
('588a3147021de96f268c7799c432bbb3', '8', '000000059'),
('0e09ab1272e43234e8581a96db3404c6', 'макро-объектив; автоматическая фокусировка; цифровой зум', '000000060'),
('0b4b4d42fc3c7daf46c7da7ec1eaab7a', 'Full HD 1080p; AAC; AMR; APE; FLAC; M4V; MKV; MP3; MP4; WAV; XviD; AVI; WMA; WAVE, FLAC; BMP; GIF; J', '000000061'),
('eb6ff55c895acbb1762b4726efa2de37', '1', '000000062'),
('2e80af53e73563affddd5ef4445badf8', 'автоматическая фокусировка; ночная  съемка', '000000063'),
('b48b543c7c3356cc14b2157a4ea0db97', 'зарядное устройство; смартфон; документация; чехол; USB-кабель; адаптер; гарантийный талон', '000000065'),
('2d94bd44178b752ae64a4cf6fb5aa41e', 'IP67', '000000066'),
('9b5be53378a07a943463841c9a2d110f', 'Хрупкое', '000000067'),
('1cecc652f69daa880214d84c8758ca28', '1', '000000068'),
('73faddb554875cf14f53f716c11e6391', '75.7', '000000006'),
('fde10cee3a87ab7f344b7c400afd145f', '8.3', '000000007'),
('5719e856f608fada13afc32b0eb2507b', '150.9', '000000008'),
('3eab50691ba91c4c033724ed43a6ac50', '194', '000000009'),
('b2cca7c2a320c5d8c750807895ae7fe8', '000010', '000000003'),
('bf0cfb36a078354b388c29022fa8df99', '#A6CAF0', '000000004'),
('a94f2465aa2859e1df3fdc4c3bdcc076', '156', '000000001'),
('01d9d7cd6be1a84f1091e74468ac7aec', '12', '000000027'),
('a0242a6225be04237316b5cf7ff96b65', 'сканер отпечатка пальца; быстрая зарядка; технология распознавания лица', '000000028'),
('ee5a4147e55b3da0763bc97568aa4d73', '6.5', '000000029'),
('7aa3e8ac0f353a265f67533a4b898559', '1', '000000038'),
('ca6833a7388abf528e59f9d285978d16', 'MediaTek Helio G35', '000000043'),
('566a437d8d381d2f905ce75ccf3b2116', '8', '000000044'),
('c1e0b21eee7e960714a181cc11b463ce', '2000', '000000045'),
('78727fdb4ac5742dccbdb568d06f6c0f', 'Wi-Fi; Bluetooth 5.1; IRDA;  USB;  NFC', '000000048'),
('381c9bca416cf33b0787b58d44517163', 'GSM 900/1800/1900; 3G; 4G; LTE; VoLTE', '000000049'),
('eaa61b3f197ded85735612e45e7fefaf', 'ГЛОНАСС; GPS; BeiDou; Galileo; GPS; AGPS', '000000050'),
('c92494abd86f12ca64f4996f6ffb4146', 'nano SIM', '000000052'),
('f490ef51e86c409dd399ee04bcc73be0', 'Li-polymer', '000000054'),
('754f43a88e685870e6f03632286b2f35', '4500', '000000055'),
('fbb79614544f512a3613630b1a2a62f5', '64', '000000058'),
('473dec6ce60338ed5d10e42a1f0e66df', '8', '000000059'),
('18674dbc88d5563613767cd8fa42bbc9', 'макро-объектив; автоматическая фокусировка; цифровой зум', '000000060'),
('47bfb2d80d4850f9d80380d5c5512d77', 'Full HD 1080p; AAC; AMR; APE; FLAC; M4V; MKV; MP3; MP4; WAV; XviD; AVI; WMA; WAVE, FLAC; BMP; GIF; J', '000000061'),
('754c071667bf01b285beecbb94b4de3c', '1', '000000062'),
('e25356ee4dda77992ff89c570d32ca3a', 'автоматическая фокусировка; ночная  съемка', '000000063'),
('1100968e95be9e0061edac773cf199a6', 'зарядное устройство; смартфон; документация; чехол; USB-кабель; адаптер; гарантийный талон', '000000065'),
('c9a234f11e1a516e8131772f34e01fd6', 'IP67', '000000066'),
('e72af745ff0934fe32dc788b2c59a327', 'Хрупкое', '000000067'),
('ef357eb96e54d6396e9b4c30c9ec33b6', '1', '000000068'),
('fd9f47f47ffe5b0601e13b4bc6bce6ad', '75.7', '000000006'),
('1e280f96422a1d6cfcdbd1b45a9d8331', '8.3', '000000007'),
('4965846d919b7a61467427b560cfa9f8', '150.9', '000000008'),
('08e4c691019c4d61d5545b9b39f2b62c', '194', '000000009'),
('fac9a9ea35a83b1e7dd4fb3b50f5b88b', '000010', '000000003'),
('701e50786482bec72237ffe989afe070', '#A6CAF0', '000000004'),
('20d4b9df3e452d3849807b7dc788f820', '156', '000000001'),
('41b05f34054e54ad9288ab855c68592d', '12', '000000027'),
('3131c5ce04f6975a77fcfa418f1a31be', 'сканер отпечатка пальца; быстрая зарядка; технология распознавания лица', '000000028'),
('eedb0e8e51b2f8811828882b8b3f1131', '6.5', '000000029'),
('46dd9ace72a990d5a55bd6c7252a0ac7', '1', '000000038'),
('23334a3627174ff34211c19c2150d839', 'MediaTek Helio G35', '000000043'),
('f5532e446ac744e770b9ac775a3d28f5', '8', '000000044'),
('ca769ea3e8a9a54279ca09cfb25458d3', '2000', '000000045'),
('c9d9f3abd986618200b31655e8600dc1', 'Wi-Fi; Bluetooth 5.1; IRDA;  USB;  NFC', '000000048'),
('78eb0b69ab6cbfe15be63206cae5bbe3', 'GSM 900/1800/1900; 3G; 4G; LTE; VoLTE', '000000049'),
('b0d1a6573c06186075b3fef355a7b080', 'ГЛОНАСС; GPS; BeiDou; Galileo; GPS; AGPS', '000000050'),
('6be81df0746c91f7e0da4a6e6186b77f', 'nano SIM', '000000052'),
('3c2a3edacf33a05625d00fad39520ae9', 'Li-polymer', '000000054'),
('4acd3fe2c752d41db8fdaffda1ea83a5', '4500', '000000055'),
('44097b6bedd72f01369565766fdf9d8a', '64', '000000058'),
('bc4aea296da1d8e4868b53469c1db978', '8', '000000059'),
('d6b1ec97f204b35bb4412e017ccfe8da', 'макро-объектив; автоматическая фокусировка; цифровой зум', '000000060'),
('474c64debbccbfee3d6c8e380a8b3f2d', 'Full HD 1080p; AAC; AMR; APE; FLAC; M4V; MKV; MP3; MP4; WAV; XviD; AVI; WMA; WAVE, FLAC; BMP; GIF; J', '000000061'),
('4ffbe1be828d770f4025aceec93e94cc', '1', '000000062'),
('4c60265395dd4067e2780cb53ae448b4', 'автоматическая фокусировка; ночная  съемка', '000000063'),
('cf0542dff1e4230d54492a1c0323037b', 'зарядное устройство; смартфон; документация; чехол; USB-кабель; адаптер; гарантийный талон', '000000065'),
('adb0b16ee5cae093d09df0343e6185d9', 'IP67', '000000066'),
('1376cae6cf24adb6be62e372f4e2e79a', 'Хрупкое', '000000067'),
('3117206ddef054a3e2a602c100a583f5', '1', '000000068'),
('c7ba6c6bf3d6df70dec40dc8bd1a40a3', '75.7', '000000006'),
('b6abb40bd70d6258de278026054db2e4', '8.3', '000000007'),
('d77c8beac076df4d57ed5e6f00f71add', '150.9', '000000008'),
('a6fec9c679e6bb558b0c956edcab4544', '194', '000000009'),
('2c612cb4a96daac161d6febe9df02e60', '000010', '000000003'),
('135d0f7839720e09140292a4f29be05c', '#A6CAF0', '000000004'),
('270239ebf4d5e13ac8940ebb78824445', '156', '000000001'),
('7d4b231e4acd4d9266a852b2baecfc4d', '12', '000000027'),
('bdad9ada85832dded091679281467864', 'сканер отпечатка пальца; быстрая зарядка; технология распознавания лица', '000000028'),
('184428dc1ec1aff21502305b7e6a9cc3', '6.5', '000000029'),
('ed66a4613427f99267b13aa6ad402cf6', '1', '000000038'),
('d0b8ced3ed02926c2f9d9aba31000db2', 'MediaTek Helio G35', '000000043'),
('93421e9e3eaa2567a3501cb85a3cf472', '8', '000000044'),
('e3e7729e3fd2d4a9fb1303fe85700cda', '2000', '000000045'),
('1767b2f9dac2f8b652ffd5fbf7731988', 'Wi-Fi; Bluetooth 5.1; IRDA;  USB;  NFC', '000000048'),
('c57dce1abe51354e334e5b424b4a6a16', 'GSM 900/1800/1900; 3G; 4G; LTE; VoLTE', '000000049'),
('1a9a4634e44a816fe1e5feddf0f78a26', 'ГЛОНАСС; GPS; BeiDou; Galileo; GPS; AGPS', '000000050'),
('24ad8a35d4d265d70135bc02b5daaf26', 'nano SIM', '000000052'),
('8ca3f405a2dcff137621861b77418de2', 'Li-polymer', '000000054'),
('c636fa36bba4a639d7562eed441a6f17', '4500', '000000055'),
('6a2d004c1e8884e462177c64a3bea3c0', '64', '000000058'),
('ec6b1cd6c42bd72dbdc31d48c6cdf302', '8', '000000059'),
('784557b2f89dbc6b0bcba9111fe965fd', 'макро-объектив; автоматическая фокусировка; цифровой зум', '000000060'),
('0fba0eb45400fc6ebe5fa9f9dab3e7b6', 'Full HD 1080p; AAC; AMR; APE; FLAC; M4V; MKV; MP3; MP4; WAV; XviD; AVI; WMA; WAVE, FLAC; BMP; GIF; J', '000000061'),
('c374ba077da32da2cbcefdcad4a143e3', '1', '000000062'),
('8da39d523c2db44575f1dae5434e1b40', 'автоматическая фокусировка; ночная  съемка', '000000063'),
('1b19d55cbfc9db840eb997d048dcc9d7', 'зарядное устройство; смартфон; документация; чехол; USB-кабель; адаптер; гарантийный талон', '000000065'),
('43c5a9a3bb6e700974850807d31a5cc3', 'IP67', '000000066'),
('51f154daa1efbaac75b759b2fbeb80e3', 'Хрупкое', '000000067'),
('a2e7d376ce5e078278f3844342d24aa5', '1', '000000068'),
('3f90da0b72a16169c9f698c1836d0670', '75.7', '000000006'),
('03613dcd1dbcd62c37ff7833bc59c3d3', '8.3', '000000007'),
('34abf7aba53efe843efa57d7597f5c84', '150.9', '000000008'),
('d03f3e45e63e5a75db2b99951d5cdc33', '194', '000000009'),
('7226bc46c765f406c51ef0a6aac0d28f', '000010', '000000003'),
('84b43a76043e00c939f95031097ab5bc', '#A6CAF0', '000000004'),
('47aed45a7b641c475586050178179cab', '156', '000000001'),
('82c419cb06e7f4e6f9eca648eff39e88', '12', '000000027'),
('3ff8d812f9fb3546d2be448eff53c36c', 'сканер отпечатка пальца; быстрая зарядка; технология распознавания лица', '000000028'),
('926d78ae00bb731e1100b61d44271d3b', '6.5', '000000029'),
('599ee2776b82186dc9e425a1b4efe505', '1', '000000038'),
('4832ac9c2f8ba309a3346010ff17c347', 'MediaTek Helio G35', '000000043'),
('83639bf1d63122f6747be5e33ee7ef14', '8', '000000044'),
('f247c011a98e3ed0ffd9dadfdcee8da5', '2000', '000000045'),
('2cd0b554b88f12ce7467be826d021c44', 'Wi-Fi; Bluetooth 5.1; IRDA;  USB;  NFC', '000000048'),
('bf55469143cf0f08c95080c0f401cacf', 'GSM 900/1800/1900; 3G; 4G; LTE; VoLTE', '000000049'),
('4c94a6dbe5bd2887aaee4a34fa1be2ea', 'ГЛОНАСС; GPS; BeiDou; Galileo; GPS; AGPS', '000000050'),
('45d9e147aca267c6c6a1df66e226409d', 'nano SIM', '000000052'),
('0ef2d005fbdfd4034ba3c1921a699db2', 'Li-polymer', '000000054'),
('bb4721b3b41df0d3f69279fb03c115ff', '4500', '000000055'),
('7da6a47b1d78839f4c5f9bd6dbca6734', '64', '000000058'),
('a42ace5c5b50a5a21edf545f76fe4307', '8', '000000059'),
('fdd92331e8506713e873e16e027a915c', 'макро-объектив; автоматическая фокусировка; цифровой зум', '000000060'),
('8feffafa01626861bf0beba2a5c245d5', 'Full HD 1080p; AAC; AMR; APE; FLAC; M4V; MKV; MP3; MP4; WAV; XviD; AVI; WMA; WAVE, FLAC; BMP; GIF; J', '000000061'),
('2d5502fa71fa1414509fd222d6cfec60', '1', '000000062'),
('42fc1f90853481afcb0d98d090bd0fce', 'автоматическая фокусировка; ночная  съемка', '000000063'),
('8d2dc3a6d4d5139c301287ccbd35d39e', 'зарядное устройство; смартфон; документация; чехол; USB-кабель; адаптер; гарантийный талон', '000000065'),
('f007dd40c1aba51e8b287d3f8f6de740', 'IP67', '000000066'),
('c4cf4e786bd1bced3a9e8fdf2df368a5', 'Хрупкое', '000000067'),
('316ba1a2f3acaf3b17b33a248d5449a8', '1', '000000068'),
('d447672971d27838678476fcd309eba1', '75.7', '000000006'),
('bcaec72a76cc6d40501657f8d822ecf4', '8.3', '000000007'),
('6717904152a25592af63be595afdbb58', '150.9', '000000008'),
('f57740c5fac29fed22d22afdc4048726', '194', '000000009'),
('59c0c545e421ba147e8b751067bd45cc', '000010', '000000003'),
('3a8bb02d7262ce7c2bbd650daef783a8', '#FFFFFF', '000000004'),
('e3d73b4a4cc1c2bbb474c3f57c5c69ba', '156', '000000001'),
('115e418a70f718cc4bb63fc4922912e1', '12', '000000027'),
('4d8cc53b9e7bbe41b79c667ab12f2099', 'сканер отпечатка пальца; быстрая зарядка; технология распознавания лица', '000000028'),
('2db838b5d6624a83c7cd69bfe861b0e9', '6.5', '000000029'),
('f69a2d0fdafb30385becdf836130180a', '1', '000000038'),
('bdca12f209047e1d0ad17eef48c89dac', 'MediaTek Helio G35', '000000043'),
('aaf9e3291e4beef9d533e4853c8479e1', '8', '000000044'),
('0e9c2b128c667805a893b58258388b20', '2000', '000000045'),
('44c547fdfec2f50336c0156b703780d6', 'Wi-Fi; Bluetooth 5.1; IRDA;  USB;  NFC', '000000048'),
('4e7fa902df66060f7aa75edd2fc9c6e6', 'GSM 900/1800/1900; 3G; 4G; LTE; VoLTE', '000000049'),
('83279dbf491899503c6d292f6e82da38', 'ГЛОНАСС; GPS; BeiDou; Galileo; GPS; AGPS', '000000050'),
('b0f7822593a3cbe5ab81196b85eb4198', 'nano SIM', '000000052'),
('9448bea803ab8b066b8c87df4f5349c5', 'Li-polymer', '000000054'),
('69179804966d056a96e33a68c220924c', '4500', '000000055'),
('4def3e68e7874f57604f045e8eb52dd0', '64', '000000058');
INSERT INTO `characteristic_value` (`id`, `title`, `characteristic_id`) VALUES
('401d6279fa5ccbd4a21e6d2f3eea48f6', '8', '000000059'),
('279fbbc8e1606f62933b90536a44c90b', 'макро-объектив; автоматическая фокусировка; цифровой зум', '000000060'),
('e0d9bb24769af5bab4892863af0d3866', 'Full HD 1080p; AAC; AMR; APE; FLAC; M4V; MKV; MP3; MP4; WAV; XviD; AVI; WMA; WAVE, FLAC; BMP; GIF; J', '000000061'),
('dc73e471767f114028ee232b9d8448bc', '1', '000000062'),
('54a353a4d2872cdf8239e4d8f6d5256a', 'автоматическая фокусировка; ночная  съемка', '000000063'),
('7a892d75c3270ab0c3cbeff64f0bc7d7', 'зарядное устройство; смартфон; документация; чехол; USB-кабель; адаптер; гарантийный талон', '000000065'),
('0eb068140d6ed926a0a3a4088a15c401', 'IP67', '000000066'),
('538c9f38be94facf24f092727447643b', 'Хрупкое', '000000067'),
('ee6638ae696d9b26f5192f3de34b659e', '1', '000000068'),
('af9403f1b2394f9997e82426832ab290', '75.7', '000000006'),
('ff1a5cdeef59a68991825888dee29ebc', '8.3', '000000007'),
('664517fd7bea1f2f748b7c61a45e111c', '150.9', '000000008'),
('3f69273f363fd29b0857638bbec92b03', '194', '000000009'),
('b9a6b8628611db44bb8ac044cec4651c', '000010', '000000003'),
('b81d7184572f06c20abe353cfc06bd38', '#FFFFFF', '000000004'),
('c07f23290667f0fd623697583f6a43d5', '156', '000000001'),
('ba4254103dda50fd49d6d46712c02efb', '12', '000000027'),
('04b1821e8819dda5b8939f06c4466a3c', 'сканер отпечатка пальца; быстрая зарядка; технология распознавания лица', '000000028'),
('350d2b35d252f87c3148022c7537fefd', '6.5', '000000029'),
('637fb77acc9e2a5190a9bb856b325965', '1', '000000038'),
('cda1af0c95ace9062ae68ad1c1f5c85b', 'MediaTek Helio G35', '000000043'),
('238c0a69d9ddceab9b5b99081340d771', '8', '000000044'),
('6d8ca8f3d0f0e6d1dbb9f3e3e3601b9a', '2000', '000000045'),
('bd1eef07dbe0b4bfa2c7d30dbce2a541', 'Wi-Fi; Bluetooth 5.1; IRDA;  USB;  NFC', '000000048'),
('8727f9298feba61e8fd9c16b0b41dc63', 'GSM 900/1800/1900; 3G; 4G; LTE; VoLTE', '000000049'),
('152d67dab0134feaa538843a27aa9b45', 'ГЛОНАСС; GPS; BeiDou; Galileo; GPS; AGPS', '000000050'),
('07d94c0daed3a655eafa298dbd798e40', 'nano SIM', '000000052'),
('c6269b33f4b38d596936cb8b8f3855ed', 'Li-polymer', '000000054'),
('1a969757f9c6fa92439edf4c39c967d4', '4500', '000000055'),
('8d16558c256803e3836ecf6a60f80e05', '64', '000000058'),
('8aea486563bf201379908ca13048ac74', '8', '000000059'),
('526a32352f7e7ab581432f40e4a82ed1', 'макро-объектив; автоматическая фокусировка; цифровой зум', '000000060'),
('a94ee94ccbdda5676679fb8832be152a', 'Full HD 1080p; AAC; AMR; APE; FLAC; M4V; MKV; MP3; MP4; WAV; XviD; AVI; WMA; WAVE, FLAC; BMP; GIF; J', '000000061'),
('9191029dcf720988e7a6187c6730b684', '1', '000000062'),
('ead36f2fe80b5263b447ff6f6169e8ca', 'автоматическая фокусировка; ночная  съемка', '000000063'),
('5bb143e17d432bab7b74bf46f97bc12d', 'зарядное устройство; смартфон; документация; чехол; USB-кабель; адаптер; гарантийный талон', '000000065'),
('1c54d83c6d49bd71e490a1833d2d6a69', 'IP67', '000000066'),
('3115ae0a757322a4d372d4d97b8e7813', 'Хрупкое', '000000067'),
('2bdea178b3b05d5d31af5f44ee9f19ff', '1', '000000068'),
('6198f52d38570d11b2de99a2714f1822', '75.7', '000000006'),
('0bb18d97f3e09d4effdcbef99d6755c1', '8.3', '000000007'),
('bf9722490ae88e4f53e6862dbd9e615c', '150.9', '000000008'),
('78ee97d6076c84d388ca7db3b27050bf', '194', '000000009'),
('8b8a2bb782541340eb8097bca97a6eb5', '000010', '000000003'),
('6048a135f15f900ec0c5e52c50ed427d', '#FFFFFF', '000000004'),
('0e95401c9d9589a654f7d677803a63ac', '156', '000000001'),
('86b9ea599de222d4ccac7fd530f39bf3', '12', '000000027'),
('9d4a325a8ebe099349d0bdf5fa6c3f31', 'сканер отпечатка пальца; быстрая зарядка; технология распознавания лица', '000000028'),
('9854d3190d4f7af019c4872307bf3245', '6.5', '000000029'),
('da22b97b5c8a8e6df667f8d38eda2cdc', '1', '000000038'),
('eed47f34298800cc19edb9150a9d75fc', 'MediaTek Helio G35', '000000043'),
('0a4a829b62006742d1938f255006acd7', '8', '000000044'),
('c007892887a3982b81280df80111e147', '2000', '000000045'),
('d1bec7c520963d2a967c7acf9162160b', 'Wi-Fi; Bluetooth 5.1; IRDA;  USB;  NFC', '000000048'),
('4ec99ec75fbe2e38bda5958d502c8e95', 'GSM 900/1800/1900; 3G; 4G; LTE; VoLTE', '000000049'),
('77bf83002373fd08f3b757fa359d68b7', 'ГЛОНАСС; GPS; BeiDou; Galileo; GPS; AGPS', '000000050'),
('4d0c4d2ab82914106f6230c7e9ae76da', 'nano SIM', '000000052'),
('4be5e1877538b65a70ea50ff1b52efd9', 'Li-polymer', '000000054'),
('7b2a7477c0a60562c46d53b0a30b4b33', '4500', '000000055'),
('ed4a677ed7aa7a7164a341f672874a7f', '64', '000000058'),
('00cd359407a56533fb7b6c1b1ac977d6', '8', '000000059'),
('94d38803b86d67bfd670192581900b78', 'макро-объектив; автоматическая фокусировка; цифровой зум', '000000060'),
('0c036d7246b3edf8fb68c8ade9e6327b', 'Full HD 1080p; AAC; AMR; APE; FLAC; M4V; MKV; MP3; MP4; WAV; XviD; AVI; WMA; WAVE, FLAC; BMP; GIF; J', '000000061'),
('53d0a560dfe559d9dbf9cb7e227c66d5', '1', '000000062'),
('e80f5e407cd5a8e9e2734c4380d8fa69', 'автоматическая фокусировка; ночная  съемка', '000000063'),
('c33202544972d045b33af0f5c67356fb', 'зарядное устройство; смартфон; документация; чехол; USB-кабель; адаптер; гарантийный талон', '000000065'),
('ac3846cf6c0505e881ce171829c1df1e', 'IP67', '000000066'),
('26d15ec6266a051761e63abbc3c2d26c', 'Хрупкое', '000000067'),
('0519e0a19b359299664a11bd7f51a1b8', '1', '000000068'),
('48aef4fcf010f8c48ddc79d0a317de7d', '75.7', '000000006'),
('69e33ad7ae03945de73c4119e2bf0439', '8.3', '000000007'),
('d8bf95a8acbd4c86b1700cefae54bc72', '150.9', '000000008'),
('a6761ef0848fa906378add3493b3c544', '194', '000000009'),
('e79c4b069880624df4f12fe2f6b4a20e', '000010', '000000003'),
('306c4b09ba5e5c72c6abee8e8c1a2f54', '#FFFFFF', '000000004'),
('0905992ed879d97daedee9a3677d3b45', '156', '000000001'),
('2a686438a71102d1ce7588571922270d', '12', '000000027'),
('c77b1423863c7d2b8a11dd575b2aee90', 'сканер отпечатка пальца; быстрая зарядка; технология распознавания лица', '000000028'),
('77857a6bfc29654d08ff86ef31550a42', '6.5', '000000029'),
('073b5f80d8b5249e4b5e4fe6a003bddb', '1', '000000038'),
('d69c6163890e5cd6e3a96c89e32faab2', 'MediaTek Helio G35', '000000043'),
('966edb3666bff1e8713968dee3a97a34', '8', '000000044'),
('be551fa90a342af0bf6054d4a3e082c3', '2000', '000000045'),
('a04a3b109481d2a13a2645c0bd236122', 'Wi-Fi; Bluetooth 5.1; IRDA;  USB;  NFC', '000000048'),
('fa186eeab3f0eca143f6128d0ac568af', 'GSM 900/1800/1900; 3G; 4G; LTE; VoLTE', '000000049'),
('644ab21fd4234fdc5443da0587564e9f', 'ГЛОНАСС; GPS; BeiDou; Galileo; GPS; AGPS', '000000050'),
('a57b3eb49610c1346eddebb2498f3837', 'nano SIM', '000000052'),
('ea884b577f42c415a35afe7c1df93561', 'Li-polymer', '000000054'),
('d7738d899a58771a1a0272f1e8f771e6', '4500', '000000055'),
('e09bc312728d6fe0c77c53d436a08df3', '64', '000000058'),
('7fce75d5de209f9e6389e1ffef5e9bde', '8', '000000059'),
('4b2383fb288a8822ec8018cfc7277b8e', 'макро-объектив; автоматическая фокусировка; цифровой зум', '000000060'),
('279af5b831ec859c4e3d9939221a36c4', 'Full HD 1080p; AAC; AMR; APE; FLAC; M4V; MKV; MP3; MP4; WAV; XviD; AVI; WMA; WAVE, FLAC; BMP; GIF; J', '000000061'),
('7f262b507c95f3f5b87d2124220544b6', '1', '000000062'),
('e65b416dbcdde51dc5120571fdecc1b3', 'автоматическая фокусировка; ночная  съемка', '000000063'),
('9a2f1d9c2e14e090a1a8d5f3839a0811', 'зарядное устройство; смартфон; документация; чехол; USB-кабель; адаптер; гарантийный талон', '000000065'),
('d0e3351cfbec61ea113475a446a11eff', 'IP67', '000000066'),
('d8fe59b274a41df417faadbf10148dea', 'Хрупкое', '000000067'),
('41c57d6e9ffae4164ff2600d31de712a', '1', '000000068'),
('1d9f93aa90230a0ab5981c5fad1da624', '75.7', '000000006'),
('1f9cd234f7f7ad52818bcb2f5934bed5', '8.3', '000000007'),
('89bb2162595c5ad248e4fde89fe3433a', '150.9', '000000008'),
('b2f671aaba2cab0781b78153f53f4fbc', '194', '000000009'),
('c0c94f7633081bcd9e366bd7c2d64989', '000010', '000000003'),
('e32110087a9527a9a44602f81ad4f8b4', '#FFFFFF', '000000004'),
('486fa00b71aaf26f4f55a0cfbbd94ebb', '156', '000000001'),
('6159af95ce8907337c76bdf58d9d2925', '12', '000000027'),
('6d49f0db912bfb2f55a8d39588ab9c88', 'сканер отпечатка пальца; быстрая зарядка; технология распознавания лица', '000000028'),
('c0384e58217a607cc06318f51fe13bb7', '6.5', '000000029'),
('95679a95b3020f3f20fbf4c3420b136a', '1', '000000038'),
('26da8ca84d7c245a4ddc32a98ce09cd0', 'MediaTek Helio G35', '000000043'),
('f97cf21a80f239f3f3493d339b62373d', '8', '000000044'),
('92f903ecb13bbbf7879cc7c1b651bc5e', '2000', '000000045'),
('fc18dc60b1849c719a5cf14ba8e9e7b8', 'Wi-Fi; Bluetooth 5.1; IRDA;  USB;  NFC', '000000048'),
('e9e3d2d5dee9d0b63374edbf63167ffa', 'GSM 900/1800/1900; 3G; 4G; LTE; VoLTE', '000000049'),
('d16a68ab56cd1adeabbbdd9813f0de14', 'ГЛОНАСС; GPS; BeiDou; Galileo; GPS; AGPS', '000000050'),
('a0acc64de5554f9e6afa5a87524e9c30', 'nano SIM', '000000052'),
('59723c9aac1fb40c27203041ede61492', 'Li-polymer', '000000054'),
('d2bb878e7d644515da779081fb397ecb', '4500', '000000055'),
('1790d93715097b8a5bf0d82dc7a594b6', '64', '000000058'),
('0cc63ad44076fe5ceb573b6f671da8a6', '8', '000000059'),
('25f337c958814177e590d4407976e308', 'макро-объектив; автоматическая фокусировка; цифровой зум', '000000060'),
('c19851bf7fe3ae729dac4b9890a152e4', 'Full HD 1080p; AAC; AMR; APE; FLAC; M4V; MKV; MP3; MP4; WAV; XviD; AVI; WMA; WAVE, FLAC; BMP; GIF; J', '000000061'),
('a4298ec9ef7f4f64d83249cdca10a499', '1', '000000062'),
('c099a4db486ca67079b373452e2360ed', 'автоматическая фокусировка; ночная  съемка', '000000063'),
('b063d0cadc77ba9d16fea2a8f01bb483', 'зарядное устройство; смартфон; документация; чехол; USB-кабель; адаптер; гарантийный талон', '000000065'),
('28bb5c48e906fbc4100e5cb943118a0b', 'IP67', '000000066'),
('46193652ca9e4c4a21bc60d6f8fe4ba4', 'Хрупкое', '000000067'),
('be16523c288475da829033b15f2bac86', '1', '000000068'),
('f5c037fda616473f4f86e06ea9047092', '75.7', '000000006'),
('e542019155eabe2f76498382cfe7245e', '8.3', '000000007'),
('db8de99a4656e003ffd15f4bddaf7678', '150.9', '000000008'),
('4b70c90c7b5fba60e054f5f9d2672fbb', '194', '000000009'),
('06c3ca261bd19fcd8fdc874312a31ab0', '000010', '000000003'),
('3d24d648fb4f7705ef2c338f8f9c7837', '#FFFFFF', '000000004'),
('1a2cc1cffa496b4f597d87bb56c10f91', '156', '000000001'),
('75d50e898f34b3447656957573b59c8b', '12', '000000027'),
('cbb58ecbc799224e966f9a19b76f8cf0', 'сканер отпечатка пальца; быстрая зарядка; технология распознавания лица', '000000028'),
('34bd8274123831544e2f4b9fb7fb21ce', '6.5', '000000029'),
('4e0bf519bc83b9595350d04b6e1e579b', '1', '000000038'),
('e8467eba628775724eea73321ddc88bd', 'MediaTek Helio G35', '000000043'),
('16275e901508260ae1e452787a782e6b', '8', '000000044'),
('43d975869dd51ca6a45ad0a4c0af966b', '2000', '000000045'),
('ff2f56a258ff70158a44e2e36aea3372', 'Wi-Fi; Bluetooth 5.1; IRDA;  USB;  NFC', '000000048'),
('9d562523dacf83c9458833e8f7d22d02', 'GSM 900/1800/1900; 3G; 4G; LTE; VoLTE', '000000049'),
('97685b41dce17aced4beae9c66d2f1b3', 'ГЛОНАСС; GPS; BeiDou; Galileo; GPS; AGPS', '000000050'),
('e17c744179e6d99f2266315686e7f4d2', 'nano SIM', '000000052'),
('b09b4c69b901394dad326b5c933ccd2d', 'Li-polymer', '000000054'),
('03877c000b01fb334dfcc4e76a56bb68', '4500', '000000055'),
('7d8b45ebd55bc4542749cce5478f7f88', '64', '000000058'),
('fdd620d7d35fa9e12511dc03c2546af0', '8', '000000059'),
('efe8f5f468e834f9ba6c26a4fcb5a279', 'макро-объектив; автоматическая фокусировка; цифровой зум', '000000060'),
('09a38a562ca7d55b917fb883d1e22e4c', 'Full HD 1080p; AAC; AMR; APE; FLAC; M4V; MKV; MP3; MP4; WAV; XviD; AVI; WMA; WAVE, FLAC; BMP; GIF; J', '000000061'),
('b18467acee9f090e4e218ac6368c7582', '1', '000000062'),
('74879252b2f163b0e13bc833ece0a63f', 'автоматическая фокусировка; ночная  съемка', '000000063'),
('96693667a7ccb44facc74d8677027a56', 'зарядное устройство; смартфон; документация; чехол; USB-кабель; адаптер; гарантийный талон', '000000065'),
('7c6fbbf314af154ddc4ebe54297b0cd5', 'IP67', '000000066'),
('f094c70366d38a6d2f5087683456730d', 'Хрупкое', '000000067'),
('ef670afe42602bc59c411f4d3e21897a', '1', '000000068'),
('b2a5d321cf96ff650748ef275d61854b', '75.7', '000000006'),
('7796c5776ac2b88162b54699a924a9bc', '8.3', '000000007'),
('283345f7716f8225fed73a9b97290297', '150.9', '000000008'),
('158ec6b5f0f04a0c4ccde23d30f624ac', '194', '000000009');

-- --------------------------------------------------------

--
-- Table structure for table `country`
--

DROP TABLE IF EXISTS `country`;
CREATE TABLE `country` (
  `id` int NOT NULL,
  `title` tinytext CHARACTER SET utf8 COLLATE utf8_unicode_ci NOT NULL,
  `code` tinytext CHARACTER SET utf8 COLLATE utf8_unicode_ci NOT NULL
) ENGINE=MyISAM DEFAULT CHARSET=utf8 COLLATE=utf8_unicode_ci;

-- --------------------------------------------------------

--
-- Table structure for table `customer`
--

DROP TABLE IF EXISTS `customer`;
CREATE TABLE `customer` (
  `id` int NOT NULL,
  `name` tinytext CHARACTER SET utf8 COLLATE utf8_unicode_ci NOT NULL,
  `phone` int NOT NULL,
  `email` tinytext CHARACTER SET utf8 COLLATE utf8_unicode_ci NOT NULL,
  `password` tinytext CHARACTER SET utf8 COLLATE utf8_unicode_ci NOT NULL
) ENGINE=MyISAM DEFAULT CHARSET=utf8 COLLATE=utf8_unicode_ci;

-- --------------------------------------------------------

--
-- Stand-in structure for view `filtered_product`
-- (See below for the actual view)
--
DROP VIEW IF EXISTS `filtered_product`;
CREATE TABLE `filtered_product` (
`id` varchar(9)
,`param_value_list` text
,`param_variable_list` text
,`price` int
,`product_id` varchar(12)
,`product_title` text
,`provider_id` varchar(6)
,`rest` int
,`title` text
);

-- --------------------------------------------------------

--
-- Table structure for table `post`
--

DROP TABLE IF EXISTS `post`;
CREATE TABLE `post` (
  `id` varchar(255) CHARACTER SET utf8 COLLATE utf8_unicode_ci DEFAULT NULL,
  `email` varchar(255) CHARACTER SET utf8 COLLATE utf8_unicode_ci DEFAULT NULL,
  `blog` varchar(255) CHARACTER SET utf8 COLLATE utf8_unicode_ci DEFAULT NULL
) ENGINE=MyISAM DEFAULT CHARSET=utf8 COLLATE=utf8_unicode_ci;

--
-- Dumping data for table `post`
--

INSERT INTO `post` (`id`, `email`, `blog`) VALUES
('001', 'asdf@b.com', 'blog 1'),
('002', 'aaa@bbb.com', 'blog2'),
('003', 'a@c.com', 'blog 3');

-- --------------------------------------------------------

--
-- Table structure for table `price`
--

DROP TABLE IF EXISTS `price`;
CREATE TABLE `price` (
  `product_id` varchar(12) CHARACTER SET utf8 COLLATE utf8_unicode_ci NOT NULL,
  `reserve` int NOT NULL,
  `store_id` varchar(9) CHARACTER SET utf8 COLLATE utf8_unicode_ci NOT NULL,
  `unit` tinytext CHARACTER SET utf8 COLLATE utf8_unicode_ci NOT NULL,
  `price` int NOT NULL,
  `provider_id` varchar(6) CHARACTER SET utf8 COLLATE utf8_unicode_ci NOT NULL
) ENGINE=MyISAM DEFAULT CHARSET=utf8 COLLATE=utf8_unicode_ci;

--
-- Dumping data for table `price`
--

INSERT INTO `price` (`product_id`, `reserve`, `store_id`, `unit`, `price`, `provider_id`) VALUES
('000000000001', 0, '', '', 580000, '00003'),
('000000000002', 0, '', '', 470100, '00003'),
('000000000003', 0, '', '', 5699000, '00004'),
('000000000004', 0, '', '', 6500, '00003'),
('000000000006', 0, '', '', 8300, '00003'),
('000000000005', 0, '', '', 7800, '00003');

-- --------------------------------------------------------

--
-- Table structure for table `product`
--

DROP TABLE IF EXISTS `product`;
CREATE TABLE `product` (
  `id` varchar(12) CHARACTER SET utf8 COLLATE utf8_unicode_ci NOT NULL,
  `provider_id` varchar(6) CHARACTER SET utf8 COLLATE utf8_unicode_ci NOT NULL,
  `category_id` varchar(9) CHARACTER SET utf8 COLLATE utf8_unicode_ci NOT NULL,
  `title` text CHARACTER SET utf8 COLLATE utf8_unicode_ci NOT NULL,
  `description` text CHARACTER SET utf8 COLLATE utf8_unicode_ci NOT NULL,
  `vendor_code` varchar(100) CHARACTER SET utf8 COLLATE utf8_unicode_ci NOT NULL,
  `param_value_list` text CHARACTER SET utf8 COLLATE utf8_unicode_ci NOT NULL,
  `param_variable_list` text CHARACTER SET utf8 COLLATE utf8_unicode_ci NOT NULL,
  `brand_id` varchar(8) CHARACTER SET utf8 COLLATE utf8_unicode_ci NOT NULL
) ENGINE=MyISAM DEFAULT CHARSET=utf8 COLLATE=utf8_unicode_ci;

--
-- Dumping data for table `product`
--

INSERT INTO `product` (`id`, `provider_id`, `category_id`, `title`, `description`, `vendor_code`, `param_value_list`, `param_variable_list`, `brand_id`) VALUES
('000000000001', '00003', '000000006', 'Смартфон vivo Y31, голубой океан', '', 'PL_08/17', 'dc9ee9b92edf59e40e86ccac7e667037', '[{\"id\":\"000000005\",\"is_title\":false,\"value\":\"\"},{\"id\":\"000000017\",\"is_title\":true,\"value\":\"\"},{\"id\":\"000000014\",\"is_title\":false,\"value\":\"\"},{\"id\":\"000000003\",\"is_title\":false,\"value\":\"\"},{\"id\":\"000000025\",\"is_title\":false,\"value\":\"\"},{\"id\":\"000000004\",\"is_title\":false,\"value\":\"\"},{\"id\":\"000000001\",\"is_title\":false,\"value\":\"\"},{\"id\":\"000000027\",\"is_title\":false,\"value\":\"\"},{\"id\":\"000000028\",\"is_title\":false,\"value\":\"\"},{\"id\":\"000000032\",\"is_title\":true,\"value\":6.76},{\"id\":\"000000029\",\"is_title\":false,\"value\":\"\"},{\"id\":\"000000036\",\"is_title\":false,\"value\":\"\"},{\"id\":\"000000037\",\"is_title\":false,\"value\":\"\"},{\"id\":\"000000038\",\"is_title\":false,\"value\":\"\"},{\"id\":\"000000039\",\"is_title\":true,\"value\":\"\"},{\"id\":\"000000040\",\"is_title\":false,\"value\":\"\"},{\"id\":\"000000041\",\"is_title\":false,\"value\":\"\"},{\"id\":\"000000042\",\"is_title\":false,\"value\":\"\"},{\"id\":\"000000043\",\"is_title\":false,\"value\":\"\"},{\"id\":\"000000044\",\"is_title\":false,\"value\":\"\"},{\"id\":\"000000045\",\"is_title\":false,\"value\":\"\"},{\"id\":\"000000046\",\"is_title\":false,\"value\":\"\"},{\"id\":\"000000047\",\"is_title\":true,\"value\":\"\"},{\"id\":\"000000048\",\"is_title\":false,\"value\":\"\"},{\"id\":\"000000049\",\"is_title\":false,\"value\":\"\"},{\"id\":\"000000050\",\"is_title\":false,\"value\":\"\"},{\"id\":\"000000051\",\"is_title\":false,\"value\":\"\"},{\"id\":\"000000052\",\"is_title\":false,\"value\":\"\"},{\"id\":\"000000053\",\"is_title\":true,\"value\":\"\"},{\"id\":\"000000054\",\"is_title\":false,\"value\":\"\"},{\"id\":\"000000055\",\"is_title\":false,\"value\":\"\"},{\"id\":\"000000056\",\"is_title\":false,\"value\":\"\"},{\"id\":\"000000057\",\"is_title\":true,\"value\":\"\"},{\"id\":\"000000058\",\"is_title\":false,\"value\":\"\"},{\"id\":\"000000059\",\"is_title\":false,\"value\":\"\"},{\"id\":\"000000060\",\"is_title\":false,\"value\":\"\"},{\"id\":\"000000061\",\"is_title\":false,\"value\":\"\"},{\"id\":\"000000062\",\"is_title\":false,\"value\":\"\"},{\"id\":\"000000063\",\"is_title\":false,\"value\":\"\"},{\"id\":\"000000064\",\"is_title\":true,\"value\":\"\"},{\"id\":\"000000065\",\"is_title\":false,\"value\":\"\"},{\"id\":\"000000066\",\"is_title\":false,\"value\":\"\"},{\"id\":\"000000067\",\"is_title\":false,\"value\":\"\"},{\"id\":\"000000068\",\"is_title\":false,\"value\":\"\"},{\"id\":\"000000069\",\"is_title\":true,\"value\":\"\"},{\"id\":\"000000006\",\"is_title\":false,\"value\":\"\"},{\"id\":\"000000007\",\"is_title\":false,\"value\":\"\"},{\"id\":\"000000008\",\"is_title\":false,\"value\":\"\"},{\"id\":\"000000009\",\"is_title\":false,\"value\":\"\"}]', '000002'),
('000000000014', '00005', '000000006', 'Xiaomi Redmi Note 10 (голубой)', '', '4722618', 'Huawei Honor 7A - смартфон с современным дизайном. На передней стороне размещается прочное и красиво,000000011,000000015,000000039,000000017,000000022,000000023,000000026,000000028,000000035,000000037,7226bc46c765f406c51ef0a6aac0d28f,84b43a76043e00c939f95031097ab5bc,47aed45a7b641c475586050178179cab,82c419cb06e7f4e6f9eca648eff39e88,3ff8d812f9fb3546d2be448eff53c36c,926d78ae00bb731e1100b61d44271d3b,599ee2776b82186dc9e425a1b4efe505,4832ac9c2f8ba309a3346010ff17c347,83639bf1d63122f6747be5e33ee7ef14,f247c011a98e3ed0ffd9dadfdcee8da5,2cd0b554b88f12ce7467be826d021c44,bf55469143cf0f08c95080c0f401cacf,4c94a6dbe5bd2887aaee4a34fa1be2ea,45d9e147aca267c6c6a1df66e226409d,0ef2d005fbdfd4034ba3c1921a699db2,bb4721b3b41df0d3f69279fb03c115ff,7da6a47b1d78839f4c5f9bd6dbca6734,a42ace5c5b50a5a21edf545f76fe4307,fdd92331e8506713e873e16e027a915c,8feffafa01626861bf0beba2a5c245d5,2d5502fa71fa1414509fd222d6cfec60,42fc1f90853481afcb0d98d090bd0fce,8d2dc3a6d4d5139c301287ccbd35d39e,f007dd40c1aba51e8b287d3f8f6de740,c4cf4e786bd1bced3a9e8fdf2df368a5,316ba1a2f3acaf3b17b33a248d5449a8,d447672971d27838678476fcd309eba1,bcaec72a76cc6d40501657f8d822ecf4,6717904152a25592af63be595afdbb58,f57740c5fac29fed22d22afdc4048726', '[{\"id\":\"000000017\",\"is_title\":true,\"value\":\"\"},{\"id\":\"000000003\",\"is_title\":false,\"value\":\"000010\"},{\"id\":\"000000004\",\"is_title\":false,\"value\":\"#A6CAF0\"},{\"id\":\"000000001\",\"is_title\":false,\"value\":\"156\"},{\"id\":\"000000027\",\"is_title\":false,\"value\":12},{\"id\":\"000000028\",\"is_title\":false,\"value\":\"u0441u043au0430u043du0435u0440 u043eu0442u043fu0435u0447u0430u0442u043au0430 u043fu0430u043bu044cu0446u0430; u0431u044bu0441u0442u0440u0430u044f u0437u0430u0440u044fu0434u043au0430; u0442u0435u0445u043du043eu043bu043eu0433u0438u044f u0440u0430u0441u043fu043eu0437u043du0430u0432u0430u043du0438u044f u043bu0438u0446u0430\"},{\"id\":\"000000032\",\"is_title\":true,\"value\":\"\"},{\"id\":\"000000029\",\"is_title\":false,\"value\":6.5},{\"id\":\"000000038\",\"is_title\":false,\"value\":true},{\"id\":\"000000039\",\"is_title\":true,\"value\":\"\"},{\"id\":\"000000043\",\"is_title\":false,\"value\":\"MediaTek Helio G35\"},{\"id\":\"000000044\",\"is_title\":false,\"value\":8},{\"id\":\"000000045\",\"is_title\":false,\"value\":2000},{\"id\":\"000000047\",\"is_title\":true,\"value\":\"\"},{\"id\":\"000000048\",\"is_title\":false,\"value\":\"Wi-Fi; Bluetooth 5.1; IRDA;  USB;  NFC\"},{\"id\":\"000000049\",\"is_title\":false,\"value\":\"GSM 900/1800/1900; 3G; 4G; LTE; VoLTE\"},{\"id\":\"000000050\",\"is_title\":false,\"value\":\"u0413u041bu041eu041du0410u0421u0421; GPS; BeiDou; Galileo; GPS; AGPS\"},{\"id\":\"000000052\",\"is_title\":false,\"value\":\"nano SIM\"},{\"id\":\"000000053\",\"is_title\":true,\"value\":\"\"},{\"id\":\"000000054\",\"is_title\":false,\"value\":\"Li-polymer\"},{\"id\":\"000000055\",\"is_title\":false,\"value\":4500},{\"id\":\"000000057\",\"is_title\":true,\"value\":\"\"},{\"id\":\"000000058\",\"is_title\":false,\"value\":64},{\"id\":\"000000059\",\"is_title\":false,\"value\":8},{\"id\":\"000000060\",\"is_title\":false,\"value\":\"u043cu0430u043au0440u043e-u043eu0431u044au0435u043au0442u0438u0432; u0430u0432u0442u043eu043cu0430u0442u0438u0447u0435u0441u043au0430u044f u0444u043eu043au0443u0441u0438u0440u043eu0432u043au0430; u0446u0438u0444u0440u043eu0432u043eu0439 u0437u0443u043c\"},{\"id\":\"000000061\",\"is_title\":false,\"value\":\"Full HD 1080p; AAC; AMR; APE; FLAC; M4V; MKV; MP3; MP4; WAV; XviD; AVI; WMA; WAVE, FLAC; BMP; GIF; J\"},{\"id\":\"000000062\",\"is_title\":false,\"value\":true},{\"id\":\"000000063\",\"is_title\":false,\"value\":\"u0430u0432u0442u043eu043cu0430u0442u0438u0447u0435u0441u043au0430u044f u0444u043eu043au0443u0441u0438u0440u043eu0432u043au0430; u043du043eu0447u043du0430u044f  u0441u044au0435u043cu043au0430\"},{\"id\":\"000000064\",\"is_title\":true,\"value\":\"\"},{\"id\":\"000000065\",\"is_title\":false,\"value\":\"u0437u0430u0440u044fu0434u043du043eu0435 u0443u0441u0442u0440u043eu0439u0441u0442u0432u043e; u0441u043cu0430u0440u0442u0444u043eu043d; u0434u043eu043au0443u043cu0435u043du0442u0430u0446u0438u044f; u0447u0435u0445u043eu043b; USB-u043au0430u0431u0435u043bu044c; u0430u0434u0430u043fu0442u0435u0440; u0433u0430u0440u0430u043du0442u0438u0439u043du044bu0439 u0442u0430u043bu043eu043d\"},{\"id\":\"000000066\",\"is_title\":false,\"value\":\"IP67\"},{\"id\":\"000000067\",\"is_title\":false,\"value\":\"u0425u0440u0443u043fu043au043eu0435\"},{\"id\":\"000000068\",\"is_title\":false,\"value\":true},{\"id\":\"000000069\",\"is_title\":true,\"value\":\"\"},{\"id\":\"000000006\",\"is_title\":false,\"value\":75.7},{\"id\":\"000000007\",\"is_title\":false,\"value\":8.3},{\"id\":\"000000008\",\"is_title\":false,\"value\":150.9},{\"id\":\"000000009\",\"is_title\":false,\"value\":194}]', '000010'),
('000000000015', '00005', '000000006', 'Смартфон Xiaomi Redmi 9 (белый)', '', '1670750', 'Huawei Honor 7A - смартфон с современным дизайном. На передней стороне размещается прочное и красиво,000000011,000000015,000000039,000000017,000000019,000000023,000000026,000000028,000000035,000000037,06c3ca261bd19fcd8fdc874312a31ab0,3d24d648fb4f7705ef2c338f8f9c7837,1a2cc1cffa496b4f597d87bb56c10f91,75d50e898f34b3447656957573b59c8b,cbb58ecbc799224e966f9a19b76f8cf0,34bd8274123831544e2f4b9fb7fb21ce,4e0bf519bc83b9595350d04b6e1e579b,e8467eba628775724eea73321ddc88bd,16275e901508260ae1e452787a782e6b,43d975869dd51ca6a45ad0a4c0af966b,ff2f56a258ff70158a44e2e36aea3372,9d562523dacf83c9458833e8f7d22d02,97685b41dce17aced4beae9c66d2f1b3,e17c744179e6d99f2266315686e7f4d2,b09b4c69b901394dad326b5c933ccd2d,03877c000b01fb334dfcc4e76a56bb68,7d8b45ebd55bc4542749cce5478f7f88,fdd620d7d35fa9e12511dc03c2546af0,efe8f5f468e834f9ba6c26a4fcb5a279,09a38a562ca7d55b917fb883d1e22e4c,b18467acee9f090e4e218ac6368c7582,74879252b2f163b0e13bc833ece0a63f,96693667a7ccb44facc74d8677027a56,7c6fbbf314af154ddc4ebe54297b0cd5,f094c70366d38a6d2f5087683456730d,ef670afe42602bc59c411f4d3e21897a,b2a5d321cf96ff650748ef275d61854b,7796c5776ac2b88162b54699a924a9bc,283345f7716f8225fed73a9b97290297,158ec6b5f0f04a0c4ccde23d30f624ac', '[{\"id\":\"000000017\",\"is_title\":true,\"value\":\"\"},{\"id\":\"000000003\",\"is_title\":false,\"value\":\"000010\"},{\"id\":\"000000004\",\"is_title\":false,\"value\":\"#FFFFFF\"},{\"id\":\"000000001\",\"is_title\":false,\"value\":\"156\"},{\"id\":\"000000027\",\"is_title\":false,\"value\":12},{\"id\":\"000000028\",\"is_title\":false,\"value\":\"u0441u043au0430u043du0435u0440 u043eu0442u043fu0435u0447u0430u0442u043au0430 u043fu0430u043bu044cu0446u0430; u0431u044bu0441u0442u0440u0430u044f u0437u0430u0440u044fu0434u043au0430; u0442u0435u0445u043du043eu043bu043eu0433u0438u044f u0440u0430u0441u043fu043eu0437u043du0430u0432u0430u043du0438u044f u043bu0438u0446u0430\"},{\"id\":\"000000032\",\"is_title\":true,\"value\":\"\"},{\"id\":\"000000029\",\"is_title\":false,\"value\":6.5},{\"id\":\"000000038\",\"is_title\":false,\"value\":true},{\"id\":\"000000039\",\"is_title\":true,\"value\":\"\"},{\"id\":\"000000043\",\"is_title\":false,\"value\":\"MediaTek Helio G35\"},{\"id\":\"000000044\",\"is_title\":false,\"value\":8},{\"id\":\"000000045\",\"is_title\":false,\"value\":2000},{\"id\":\"000000047\",\"is_title\":true,\"value\":\"\"},{\"id\":\"000000048\",\"is_title\":false,\"value\":\"Wi-Fi; Bluetooth 5.1; IRDA;  USB;  NFC\"},{\"id\":\"000000049\",\"is_title\":false,\"value\":\"GSM 900/1800/1900; 3G; 4G; LTE; VoLTE\"},{\"id\":\"000000050\",\"is_title\":false,\"value\":\"u0413u041bu041eu041du0410u0421u0421; GPS; BeiDou; Galileo; GPS; AGPS\"},{\"id\":\"000000052\",\"is_title\":false,\"value\":\"nano SIM\"},{\"id\":\"000000053\",\"is_title\":true,\"value\":\"\"},{\"id\":\"000000054\",\"is_title\":false,\"value\":\"Li-polymer\"},{\"id\":\"000000055\",\"is_title\":false,\"value\":4500},{\"id\":\"000000057\",\"is_title\":true,\"value\":\"\"},{\"id\":\"000000058\",\"is_title\":false,\"value\":64},{\"id\":\"000000059\",\"is_title\":false,\"value\":8},{\"id\":\"000000060\",\"is_title\":false,\"value\":\"u043cu0430u043au0440u043e-u043eu0431u044au0435u043au0442u0438u0432; u0430u0432u0442u043eu043cu0430u0442u0438u0447u0435u0441u043au0430u044f u0444u043eu043au0443u0441u0438u0440u043eu0432u043au0430; u0446u0438u0444u0440u043eu0432u043eu0439 u0437u0443u043c\"},{\"id\":\"000000061\",\"is_title\":false,\"value\":\"Full HD 1080p; AAC; AMR; APE; FLAC; M4V; MKV; MP3; MP4; WAV; XviD; AVI; WMA; WAVE, FLAC; BMP; GIF; J\"},{\"id\":\"000000062\",\"is_title\":false,\"value\":true},{\"id\":\"000000063\",\"is_title\":false,\"value\":\"u0430u0432u0442u043eu043cu0430u0442u0438u0447u0435u0441u043au0430u044f u0444u043eu043au0443u0441u0438u0440u043eu0432u043au0430; u043du043eu0447u043du0430u044f  u0441u044au0435u043cu043au0430\"},{\"id\":\"000000064\",\"is_title\":true,\"value\":\"\"},{\"id\":\"000000065\",\"is_title\":false,\"value\":\"u0437u0430u0440u044fu0434u043du043eu0435 u0443u0441u0442u0440u043eu0439u0441u0442u0432u043e; u0441u043cu0430u0440u0442u0444u043eu043d; u0434u043eu043au0443u043cu0435u043du0442u0430u0446u0438u044f; u0447u0435u0445u043eu043b; USB-u043au0430u0431u0435u043bu044c; u0430u0434u0430u043fu0442u0435u0440; u0433u0430u0440u0430u043du0442u0438u0439u043du044bu0439 u0442u0430u043bu043eu043d\"},{\"id\":\"000000066\",\"is_title\":false,\"value\":\"IP67\"},{\"id\":\"000000067\",\"is_title\":false,\"value\":\"u0425u0440u0443u043fu043au043eu0435\"},{\"id\":\"000000068\",\"is_title\":false,\"value\":true},{\"id\":\"000000069\",\"is_title\":true,\"value\":\"\"},{\"id\":\"000000006\",\"is_title\":false,\"value\":75.7},{\"id\":\"000000007\",\"is_title\":false,\"value\":8.3},{\"id\":\"000000008\",\"is_title\":false,\"value\":150.9},{\"id\":\"000000009\",\"is_title\":false,\"value\":194}]', '000010');

-- --------------------------------------------------------

--
-- Table structure for table `product_image`
--

DROP TABLE IF EXISTS `product_image`;
CREATE TABLE `product_image` (
  `product_id` varchar(100) CHARACTER SET utf8 COLLATE utf8_unicode_ci NOT NULL,
  `ftp_url` varchar(200) CHARACTER SET utf8 COLLATE utf8_unicode_ci NOT NULL,
  `http_url` varchar(200) CHARACTER SET utf8 COLLATE utf8_unicode_ci NOT NULL,
  `sort_order` int NOT NULL DEFAULT '0'
) ENGINE=MyISAM DEFAULT CHARSET=utf8 COLLATE=utf8_unicode_ci;

--
-- Dumping data for table `product_image`
--

INSERT INTO `product_image` (`product_id`, `ftp_url`, `http_url`, `sort_order`) VALUES
('000000000001', '30046493b.jpg', '30046493b.jpg', 0),
('000000000001', '30046493b2.jpg', '30046493b2.jpg', 0),
('000000000002', '50141256b.jpg', '50141256b.jpg', 0),
('000000000002', '50141256b2.jpg', '50141256b2.jpg', 0),
('000000000002', '50141256b4.jpg', '50141256b4.jpg', 0),
('000000000004', '40ec61411c92eac07cd543f0cee4ad81.jpg', '40ec61411c92eac07cd543f0cee4ad81.jpg', 0),
('000000000005', '1350x.jpg', '1350x.jpg', 0),
('000000000006', '571756.jpg', '571756.jpg', 0),
('000000000003', '20068499b.jpg', '20068499b.jpg', 0),
('000000000003', '20068499b3.jpg', '20068499b3.jpg', 0),
('000000000003', '20068499b1.jpg', '20068499b1.jpg', 0),
('000000000012', '86d9153895ba98a3a9a8faccce9ff52e8284f4e102d77fc6c5e121f12e4c8f59.jpg', '86d9153895ba98a3a9a8faccce9ff52e8284f4e102d77fc6c5e121f12e4c8f59.jpg', 0),
('000000000012', 'bf02a57f79dd12440b9443ae6de8c0e9909957955900acce183db41c145df138.jpg', 'bf02a57f79dd12440b9443ae6de8c0e9909957955900acce183db41c145df138.jpg', 0),
('000000000011', '74d209fa322b0ea21ae8cd5464fa7524c9dbfac43874a701cc45854495201cd7.jpg', '74d209fa322b0ea21ae8cd5464fa7524c9dbfac43874a701cc45854495201cd7.jpg', 0),
('000000000010', '6a8924e4368922057a4789f35c5045b013680f391a4728b99c8902fd4315536f.jpg', '6a8924e4368922057a4789f35c5045b013680f391a4728b99c8902fd4315536f.jpg', 0),
('000000000010', '95c1e5f9fdc0a8f268d50f22bb5930bb514fabb8a979540bb2e2c485e9e1d5cf.jpg', '95c1e5f9fdc0a8f268d50f22bb5930bb514fabb8a979540bb2e2c485e9e1d5cf.jpg', 0),
('000000000009', '79f9c8d1590e5036d2533c10a6d3030c4c3f37d57d93ce3ddab4d6a8a8586c69.jpg', '79f9c8d1590e5036d2533c10a6d3030c4c3f37d57d93ce3ddab4d6a8a8586c69.jpg', 0),
('000000000008', '2aea360b4ac330436b47f0f3edaae48d3a8bdac9ceb00fb4d1504c28a1c2821d.jpg', '2aea360b4ac330436b47f0f3edaae48d3a8bdac9ceb00fb4d1504c28a1c2821d.jpg', 0),
('000000000007', '1f19bc91ff7262a0d4c4d93e1ee663d403ee7f5888d07a80978c7b81b8c1cb35.jpg', '1f19bc91ff7262a0d4c4d93e1ee663d403ee7f5888d07a80978c7b81b8c1cb35.jpg', 0),
('000000000011', '5f8cd7daad03d1d39f97f6d35b371b8e231f3c74477fe191b589bcda966dbdb1.jpg', '5f8cd7daad03d1d39f97f6d35b371b8e231f3c74477fe191b589bcda966dbdb1.jpg', 0),
('000000000013', 'e0debca5125461d750890b54db6706d7ba8bc2b2bf0e71f706c238a3045b2a5e.jpg', 'e0debca5125461d750890b54db6706d7ba8bc2b2bf0e71f706c238a3045b2a5e.jpg', 0),
('000000000014', '32bf4ce87d3d768c537720d0e4e27d267467927a586e0f7e9a52c864c7e0a5d8.jpg', '32bf4ce87d3d768c537720d0e4e27d267467927a586e0f7e9a52c864c7e0a5d8.jpg', 0),
('000000000015', 'dd5d3d9d22aa3b0b548d4fa56ad38ce9134620d5b69c166a214bce78ec2bd76f.jpg', 'dd5d3d9d22aa3b0b548d4fa56ad38ce9134620d5b69c166a214bce78ec2bd76f.jpg', 0);

-- --------------------------------------------------------

--
-- Table structure for table `provider`
--

DROP TABLE IF EXISTS `provider`;
CREATE TABLE `provider` (
  `id` varchar(6) CHARACTER SET utf8 COLLATE utf8_unicode_ci NOT NULL,
  `title` text CHARACTER SET utf8 COLLATE utf8_unicode_ci NOT NULL,
  `description` text CHARACTER SET utf8 COLLATE utf8_unicode_ci NOT NULL,
  `image` tinytext CHARACTER SET utf8 COLLATE utf8_unicode_ci NOT NULL
) ENGINE=MyISAM DEFAULT CHARSET=utf8 COLLATE=utf8_unicode_ci;

--
-- Dumping data for table `provider`
--

INSERT INTO `provider` (`id`, `title`, `description`, `image`) VALUES
('00002', 'Apple', '', '00002.jpg'),
('00005', 'DNS', '', '00005_DNS.png'),
('00003', 'Барамба', '', ''),
('00004', 'М-Видео', '', ''),
('00001', 'Ситилинк', '', '');

-- --------------------------------------------------------

--
-- Table structure for table `shop`
--

DROP TABLE IF EXISTS `shop`;
CREATE TABLE `shop` (
  `id` int NOT NULL,
  `provider_id` int NOT NULL,
  `title` text CHARACTER SET utf8 COLLATE utf8_unicode_ci NOT NULL,
  `description` text CHARACTER SET utf8 COLLATE utf8_unicode_ci NOT NULL,
  `address` text CHARACTER SET utf8 COLLATE utf8_unicode_ci NOT NULL,
  `geox` text CHARACTER SET utf8 COLLATE utf8_unicode_ci NOT NULL,
  `geoy` text CHARACTER SET utf8 COLLATE utf8_unicode_ci NOT NULL,
  `icon` text CHARACTER SET utf8 COLLATE utf8_unicode_ci NOT NULL
) ENGINE=MyISAM DEFAULT CHARSET=utf8 COLLATE=utf8_unicode_ci;

-- --------------------------------------------------------

--
-- Table structure for table `size`
--

DROP TABLE IF EXISTS `size`;
CREATE TABLE `size` (
  `id` varchar(9) CHARACTER SET utf8 COLLATE utf8_unicode_ci NOT NULL,
  `title` tinytext CHARACTER SET utf8 COLLATE utf8_unicode_ci NOT NULL
) ENGINE=MyISAM DEFAULT CHARSET=utf8 COLLATE=utf8_unicode_ci;

--
-- Dumping data for table `size`
--

INSERT INTO `size` (`id`, `title`) VALUES
('000000002', 'XXL'),
('000000001', 'XXXL');

-- --------------------------------------------------------

--
-- Table structure for table `stock_balance`
--

DROP TABLE IF EXISTS `stock_balance`;
CREATE TABLE `stock_balance` (
  `product_id` varchar(12) CHARACTER SET utf8 COLLATE utf8_unicode_ci NOT NULL,
  `rest` int NOT NULL DEFAULT '0',
  `size` varchar(255) CHARACTER SET utf8 COLLATE utf8_unicode_ci NOT NULL,
  `store_id` varchar(9) CHARACTER SET utf8 COLLATE utf8_unicode_ci NOT NULL
) ENGINE=MyISAM DEFAULT CHARSET=utf8 COLLATE=utf8_unicode_ci ROW_FORMAT=DYNAMIC;

--
-- Dumping data for table `stock_balance`
--

INSERT INTO `stock_balance` (`product_id`, `rest`, `size`, `store_id`) VALUES
('000000000002', 1, '', '000000004'),
('000000000002', 10, '', '000000002'),
('000000000002', 3, '', '000000003'),
('000000000003', 8, '', '000000005'),
('000000000004', 6, '', '000000002'),
('000000000004', 4, '', '000000003'),
('000000000004', 2, '', '000000004'),
('000000000005', 15, '', '000000002'),
('000000000005', 38, '', '000000003'),
('000000000005', 42, '', '000000004'),
('000000000006', 30, '', '000000002'),
('000000000006', 14, '', '000000003'),
('000000000006', 69, '', '000000004'),
('000000000001', 0, '', '000000002'),
('000000000001', 0, '', '000000003'),
('000000000001', 0, '', '000000004'),
('000000000007', 10, '', '000000005');

-- --------------------------------------------------------

--
-- Table structure for table `store`
--

DROP TABLE IF EXISTS `store`;
CREATE TABLE `store` (
  `id` varchar(9) CHARACTER SET utf8 COLLATE utf8_unicode_ci NOT NULL,
  `provider_id` varchar(6) CHARACTER SET utf8 COLLATE utf8_unicode_ci NOT NULL,
  `title` text CHARACTER SET utf8 COLLATE utf8_unicode_ci NOT NULL,
  `description` text CHARACTER SET utf8 COLLATE utf8_unicode_ci NOT NULL,
  `address` text CHARACTER SET utf8 COLLATE utf8_unicode_ci NOT NULL,
  `geox` text CHARACTER SET utf8 COLLATE utf8_unicode_ci NOT NULL,
  `geoy` text CHARACTER SET utf8 COLLATE utf8_unicode_ci NOT NULL,
  `icon` text CHARACTER SET utf8 COLLATE utf8_unicode_ci NOT NULL
) ENGINE=MyISAM DEFAULT CHARSET=utf8 COLLATE=utf8_unicode_ci;

--
-- Dumping data for table `store`
--

INSERT INTO `store` (`id`, `provider_id`, `title`, `description`, `address`, `geox`, `geoy`, `icon`) VALUES
('000000007', '00005', 'DNS Москва «Афимолл Сити»', '', '', '55.748359', '37.539473', ''),
('000000002', '00003', 'Магазин 1 (Барамба)', '', '', '55.657123', '37.739375', ''),
('000000003', '00003', 'Магазин 2 (Барамба)', '', '', '55.895247', '37.57195', ''),
('000000004', '00003', 'Магазин 3 (Барамба)', '', '', '55.72993', '37.496337', ''),
('000000005', '00004', 'На Волгоградке (м-видео)', '', '', '55.721462', '37.697468', ''),
('000000001', '00001', 'Ситилинк(ул. 5-я кожуховская)', '', '', '55.704362', '37.683324', ''),
('000000006', '00001', 'ТестАдреса', '', '', '55.676907', '37.576968', '');

-- --------------------------------------------------------

--
-- Table structure for table `test`
--

DROP TABLE IF EXISTS `test`;
CREATE TABLE `test` (
  `id` int NOT NULL,
  `name` varchar(255) CHARACTER SET utf8 COLLATE utf8_unicode_ci DEFAULT NULL
) ENGINE=InnoDB DEFAULT CHARSET=utf8 COLLATE=utf8_unicode_ci;

-- --------------------------------------------------------

--
-- Table structure for table `user`
--

DROP TABLE IF EXISTS `user`;
CREATE TABLE `user` (
  `id` int NOT NULL,
  `name` tinytext COLLATE utf8_unicode_ci NOT NULL,
  `phone` int DEFAULT NULL,
  `email` varchar(255) COLLATE utf8_unicode_ci DEFAULT NULL,
  `address` text COLLATE utf8_unicode_ci NOT NULL,
  `geodata` text COLLATE utf8_unicode_ci NOT NULL,
  `timestamp` timestamp NOT NULL DEFAULT CURRENT_TIMESTAMP
) ENGINE=InnoDB DEFAULT CHARSET=utf8 COLLATE=utf8_unicode_ci;

-- --------------------------------------------------------

--
-- Structure for view `filtered_product`
--
DROP TABLE IF EXISTS `filtered_product`;

DROP VIEW IF EXISTS `filtered_product`;
CREATE ALGORITHM=UNDEFINED DEFINER=`saychas_z`@`localhost` SQL SECURITY DEFINER VIEW `filtered_product`  AS  select distinct `s`.`id` AS `id`,`s`.`provider_id` AS `provider_id`,`s`.`title` AS `title`,`pr`.`id` AS `product_id`,`pr`.`title` AS `product_title`,`sb`.`rest` AS `rest`,`pri`.`price` AS `price`,`pr`.`param_value_list` AS `param_value_list`,`pr`.`param_variable_list` AS `param_variable_list` from ((((`store` `s` join `provider` `p` on((`p`.`id` = `s`.`provider_id`))) join `product` `pr` on((`pr`.`provider_id` = `s`.`provider_id`))) left join `stock_balance` `sb` on(((`sb`.`product_id` = `pr`.`id`) and (`sb`.`store_id` = `s`.`id`)))) left join `price` `pri` on(((`pri`.`product_id` = `pr`.`id`) and (`pri`.`provider_id` = `p`.`id`)))) ;

--
-- Indexes for dumped tables
--

--
-- Indexes for table `brand`
--
ALTER TABLE `brand`
  ADD PRIMARY KEY (`id`);

--
-- Indexes for table `category`
--
ALTER TABLE `category`
  ADD PRIMARY KEY (`id`);

--
-- Indexes for table `characteristic`
--
ALTER TABLE `characteristic`
  ADD PRIMARY KEY (`id`);

--
-- Indexes for table `characteristic_value`
--
ALTER TABLE `characteristic_value`
  ADD PRIMARY KEY (`id`);

--
-- Indexes for table `country`
--
ALTER TABLE `country`
  ADD PRIMARY KEY (`id`);

--
-- Indexes for table `customer`
--
ALTER TABLE `customer`
  ADD PRIMARY KEY (`id`);

--
-- Indexes for table `price`
--
ALTER TABLE `price`
  ADD PRIMARY KEY (`product_id`,`provider_id`);

--
-- Indexes for table `product`
--
ALTER TABLE `product`
  ADD PRIMARY KEY (`id`);

--
-- Indexes for table `product_image`
--
ALTER TABLE `product_image`
  ADD PRIMARY KEY (`product_id`,`ftp_url`);

--
-- Indexes for table `provider`
--
ALTER TABLE `provider`
  ADD PRIMARY KEY (`id`);

--
-- Indexes for table `shop`
--
ALTER TABLE `shop`
  ADD PRIMARY KEY (`id`);

--
-- Indexes for table `size`
--
ALTER TABLE `size`
  ADD PRIMARY KEY (`id`);

--
-- Indexes for table `stock_balance`
--
ALTER TABLE `stock_balance`
  ADD PRIMARY KEY (`product_id`,`size`,`store_id`);

--
-- Indexes for table `store`
--
ALTER TABLE `store`
  ADD PRIMARY KEY (`id`);

--
-- Indexes for table `test`
--
ALTER TABLE `test`
  ADD PRIMARY KEY (`id`);

--
-- Indexes for table `user`
--
ALTER TABLE `user`
  ADD PRIMARY KEY (`id`),
  ADD UNIQUE KEY `phone` (`phone`),
  ADD UNIQUE KEY `email` (`email`);

--
-- AUTO_INCREMENT for dumped tables
--

--
-- AUTO_INCREMENT for table `customer`
--
ALTER TABLE `customer`
  MODIFY `id` int NOT NULL AUTO_INCREMENT;

--
-- AUTO_INCREMENT for table `test`
--
ALTER TABLE `test`
  MODIFY `id` int NOT NULL AUTO_INCREMENT;

--
-- AUTO_INCREMENT for table `user`
--
ALTER TABLE `user`
  MODIFY `id` int NOT NULL AUTO_INCREMENT;
COMMIT;

/*!40101 SET CHARACTER_SET_CLIENT=@OLD_CHARACTER_SET_CLIENT */;
/*!40101 SET CHARACTER_SET_RESULTS=@OLD_CHARACTER_SET_RESULTS */;
/*!40101 SET COLLATION_CONNECTION=@OLD_COLLATION_CONNECTION */;
